city_id,name,description,address,price,score,open_time,latitude,longitude,image_url
1,春天快捷酒店(金城路),嵩县,金城路东段大加油站东50米,,,,34.135474,112.092757,
1,洛阳饭店,涧西区,中州西路117号,,,,34.666183,112.391896,
1,洛阳麒御酒店,西工区,解放路19号(纱厂路地铁站E口步行170米),,,,34.679193,112.434510,
1,宜阳蓝天旅社,宜阳县,文化路23-5号(锦花购物广场),,,,34.517610,112.177009,
1,洛阳云龙旅馆,涧西区,西苑路99号(长安路地铁站E口步行170米),,,,34.662334,112.378983,
1,洛阳市涧西区彩云宾馆,涧西区,湖南路11号(卓阳科技园对面、三达公寓旁边),,,,34.660025,112.389675,
1,洛达快捷酒店,西工区,状元红路2号(国花路地铁站B口步行130米),,,,34.695997,112.427127,
1,洛阳明珠宾馆,涧西区,李家村南街62号(地铁上海市场站E口),,,,34.659898,112.387139,
1,花园宾馆(正骨医院店),瀍河回族区,启明南路74号,,,,34.693811,112.502329,
1,偃师金福客房,偃师区,城关镇洛神路与安泰巷交叉口向南50米,,,,34.720594,112.790616,
1,洛阳花都快捷客房,涧西区,衡山路65号,,,,34.683565,112.371388,
1,洛阳吉江之星快捷酒店,洛宁县,电站东门,,,,34.392516,111.696030,
1,汝阳轩源大酒店,汝阳县,城关镇人民路39号,,,,34.154446,112.476022,
1,鸿运宾馆(洛阳火车站店),西工区,纱厂北路与道南路交叉口,,,,34.685450,112.429412,
1,偃师同福客栈,偃师区,兴隆西路与民主路交叉口南40米,,,,34.726827,112.793542,
1,丰园酒店(洛阳火车站地铁站店),西工区,解放路北口4号(洛阳火车站地铁站B口步行100米),,,,34.683838,112.433886,
1,洛阳速九宾馆(火车站店),西工区,解放路17号(福利加油站隔壁),,,,34.680525,112.433826,
1,洛阳一兰宾馆(新都汇纱厂路地铁站店),西工区,金谷园街道解放路18号一兰宾馆院内后二楼,,,,34.680240,112.433689,
1,洛阳西雅图大酒店(牡丹广场王府井店),涧西区,周山路6号,,,,34.639432,112.406845,
1,洛阳华苑旅社,涧西区,西苑路东80米唐村32号,,,,34.662439,112.378821,
1,洛阳明扬宾馆,西工区,唐宫西路54号1栋中心医院北门正对面,,,,34.670122,112.428885,
1,洛宁西花坛宾馆(洛宁汽车站店),洛宁县,长虹路西花坛路口8号,,,,34.387716,111.642171,
1,森林氧吧主题宾馆(洛阳衡山路店),西工区,五洲国际B区1单元27栋127号,,,,34.704444,112.369659,
1,洛阳金地祥宾馆(谷水地铁站店),涧西区,谷水立交桥西50米,,,,34.685118,112.329478,
1,洛阳清雅时尚酒店,涧西区,河洛路徐家营社区对面,,,,34.599779,112.357925,
2,漯河如意客栈,郾城区,邙山路79号,,,,33.583803,114.052971,
2,碧海蓝天商务酒店,源汇区,五一路与建设路交叉口往北100米路东,,,,33.565519,114.030197,
2,漯河都市118主题酒店(漯河高铁西站黄河广场店),郾城区,黄河西路1180号(郾城房管局院内),,,,33.583829,113.996671,
2,漯河鑫源旅馆,郾城区,黄河路西段934号太行山桥北红绿灯十字路口东北角东10米,,,,33.583963,114.005370,
2,漯河红苹果快捷宾馆,召陵区,[],,,,33.567868,114.051347,
2,格莱优选酒店(丹尼斯超市人民路店),源汇区,人民路155号,,,,33.570227,114.035824,
2,金汉宫酒店(人民路),源汇区,人民西路八号,,,,33.569209,114.041207,
2,漯河华特精品酒店(新天地火车站店),源汇区,人民西路58号,,,,33.569371,114.039914,
2,昌建商务酒店,源汇区,公安街2号,,,,33.569891,114.042129,
2,时代商务酒店,召陵区,银鸽大道与人民路交叉口向西400米路北,,,,33.568596,114.065500,
2,凯悦酒店,源汇区,长江路1号,,,,33.571233,114.013690,
2,临颍梧栖语商务酒店,临颍县,临颖大道与新城路交叉口东南角中州商务酒店内,,,,33.829961,113.936337,
2,爱琴海主题酒店(黄河路店),郾城区,黄河路老大桥东200米路北,,,,33.584120,114.043421,
2,漯河光明旅馆,召陵区,光明中路与双汇路交叉口人东二巷17号,,,,33.565496,114.055530,
2,漯河盛鑫精品酒店,源汇区,五金灯饰建材城西南门西北50米,,,,33.555682,113.991682,
2,漯河茂鑫宾馆,源汇区,公安街门面房(火车站出站口向北100米),,,,33.573168,114.042990,
2,漯河喜度酒店(漯河火车站店),源汇区,人民西路(清真南寺楼下),,,,33.569349,114.040317,
2,紫锦宾馆(辽河路),郾城区,辽河路571号,,,,33.591442,114.011579,
2,七星商务酒店(淞江路),郾城区,淞江路与舟山路交叉口西南角(近会展中心、新玛特商场),,,,33.594597,114.035039,
2,银龙快捷宾馆,舞阳县,二环路与南京路交叉口,,,,33.444966,113.617427,
2,漯河乐途酒店(新天地步行街店),源汇区,人民路与泰山南路交叉口向南50米,,,,33.566996,114.024715,
2,漯河逸云宾馆,源汇区,柳江路柳江一巷一号,,,,33.558273,114.009965,
2,尚客优酒店(漯河辽河路丹尼斯广场店),郾城区,漯河市郾城区辽河路丹尼斯店往西300米(华山农贸市场北口),,,,33.590952,114.010795,
2,馨悦快捷宾馆(黄山路),郾城区,黄山路三院向北50米,,,,33.589032,114.020927,
2,漯河二姐妹旅社(双汇大厦店),召陵区,东方大市场2号3楼,,,,33.565547,114.060732,
3,镇平航天宾馆,镇平县,建设大道与航天大道交叉口东100米路南,,,,33.038988,112.212816,
3,南阳城乡快捷宾馆,卧龙区,百里奚南路1180号,,,,32.995998,112.506812,
3,南阳新旺宾馆,宛城区,枣林街467号,,,,32.977076,112.553793,
3,广顺宾馆,邓州市,交通路与康乐街交叉口东10米路北,,,,32.683526,112.077006,
3,邓州和泰旅馆,邓州市,健康街与团结路交叉口西南100米,,,,32.677890,112.112251,
3,南阳圆通宾馆,卧龙区,八一路三里桥五金机电城北门口,,,,33.001667,112.522026,
3,裕隆宾馆,邓州市,东一环和团结路交汇处东50米路南,,,,32.677788,112.111342,
3,南阳时代宾馆,卧龙区,234省道路东,,,,33.101054,112.591104,
3,方城简爱时尚客栈,方城县,张骞大道北段52号(盛世名人对面),,,,33.257067,113.026433,
3,宜家宾馆(南阳人民北路店),卧龙区,张衡街道太平庄社区55号,,,,33.024926,112.541668,
3,邓州东昇宾馆,邓州市,交通路康乐街24号,,,,32.683438,112.077351,
3,方城裕粮时尚商务酒店,方城县,凤瑞路中段粮油街1号(县政府斜对面),,,,33.254067,113.011316,
3,南阳物资大厦商务酒店(南阳火车站新华城市广场店),卧龙区,新华西路716号物资大厦1层,,,,32.998142,112.520542,
3,南阳光明宾馆,卧龙区,新华西路884号,,,,32.998116,112.517065,
3,长盛旅馆,邓州市,团结东路,,,,32.678058,112.112262,
3,南阳银湖宾馆(南阳理工学院店),宛城区,[],,,,32.978530,112.540192,
3,南阳飞翔旅馆,卧龙区,工农北路437号,,,,33.029213,112.548131,
3,南召新如意快捷宾馆,南召县,云阳镇建设北路8号(鸿运花园斜对面),,,,33.442955,112.740222,
3,邓州客源宾馆,邓州市,邓州交通路向内20米电子口19号,,,,32.682575,112.076470,
3,内乡锦江快捷宾馆,内乡县,菊潭大街154附近,,,,33.051926,111.845418,
3,南阳莱客宾馆,卧龙区,"高新区太平庄,人民路钱柜KTV北侧",,,,33.024847,112.540337,
3,淅川站南宾馆,淅川县,灌河路888生活电器广场对面站,,,,33.131532,111.486121,
3,南阳贵友宾馆,宛城区,工农路89号,,,,33.004250,112.543584,
3,圣都酒店(南阳火车站店),卧龙区,新华西路888号,,,,32.998215,112.516916,
3,方城财政宾馆,方城县,裕州北路中段389号,,,,33.257777,113.011155,
4,乐居商务快捷宾馆,息县,淮河南路102号,,,,32.341759,114.743588,
4,尚客优快捷酒店(信阳火车站天润广场店),浉河区,工区路247号,,,,32.125745,114.085817,
4,罗山县银利宾馆(罗山汽车站店),罗山县,幸运家园西门东北130米,,,,32.191855,114.530912,
4,光山泓润商务宾馆,光山县,弦山北路老供销社门面幸运庭院南侧,,,,32.019987,114.906462,
4,秀园假日宾馆(蓼城大道店),固始县,蓼城大道秀水路交叉口东北,,,,32.173174,115.657180,
4,信阳民族宾馆(信阳火车站天润广场店),浉河区,人民路180号(长途汽车站对面),,,,32.125113,114.083706,
4,信阳得金商务宾馆(信阳站天润广场店),浉河区,运输新村北院西南门西60米,,,,32.124628,114.085103,
4,新县祥和宾馆,新县,新集镇朝阳路火车站旁,,,,31.642527,114.886748,
4,万盛花园酒店(信阳罗山西亚丽宝广场店),罗山县,世序东路与行政中路161号,,,,32.202381,114.514170,
4,好运宾馆,平桥区,平中大街752号,,,,32.104159,114.126727,
4,光山农业商务宾馆,光山县,008县道德克士北20米,,,,32.013340,114.900808,
4,信阳越秀宾馆(信阳站店),浉河区,民权路与人民路交叉口万家灯火张李湾小区2号楼,,,,32.124820,114.081550,
4,信阳锦汇宾馆,浉河区,张李湾2号楼门面B3号,,,,32.125030,114.081937,
4,息县缘聚圆商务酒店,息县,五一路与谯楼街交叉口东南40米,,,,32.341671,114.755700,
4,罗山海东宾馆,罗山县,龙山大道中段,,,,32.191932,114.531868,
4,金城宾馆(龙山大道店),罗山县,龙山大道罗山汽车站北侧40米,,,,32.191912,114.529532,
4,星期天时尚快捷酒店(信阳师范学院店),浉河区,信阳师范大学博书苑东北侧60米,,,,32.138628,114.036574,
4,OYO交通宾馆,浉河区,人民路176号(汽车站对面),,,,32.124905,114.084207,
4,北京宾馆(礼节路),浉河区,民权路362号,,,,32.124122,114.080298,
4,粮贸精选酒店(淮滨白马广场店),淮滨县,南大街11号,,,,32.437751,115.399414,
4,潢川阳光花园宾馆,潢川县,环城路,,,,32.137019,115.050266,
4,万豪大酒店(商城店),商城县,温泉大道与黄柏山路交叉口西北,,,,31.796883,115.394614,
4,花园宾馆(司马光西路),光山县,花园西路,,,,32.009178,114.897411,
4,欧派·金帝大酒店,平桥区,南京路金三角往东200米路北,,,,32.125289,114.125763,
4,水利宾馆(花溪家庭居西),潢川县,跃进西路103号,,,,32.132060,115.037078,
5,清丰锦鸿宾馆(清丰亭公交车站店),清丰县,清风亭东汽车站北楼,,,,35.912513,115.103395,
5,台前金水宾馆,台前县,金水北路与人民路交叉口东北40米,,,,35.995742,115.857403,
5,柏维轻居酒店(建设中路濮阳市中心广场店),华龙区,建设中路20号,,,,35.757967,115.039523,
5,忆江南酒店华尔尼,华龙区,京开大道与黄河中路交叉口北,,,,35.772736,115.045199,
5,欧雅风格酒店,清丰县,乾坤路与政通大道口向西400米路南,,,,35.913252,115.097489,
5,濮阳飞龙旅馆,华龙区,京开大道中段328号,,,,35.770438,115.044499,
5,天悦假日酒店(濮阳汽车站店),华龙区,京开大道中段路东395号,,,,35.761875,115.043536,
5,京开宾馆,华龙区,京开大道402号,,,,35.767934,115.044292,
5,皇家风情主题宾馆,华龙区,黄河路与滨河路交叉口北400米,,,,35.774047,115.053745,
5,南乐昌盛快捷宾馆,南乐县,光明路232号,,,,36.080864,115.207626,
5,柳格招待所,清丰县,人和大道与015县道交叉口东北100米,,,,35.845497,115.124332,
5,濮阳五洲宾馆,华龙区,开州路中段331号,,,,35.758410,115.026644,
5,臻享住·京龙国际酒店,华龙区,京开道新华书店南200米路西(京开大道176号),,,,35.762429,115.042483,
5,华都宾馆(濮阳东站店),华龙区,黄河东路与106国道交叉口向西500米路南,,,,35.762222,115.110971,
5,濮阳天天假日酒店,华龙区,中原中路382号,,,,35.781809,115.019617,
5,假日港湾商务酒店(中原中路),华龙区,中原中路42号,,,,35.780736,115.046721,
5,濮阳腾飞公寓,华龙区,华阳街往西300米(京龙如家宾馆后面),,,,35.768311,115.042132,
5,甲元商务酒店,华龙区,大庆路与五一东路交叉口北200米路西(近油田第三高级中学),,,,35.783116,115.077738,
5,蜗居时尚酒店(濮阳黄河路汽车站店),华龙区,黄河东路14号,,,,35.772192,115.046460,
5,仁祥酒店(京开大道店),华龙区,京开大道364号,,,,35.769709,115.044416,
5,维港快捷酒店(开州中路),华龙区,开州中路241号,,,,35.769276,115.026482,
5,清丰好再来宾馆,清丰县,顿丘大道与春晖路交叉口西北40米,,,,35.912918,115.104089,
5,聚和宾馆(市第三中学店),华龙区,古城路与金水巷交叉口西北40米,,,,35.755041,115.021652,
5,顺驿公寓(西白仓南街店),华龙区,胜利路与光明街交叉口向西50米路南西白仓前合村,,,,35.767386,115.040722,
5,7天智选酒店(清丰文化路北欧小镇店),清丰县,文化路与政通大道交叉口东北角北欧小镇2号楼,,,,35.894864,115.100363,
6,金源宾馆(步行街),湖滨区,步行街建干路14号楼,,,,34.780131,111.201189,
6,幸福宾馆(春水街店),义马市,春水街东段10号,,,,34.741782,111.878573,
6,舒馨宾馆(三门峡崤山西路店),湖滨区,崤山西路,,,,34.787228,111.172705,
6,三门峡舒馨旅店,湖滨区,六峰南路与崤山西路交叉口西南80米,,,,34.774626,111.194308,
6,劳动宾馆,湖滨区,黄河东路与东风南路交汇处西路北,,,,34.769379,111.223013,
6,开心时尚酒店(三门峡火车站店),湖滨区,崤山路13号,,,,34.761387,111.222255,
6,金玫瑰大酒店(渑池店),渑池县,会盟路中段北侧1号,,,,34.766802,111.765954,
6,水叮咚洗浴酒店(三门峡市政府店),湖滨区,六峰路文明商业街综合楼1-3层,,,,34.777211,111.196132,
6,清雅快捷宾馆,灵宝市,尹溪路与金城大道交叉口路西,,,,34.515639,110.897548,
6,群英宾馆(灵宝火车站店),灵宝市,车站路火车站广场对面,,,,34.510940,110.897135,
6,义马乐家宾馆,义马市,春水街东段5号,,,,34.741917,111.878107,
6,三门峡东风快捷宾馆,湖滨区,黄河东路原东风百货楼4-5层(三门峡妇科医院东80米),,,,34.768278,111.224034,
6,义马康乐宾馆,义马市,春水街,,,,34.741871,111.878402,
6,尚客优酒店(三门峡火车站黄河路店),湖滨区,宋会中路178号,,,,34.766745,111.222732,
6,灵宝365宜居旅店,灵宝市,车站路与富士路交叉口西北角(尹庄吉庆楼隔壁),,,,34.512361,110.902198,
6,宝源大酒店,灵宝市,函谷路中段,,,,34.519120,110.891340,
6,灵宝亿家酒店(桃林购物广场长途汽车站店),灵宝市,涧西区管委会新灵西街老邮电局对面,,,,34.518920,110.873350,
6,三安宾馆(三门峡崤山路店),湖滨区,六峰路中医院斜对面,,,,34.774367,111.194117,
6,三门峡有间客栈,湖滨区,崤山东路北50米,,,,34.761021,111.226345,
6,义马恒安宾馆,义马市,春水街与子章街交叉口西60米,,,,34.741897,111.878248,
6,金瑞商务酒店(茅津北路),湖滨区,茅津北路316号,,,,34.774806,111.210006,
6,灵宝佳湘宾馆,灵宝市,盛祥国际,,,,34.517936,110.889478,
6,庆华商务宾馆,湖滨区,崤山路与宋会路交叉口北200米,,,,34.762896,111.222407,
6,义马光明宾馆,义马市,春水街6号,,,,34.741947,111.878044,
6,渑池迎宾馆(县政府店),渑池县,城关镇会盟路中段渑池迎宾馆6楼,,,,34.767424,111.763650,
7,济源天坛招待所,济源市,商业城4栋16号,,,,35.094982,112.573768,
7,济源谷堆山山庄,济源市,五龙口镇省庄村供电所西邻,,,,35.158201,112.694808,
7,尚客优快捷酒店(济源汽车站店),济源市,济水大街东段长途汽车站对面,,,,35.089783,112.628532,
7,客隆时尚快捷宾馆(济水大街店),济源市,东园南村二巷20号,,,,35.088355,112.596108,
7,济源市雅致精品酒店,济源市,济水大街与天坛路交叉口东100米路南,,,,35.092748,112.575655,
7,济源尚寝华谊酒店,济源市,济水大街东段85号(近愚公像),,,,35.089952,112.601879,
7,太行山宾馆,济源市,天坛路89号商业城3-9,,,,35.094783,112.573893,
7,济源鸿源宾馆,济源市,克井镇北辰路济源地税局克井分局对面,,,,35.159670,112.546044,
7,济源南湖·宾馆,济源市,西霞湖路53号,,,,34.919034,112.523611,
7,尚文快捷宾馆(八仙街店),济源市,八仙街东胡同西南一巷一号,,,,35.091244,112.582158,
7,济源市济钢宾馆,济源市,"济水大街,济钢大门西",,,,35.094208,112.562655,
7,济源布丁时尚快捷宾馆,济源市,沁园路与同心街交叉口向西100米,,,,35.077520,112.604208,
7,济源聚源快捷主题酒店,济源市,济水街道御驾街南十巷37号,,,,35.078840,112.599153,
7,济源纳华酒店(八仙街店),济源市,八仙街东南二巷8号,,,,35.091336,112.584233,
7,明玥宾馆(八仙街店),济源市,八仙街中段88号,,,,35.091502,112.582643,
7,济源明秀宾馆,济源市,民康街二巷1号,,,,35.092444,112.575281,
7,世纪酒店,济源市,沁园中路561号,,,,35.093710,112.608420,
7,济源英皇时尚酒店,济源市,御驾街南十巷36号,,,,35.078796,112.599564,
7,如家酒店(济源天坛路店),济源市,天坛北路28号,,,,35.102148,112.575128,
7,济源鹏鑫快捷宾馆,济源市,御驾村同心街南一巷36号,,,,35.077675,112.601325,
7,花园假日酒店,济源市,北海路中段,,,,35.098741,112.594537,
7,济源爱情岛主题酒店,济源市,御驾同心街16号,,,,35.077840,112.601958,
7,97公寓(济源职业技术学院店),济源市,御驾街南十巷中段路北,,,,35.077536,112.602323,
7,龙苑酒店(济水大街店),济源市,济水街道东园南一巷36号,,,,35.089003,112.594846,
7,易发宾馆,济源市,南潘村南二巷2号,,,,35.091705,112.563583,
8,弘捷酒店(许昌胖东来天使城店),魏都区,兴业路1974号,,,,34.038426,113.859358,
8,鄢陵桃园快捷宾馆,鄢陵县,胜利街52号,,,,34.100672,114.186474,
8,许昌华辰宾馆(胖东来生活广场店),魏都区,许继大道916号,,,,34.024178,113.810395,
8,钧都宾馆(一峰城市广场店),禹州市,药行街建材市场旁边,,,,34.148609,113.478845,
8,梦旅宾馆(曹魏古城生活广场店),魏都区,大同街1号,,,,34.021935,113.823206,
8,鄢陵温馨宾馆,鄢陵县,花都大道段665号,,,,34.091927,114.191155,
8,信鑫宾馆(01店),魏都区,许继大道地勘二院红绿灯向南路西300米,,,,34.020796,113.790724,
8,胜利宾馆(曹魏古城店),魏都区,大同街瑞丽美容美发用品旁,,,,34.021886,113.823314,
8,襄城芙蓉酒店,襄城县,紫云大道818号,,,,33.856515,113.506617,
8,大河锦华国际酒店,长葛市,长社东路,,,,34.224293,113.799486,
8,如家旗下-禹州画圣路UP华驿精选酒店,禹州市,三峰路与画圣路交叉口南50米路东,,,,34.150882,113.482088,
8,瑞丰宾馆(曹魏古城胖东来时代广场店),魏都区,许强花园北门西50米,,,,34.027501,113.815621,
8,月伴湾商务酒店(长葛市政府葛天源轻轨站店),长葛市,张辽路与泰山路交叉口南50米路西九楼(近市会议展览中心),,,,34.196745,113.815378,
8,尚优优快捷酒店(许昌向阳路胖东来店),魏都区,向阳路与光明路交汇处以北20米路东,,,,34.019934,113.803959,
8,许昌家庭宾馆,魏都区,八一路西段运河鑫城正对面,,,,34.039016,113.805374,
8,襄城金海湾宾馆,襄城县,迎宾路与新华路交叉口东南200米,,,,33.845306,113.489554,
8,尚客优宾馆(曹魏古城店),魏都区,铁东街38号,,,,34.024797,113.818607,
8,鄢陵花旗酒店,鄢陵县,安陵镇胜利街32号,,,,34.101358,114.186746,
8,紫阳商务酒店(长葛钟繇大道店),长葛市,东转盘南50米路东(汽车东站进站口),,,,34.222381,113.788676,
8,许昌三六九时尚宾馆,魏都区,七一路与凭心街交叉口东北角,,,,34.020460,113.824678,
8,星芮连锁酒店(许昌莲城大道店),魏都区,莲城大道中段路南759号,,,,34.022535,113.845403,
8,相府商务宾馆(许昌劳动路店),魏都区,北大街道劳动路19号,,,,34.037934,113.821356,
8,合青柠酒店(许昌胖东来生活广场许昌站店),魏都区,颍昌路387号,,,,34.019561,113.822887,
8,许昌长葛桃源商务酒店(东转盘店),长葛市,钟繇大道中段与朝阳路交叉口北160米,,,,34.222681,113.788653,
8,盛昌宾馆(胖东来金三角第十二中学店),建安区,"兴昌路与利民路交叉口,漓水金沙洗浴旁",,,,34.008300,113.846308,
9,温县腾云宾馆,温县,温泉镇菜园街65号老汽车站对面,,,,34.940673,113.086490,
9,心悦酒店(河南理工大学店),山阳区,世纪路理工大学南门对面西侧20米,,,,35.182656,113.262971,
9,焦作华隆宾馆,解放区,解放中路78号(恒基财富大厦对面),,,,35.241347,113.224652,
9,焦作7度青春公寓(4号店),山阳区,世纪路理工大学南门正对面,,,,35.182450,113.263868,
9,李万宾馆,山阳区,世纪路与迎宾路交叉口东南角,,,,35.182126,113.258708,
9,宜家快捷宾馆(黄河大道),武陟县,黄河大道南段汽车站东口斜对面,,,,35.084209,113.413603,
9,焦作爱的宾馆,解放区,影视城往西,,,,35.262112,113.203409,
9,焦作新华宾馆,解放区,解放中路与新华街交叉口西南40米,,,,35.241531,113.225964,
9,焦作聚鑫宾馆,山阳区,世纪大道理工大学东门对面卢堡村内,,,,35.189008,113.276948,
9,恒通宾馆(黄河大道),武陟县,朝阳二路173号,,,,35.093481,113.413548,
9,温县发财宾馆(温县客运中心站店),温县,古温大街236号,,,,34.943619,113.083461,
9,焦作长兴旅社,解放区,站前街139号,,,,35.224174,113.232074,
9,假日之星时尚酒店(森林动物园店),解放区,嘉禾屯门口,,,,35.217749,113.196575,
9,金土地宾馆(丰一路),解放区,金土地农产品市场北门旁,,,,35.204243,113.224476,
9,焦作黄家宾馆,山阳区,焦作师专对面200米10号,,,,35.213187,113.267754,
9,万家快捷酒店(焦作体育馆店),山阳区,名城路与解放东路交叉口西北160米,,,,35.248498,113.265337,
9,焦作清雅宾馆,山阳区,理工大学南门(世纪路27号),,,,35.182579,113.262248,
9,永威学苑宾馆,沁阳市,团结西路5号,,,,35.101756,112.922493,
9,焦作鑫鹏宾馆,解放区,映湖路2717号(龙源世家南门东20米),,,,35.202213,113.252092,
9,焦作吉祥快捷酒店,山阳区,太行中路53号,,,,35.250819,113.243424,
9,7天酒店(桑坡店),孟州市,新孟路桑坡段国家税务总局孟州市税务局南庄税务分局向南约150米,,,,34.910219,112.879502,
9,吉祥宾馆(焦作市山阳区财政局西),山阳区,师专西200米路北,,,,35.213373,113.267717,
9,孟州鑫达宾馆,孟州市,龙首街8号,,,,34.908105,112.781350,
9,舒馨旅馆,博爱县,团结路伟才幼儿园北200米路东,,,,35.166337,113.062904,
9,爱时尚宾馆,山阳区,世纪大道理工大学南门向西100米路南,,,,35.182435,113.261986,
10,开封思佳旅社(鼓楼食坊店),鼓楼区,徐府街75号,,,,34.796839,114.352366,
10,双宇商务主题酒店(开封鼓楼店),鼓楼区,中山路中段65号,,,,34.789511,114.350282,
10,巴洛克旅馆(兰考文明路店),兰考县,兰阳街道文明路与振兴路交叉口向东100米,,,,34.820888,114.804195,
10,隆祥宾馆(兴隆路店),杞县,城关镇兴隆路南段东侧,,,,34.547963,114.768970,
10,站前宾馆(车站路),兰考县,车站路89号,,,,34.816359,114.814989,
10,花猫青年旅舍(开封鼓楼广场西司夜市店),鼓楼区,西坡街10号,,,,34.794168,114.338445,
10,易捷快捷宾馆,龙亭区,夷山大街与电视塔南路交叉口东10米路南,,,,34.810294,114.313600,
10,尉氏金谷宾馆,尉氏县,建设路北段政协楼下,,,,34.415581,114.204374,
10,来远宾馆,杞县,西门大街与聂桥口街交叉口南200米,,,,34.550720,114.779238,
10,兰考尚寝梧桐树酒店(焦裕禄纪念馆火车站店),兰考县,"胜利路中国太平洋保险旁(近焦裕禄纪念园,人民广场)",,,,34.831773,114.830574,
10,宜居快捷酒店(开封府店),鼓楼区,迎宾路14号,,,,34.786438,114.340511,
10,兰考忆家快捷宾馆,兰考县,106国道与220国道交叉口往前200米,,,,34.861730,114.848215,
10,金明商务酒店,兰考县,堌阳镇106国道与240国道交叉口北60米路西,,,,34.961141,114.983792,
10,开封轩雅快捷酒店,龙亭区,东京大道河大新校区北门对面美食街北头,,,,34.826158,114.309397,
10,星海轻奢民宿(开封清明上河园店),龙亭区,西关北街9号,,,,34.810123,114.336004,
10,双源精品酒店(新河大店),龙亭区,夷山大街北段新河大东公寓小东门,,,,34.814840,114.315330,
10,开封天宇时尚酒店,鼓楼区,华夏大道45号大桥石化西隔壁附近,,,,34.765732,114.326534,
10,鼎立国际公寓(清明上河园鼓楼广场店)(金耀路分店),龙亭区,鼎立国际公寓,,,,34.815102,114.317176,
10,花猫青年旅舍(开封清明上河园宋都皇城旅游度假区店),龙亭区,西关北街180号附1号,,,,34.813466,114.336751,
10,杞县振兴宾馆,杞县,城关镇菜园村91号,,,,34.551093,114.769137,
10,开封福水宾馆,龙亭区,杏花营镇陇海一街64号(杏花营镇政府),,,,34.774719,114.259675,
10,行者无疆青年旅舍(开封清明上河园鼓楼夜市店),龙亭区,龙亭北路23号宋都皇城旅游度假区,,,,34.806933,114.355589,
10,开封宝洁宾馆(装修中),鼓楼区,小纸坊街75号开封府后门对面,,,,34.790793,114.347297,
10,青青快捷宾馆,龙亭区,东陈新街119号,,,,34.825773,114.309483,
10,青年快捷宾馆(开封鼓楼广场店),鼓楼区,中山路中段133号附1号,,,,34.788851,114.350694,
11,阳光快捷宾馆(商丘站店),梁园区,向阳路与民主中路交叉口东北100米,,,,34.441825,115.654625,
11,商丘家合宾馆(商丘站店),梁园区,火车站向西120米路北,,,,34.444465,115.654097,
11,商丘旭东住宿,梁园区,[],,,,34.429182,115.645210,
11,金缘宾馆,夏邑县,东二环路客运总站斜对面,,,,34.233602,116.157062,
11,鑫源宾馆(商丘火车站店),梁园区,站前路与向阳路交叉口南80米路东,,,,34.443568,115.654246,
11,商丘金程旅馆(市政府店),睢阳区,归德中路与长江东路交叉口北120米,,,,34.417488,115.658699,
11,金缘梦宾馆(建设路),宁陵县,建设路中段109(北关长途汽车站西200米路南),,,,34.453927,115.322770,
11,商丘伯仕快捷宾馆(院内拌面店),梁园区,团结西路伯仕小区院内,,,,34.437140,115.625779,
11,商丘圆缘宾馆(商丘站店),梁园区,金地广场A座11楼,,,,34.440825,115.652925,
11,希雅图连锁酒店(高铁站实验中学店),梁园区,凯旋中路89号,,,,34.429508,115.641973,
11,柘城银海温泉酒店,柘城县,兴中道22号附近,,,,34.076199,115.316058,
11,霞光酒店(商丘南站店),梁园区,富商大道商丘南站北180米,,,,34.410365,115.703019,
11,金鑫宾馆,梁园区,向阳路与站前路交叉口,,,,34.444167,115.653546,
11,建桥宾馆(商丘火车站店),梁园区,货场路与凯旋路交叉口凯旋商城1号楼,,,,34.444211,115.650316,
11,西街口商务宾馆,梁园区,凯旋北路辅路与胜利西路交叉口西南140米,,,,34.450088,115.651207,
11,和家宾馆(商丘师范学院店),梁园区,平原路与团结路交叉口向东100米路南,,,,34.435966,115.626507,
11,民权三星电竞宾馆,民权县,人民路41号,,,,34.646088,115.139705,
11,夏邑美易家商务快捷宾馆,夏邑县,一环路东段计生委对面,,,,34.236615,116.155370,
11,百信快捷宾馆(文化中路店),梁园区,文化中路蓝天医院后,,,,34.424646,115.645359,
11,商丘同福宾馆(商丘工学院店),睢阳区,中州路与长江路交叉口西50米路北,,,,34.416757,115.669980,
11,商丘阳阳宾馆,梁园区,平原中路,,,,34.438184,115.625384,
11,国花宾馆(商丘高铁站店),梁园区,花开富贵公寓楼5楼,,,,34.441021,115.649217,
11,欧兰特快捷宾馆(商丘团结路师范学院店),梁园区,团结路与桂林路交叉口东120米,,,,34.437012,115.629333,
11,商丘金宝宾馆,梁园区,平台镇木兰大道商丘学院南门斜对面,,,,34.397886,115.717345,
11,城市之家酒店(商丘民主路店),梁园区,民主路与君台路向北20米路西,,,,34.441158,115.605247,
12,汝南天鹅宾馆,汝南县,南海大道与梁祝大道交叉口向西,,,,32.998031,114.350824,
12,西平亿隆宾馆,西平县,中原大道与护城河路交叉口向南50米路东棠溪商城东大门对面,,,,33.376516,114.025936,
12,汝南艾尚农机宾馆(北门大街分店),汝南县,汝宁大街与梁祝大道交叉口向东,,,,33.003227,114.353565,
12,汝南汝宁客栈,汝南县,南海大道20号,,,,32.998009,114.353183,
12,正阳南湖宾馆(南环路分店),正阳县,南环城路126号步行街南头路南,,,,32.597961,114.395066,
12,平舆财政商务宾馆,平舆县,古槐镇解放街中段9号,,,,32.955930,114.642378,
12,驻马店健康旅馆,驿城区,健康路西段,,,,32.971742,114.013259,
12,明珠宾馆(解放路),确山县,解放路火车站西150米路南,,,,32.801481,114.033804,
12,速9快捷宾馆,遂平县,灈阳大道305号鼎恒步行街,,,,33.138668,114.001446,
12,兰花苑商务酒店,确山县,朗陵大道与龙山路交叉口东80米,,,,32.798695,114.034454,
12,金燕酒店,遂平县,107国道与希望大道交叉口东50米路北,,,,33.160240,114.003749,
12,遂平北环旅馆,遂平县,国槐路中段社会气车站对面,,,,33.150472,114.004108,
12,遂平柏林酒店,遂平县,建设路与灈阳大道交叉口西北角10米,,,,33.144922,114.000829,
12,海天花园宾馆,上蔡县,蔡都大道中段县政府对面,,,,33.261810,114.264321,
12,华宇大酒店(正大路),正阳县,正大路中国人民银行对面三中大门北侧,,,,32.600284,114.399159,
12,鹊巢时尚酒店,驿城区,正阳路与友谊路交叉口东南40米,,,,32.990081,114.024386,
12,平舆龙祥宾馆,平舆县,铁塔路59号(体育场斜对面),,,,32.951900,114.636890,
12,确山开元大酒店,确山县,龙山路与铁北路交叉口北100米路东,,,,32.806654,114.033484,
12,7天优品酒店(驻马店天中山大道店),驿城区,天中山大道与文化路交叉口南100米,,,,32.982645,114.010192,
12,上蔡红河宾馆(李斯步行街店),上蔡县,龙祥路中段路东(老汽车站斜对面),,,,33.267560,114.261878,
12,党校宾馆(洪河大道),驿城区,市委党校院内,,,,33.024976,114.002084,
12,月儿湾商务酒店,遂平县,嵖岈山路和南海路交汇西行100米路北,,,,33.140985,113.989932,
12,生态园酒店(上蔡县供销社东),上蔡县,蔡都大道中国农业银行东80米,,,,33.262219,114.279313,
12,确山迎宾馆,确山县,未来大道中段519号,,,,32.820894,114.021033,
12,柏城宾馆,西平县,柏城大道129号(栢城大道与文化路交叉口),,,,33.385356,114.029063,
13,晴来小屋客栈,文峰区,峨嵋大街十里铺村(银杏摇篮幼儿园西侧),,,,36.054785,114.352358,
13,新月宾馆(安阳殷墟博物馆安钢店),殷都区,钢花路69号,,,,36.109579,114.288729,
13,鑫洲宾馆(星阁路),汤阴县,星阁路132号,,,,35.914166,114.363461,
13,内黄银海快捷宾馆(人民路店),内黄县,人民路新车站300米路南,,,,35.972386,114.890767,
13,林州818快捷宾馆,林州市,向阳街与太行路交叉口东100米路南,,,,36.061809,113.828253,
13,汤阴情趣主题旅馆,汤阴县,向阳路与人民路交叉口向南200米路东商贸步行街西门内,,,,35.922540,114.352346,
13,林州华林快捷宾馆(红旗渠广场店),林州市,太行路北段129号,,,,36.072871,113.829026,
13,林州大榆树·见山客栈,林州市,王相岩东1门南380米,,,,36.142417,113.725275,
13,安阳遇见民宿(安阳德隆街店),文峰区,长青街聂村永泰小区210排2号,,,,36.086467,114.381087,
13,林州祥瑞招待所,林州市,陵阳路与盛唐大道交叉口北120米,,,,36.115093,113.852408,
13,布丁酒店(安阳师范学院店),文峰区,杜官屯村28号院东白楼,,,,36.054375,114.368175,
13,安阳一品快捷宾馆(安阳站店),北关区,解放大道与戏院街交叉口西40米,,,,36.104872,114.342827,
13,汤阴雅贤旅馆,汤阴县,育贤街1号,,,,35.920718,114.357174,
13,新天地商务酒店(平原路),文峰区,平原路南段46号,,,,36.093346,114.376550,
13,内黄文化宫招待所,内黄县,二帝大道与朝阳路交叉口北侧150米,,,,35.949385,114.893460,
13,安阳建华快捷宾馆(技术学院中医药学院店),文峰区,中华路南段王官屯省卫校北500米,,,,36.035847,114.388448,
13,林州雾江山庄,林州市,任村镇木家庄村东100米,,,,36.340785,113.798908,
13,安阳公路宾馆(火车站店),北关区,新兴街30号,,,,36.099693,114.343406,
13,安阳时光沙漏旅馆(安阳师范学院店),文峰区,"后营四排十三号附近好的住宿,环境好的旅馆,经济实惠的住宿",,,,36.059272,114.367032,
13,林州99商务宾馆,林州市,临淇镇菜市场北半条街10号,,,,35.776585,113.887468,
13,林州金雨家快捷宾馆,林州市,龙山园,,,,36.058612,113.832204,
13,布丁宾馆(安阳水冶店),殷都区,水冶广场南关村黎城街一号院,,,,36.128562,114.122287,
13,如意宾馆,汤阴县,向阳路与精忠路交叉(岳飞铜像)口向北300米路西,,,,35.918150,114.351363,
13,汤阴宇航宾馆,汤阴县,人民路东段,,,,35.924547,114.390265,
13,安阳双祥旅馆,文峰区,唐子巷80号,,,,36.102566,114.350986,
14,豫鹤商务宾馆(淇滨大道),淇滨区,淇滨大道113号,,,,35.750530,114.282275,
14,淇县恒辉宾馆,淇县,永盛路3号,,,,35.605572,114.191104,
14,鹤壁宝马宾馆,山城区,长风中路62号,,,,35.898845,114.187987,
14,新凯旋门商务宾馆,浚县,黎阳路与霄河路交叉口东60米,,,,35.676176,114.541917,
14,家天下君悦酒店(卫河路),浚县,卫河路宏基商城,,,,35.675609,114.535084,
14,锦江之星风尚(鹤壁市政府店),淇滨区,华山路322号,,,,35.745341,114.284329,
14,淇县和平旅馆,淇县,红旗路西段85号路南,,,,35.608299,114.192725,
14,中州假日酒店(鹤壁兴鹤店),淇滨区,兴鹤大街与淇河路交叉口,,,,35.754032,114.292627,
14,仙鹤湖假日酒店,淇滨区,淇滨大道225号,,,,35.750795,114.305825,
14,天天如家商务酒店,淇县,"云梦大道中段,第二人民医院西",,,,35.614507,114.200097,
14,鹤壁秋喜商务宾馆,淇滨区,贸易1区12号楼37,,,,35.752038,114.277424,
14,鹤壁鑫宇酒店(鹤壁高中店),淇滨区,泰山路111号,,,,35.745710,114.313241,
14,淇县付庄网络客房,淇县,付庄路与淇河路交叉口东南60米,,,,35.605900,114.209999,
14,爱上旅馆(东兴未来花园店),浚县,黄河路裕隆超市东东200米路北,,,,35.674143,114.557381,
14,浚县比家美旅馆,浚县,老善堂路23号汽车站北30米近黄河路,,,,35.673566,114.556851,
14,御花园酒店,淇滨区,兴鹤大街228号(近淇滨中学),,,,35.739897,114.292460,
14,鹤壁富豪快捷宾馆,淇滨区,贸易一区18号楼北排,,,,35.752724,114.279022,
14,如家睿柏·云酒店(鹤壁市政府九州路店),淇滨区,九州路与107国道交叉口,,,,35.745960,114.277255,
14,浚县俊英商务宾馆,浚县,怀禹路与南关外街交叉口西南40米,,,,35.658085,114.547710,
14,思佳宾馆,山城区,朝阳街120号,,,,35.890112,114.187832,
14,九洲大酒店,淇滨区,太行路618号,,,,35.746038,114.277592,
14,鹤壁金海宾馆,山城区,红旗街中段248号,,,,35.897200,114.191294,
14,鹤壁168网络客房(人民医院店),淇滨区,淇滨大道与华山路交叉口向北50米路西,,,,35.751390,114.284831,
14,好再来旅馆,淇县,付庄街4-6号,,,,35.605292,114.210325,
14,真好宾馆(鹤壁东站店),淇滨区,长江路街道牛庄社区东门4号楼25铺,,,,35.704993,114.295664,
15,家园宾馆(原阳平原新区店),原阳县,宋楼村23排16号,,,,35.036191,113.752097,
15,金港精品酒店,红旗区,健康路18号,,,,35.299085,113.876252,
15,紫云阁宾馆,卫辉市,健康路果唯伊水果超市2楼,,,,35.413585,114.061444,
15,新乡好消息旅馆,牧野区,凤岗北一街12号,,,,35.323977,113.896125,
15,原阳玫瑰主题酒店,原阳县,桥北乡马井村菜市场东150米路北,,,,34.968346,113.690656,
15,东安宾馆,长垣市,308省道长垣汽车站对面,,,,35.202331,114.710408,
15,新乡顺风旅社,红旗区,孟营北大街44号,,,,35.289120,113.873583,
15,大众宾馆(建设路店),原阳县,建设街26号,,,,35.052843,113.971808,
15,和悦祥招待所(新乡胖东来三胖店),红旗区,兴隆社区骆驼湾居民区1巷6号,,,,35.300991,113.916712,
15,东豪宾馆(汽车站店),长垣市,市龙逄大道989号,,,,35.200562,114.709397,
15,新乡岳家民宿(胖东来三胖店),红旗区,人民东路骆驼湾社区2巷21号,,,,35.301367,113.915876,
15,新乡玉龙港湾宾馆,牧野区,河南新乡牧野区新飞大道北段与建设中路交叉口西150米路北,,,,35.324248,113.898874,
15,原阳如意家宾馆(平原新区店),原阳县,黄河大道,,,,35.035809,113.754199,
15,新乡乐尚快捷酒店,红旗区,河南新乡红旗区新中大道与新延路交汇处向东50米路南,,,,35.275359,113.932158,
15,新乡那些年时尚公寓酒店(宝龙广场店),红旗区,金穗大道与新一街交汇东南角宝龙公寓2号楼2楼219室,,,,35.294811,113.919372,
15,原阳大秦酒店,原阳县,翰林华府南门西70米,,,,35.065646,113.948642,
15,原阳假日快捷酒店(县政府店),原阳县,葛埠口乡新城区财政局东,,,,35.066503,113.942512,
15,新乡诺言法式旅馆(胖东来二胖店),卫滨区,平原路41号新乡宾馆向东30米路南,,,,35.305067,113.867710,
15,新乡金源快捷酒店,红旗区,劳动中街与中同大街交叉口向南25米路东,,,,35.307339,113.879699,
15,新乡越秀公馆,卫辉市,胜利路与建设路交叉口西南140米,,,,35.404558,114.052104,
15,新乡天润旅馆,牧野区,凤岗北三街34号,,,,35.324786,113.897987,
15,新乡文苑快捷宾馆,红旗区,向阳路与东明大道交汇处西南方向400米(东明温泉洗浴西200米),,,,35.282875,113.943525,
15,新乡安居宾馆(河师大店),牧野区,茹岗北街4巷与茹岗北三巷交叉口向南90米路东,,,,35.323973,113.898580,
15,原阳天和宾馆(新郑一级路店),原阳县,桥北乡马井村原阳路路口东800米,,,,34.968064,113.689995,
15,新乡怡馨客栈,红旗区,河南新乡红旗区洪门大学城北市场41号,,,,35.283665,113.935135,
16,小洞天宾馆,新华区,平安大道西市场站牌旁,,,,33.756785,113.278192,
16,平顶山中心快捷宾馆(和平路步行街店),新华区,和平路步行街中段小吃一条街口路南,,,,33.740341,113.307733,
16,鹰龙商务酒店(平顶山火车站店),湛河区,和顺路91号(火车站西150米),,,,33.720238,113.300676,
16,雅绣宾馆(八团店),汝州市,丹阳东路14号,,,,34.163858,112.854378,
16,汇丰宾馆(宝丰长途汽车站店),宝丰县,迎宾大道294号(宝丰长途汽车站对面),,,,33.862122,113.058176,
16,汝州好百年宾馆,汝州市,洗耳北路96号(水果市场北100米路西),,,,34.177772,112.842890,
16,汝河宾馆(汝州金世界步行街店),汝州市,洗耳中路341号,,,,34.171589,112.840944,
16,名豪假日酒店,卫东区,开源路中段,,,,33.739792,113.309969,
16,e家快捷酒店(汝州丹阳路店),汝州市,丹阳东路265号(丹阳东路与东环路交叉口转盘西南角),,,,34.161597,112.864289,
16,宝丰新世纪大酒店,宝丰县,城南大街中段路西88号,,,,33.869435,113.066965,
16,天下宾馆(汝州丹阳西路店),汝州市,丹阳西路119号,,,,34.169353,112.834706,
16,曙光宾馆(平顶山曙光街店),新华区,曙光街46号院(二院西200米),,,,33.732981,113.293383,
16,兴业宾馆(万达店),卫东区,建设路与东安路交叉口路南10米路东,,,,33.734084,113.336223,
16,昆仑乐居商务酒店(鲁山店),鲁山县,[],,,,33.738124,112.921389,
16,中天大酒店,鲁山县,鲁平大道(南环路新公安局东50米路北),,,,33.736506,112.925497,
16,森林湾时尚酒店(平顶山东环路店),卫东区,建设路与东环路交汇处向东300米路南,,,,33.733026,113.355443,
16,建新宾馆(南环路店),湛河区,南环路80号市食品公司16号院,,,,33.720433,113.305269,
16,龙源宾馆(姜湾新区西),宝丰县,龙兴路中段京州酒楼向东50米,,,,33.858192,113.058171,
16,平顶山巴哩岛快捷宾馆,湛河区,光明路南段与南环路交叉口东南角约100米,,,,33.720536,113.291520,
16,舞钢丽晶快捷酒店,舞钢市,朱兰大道东段路北,,,,33.325119,113.543525,
16,大浪淘沙温泉酒店(东坡大道),郏县,复兴路与东坡大道交叉口,,,,33.968592,113.235155,
16,华逸宾馆,湛河区,黄河路平顶山工业职业技术学院北门东500米路北,,,,33.710670,113.293222,
16,虹美酒店,鲁山县,人民路与墨公路交叉口东北角,,,,33.747500,112.910328,
16,兰兴宾馆(舞钢市人民医院互联网医院店),舞钢市,干休路与朱兰大道交叉口东北20米,,,,33.324909,113.537786,
16,郏县七天假日宾馆(福万城市广场店),郏县,福万休闲步行街南门北80米,,,,33.967187,113.230282,
17,鸿运宾馆(新密溱洧水城店),新密市,青屏街街道西汽车站进站口对面鸿运宾725号,,,,34.531429,113.376873,
17,郑州QQ宾馆(郑州高铁东站店),金水区,金水东路贾岗社区21号楼2单元1层,,,,34.776143,113.788606,
17,郑州中州之星公寓酒店,二七区,中原路大学路交叉口东南中苑名都6号楼12层1204室,,,,34.745008,113.644696,
17,荥阳居易快捷酒店(郑上路店),荥阳市,郑上路与塔山路交叉口,,,,34.780020,113.393294,
17,转运青年旅舍(曼哈顿店),金水区,金水路305号金水升龙广场A区2号楼1单元5层西户504,,,,34.762575,113.706675,
17,新郑新若家酒店(华南城奥特莱斯店),新郑市,龙湖镇华南城一路中央公园小区13号楼125号,,,,34.607478,113.730355,
17,郑州曼哈顿公寓(郑州曼哈顿国际广场店)(21号店),金水区,未来路485号金水升龙广场7号楼7F层,,,,34.761324,113.705373,
17,红星宾馆(龙子湖高校区店),金水区,姚桥路与姚夏路交汇处路北100米时埂社区七号楼二单元,,,,34.810626,113.801187,
17,阳光宾馆(郑州庙张南院店),金水区,相济路与中兴路交口向南50米路西庙张南院17号楼3单元,,,,34.781902,113.775173,
17,碧云阁商务酒店(中原棋遇记店),荥阳市,桃花园南门东70米,,,,34.778841,113.409439,
17,昕奕酒店(新郑人民路西亚斯学院店),新郑市,渔夫子路渔公3街9号,,,,34.393813,113.765949,
17,新郑阳光商务宾馆(高坡岩郑州经贸学院店),新郑市,双湖大道高坡岩菜市场向西60米,,,,34.611325,113.714275,
17,保安宾馆(新密第三人民医院西),新密市,新华路街道东站,,,,34.532179,113.401313,
17,新密港湾宾馆(青屏广场店),新密市,青屏街街道港湾宾馆(祥云街)新建灯饰建材城对面,,,,34.533471,113.370404,
17,郑州红太阳宾馆(三全路店),金水区,三全路111-20号,,,,34.830081,113.645175,
17,浩悦电竞商务宾馆(郑州二七万达淮河东路店),二七区,淮河路35号,,,,34.728700,113.636587,
17,安悦酒店(岗李比亚迪工厂店),新郑市,航空港区临港大道与安康路交叉口向北50米,,,,34.368691,113.921119,
17,郑州永恒快捷宾馆,管城回族区,南台路逸泉小区25号楼4单元1楼,,,,34.707839,113.712354,
17,速8优选酒店,新郑市,新烟街道渔公四街四号,,,,34.393529,113.765891,
17,欣城宾馆(中原工学院中心医院店),中原区,林山寨街道工人路巨人学校楼上,,,,34.745180,113.620622,
17,长乐宾馆(溱洧水城店),新密市,长乐路278号,,,,34.531346,113.365113,
17,观奥酒店(郑州奥体中心店),中原区,金英路与玉轩路西100米,,,,34.730767,113.526972,
17,稻田·理想栖居酒店(河南工业大学店),中原区,枫杨街道长椿路万和城E区1号楼A单元1418室,,,,34.831437,113.541895,
17,凯莱时尚酒店(郑州西周地铁站店),管城回族区,黄河南路与商都路交叉口向南200米,,,,34.744890,113.747536,
17,摩尔酒店,金水区,政六街32号附8号,,,,34.781758,113.684242,
18,周口亿兴宾馆,川汇区,金地宾馆(川汇区中医院东南),,,,33.609065,114.646702,
18,7天酒店(周口五一广场市中心医院店),川汇区,文明路北段(周口市房地产管理局同幢楼)近七一路,,,,33.620793,114.658455,
18,周口新奇宾馆,川汇区,韩营街38号,,,,33.608944,114.647113,
18,鹿邑新颖宾馆,鹿邑县,真源大道北段中心车站对面,,,,33.868739,115.489356,
18,桔家酒店(淮阳实验二小店),淮阳区,陈风路与明义路交叉口东南角5号,,,,33.731957,114.866646,
18,美高美商务酒店,郸城县,郸淮路与世纪大道交叉口东南60米,,,,33.652975,115.173166,
18,金信观影酒店,川汇区,黄河路中段,,,,33.603825,114.644941,
18,鹿邑四通智雅酒店,鹿邑县,卫真路中段7号,,,,33.866655,115.489815,
18,阳光大酒店(交通路),郸城县,交通路与府西路交叉口(交通驾校斜对面),,,,33.637933,115.174718,
18,周口星月新概念酒店,川汇区,黄淮农产品大市场东区西1门旁,,,,33.588803,114.678490,
18,川汇大酒店,川汇区,交通路与邦杰路交叉口,,,,33.611701,114.646802,
18,荷花宾馆(周口市馨安小区北),川汇区,中州路与交通路交叉口北50米路西,,,,33.613192,114.645749,
18,西华泛区迎宾馆,西华县,建场路287号农场场史馆西侧,,,,33.746801,114.421541,
18,昆仑乐居商务酒店(淮阳龙都大道店),淮阳区,陈州路龙都大道交叉口润德转盘西200米路北,,,,33.731648,114.870414,
18,周口兴旭宾馆,川汇区,五一路韩营街东一巷11号,,,,33.608949,114.648177,
18,宜轩宾馆(五一路),川汇区,五一路人民会堂南60米,,,,33.614312,114.648702,
18,雁栖湖假日酒店,川汇区,黄河路与工农路交汇处东北角,,,,33.604615,114.664111,
18,扶沟长城饭店,扶沟县,凤凰台东街190号,,,,34.054272,114.402478,
18,世纪星时尚酒店(鹿邑辅仁大道店),鹿邑县,辅仁大道与博德路交叉口向西50米路北,,,,33.873249,115.507789,
18,太康宾馆,太康县,谢安路中段58号,,,,34.063307,114.855883,
18,宛丘客栈(周口淮阳东方神话水上乐园店),淮阳区,民生路东段东关于桥陈楚古街2号,,,,33.725449,114.919284,
18,国秀大酒店,川汇区,大庆路中段欣欣花园1号楼2单元,,,,33.616631,114.667729,
18,尚客优酒店(商水阳城公园二高北门店),商水县,商水县第二高级中学北门东150米,,,,33.556758,114.605602,
18,周口祥云宾馆,川汇区,五一路与新闻街交叉口西南150米,,,,33.609769,114.648436,
18,项城国祥商务宾馆,项城市,东城丽景苑南门旁,,,,33.440859,114.927476,
19,Tiamo·爱你青年旅舍(万象城店),龙湖区,长平东路丹阳庄东区59栋1003室,,,,23.361306,116.729354,
19,汕头辉达商务公寓,潮阳区,谷饶镇新兴谷贵路31号,,,,23.331513,116.421927,
19,汕头布丁轻公寓,潮南区,马浦镇万昌街1号,,,,23.241735,116.369322,
19,天马大酒店(司马浦镇人力资源和社会保障服务所东),潮南区,司马浦镇司下广汕公路边,,,,23.256134,116.374755,
19,汕头柏林精品公寓,潮南区,峡山街道南里山尾尖45幢二至五层,,,,23.255571,116.419875,
19,群兴旅社(长平路店),金平区,长平路梅园23-24栋二楼,,,,23.361910,116.708129,
19,汕头金利商务住宿,潮阳区,谷饶镇上堡居委谷丰路34号,,,,23.347680,116.418866,
19,汕头嘉泰公寓,龙湖区,安和街,,,,23.385686,116.746064,
19,汕头米兰快捷民宿,龙湖区,龙祥街道洋滨北门外巷1号之二,,,,23.413576,116.722122,
19,丰盛发酒店(谷饶店),潮阳区,谷饶镇第一工业区,,,,23.358146,116.418353,
19,华庭酒店(汕头澄海区政府店),澄海区,玉亭路与泰安路交界处太安里CBD一楼6号铺,,,,23.461655,116.755571,
19,汕头左岸精选住宿(汕头大学店),金平区,鮀江街道庵揭公路1号,,,,23.407248,116.649156,
19,云朵·轻公寓,潮南区,司马浦镇仙港东路(骏源公司斜对面),,,,23.275940,116.403564,
19,瑞雅商务酒店(汕头国际纺织城店),潮阳区,潮阳区谷饶镇华里工业区,,,,23.335837,116.413316,
19,汕头瑞雅酒店(上堡店),潮阳区,谷饶镇上堡居委四合区东三巷1号(香港城),,,,23.356008,116.414424,
19,维雅斯精品公寓(汕头潮阳关埠店),潮阳区,关埠镇沿堤路港底路段133号-2,,,,23.440233,116.463503,
19,汕头鑫浦公寓,潮阳区,金浦街道金梅路梅东交界乐旺佳购物广场旁,,,,23.246835,116.542607,
19,汕头百时捷酒店(汕头站店),龙湖区,金泰庄北区37栋1层,,,,23.361187,116.739767,
19,江锦商务公寓(汕头关埠店),潮阳区,关埠镇关金路113号(国税局旁),,,,23.437580,116.460475,
19,君临公寓,金平区,金砂路90号(即君华酒店对面),,,,23.366083,116.714904,
19,汕头豪宸公寓,潮南区,金城路与桃外环城路交叉口北100米,,,,23.244968,116.422539,
19,汕头华庭优品公寓,潮南区,峡山街道广发工业区24栋,,,,23.253772,116.417176,
19,昌记公寓,潮阳区,贵屿镇华美华辉9街,,,,23.315437,116.356510,
19,汕头清苑酒店(汕头高铁站新一城商业广场店),龙湖区,长江路长江大厦后楼,,,,23.375921,116.720393,
19,威斯特公寓,潮阳区,前进路桂香园工业区华鑫联实业北侧40米,,,,23.334281,116.412270,
20,豪庭公馆(黄岐公园店),南海区,"大沥镇黄岐岐西永诚路36号岐西综合楼2-3,5-7楼",,,,23.119162,113.194132,
20,喜客莱宾馆,禅城区,杏头市场往东100米信科陶瓷机械设备厂旁,,,,22.953998,113.045991,
20,佛山纪胜公寓(平洲玉器街店),南海区,桂城平南梅园新圩北7巷5号,,,,23.021401,113.195998,
20,佛山网缘住宿,顺德区,均安镇仓门常安路2号,,,,22.704049,113.155194,
20,佛山宏天宾馆,顺德区,杏坛镇齐杏社区居民委员会河北五路北1号,,,,22.782265,113.155556,
20,佛山鑫鹏公寓,三水区,禾里坑村二区六巷8号,,,,23.257109,113.013062,
20,苏格酒店式公寓(金色里程佛山火车站店),禅城区,祖庙街道郊边一路2号万科金色里程公寓二区3座7楼722室,,,,23.053583,113.099080,
20,佛山金福来租房(顺德清晖园博物馆店),顺德区,建港路八巷5号,,,,22.828232,113.260252,
20,佛山海璟酒店(凤池装饰材料市场店),南海区,城南二路金雅轩广场A区G36号,,,,23.105918,113.117117,
20,佛山悦来城公寓,南海区,桂城地铁站B口步行340米,,,,23.032548,113.144690,
20,佛山远盛公寓,南海区,丹灶镇金沙城区文沙路C4小区2-6楼,,,,23.060868,112.963872,
20,思佳公寓(佛山禅城店),南海区,叠滘地铁站C口步行390米,,,,23.051705,113.126709,
20,佛山万豪公寓(三水一环西高新产业园店),三水区,西南街道上官员新村二桥公路佛山一环西高新产业园对面,,,,23.110522,112.840913,
20,佛山君来住宿,顺德区,杏坛镇光华村西岸西路2号,,,,22.785378,113.115693,
20,佛山大湾商务公寓,三水区,乐平镇横岗创新路东18号,,,,23.236882,113.008584,
20,景鑫宾馆(佛山市中医院汾江中路店),禅城区,汾江中路59号中医院对面,,,,23.036127,113.108595,
20,佛山时尚电梯公寓,南海区,平洲夏平中路夏西小学东50米,,,,23.042731,113.168354,
20,佛山宏琦公寓(平洲玉器街地铁站店),南海区,平洲永安中路63号2-5层,,,,23.026641,113.204329,
20,佛山新田旅业(三水商业城店),三水区,西南街道广海大道中21号,,,,23.161154,112.901658,
20,佛山平安住宿(百花时代广场店),南海区,东区一巷1号南兴坊大楼南门,,,,23.028941,113.150629,
20,佛山星宝宾馆,禅城区,石弯街道沙岗新岗路8号(沙岗地铁站B口步行420米),,,,22.991952,113.093713,
20,佛山7天住房(益万家超市店),南海区,鼎安路76号,,,,23.029568,112.952039,
20,顺成公寓(高坎路),顺德区,大良街道高坎路1号,,,,22.828518,113.256678,
20,八方公寓(顺德容桂站店),顺德区,华信路8号,,,,22.762044,113.338397,
20,8号住房,南海区,丹灶镇金沙罗行鼎安路94号,,,,23.029345,112.952194,
21,优家精品酒店(肇庆东站鼎湖山风景区店),鼎湖区,南安一街211-213号,,,,23.186149,112.575638,
21,锦江大酒店(正东路),端州区,正东路63号,,,,23.045013,112.469814,
21,肇庆年年兴酒店,高要区,南岸镇西环二路31号,,,,23.029445,112.443311,
21,金云宾馆(新明街),鼎湖区,桂城车站对面,,,,23.187265,112.575391,
21,肇庆四会贵宾旅馆(天光墟店),四会市,四会大道中与育贤路交叉口东北60米,,,,23.337991,112.714083,
21,鸿发宾馆(知青路),四会市,政德大街111号,,,,23.298912,112.811701,
21,好景宾馆,端州区,西江北路33号(体育中心西门斜对面),,,,23.059700,112.450730,
21,四会沙尾旅店,四会市,沿江路12座9号,,,,23.337178,112.701156,
21,肇庆乔居酒店式公寓,端州区,黄岗镇学院路大塘面村口东侧19号,,,,23.109823,112.498969,
21,肇庆裕景宾馆(体育中心店),端州区,黄塘西路裕景广场D幢,,,,23.057991,112.446899,
21,四会新旺住宿,四会市,前锋村前旺路9号,,,,23.298984,112.807161,
21,明珠宾馆(南兴二路),高要区,南岸街道南兴二路13号明珠宾馆2楼,,,,23.027942,112.455372,
21,四会大同商务旅馆,四会市,大同路2号,,,,23.341272,112.690802,
21,金叶宾馆(曙光街),四会市,曙光街171号大旺茂盛商住楼1楼,,,,23.300219,112.815859,
21,天旺酒店宾馆(大旺广场店),四会市,政德大街6号,,,,23.300069,112.808315,
21,华泰酒店(南兴三路店),高要区,南兴三路53号,,,,23.027815,112.442289,
21,雍雅客栈,鼎湖区,鼎湖上山路鼎湖大酒店侧边路口直入300米72号,,,,23.160301,112.558777,
21,肇庆胡桃居公寓,端州区,肇庆学院东侧大塘面村村东,,,,23.109719,112.499360,
21,金水湾宾馆(水坑大道),鼎湖区,水坑东大街牌坊对面201号2楼,,,,23.190150,112.573046,
21,睦岗豪华住宿,端州区,南亚路54号,,,,23.065558,112.425759,
21,丽景酒店(德庆县文化广场龙母大街店),德庆县,德庆大道西华发湖景花园丽景酒店,,,,23.143428,111.779056,
21,宝利酒店(肇庆七星岩牌坊店),端州区,城西街道天宁北路77号七星银座后座,,,,23.052820,112.468471,
21,龙洲大酒店,德庆县,龙母大街,,,,23.154019,111.781979,
21,海涛酒店(肇庆七星岩牌坊风景区店),端州区,端州六路2号,,,,23.053334,112.461258,
21,肇庆爱情公寓(天宁北路店),端州区,天宁北路48号,,,,23.048493,112.469325,
22,豪华公寓(博罗桥西七路店),博罗县,西站附近人民医院西门旁边桥西七路85号,,,,23.171785,114.280498,
22,琼都宾馆,博罗县,博罗大道中791-792号,,,,23.172211,114.278569,
22,龙珠宾馆,龙门县,百合路11号(百合路和百湾路交叉口西南角),,,,23.721789,114.270746,
22,金桥宾馆(惠州马安镇店),惠城区,马安镇泰安路81号,,,,23.046054,114.500051,
22,惠康旅馆(淡水立交桥店),惠阳区,淡水街道人民四路126号,,,,22.786299,114.461712,
22,幸福公寓(下角中路店),惠城区,下角中路9号(建行对面),,,,23.102704,114.394452,
22,惠州聪权旅馆,惠城区,螺仔湖二路北街32-4号,,,,23.073315,114.417473,
22,惠州惠城1号公寓,惠城区,水口大道38号,,,,23.119461,114.474112,
22,恒金大酒店(开城大道中),惠阳区,开城大道中110号,,,,22.780648,114.474567,
22,惠州鄱湖旅馆,惠城区,下角中路1号公安分局旁,,,,23.101783,114.395134,
22,明珠商务酒店,惠城区,大湖溪龙湖大道南中国农业银行旁边,,,,23.101438,114.453602,
22,东昇宾馆(上圩西路),惠阳区,白云五路5号,,,,22.793745,114.472178,
22,九潭公馆,博罗县,福园路629号,,,,23.159972,113.981905,
22,惠州豪威大酒店(西湖东站龙丰公园店),惠城区,鹅岭东路10号,,,,23.078287,114.397244,
22,康源商务酒店(陈江大道南),惠城区,陈江镇陈江大道南20号(人人乐斜对面),,,,23.007530,114.313905,
22,中区酒店,惠阳区,爱民东路43号(交通局斜对面),,,,22.777084,114.473197,
22,福海商务宾馆(鞋城大道),惠东县,鞋城大道87-2号福海购物广场,,,,22.797462,114.935051,
22,惠州东航住宿,惠阳区,淡水镇上圩西路1号2-6楼,,,,22.793353,114.471719,
22,颐景商务酒店(惠州陈江天益城店),惠城区,仲恺高新区陈江街道白云路29号,,,,23.001990,114.316490,
22,晶鑫商务酒店(惠州中心医院西湖店),惠城区,黄塘一路11号,,,,23.085092,114.395827,
22,月亮宫大酒店,惠阳区,上塘石园东街118号,,,,22.788930,114.465527,
22,龙门钟山宾馆,龙门县,永汉镇油田村钟山下,,,,23.611987,114.036596,
22,优选九天酒店,惠城区,龙湖大道60号(水口供电局对面),,,,23.098740,114.452977,
22,绅豪大酒店,惠城区,水口镇龙湖大道南355号,,,,23.115887,114.461365,
22,雅芳大酒店,惠城区,惠州大道138号,,,,23.126387,114.416644,
23,深圳民丰公寓,龙华区,民治街道白石龙老村36栋,,,,22.604474,114.035269,
23,湘发客栈(沙尾地铁站店),福田区,沙尾西村263-1号(沙尾地铁站B口步行440米),,,,22.518195,114.041072,
23,锦瑞·高奢青年旅舍,光明区,马田街道禾湾社区松白路4919号中粮云景广场5栋806,,,,22.776875,113.889175,
23,荣鑫发宾馆(草埔地铁站店),罗湖区,草埔东吓屋村15号3、4楼,,,,22.585301,114.119278,
23,龙联尚品酒店,龙岗区,如意路4-8,,,,22.692977,114.239825,
23,凯悦旅馆(龙华天虹商场店),龙华区,郭吓村1号(龙华天虹斜对面),,,,22.662975,114.018775,
23,玉帆快捷酒店(深圳国际会展中心店),宝安区,上北四巷1号,,,,22.721404,113.841038,
23,青朴旅居公寓(深圳世界之窗店),南山区,沙河世纪广场C座14楼1402,,,,22.538750,113.972074,
23,深圳鹏程住宿,龙岗区,龙昌街8号(双龙地铁站H口步行460米),,,,22.726915,114.272463,
23,平安住宿(深圳富联新村一区店),龙华区,清龙路13号6号商铺(清湖地铁站B1口步行320米),,,,22.666430,114.036164,
23,金海湾旅馆,宝安区,福园一路高新科技园6栋三楼,,,,22.694031,113.786263,
23,依兰时尚精品酒店,龙岗区,宝龙二路5号,,,,22.688884,114.289882,
23,友佳宾馆(深圳龙华店),龙华区,"建设路185号(锦秀花园,龙华地铁站D出口)",,,,22.647563,114.023786,
23,贵宾舍优选酒店(深圳国际会展中心宝安机场店),宝安区,福永新田大道12号202,,,,22.685781,113.830752,
23,章华宾馆(深圳公明地铁站大仟里店),光明区,公明镇长春中路富豪花园B区1栋,,,,22.777834,113.893725,
23,深圳西山宾馆,宝安区,松岗街道平安路90号,,,,22.767178,113.850911,
23,如归住宿,南山区,南新路2191号3层,,,,22.529377,113.918378,
23,深圳佳鑫旅馆(平湖双拥街地铁站店),龙岗区,平湖街道守珍街205号(双拥街地铁站A口步行220米),,,,22.696943,114.134401,
23,深圳富天旅馆,龙华区,福城街道章阁社区桂月路472号宏景公寓,,,,22.745813,114.021014,
23,西部快捷宾馆(高速桥辅道),宝安区,西辅路潭头西部工业区B区54栋,,,,22.753345,113.838361,
23,深圳方圆旅馆(五和地铁站店),龙岗区,长发西路32号(五和地铁站附近),,,,22.630770,114.057434,
23,深圳创客空间青年旅舍深圳大学店,南山区,学府路软件产业基地2栋B座5楼,,,,22.524526,113.937752,
23,万发住宿,龙华区,大浪南路130号,,,,22.667351,114.019205,
23,深圳锦洋宾馆(深圳站店),罗湖区,人民南路1007房地产大厦18层,,,,22.534572,114.118449,
23,深圳华茂宾馆,盐田区,深圳沙头角深盐路2218号,,,,22.553735,114.232345,
24,珠海鑫悦公寓(唐家湾大学城店),香洲区,唐家湾镇宁堂村东26号,,,,22.356110,113.550723,
24,珠海月亮湾公寓,香洲区,宁堂村116号(北理北师大对过),,,,22.356386,113.551194,
24,娜咖公寓(珠海北理工店),香洲区,唐家湾镇宁堂村259号,,,,22.355503,113.551141,
24,珠海明珠旅店,金湾区,三灶镇民康街48号,,,,22.068753,113.387368,
24,珠海领峰公寓(金湾机场店),金湾区,三灶镇正表村升平街6号,,,,22.013636,113.377833,
24,珠海名店坊住宿,斗门区,新民路118号名店坊3层,,,,22.210212,113.296951,
24,珠海丫一公寓,香洲区,唐家湾宁堂村87号,,,,22.356776,113.550689,
24,珠海九龙商务酒店(三灶唐人街市场店),金湾区,"三灶镇机场西路23号(近嘉珠时代广场,唐人街)",,,,22.050119,113.345113,
24,Comfort·品居酒店(珠海金湾机场店),金湾区,三灶镇海澄正表村东平街一巷15号之楼,,,,22.014869,113.379363,
24,珠海有家客栈吉林大学店,金湾区,三灶镇安堂村安兴街二巷2号,,,,22.040172,113.396477,
24,珠海心悦宾馆,斗门区,斗门镇大道南126号,,,,22.228639,113.195347,
24,润鸿酒店公寓(珠海高栏港店),金湾区,南水镇兴南路26号1栋,,,,22.028113,113.239027,
24,漫悦酒店(伟创力珠海工业园店),斗门区,斗门区井岸镇西埔村大三角A1林炳权综合楼2号楼,,,,22.164007,113.271334,
24,侨联住宿(珠海斗门店),斗门区,斗门镇斗门大道北126号,,,,22.229835,113.195176,
24,蓝山假日酒店,香洲区,南屏镇屏东六路76号(近珠海大道),,,,22.220710,113.492753,
24,善水酒店(珠海金湾第五人民医院店),金湾区,南水镇南港路17号,,,,22.026726,113.234069,
24,珠海市香洲区拱北胡杨树城市旅店,香洲区,拱北莲花路277号,,,,22.224385,113.554038,
24,珠海依家公寓,斗门区,井岸镇新青三路北一巷44号,,,,22.167263,113.283425,
24,亿豪公寓(珠海斗门新青科技园店),斗门区,井岸镇新堂村商业街13号3楼,,,,22.173143,113.283606,
24,珠海友谊旅馆(香洲汽车长途站店),香洲区,紫荆路311号(香洲总站正对面),,,,22.279940,113.566209,
24,华夏酒店(珠海斗门体育馆中兴南路店),斗门区,井岸镇中兴南路308号,,,,22.201955,113.301634,
24,珠海成同酒店(三灶唐人街市场店),金湾区,三灶镇机场西路56号(列圣综合楼),,,,22.050827,113.344996,
24,珠海平安客房,斗门区,白蕉镇工业开发区沿江路499号,,,,22.252569,113.339655,
24,嘉瑞棋酒店(金湾国际机场店),金湾区,三灶镇海澄正表村东平街三巷139号,,,,22.015863,113.377570,
24,艺阁商务酒店(珠海斗门井岸大信新都汇步行街店),斗门区,井岸镇中兴中路129-137号之四,,,,22.211369,113.298032,
25,江门丽岛公寓(大鳌汽车客运站店),新会区,大鳌镇光大二路43号,,,,22.486475,113.205863,
25,江门嘉科宾馆,蓬江区,杜阮镇江杜中路11号,,,,22.602336,113.023644,
25,爱华旅店(大新路步行街店),新会区,爱民路9-13号,,,,22.520706,113.038034,
25,聚晶酒店,蓬江区,白沙大道西19号110室(近五邑中医院),,,,22.575441,113.078198,
25,鹤山大众宾馆,鹤山市,沙坪镇街道新华路1号,,,,22.765408,112.962870,
25,江门东旺酒店(江门东站店),江海区,东海路110号,,,,22.567276,113.104323,
25,金逸优品酒店(金沙广场店),恩平市,恩城桥边路5号,,,,22.178570,112.311251,
25,江门新会福达旅馆,新会区,冈州大道东75号126铺(新会牛雕岗旁),,,,22.529098,113.048146,
25,千里马旅馆(江门建设二路店),蓬江区,建设二路87号,,,,22.597494,113.077605,
25,开平华庭旅店,开平市,幕沙路61号后座(即华润万家对面),,,,22.373241,112.687074,
25,聚龙酒店(水南路),蓬江区,聚龙里3号1栋(七号衣库旁),,,,22.586861,113.094388,
25,常来旅店(江门蓬江万达广场店),蓬江区,港口二路98号,,,,22.619829,113.096906,
25,万兴商务酒店(祥龙中路店),开平市,祥龙中路祥龙一区47号,,,,22.359226,112.683956,
25,江门金源旅业,蓬江区,棠下镇富棠二路21号,,,,22.669202,113.035510,
25,江门思诚电梯公寓,蓬江区,棠下镇富强路21号,,,,22.665542,113.030955,
25,江门聚贤宾馆,蓬江区,紫坭路21号(三角塘附近聚贤苑小区大门旁边),,,,22.572473,113.086085,
25,江门新悦宾馆,蓬江区,跃进路91号(东湖影剧院斜对面),,,,22.584000,113.090392,
25,景鑫宾馆(东关路店),新会区,东关路16号,,,,22.529203,113.041705,
25,江门建东宾馆,蓬江区,建设路东仓里71号(近江门地王广场),,,,22.579259,113.084824,
25,江门鳌城公寓,新会区,大鳌镇中心一路巴厘岛KTV东15米,,,,22.483252,113.209551,
25,胜辉宾馆(江门新会象山店),新会区,城西二路102号,,,,22.517639,113.031643,
25,江门金丰旅馆,蓬江区,江边里153号,,,,22.585443,113.095567,
25,富豪酒店(文新路店),开平市,文新路1-3号,,,,22.363009,112.695470,
25,斗山华侨宾馆,台山市,斗山镇公园路1号,,,,22.060032,112.834257,
25,开平雅景宾馆,开平市,树德路1-21号,,,,22.445972,112.770451,
26,龙都商务宾馆,阳春市,春城街道车马大街1-号,,,,22.162156,111.790527,
26,华田宾馆,阳东区,东城镇迎宾大道313号,,,,21.873067,112.021078,
26,蓝星时尚酒店(阳西西湖公园店),阳西县,桥平一路81号(靠近旧车站和人民广场),,,,21.751354,111.619840,
26,阳江银湖宾馆,阳东区,工业大道135号之一,,,,21.878021,112.016455,
26,大世界宾馆,江城区,二环北路11号(狮子山市场斜对面银泰酒店旁),,,,21.857217,111.975881,
26,银涛宾馆,江城区,江台路洗脚桥银丰花园A6号,,,,21.842375,111.977146,
26,阳西阳明商务酒店,阳西县,新城十三区人民大道49号,,,,21.747085,111.614264,
26,泰民旅店,阳春市,阳兴街2号,,,,22.164063,111.792598,
26,华国酒店(阳西县人民政府西湖公园店),阳西县,城三区桥平路1号,,,,21.751851,111.619697,
26,迎丰宾馆,江城区,石湾北路297号,,,,21.880971,111.969927,
26,阳春星期六商务酒店,阳春市,南新大道27号,,,,22.164100,111.792338,
26,阳春星期天宾馆(红旗路店),阳春市,春城镇红旗路117-119号,,,,22.165283,111.779963,
26,桂林酒店,阳春市,春湾镇春光大道,,,,22.444052,111.944471,
26,达成公寓(阳西西湖店),阳西县,织篢镇西湖南路29号,,,,21.745238,111.610233,
26,阳江坤仑旅业,江城区,东风一路38号,,,,21.853771,111.969163,
26,阳春春湾观光酒店(春湾度假区店),阳春市,春湾镇观光路春江花园D单元,,,,22.451699,111.950694,
26,如家华驿酒店(阳江市漠江路市政府店),江城区,漠江路90号,,,,21.860011,111.977311,
26,阳江嘉悦大酒店(沃尔玛粤运总站店),江城区,西平北路768号,,,,21.879312,111.963580,
26,名濠饭店,江城区,东风二路1-3号,,,,21.855201,111.973228,
26,月琴湾酒店,阳西县,沙塔镇书村,,,,21.532106,111.503992,
26,枫琳大酒店,阳春市,春湾镇春湾大道7号,,,,22.445124,111.945292,
26,阳江金盾假日酒店(东汇城店),江城区,金山路8号,,,,21.877517,112.001077,
26,轻住悦享酒店(阳江东汇城中京酒店),阳东区,新昌路1号,,,,21.873391,112.003429,
26,创业宾馆(创业北路),江城区,创业路82号,,,,21.863852,111.955939,
26,阳江山海湾假日酒店,江城区,海陵岛闸坡镇海滨西路1号,,,,21.567285,111.859673,
27,高和招待所(茂名高铁站店),茂南区,高山街570号,,,,21.645568,110.905773,
27,嘉洲时尚商务酒店,电白区,新湖二路34号,,,,21.512178,110.993742,
27,畔江宾馆(沿江东路店),高州市,高州市人民医院东北2门东北60米,,,,21.925997,110.853907,
27,茂名电白区新世纪城市酒店,电白区,幸福路,,,,21.780131,111.222746,
27,好来登商务酒店,茂南区,新福三路6号大院18号,,,,21.647538,110.929569,
27,威尼斯假日酒店,电白区,水东街道海滨二路129号,,,,21.508490,111.015176,
27,OYO铭源宾馆(中心台店),电白区,人民路8号,,,,21.504195,111.005650,
27,茂名电白第二招待所,电白区,水东镇健康路2号,,,,21.510850,111.008122,
27,致家宾馆(红旗中路),茂南区,红旗中路6号,,,,21.668322,110.902498,
27,天和酒店(人民广场店),茂南区,光华南路198号,,,,21.648439,110.923491,
27,金百合快捷宾馆(信宜窦州里文化创意街玉都公园店),信宜市,金日建材商务大厦西北门旁,,,,22.361502,110.941308,
27,信宜飞扬酒店,信宜市,迎宾大道中路(绍秀体育馆正对面),,,,22.362291,110.943328,
27,九树宾馆(茂名高铁站),茂南区,茂水路西侧118号,,,,21.641749,110.907057,
27,名晟宾馆(计星路朝阳店),茂南区,计星路98号,,,,21.652824,110.912902,
27,茂名中汇丽影酒店,茂南区,人民北路37号,,,,21.668918,110.917837,
27,茂名市京华宾馆,茂南区,人民南路33号京华大厦F1层,,,,21.660550,110.918397,
27,一米阳光商务酒店(茂名高铁站店),茂南区,开发区站南路188号,,,,21.634428,110.918782,
27,茂名南湖第一宾馆(高凉西路店),高州市,高凉西路193号,,,,21.907810,110.843697,
27,高州府前南宾馆(高州市中医院店),高州市,府前北路152号,,,,21.906395,110.849566,
27,众华假日酒店(人民广场店),茂南区,光华南路208号临近人民广场,,,,21.648154,110.923313,
27,茂名华都旅业,茂南区,河西油城三路185号,,,,21.667806,110.899131,
27,富诚商务酒店(沙琅镇新城路店),电白区,沙琅镇新城路,,,,21.777173,111.232658,
27,嘉仕顿精品公寓(信宜客运站银湖路店),信宜市,银湖路17号,,,,22.338781,110.940772,
27,高州东方维纳公寓,高州市,分界镇东方路62号,,,,21.771753,110.971848,
27,星期八商务酒店(人民医院店),茂南区,双山一路南18号,,,,21.655304,110.911164,
28,湛江莨之韵宾馆,霞山区,建新西路13号(金城大厦旁边),,,,21.191065,110.399906,
28,西江月酒店,廉江市,建设西路11-12号(禾盛花园对面),,,,21.610078,110.274460,
28,嘉利家宾馆,遂溪县,北坡中兴路广场旁,,,,21.220982,109.889862,
28,二祥宾馆(湛江医科大学附属医院店),霞山区,人民大道南62号,,,,21.202294,110.404307,
28,鸿图旅馆(遂溪中金时代广场店),遂溪县,府前路67号,,,,21.370430,110.248537,
28,五月花旅馆(廉江火车站二中店),廉江市,廉江大道中134号,,,,21.610188,110.281708,
28,湛江银辉旅社(渔人码头店),霞山区,民治路50-52号2-6层,,,,21.192322,110.414350,
28,徐闻登云住宿,徐闻县,文塔路与贵生路交汇处以西280米,,,,20.327810,110.159550,
28,天福旅业酒店,麻章区,瑞云中路61号,,,,21.264775,110.330025,
28,湛江瀚轩商务酒店(渔人码头海滨船厂店),霞山区,开发区海滨大道中51号,,,,21.225281,110.416328,
28,鸿泰商务宾馆(湛江世贸店),赤坎区,南桥南路36号,,,,21.266602,110.367763,
28,中国园酒店,雷州市,西湖大道198号,,,,20.926967,110.069137,
28,湛江兴龙旅业,霞山区,民治路82号,,,,21.193343,110.413971,
28,湛江泰源宾馆,霞山区,开发区海滨大道中15号,,,,21.224928,110.416245,
28,湛江好易公寓,霞山区,绿塘路9号,,,,21.209480,110.411680,
28,聚展,徐闻县,城东大道交叉口附近(红土地饭店附近),,,,20.316622,110.189724,
28,金园宾馆(瑞云中路),麻章区,瑞云中路30号金园宾馆2楼(近汽车站),,,,21.266795,110.329752,
28,艺园宾馆(湛江赤坎步行街店),赤坎区,兴华路28号,,,,21.274438,110.358806,
28,徐闻新金叶酒店(县政府南山客运站店),徐闻县,徐海一路10号,,,,20.319700,110.175641,
28,蓝海·轻奢酒店,廉江市,廉江大道中89号,,,,21.605227,110.282422,
28,湛江香格里拉公寓,赤坎区,寸金五横路西八巷36号,,,,21.270456,110.342058,
28,湛江丽豪商务公寓,霞山区,社坛村五横巷32号,,,,21.195392,110.396788,
28,遂溪新园宾馆,遂溪县,人民路39号,,,,21.377840,110.252026,
28,荣华宾馆(横山大道店),廉江市,横山镇财政所(广汇超市对面),,,,21.476075,110.073015,
28,派酒店(湛江徐闻海安码头店),徐闻县,徐海路3号(南山车站妇幼保健院旁),,,,20.320664,110.175442,
29,怡景轻奢美宿,城区,香江大道350号,,,,22.779686,115.351916,
29,汕尾凯丽宾馆,城区,澳门街北侧西一巷兴华路顺达楼A栋,,,,22.776690,115.359819,
29,帝嘉宾馆(汕尾信利广场店),城区,汕尾大道中段华信商务大厦20-21号,,,,22.775699,115.363392,
29,易达商务酒店,陆丰市,广汕公路11号(汽车总站东行100米),,,,22.952792,115.637991,
29,新佳峰公寓(海丰县蓝天广场店),海丰县,人民西路中国建设银行海丰支行附近,,,,22.969531,115.333212,
29,新德里公寓,陆丰市,建设路南八巷2号,,,,22.949155,115.634246,
29,丰源温泉酒店,陆河县,上护镇莲塘广场,,,,23.251555,115.589567,
29,鸿乐宾馆(香城路店),城区,城内花园东南门旁,,,,22.780720,115.361883,
29,海丰吉安公寓,海丰县,鹅埠镇深汕大道鹅埠医院对面永祥健康药房2层,,,,22.829612,115.002852,
29,陆河歌荟酒店,陆河县,新兴路(朝阳路邮政银行对面直入100米),,,,23.304191,115.665352,
29,正盛酒店(汕尾城区信利城市广场店),城区,通航路金海路口宝贝幼儿园对面,,,,22.780284,115.350482,
29,海丰新丰盛公寓(粤运汽车站店),海丰县,广富路888号(花园宾馆对面、中国海关斜对面),,,,22.956724,115.313154,
29,佳佳智能酒店,陆丰市,东海镇人民路142-144号,,,,22.952069,115.636659,
29,汕尾家园酒店(二马路美食街店),城区,通航路中段(佰仕达酒店对面),,,,22.775030,115.357905,
29,海怡假日酒店,城区,城区工业大道南段西片20-24号,,,,22.786658,115.393837,
29,陆丰乔治主题酒店,陆丰市,东海镇建设路54号,,,,22.950652,115.633954,
29,汕尾景源住宿,城区,林埠村工业大道南段西片13-14号,,,,22.787493,115.393597,
29,陆丰博新酒店,陆丰市,博美镇博碣路2号,,,,22.945311,115.784682,
29,汕尾夜来香旅店,城区,和顺四区东七巷1号(市法院斜对面),,,,22.786574,115.380869,
29,汕尾鸿海旅店,城区,掇鸟街193号(夜色酒店斜对面),,,,22.766490,115.361532,
29,海丰新兴发公寓,海丰县,海城镇堂脚李二巷43号,,,,22.972079,115.336997,
29,荣富宾馆(汕尾大道),城区,汕尾大道217-218号,,,,22.775772,115.363482,
29,海丰汇悦时尚公寓,海丰县,海悦名城北门旁,,,,22.959310,115.339520,
29,雅豪公寓(深汕特别合作区店),海丰县,顺飞财富大厦北门东460米,,,,22.829794,115.002161,
29,龙廷宾馆(可塘珠宝城店),海丰县,可塘镇新兴北街,,,,22.955782,115.467032,
30,尚品公寓,饶平县,新丰镇金丰路460-470号,,,,24.055782,116.863706,
30,柏辰优选公寓(浮洋店),潮安区,浮洋镇潘吴村东池5-6号,,,,23.562647,116.605804,
30,潮州金都公寓,湘桥区,凤新街道陈桥后人家长亭路中96号(潮州西湖),,,,23.669273,116.622257,
30,金丰住宿(潮州磷溪店),湘桥区,磷溪镇塘边村安澄公路北12号,,,,23.633229,116.670923,
30,金园住宿(城新路店),湘桥区,湘桥街道城新路好又多超市护路路牌对面,,,,23.658706,116.637461,
30,橙堡酒店公寓(潮州庵埠店),潮安区,潮汕路与233省道交叉口西300米,,,,23.442597,116.676683,
30,潮州LONGJU·泷居(韩山师范学院店),湘桥区,桥东街道凤东路与意东三路交叉口中海油隔壁,,,,23.665619,116.679584,
30,云景酒店,饶平县,钱东镇紫云大道71号,,,,23.675774,116.927138,
30,潮州依家住宿(韩山师范学院店),湘桥区,东山路中段韩山师范学院南门左侧首栋第三、四层,,,,23.654083,116.667734,
30,力诚艺术酒店,饶平县,李厝附近,,,,23.671996,116.966800,
30,昌明古城公寓(瓷都陈列馆店),潮安区,新风路26号(枫溪车头广场西侧),,,,23.651525,116.612825,
30,潮州美居雅致公寓(潮汕高铁站店),潮安区,沙溪镇前陇二村镜鸿路,,,,23.535941,116.593983,
30,潮州名庭商务公寓,潮安区,沙溪镇沙溪二村宝山路中段,,,,23.519014,116.579834,
30,柏程优选公寓(潮汕高铁站店),潮安区,前陇二村境鸿路上园路段鹏顺五金楼上,,,,23.533791,116.589537,
30,朝希小住(财富中心陶瓷城店),潮安区,新风路275号朝希小住,,,,23.648958,116.606975,
30,潮州梦宾莱美居(潮汕高铁站店),潮安区,明亮家居向西北100米,,,,23.529297,116.583069,
30,饶平九天商务公寓,饶平县,黄冈镇新联狮头寨村猪哥溪南,,,,23.666725,116.990925,
30,万客临酒店公寓,湘桥区,铁铺镇坑巷村桃林仔片地块A幢综合楼第1层,,,,23.622491,116.769264,
30,橙堡酒店式公寓(潮州东凤店),潮安区,东凤镇环岛,,,,23.518255,116.689395,
30,韩江景豪公寓,潮安区,护堤路与潮汕环线高速交叉路口往南约70米,,,,23.584197,116.647229,
30,潮州泊客公寓,潮安区,枫春路260金秋小区前综合楼,,,,23.653328,116.616841,
30,亿辰欢朋影院美宿(潮汕高铁站店),潮安区,沙溪镇高厦一村中明路120号附1号,,,,23.532443,116.581421,
30,骏怡连锁(潮州广济桥店),湘桥区,桥东街道下津村意东一路,,,,23.669226,116.663542,
30,豪庭公寓(凤塘店),潮安区,凤塘镇东门村枫凤路十字路口,,,,23.620926,116.578831,
30,渔人小筑客栈(潮州古城牌坊街店),湘桥区,牌坊街270号(原太平路270号),,,,23.664407,116.650224,
31,如意住宿(二店),揭西县,霖都大道51号伟锋洋参行第三分店对面(即美宜佳超市旁边),,,,23.429406,115.840669,
31,365商务酒店(普宁二中实验学校店),普宁市,流沙环城南路,,,,23.289334,116.162473,
31,新东城酒店(普宁国际商品城普宁高铁站店),普宁市,流沙军屯路口与环城南路交叉口,,,,23.287050,116.191630,
31,江丰公寓,榕城区,渔湖中路与望江北路交叉口东南40米,,,,23.518077,116.409614,
31,揭阳中欧宾馆,惠来县,南门东路47号,,,,23.028306,116.299151,
31,优素公寓(揭阳职业技术学院店),榕城区,仙桥街道桂南村桂林下新厝路下第八排11号,,,,23.474218,116.316604,
31,揭阳同心公寓,榕城区,埔上同心路西7号商业办公楼六楼、七楼,,,,23.541733,116.371229,
31,揭阳莱特商务宾馆,榕城区,梅云街道环市西路梅奎园东南250米,,,,23.516207,116.332548,
31,揭阳普宁供销公寓(池尾上寮电商园店),普宁市,池尾镇竹园41幢104,,,,23.299484,116.134962,
31,逸尚公寓(里湖店),普宁市,里湖镇和平村安池路南侧46号,,,,23.353129,116.031985,
31,榕新住宿,榕城区,马牙大道124号,,,,23.552945,116.359450,
31,云苑酒店(惠来惠城店),惠来县,南门东路60号,,,,23.028917,116.300356,
31,铂金主题公寓(惠来滨荷湾旅游景区店),惠来县,前詹镇沟疏村双盆公路顶1号商务楼2-3层,,,,22.937175,116.378975,
31,粤东宾馆(流沙大道西),普宁市,"流沙大道西91号(公安局旁,汽车站斜对面)",,,,23.296809,116.167121,
31,哈维苏酒店式公寓(揭阳市政府店),榕城区,[],,,,23.558043,116.375515,
31,惠来盛发租房,惠来县,华湖镇华谢华东二直十七横巷第三栋商务楼2-8层,,,,23.030757,116.308060,
31,金鑫商务酒店(揭阳第二中学店),榕城区,进贤门大道108号中国建设银行隔壁,,,,23.534868,116.368157,
31,名都大酒店(建阳路),榕城区,东山二号路中段,,,,23.562054,116.365919,
31,文昌大酒店,惠来县,惠城镇城南门东路1号,,,,23.028401,116.295619,
31,新南湾佬电梯住宿,榕城区,东阳街道蓝和村茶叶市场北侧E幢19-20号,,,,23.575601,116.345769,
31,揭阳道行商务旅馆,榕城区,环市北路与黄岐山大道交叉口东南80米,,,,23.565859,116.370552,
31,金港住宿(浩泽医院店),榕城区,涵华路317号,,,,23.499129,116.491459,
31,棉湖迎宾馆附楼宾馆,揭西县,棉湖镇岭顶兴华路73号,,,,23.435151,116.141977,
31,揭阳东寨住宿,榕城区,空港经济区溪南街道东寨村天福路67号2楼,,,,23.546822,116.420066,
31,诗漫酒店(普宁国际服装城时代中心店),普宁市,环城北路867号普宁国际服装城正对面,,,,23.318351,116.160536,
32,广州顺发旅馆火车站,越秀区,矿泉街道站西路87号骏马商务大楼4层,,,,23.151245,113.253226,
32,广州吉田公馆,天河区,吉山新路街23号,,,,23.127044,113.429451,
32,广州芒果公寓(植物园地铁站龙洞步行街店),天河区,龙洞步行街翠竹五巷1号2层,,,,23.194248,113.367520,
32,老地方优选公寓(香雪地铁站店),黄埔区,萝塱路五巷2号(近香雪地铁站E出口),,,,23.174442,113.503626,
32,广州黄埔8天住宿,黄埔区,石桥新村石桥中街三巷17号,,,,23.164826,113.489375,
32,StarAsia星亚酒店(广州北站西进站口店),花都区,新街大道61-1(近布心牌坊、距广州北站地铁A出口200米),,,,23.377015,113.196722,
32,宜逸酒店(广州火车北站花城路地铁站店),花都区,新华路60号,,,,23.375367,113.214524,
32,广州金田旅业,白云区,钟落潭镇良城三路40号,,,,23.358406,113.376630,
32,耐斯顿公寓(广州南站店),番禺区,韦涌村田心大街七巷一号,,,,22.980445,113.266410,
32,熹愉酒店(广州白云国际机场店),白云区,人和村暹边街四巷2号,,,,23.345591,113.300304,
32,爱尚精品酒店(从化城建学院店),从化区,江埔街环市东路140号,,,,23.527119,113.605130,
32,美悦轻居(广州庆达广场钟落潭地铁站店),白云区,福龙路5号105号商铺,,,,23.381785,113.410379,
32,金港酒店(广州南沙进港大道店),南沙区,金洲进港路117号,,,,22.800373,113.551882,
32,雅尚电竞酒店(广州南沙大岗店),南沙区,繁荣路9号,,,,22.797367,113.400171,
32,尚都酒店(广州黄埔南岗地铁站店),黄埔区,黄埔东路3631号(南岗地铁站E口步行190米),,,,23.093518,113.539745,
32,广州胜兰家庭公寓,越秀区,站西路骏马4楼443,,,,23.151038,113.253431,
32,7天连锁酒店(广州街口镇北路店),从化区,街口镇北路26号之二,,,,23.551329,113.590654,
32,广州春田家家青年旅舍LAZY GAGA,越秀区,海珠中路215号(西门口地铁站B口步行390米),,,,23.122783,113.256777,
32,裕豪主题式公寓(广州南沙塘坑地铁站店),南沙区,环市大道西134号,,,,22.753939,113.563458,
32,广州偶寓Hotel(广州柯木塱地铁站店),天河区,背坪窑屋地西街一巷一号之3号,,,,23.192020,113.395012,
32,加州时尚驿站(机场北门店),花都区,花东镇凤祥路5号,,,,23.426239,113.316940,
32,华都精选美宿(广州白云国际机场店),花都区,花东镇商达街25号,,,,23.434326,113.321037,
32,广州怡安旅馆,荔湾区,鹤洞路203-209号3层,,,,23.072303,113.240570,
32,金陵南天门酒店(广州花都广场地铁站店),花都区,新华街道曙光大道26号,,,,23.392417,113.227034,
32,广之美酒店公寓(新塘永旺梦乐城店),增城区,创新大道与新耀南路交叉口北120米,,,,23.158131,113.623386,
33,梅州五华凯顺旅业,五华县,水寨镇奥园广场对面8502,,,,23.918318,115.760703,
33,桃源旅店,平远县,平远大道中与沿河路交叉口西北40米,,,,24.566712,115.888991,
33,梅州五华群联旅社,五华县,华城镇华城大道44号,,,,24.069062,115.625272,
33,荣华大酒店(溪峰西路店),蕉岭县,溪峰西路南234号,,,,24.651827,116.161227,
33,梅州程江招待所,梅县区,华侨城宪梓大道北中段,,,,24.288556,116.103694,
33,南都酒店(兴民中学店),兴宁市,兴南大道1号(兴民中学校门对面),,,,24.133581,115.731222,
33,泰和酒店(梅州百花洲客都汇商业广场店),梅江区,教育路9号,,,,24.293672,116.126481,
33,港湾印象酒店,兴宁市,宁江路261-271号,,,,24.146914,115.723589,
33,源江宾馆,兴宁市,宁江路29-30号,,,,24.144740,115.723147,
33,兴宁二轻公寓,兴宁市,官汕二路253号,,,,24.146328,115.721971,
33,梅州西供招待所,梅江区,梅州三路14号,,,,24.314646,116.109606,
33,梅州贵宾旅店,梅江区,梅州大道三路3号,,,,24.315156,116.111964,
33,帝景商务酒店(古洲路),梅江区,五洲城古洲路新洲路口1号楼,,,,24.318713,116.109632,
33,府前宾馆,蕉岭县,府前路R10-A栋16号,,,,24.653886,116.169901,
33,梅州程江招待所(广梅路店),梅县区,广梅北路2号广海大厦,,,,24.298097,116.105081,
33,丽星酒店,梅江区,丽都中路16-12号南星大厦,,,,24.279462,116.128998,
33,新昌酒店(嘉应大学店),梅江区,梅松路119-1号,,,,24.324935,116.122764,
33,东升旅店,大埔县,东升路和矿泉路的交叉口附近,,,,24.516507,116.682805,
33,兴宁慈恩庐乡村艺术酒店,兴宁市,新陂镇上长岭村,,,,24.165942,115.678116,
33,新华伟大酒店(华一东路),五华县,华一东路1号,,,,23.931281,115.774624,
33,梅州东风商务酒店(嘉应古城店),梅江区,东门塘路11号,,,,24.309869,116.119885,
33,丰顺东海温泉宾馆,丰顺县,金河大道19号东海温泉宾馆,,,,23.733493,116.189325,
33,南阳宾馆,梅江区,东山大道122号,,,,24.319415,116.123667,
33,东珠宾馆(东桥总店),梅江区,彬芳大道10号,,,,24.298817,116.129944,
33,金鸿大酒店(梅江店),梅江区,梅松路27号公路大厦F1层,,,,24.317513,116.120443,
34,清远仁和精品公寓(银盏森林露天温泉店),清城区,银盏中心村银丰街33号,,,,23.557655,113.126772,
34,清远好运宾馆,清城区,源潭镇秀溪村委担水隆E栋二层,,,,23.647459,113.214592,
34,金隆旅店(清远市佛冈店),佛冈县,石角镇环城中路418号,,,,23.870216,113.534842,
34,清远南苑旅馆,清城区,小市南埗路23号三、四层,,,,23.693526,113.037432,
34,清远回忆城宾馆,清新区,太和镇清新大道30号之三E梯202号,,,,23.726432,113.001212,
34,聚龙宾馆(沿江二路),清城区,源谭镇沿江二路18号,,,,23.665227,113.199615,
34,新天地宾馆,佛冈县,汤塘镇汤塘镇三十米大街(近汤塘客运站),,,,23.742069,113.474782,
34,连山光辉商务酒店,连山壮族瑶族自治县,鹿鸣东路22号,,,,24.569723,112.101570,
34,富华酒店,连州市,连州大道西13号,,,,24.779475,112.366378,
34,连州银河宾馆,连州市,北山路117号,,,,24.787887,112.376317,
34,万豪旅馆(兴业中路店),连州市,兴业中路50号,,,,24.786675,112.376275,
34,胜利宾馆(清远古龙峡美林广场店),清新区,玄真路69号,,,,23.743646,113.017502,
34,桥滨旅馆(清远城市广场中医院店),清城区,桥北路牛皇庙2栋(桥北立交公交车站旁)清远市中医院对面,,,,23.709458,113.038752,
34,金福宾馆(桥西路),英德市,桥西路57号,,,,24.176839,113.415670,
34,行发旅店(清远第二中学店),清城区,旧站松岗路7号(松岗客运站旁),,,,23.713018,113.028150,
34,清远湘和旅店,清城区,凤鸣路新城东三号区39幢西5号,,,,23.686534,113.043497,
34,连山宾馆(连山民族博物馆店),连山壮族瑶族自治县,吉田镇金山路一号,,,,24.569120,112.082643,
34,民族宾馆(金山路),连山壮族瑶族自治县,金山路金山广场旁,,,,24.567074,112.081278,
34,鸿馨宾馆(清远市人民医院体育馆店),清城区,振兴路9号晟和汇江花园84,,,,23.668882,113.053319,
34,山庄酒店,连州市,大路边镇策玉路13号(清连高速大路边出口正对面),,,,25.037333,112.625465,
34,桥头酒店,英德市,九龙镇苏坑桥头,,,,24.133298,112.911870,
34,诚东酒店(清远美林广场店),清新区,太和镇侨苑街3号清晖豪苑E幢,,,,23.730134,113.020095,
34,清远逸家·精品主题公寓,清城区,平安西街37号(近温泉度假村),,,,23.552828,113.133251,
34,清远市清城区银雅宾馆,清城区,泰基工业城生活配套区49-50号一层,,,,23.557293,113.130043,
34,西湖宾馆(城市广场先锋西路店),清城区,下廓先锋西路1号(城区少年宫对面),,,,23.705808,113.026531,
35,新丰凯悦旅馆,新丰县,105国道交警对面,,,,24.057047,114.215652,
35,温馨旅馆,武江区,沐溪大道旭日玩具厂大门正对面,,,,24.787644,113.533075,
35,翁源官渡汇泉商务酒店,翁源县,商业中心区红绿灯往前100米,,,,24.276590,113.880391,
35,韶关韶玲商务宾馆,曲江区,马坝大道中56号BP油站对面,,,,24.692957,113.604646,
35,临福酒店(韶关浈江区十里亭店),浈江区,十里亭路20-4号,,,,24.829461,113.562091,
35,7天连锁酒店(韶关风采楼步行街店),浈江区,东堤中路40号(电信综合楼二至十一层),,,,24.808037,113.599217,
35,翁源富利精品酒店(龙仙公园店),翁源县,朝阳路218号,,,,24.350207,114.138802,
35,乐昌嘉禾宾馆(乐昌站店),乐昌市,昌山中路162号,,,,25.132402,113.352470,
35,翁源龙鹏大酒店,翁源县,幸福路2号(汽车站对面),,,,24.354946,114.131731,
35,铂金精选酒店(韶关风度路步行街店),浈江区,广东省韶关市浈江区解放路73号教育大厦前台及4-7楼,,,,24.801815,113.595691,
35,君豪商务酒店,浈江区,五里亭耕进市场E栋8号,,,,24.825545,113.597570,
35,迎宾民宿(始兴店),始兴县,城解放东路14号怡师楼(原老电影院),,,,24.945270,114.071448,
35,悦阳宾馆(惠民南路店),武江区,惠民南路151号(粤北医院旁),,,,24.791201,113.588310,
35,阳光假日酒店(西堤南路),浈江区,园前西路48号,,,,24.801269,113.595253,
35,韶关红楼精品酒店,曲江区,狮岩二路17-26号,,,,24.671633,113.602828,
35,韶关舒雅旅业,浈江区,南郊二公里金鹏服装批发市场斜对面,,,,24.779910,113.593525,
35,丹霞山德龙宾馆,仁化县,丹霞大道,,,,25.043099,113.764337,
35,韶关福然宾馆,曲江区,马坝大道爱伦综合楼,,,,24.681856,113.612419,
35,好运来大酒店,翁源县,翁城消防救援站东南方向约250米,,,,24.387140,113.824434,
35,7天酒店(韶关客运站店),武江区,惠民南路2号,,,,24.799381,113.590320,
35,丹霞山3号公馆,仁化县,丹霞大道青湖塘新村A3栋,,,,25.045482,113.762978,
35,乳源风味酒楼,乳源瑶族自治县,大布镇大布街1号,,,,24.538505,113.143288,
35,湖心宾馆,武江区,西河工业东路17号(近西河汽车站),,,,24.800019,113.586938,
35,鑫苑假日宾馆,始兴县,永安大道城北大厦,,,,24.952446,114.066521,
35,名仕商务酒店(韶关店),浈江区,韶南大道124号,,,,24.759199,113.586283,
36,河源新天地酒店,源城区,河源大道南138号,,,,23.730649,114.691788,
36,河源华庭商务宾馆,龙川县,建设大道东龙川县司法局对面,,,,24.102935,115.243858,
36,河源悦皇星主题公寓,源城区,旺福路7号,,,,23.743577,114.706312,
36,紫金御龙湾公寓,紫金县,龙窝镇灯光路8号,,,,23.475657,115.293209,
36,建新大酒店(红星西路店),源城区,红星路1号,,,,23.752116,114.688168,
36,泰源酒店,紫金县,好义镇老圩坳120省道(紫金农业商业银行斜对面),,,,23.352581,114.779728,
36,凯悦大酒店(河源市火车站店),源城区,河源大道北199号,,,,23.758926,114.687979,
36,河源红星酒店(火车站店),源城区,红星西路38号8层,,,,23.751689,114.689883,
36,君悦酒店(龙川火车站店),龙川县,火车站站前,,,,24.110513,115.239011,
36,和平龙湖大酒店,和平县,福和大道东,,,,24.450351,114.949027,
36,宝盛宾馆(长安街店),源城区,长安街175号,,,,23.754836,114.698508,
36,河源华惠宾馆,源城区,长安路265号,,,,23.754869,114.702640,
36,和平东南酒店,和平县,阳明镇新城区福和大道与滨江西路交汇处北300米,,,,24.452960,114.938622,
36,锦源酒店(河源亚洲第一高喷泉店),源城区,大桥路,,,,23.736915,114.691738,
36,河源东华宾馆(河源万隆城店),源城区,东埔街道东华路73号奥太乐厨卫电器后面,,,,23.755537,114.703286,
36,河源宏浩商务酒店,源城区,河源大道南29号,,,,23.728806,114.694113,
36,龙川一方宾馆,龙川县,东风西路龙川华侨大厦4层,,,,24.097162,115.260141,
36,河源市东江明珠酒店,源城区,市源城区东埔街道旺源路20号西南,,,,23.744777,114.706611,
36,幸福里公寓(新圆路店),紫金县,陶岗小区北门旁,,,,23.628031,115.187786,
36,鸿福商务酒店(河源站万隆城购物中心店),源城区,新风路321号(新风路与永福路交汇),,,,23.760341,114.699296,
36,明记公寓,源城区,站前路D栋,,,,23.755812,114.683225,
36,新天地温泉酒店,和平县,贝墩镇贝墩强新村居委会旁边,,,,24.451361,115.206120,
36,莱茵酒店(河源火车站店),源城区,河源大道北田家炳中学路口,,,,23.761103,114.688484,
36,滨江金利大酒店,源城区,江宝路68号,,,,23.735829,114.687640,
36,河源得嘉大酒店,源城区,红星西路3号,,,,23.752193,114.688835,
37,名城宾馆(罗定汽车站店),罗定市,泷洲南路99路,,,,22.763195,111.579296,
37,富荣华宾馆(云浮人民广场店),云城区,河滨西路13号,,,,22.917600,112.042314,
37,荣富优选酒店(云浮市政府店),云城区,河滨东路431号,,,,22.921322,112.045719,
37,富临酒店(云浮益华国际广场汽车站店),云城区,裕华西路,,,,22.932583,112.049525,
37,罗定皇朝宾馆,罗定市,金碧豪庭东门旁,,,,22.755129,111.578949,
37,麗都酒店,云城区,河滨东路402号,,,,22.923484,112.047411,
37,宝华宾馆(吾悦广场店),云城区,富华路99号,,,,22.917986,112.038263,
37,锦绣宾馆(锦秀路),云城区,南山路142号,,,,22.922229,112.040421,
37,盈丰宾馆,云城区,豪贤一路2号,,,,22.923756,112.039127,
37,云浮上游旅社,云城区,建设南路7号,,,,22.931843,112.048822,
37,罗定松源宾馆,罗定市,罗镜镇育贤路16号,,,,22.541050,111.434898,
37,嘉华宾馆(城南路),云城区,城南路步行街与锦秀路交汇处中国银行旁,,,,22.923049,112.043452,
37,今生缘商务宾馆,云城区,河口街道府前路28号,,,,22.955025,112.119539,
37,郁南连滩宾馆,郁南县,连滩镇连滩大道67号,,,,22.933312,111.726593,
37,华盛达酒店,云城区,育华路156号,,,,22.919367,112.037172,
37,雅居怡宾馆,新兴县,新城镇大园路55号(文化广场附近),,,,22.703502,112.231663,
37,云浮新兴现代酒店,新兴县,建安路环岛侧,,,,22.563357,112.018768,
37,云浮银辉旅店,云城区,振华路16号,,,,22.932480,112.051828,
37,新兴华泰时尚宾馆,新兴县,新城镇大园路与广兴大道中交叉口西南角,,,,22.704647,112.231968,
37,丽景宾馆(育华路),云城区,南山路83号,,,,22.919881,112.040064,
37,云浮欧亚商务酒店(市政府店),云城区,富华路122号,,,,22.918116,112.037519,
37,永恒特色大酒店,云城区,育华路华石2巷3号,,,,22.920161,112.039372,
37,威盛大酒店,云城区,河滨东路练屋村练屋山123号,,,,22.937726,112.060223,
37,新永光大酒店,郁南县,中山路2号(近好来福商场),,,,23.236127,111.536841,
37,银星酒店(江滨中路店),郁南县,都城镇江滨中路178号,,,,23.231395,111.534186,
38,爱回家优选公寓,东莞市,厚街镇宝屯社区康乐北路6号厚街万达广场5号楼1618室,,,,22.944334,113.675708,
38,东莞港安住宿,东莞市,元江元村常马路商住中心10号,,,,22.980257,114.033103,
38,迎宾住宿(香芒东路店),东莞市,香芒东路86号,,,,22.839734,114.165579,
38,常平公馆(常平店),东莞市,振兴一街45号,,,,22.970986,113.993371,
38,东莞粤兴商务宾馆(东莞站店),东莞市,红棉路169号,,,,23.108752,113.845721,
38,东莞时尚住宿(中堂店),东莞市,中麻路38号,,,,23.090752,113.650594,
38,东莞金祥住宿(东莞站店),东莞市,石龙镇西湖路二巷2楼,,,,23.098256,113.859735,
38,东莞景成商务宾馆(万江人民医院店),东莞市,万江街道共联商业街3号,,,,23.032400,113.706674,
38,东莞锦隆公寓,东莞市,大岭山镇大岭山教育路170号,,,,22.904992,113.855561,
38,尚优公寓(大朗里悦里店),东莞市,长盛南路288号,,,,22.939276,113.926806,
38,东莞金雅利商务公寓,东莞市,大岭山镇教育路182号东升网吧旁,,,,22.905027,113.856089,
38,桥鸿客房,东莞市,莲城宏达步行街12号206号,,,,23.016690,114.095497,
38,东莞东城东川商务旅馆,东莞市,东城街道东莞市东城区梨川社区红川路8号,,,,23.054023,113.754303,
38,东莞美梦公寓,东莞市,桥头镇广场街31号,,,,23.023533,114.085348,
38,向荣住宿,东莞市,工业路4号,,,,22.765122,114.103648,
38,金圆商务公寓,东莞市,文华路123号,,,,23.059892,113.766573,
38,金马商务公馆,东莞市,长富中路327号,,,,22.941321,113.926781,
38,三江公寓,东莞市,三江工业区路附近,,,,23.041754,113.957456,
38,东莞富丽雅住宿,东莞市,大朗镇银富路3号,,,,22.932091,113.960024,
38,君悦住宿(香园东路店),东莞市,香园东路86号,,,,23.006060,113.835447,
38,祥怡商务住宿(石龙汇星商业中心店),东莞市,青林路彩虹湾139号,,,,23.109643,113.882735,
38,时尚公寓(长安店),东莞市,长安镇东大路16号,,,,22.795046,113.776313,
38,明丰青年公寓(道滘店),东莞市,道滘镇小河村小河路158号,,,,23.021065,113.666361,
38,德联客房,东莞市,黄江镇北岸90号,,,,22.889303,114.000610,
38,碧泉商务酒店,东莞市,厚街大道西36号,,,,22.942462,113.665061,
39,顺客公寓(灯都古镇店),中山市,古镇曹三工业大道中路29号,,,,22.618715,113.206650,
39,中山小枫酒店(小榄大信新都汇店),中山市,小榄镇升平东路34号,,,,22.673615,113.254599,
39,中山小港湾公寓,中山市,石岐区街道太平路接熊里巷14号,,,,22.522271,113.372002,
39,汇泉酒店,中山市,起湾道3号,,,,22.517290,113.399544,
39,中山新时代公寓,中山市,民新路北35号,,,,22.577875,113.379952,
39,铂斯曼宾馆(中山黄圃店),中山市,鸿发中路2号,,,,22.706772,113.336224,
39,中山供销社宾馆,中山市,火炬开发区张家边大庙街227号,,,,22.546075,113.462902,
39,兴隆住宿(中山曹三店),中山市,古镇曹三工业大道北与观音大街交叉口89号兴隆住宿,,,,22.624772,113.206750,
39,中山小榄园丰旅馆,中山市,小榄镇大道北37号,,,,22.671063,113.260805,
39,OYO百合住宿(中山小榄店),中山市,升平西路40号之2-6楼,,,,22.666199,113.242991,
39,中山烨丽宾馆(中山沙朗彩虹大道店),中山市,西区街道彩虹大道92号,,,,22.556442,113.341925,
39,中山源兴旅店,中山市,三角镇福源北路52号,,,,22.676650,113.419133,
39,中山世昌酒店(古镇车站南路店),中山市,古镇车站后车站南路7-2号,,,,22.627215,113.187067,
39,中山浩明宾馆,中山市,西区街道烟洲新村莲苑巷4号,,,,22.523283,113.357472,
39,马新宾馆,中山市,黄圃兴马路西街1号,,,,22.687103,113.363399,
39,鑫都酒店公寓(中山坦洲壹加壹店),中山市,坦洲镇金斗大街121号市,,,,22.260755,113.471915,
39,中山恒安商务酒店(孙中山故居南朗站店),中山市,岭南路80号,,,,22.489280,113.532542,
39,望高酒店,中山市,东升镇同兴东路路口,,,,22.628850,113.288209,
39,中山九升宾馆,中山市,"小榄镇小榄大道北20号之一,之二",,,,22.670144,113.260742,
39,中山濠悦主题酒店(天奕国际广场店),中山市,火炬开发区濠头村濠头大道59号2至4层,,,,22.524988,113.424739,
39,星豪酒店(中山小榄店),中山市,东区祥丰北路23号(近小榄人民医院、小榄中学),,,,22.656788,113.239345,
39,福豪宾馆(城轨南头站店),中山市,东福北路1号,,,,22.713385,113.318969,
39,华侨商务公寓,中山市,小榄镇盛丰社区安悦北路18号,,,,22.608685,113.249212,
39,莱悦酒店(孙中山故居南朗高铁站店),中山市,南朗街道岭南路68号二层,,,,22.489472,113.531875,
39,中山海岸假日公寓,中山市,大涌镇华泰路281静康妇科诊所旁启发电竞入口,,,,22.471398,113.285828,
40,鸿兴宾馆(巴彦乌素街),海南区,五路车站对面,,,,39.440374,106.881008,
40,乌海海荣宾馆,海勃湾区,新华西街6号,,,,39.669922,106.818446,
40,金桥宾馆(乌海万达广场店),海勃湾区,新华西街29号近火车站,,,,39.669266,106.811864,
40,乌海宾源大酒店,乌达区,解放南路3号,,,,39.497148,106.718704,
40,乌海明珠宾馆,海勃湾区,新华西街道新华西街1号明珠宾馆二楼,,,,39.669208,106.819067,
40,乌海喜来佳宾馆,海勃湾区,新华西街64号(火车站对面),,,,39.670089,106.808169,
40,亿豪酒店(人民路店),海勃湾区,人民北路139号,,,,39.688110,106.819992,
40,乌海太阳神酒店,海南区,海南广场北侧,,,,39.438099,106.882633,
40,乌海华丰宾馆,乌达区,巴音赛东街银泰商城对面,,,,39.498549,106.721056,
40,乌海百艺宾馆(乌海万达广场店),海勃湾区,新华西街23号,,,,39.669190,106.813462,
40,狮城酒店,海勃湾区,新华大街21-2号,,,,39.669868,106.816709,
40,紫瑞商务酒店,乌达区,巴音赛街11号,,,,39.496973,106.715052,
40,乌海宏中元商务宾馆,海勃湾区,新华西街59号,,,,39.670060,106.810353,
40,新风荷湾宾馆,海南区,拉僧仲西街53-3号德顺佳苑南门21号商铺,,,,39.434862,106.872385,
40,鸿亿商务酒店,海勃湾区,滨河区南立交桥北100米通顺加油站旁,,,,39.656739,106.802357,
40,海勃湾区鸿泰宾馆,海勃湾区,车站南路12号(火车站出站口向南巷内100米即到),,,,39.668706,106.805946,
40,乌海宾馆(新华大街),海勃湾区,新华东街2号,,,,39.669000,106.820811,
40,澜和酒店(乌海工会店),海勃湾区,人民北路市总工会对面,,,,39.674619,106.819648,
40,乌海金鹏快捷宾馆,海勃湾区,步行街南门,,,,39.666882,106.818617,
40,德亿酒店(海南广场店),海南区,德顺家苑西南门旁,,,,39.434883,106.872290,
40,宏源招待所(建设路),海勃湾区,海北西街56-1号,,,,39.689443,106.813017,
40,贵公府大酒店,海南区,拉僧仲街与金融路交叉口东北80米,,,,39.435603,106.887279,
40,乌海景瑞宾馆,海勃湾区,"车站南路长途汽车站公寓综合楼,汽车站西",,,,39.668949,106.806241,
40,乌海世纪明珠商务宾馆,海南区,明达花园商铺1号楼,,,,39.437969,106.884467,
40,世纪明珠,海南区,西卓子山街明达商业街1号楼,,,,39.437968,106.884638,
41,古郡大酒店,五原县,党政办公大楼西侧,,,,41.087934,108.265120,
41,杭后宾馆,杭锦后旗,迎宾街国税局西100米,,,,40.877661,107.156655,
41,巴运宾馆(五原县汽车站店),五原县,汽车南站院内,,,,41.086654,108.277670,
41,五原盛世商务宾馆,五原县,隆兴昌镇盛世佳苑A1-1006号,,,,41.093886,108.283549,
41,金泰宾馆(红旗大街店),乌拉特前旗,红旗大街南,,,,40.718989,108.648788,
41,金鼎国际酒店,杭锦后旗,陕坝镇将军路与亚细亚街交汇处,,,,40.883917,107.149077,
41,如家派柏·云酒店(巴彦淖尔站摩尔城店),临河区,向阳路与育红街交叉口北,,,,40.751545,107.426364,
41,振宇酒店,临河区,胜利南路98号,,,,40.754901,107.420748,
41,三满意优选宾馆,乌拉特后旗,固察线后旗环宇物流货运配送中心,,,,41.098273,107.072668,
41,云天大酒店,乌拉特中旗,迎宾路5号,,,,41.566025,108.524675,
41,东方宾馆(东风街),磴口县,东风桥西南50米,,,,40.329387,107.014918,
41,升华宾馆(解放街店),临河区,解放街联通大厦对面,,,,40.766661,107.406665,
41,巴彦淖尔饭店,临河区,迎宾街,,,,40.744969,107.385937,
41,巴彦淖尔吉人红宾馆,临河区,胜利北路邮政大厦内,,,,40.772313,107.412158,
41,乌拉特前旗乌拉山亚威国际酒店,乌拉特前旗,东风大街与政法路交汇处向东50米路北,,,,40.723999,108.647261,
41,五原城品酒店(五原瑞京摩尔城店),五原县,隆兴昌镇隆兴昌西街原旧政府大楼,,,,41.100321,108.269854,
41,五原容苑宾馆(五原摩尔城店),五原县,[],,,,41.099205,108.274138,
41,首嘟宾馆,杭锦后旗,S312南200米首都花园东墙B2号楼,,,,40.876423,107.165906,
41,巴运宾馆(杭锦后旗汽车站店),杭锦后旗,[],,,,40.883751,107.144171,
41,巴彦淖尔舒苑商务时尚宾馆,临河区,胜利南路74号,,,,40.752101,107.422753,
41,锦悦商务酒店(巴彦淖尔高铁站店),临河区,五一街绿都新村对面,,,,40.744190,107.404450,
41,杭锦后旗纳美智慧酒店,杭锦后旗,统建街佳禾尚苑二期底商,,,,40.882049,107.153305,
41,巴彦淖尔春和网络宾馆,临河区,临五路新汽车站对面,,,,40.784386,107.437276,
41,乌拉特前旗诚和宾馆,乌拉特前旗,乌拉山镇乌拉特前旗第六小学斜对面30米处,,,,40.727472,108.663270,
41,元丰宾馆,乌拉特中旗,海流图大街包商银行隔壁,,,,41.567386,108.523902,
42,铁路宾馆(萨拉齐火车站店),土默特右旗,萨拉齐火车站边出站口30米,,,,40.564326,110.530824,
42,顺安快捷酒店,昆都仑区,友谊大街南桥停车场公交站旁,,,,40.648418,109.782900,
42,包头草原宾馆,青山区,草原道130号,,,,40.664998,109.884475,
42,吉浩酒店(包头固阳店),固阳县,铭泰雅居南门西120米,,,,41.022893,110.060231,
42,家悦馨旅馆(生态馨苑店),东河区,生态馨苑小区49号,,,,40.562320,110.149388,
42,惠友大酒店(蒙中医院巷),东河区,工业北路155号,,,,40.586743,110.036295,
42,鼎盛云天大酒店,昆都仑区,阿尔丁北大街与莫尼路交汇处北250米路西,,,,40.676666,109.840807,
42,家馨商务宾馆(荣泰广场店),固阳县,云逸酒店西门北60米,,,,41.021290,110.063847,
42,包头归巢悦宾馆,昆都仑区,民族西路(南段)与海德路交叉口西南40米,,,,40.614222,109.830242,
42,包头舒馨旅馆,青山区,富强路7号街坊富达花园内7号,,,,40.669925,109.865963,
42,富华宾馆(包头火车站店),昆都仑区,包头火车站东100米路南,,,,40.606691,109.840839,
42,包头苹果缘快捷酒店,东河区,园丁小区西北门旁,,,,40.582821,110.019636,
42,包头博成宾馆,东河区,站北西路博成文化市场3楼,,,,40.573215,110.023687,
42,福源快捷宾馆(包头火车站店),昆都仑区,站前路34号(火车站广场东侧),,,,40.606409,109.838214,
42,一号公馆大酒店,九原区,民族东路65号,,,,40.640879,109.846434,
42,天德商务酒店(青山店),青山区,呼得木林大街11号,,,,40.665595,109.888867,
42,包头九郡宾馆(九原万达横竖街店),九原区,九原步行街,,,,40.600652,109.966009,
42,百胜商务快捷酒店(包头通顺街店),东河区,新中西路1号,,,,40.589011,110.025701,
42,轻住·玉庭优选酒店(包百八一公园店),昆都仑区,钢铁大街47号,,,,40.658175,109.823345,
42,土默特右旗土右宾馆,土默特右旗,振华大街北2号,,,,40.569455,110.525471,
42,锦华宾馆(影院街店),土默特右旗,影院街与大北街交叉口,,,,40.559224,110.517702,
42,滨港快捷酒店,东河区,工业路74附近,,,,40.584769,110.036962,
42,长城快捷宾馆,昆都仑区,白云路宏昌学校南100米,,,,40.615894,109.808594,
42,包头红玫瑰公寓,青山区,兆祥巷与民族东路交叉口东100米,,,,40.648696,109.850068,
42,云杉宾馆(包头科技大学店),昆都仑区,海德路43号,,,,40.614357,109.829791,
43,华夏商务宾馆,鄂伦春自治旗,朝阳街17号,,,,50.584927,123.730276,
43,怡园宾馆(布特哈北路店),扎兰屯市,布特哈北路96号自来水公司旁,,,,48.008847,122.745663,
43,呼伦贝尔胪望河快捷宾馆(成吉思汗广场店),海拉尔区,胜利大街民族饮食文化城46号,,,,49.210957,119.770843,
43,牙克石市九进快捷宾馆,牙克石市,林城北路63号(中央街八道街街口),,,,49.289725,120.737218,
43,龙欣旅店,海拉尔区,扎兰屯路88号,,,,49.227025,119.767425,
43,金海商务宾馆(车站路),海拉尔区,车站路1号,,,,49.224141,119.744454,
43,御家商务宾馆,鄂伦春自治旗,阿里河镇中央街75号,,,,50.585647,123.729170,
43,呼伦贝尔碧水宾馆,海拉尔区,中央南路90-1号,,,,49.208762,119.747474,
43,呼伦贝尔宝隆假日酒店,海拉尔区,胜利大街18号,,,,49.211107,119.768888,
43,呼伦贝尔龙腾宾馆(海拉尔机场成吉思汗广场店),海拉尔区,龙凤家园机场路19号,,,,49.208970,119.784007,
43,友谊宾馆(得耳布尔街),根河市,得耳布尔街40号福利彩票站北面,,,,50.778674,121.523889,
43,呼伦贝尔兴安家居宾馆,海拉尔区,越桔西路广厦兴安花园千号楼2号门市,,,,49.216623,119.739948,
43,金海之家旅馆,满洲里市,站前小区35号楼3单元,,,,49.583742,117.447867,
43,呼伦贝尔东航宾馆(成吉思汗广场海拉尔机场店),海拉尔区,龙凤家园南门旁,,,,49.208970,119.783715,
43,额尔古纳草原之星宾馆,额尔古纳市,拉布大林金鹊街明珠小区3号楼24号门市,,,,50.247074,120.180306,
43,呼伦贝尔豪达宾馆,海拉尔区,义龙园小区4号楼1单元3层,,,,49.206767,119.746125,
43,七夕主题宾馆,阿荣旗,福利路75号,,,,48.118267,123.458911,
43,如家华驿精选酒店(向阳街店),扎兰屯市,庆和小区二期东南1门东60米,,,,48.003034,122.742526,
43,扎兰屯路新缘快捷宾馆,扎兰屯市,站前北路1号,,,,48.017686,122.742722,
43,胜元宾馆(阿荣旗店),阿荣旗,那吉镇阿伦大街畅春家园2号楼24号门市,,,,48.118731,123.459860,
43,金百灵大酒店,扎兰屯市,布特哈路76号,,,,48.013026,122.742284,
43,阿荣旗假日宾馆,阿荣旗,西二道街与正阳路交叉口北80米,,,,48.126292,123.470142,
43,呼伦贝尔鑫林河旅店,海拉尔区,鑫林河旅店,,,,49.211273,119.742351,
43,呼伦贝尔好信誉宾馆(成吉思汗广场店),海拉尔区,屾山小区5号楼,,,,49.197820,119.775332,
43,扎兰屯市鑫百鸿快捷宾馆,扎兰屯市,布特哈北路70号,,,,48.013834,122.742718,
44,旭东时尚宾馆,乌兰浩特市,乌兰西街老宝恒一楼西1号门,,,,46.072624,122.068088,
44,阳光宾馆(火车站店),乌兰浩特市,德克士乌宝餐厅附近,,,,46.073400,122.068916,
44,乌兰浩特乌钢酒店(乌兰浩特站店),乌兰浩特市,新桥西街29号,,,,46.061306,122.061981,
44,乌兰浩特劳动大厦宾馆,乌兰浩特市,兴安街道查干东街7-1号劳动大厦,,,,46.079899,122.064296,
44,阿尔山金辉大酒店,阿尔山市,安康小区西南门西南110米,,,,47.293510,119.858843,
44,星宿宾馆,阿尔山市,温泉市场内,,,,47.170586,119.946798,
44,欧尚风情宾馆,乌兰浩特市,乌兰东街财富时代广场东欧洲风情门市,,,,46.077025,122.087376,
44,乌兰浩特兴安宾馆,乌兰浩特市,北大路78-2号,,,,46.086859,122.061994,
44,君邸大酒店,突泉县,利民街与向阳路交汇处,,,,45.379368,121.571934,
44,阿尔山百姓旅店,阿尔山市,林海街道伊尔施镇二中家属楼,,,,47.297745,119.871699,
44,乌兰浩特金帝大酒店,乌兰浩特市,兴安办事处兴安一小,,,,46.074304,122.068625,
44,乌兰浩特芒果宾馆,乌兰浩特市,市医院道东温州商贸城3层,,,,46.074426,122.077220,
44,阿尔山双龙宾馆,阿尔山市,啊尔山市伊尔施镇新城街火车站道口,,,,47.291454,119.847335,
44,乌兰浩特家晨休闲宾馆,乌兰浩特市,电业路天誉花园门市,,,,46.074881,122.061775,
44,阿尔山九居休闲宾馆,阿尔山市,新城街泉城美景2号楼号门市,,,,47.293954,119.854029,
44,怡适家时尚宾馆,乌兰浩特市,都林街,,,,46.071614,122.051301,
44,嘉禾宾馆,科尔沁右翼前旗,慷兴乐园北门2号楼4-5门市移动公司道南,,,,46.074853,121.958522,
44,扎赉特旗纳溪快捷宾馆,扎赉特旗,音德尔镇光明小区第6号门市,,,,46.717338,122.905952,
44,乌兰浩特通用宾馆,乌兰浩特市,爱国南大路26号,,,,46.070321,122.086358,
44,突泉四季宾馆,突泉县,育文街实验小学路南,,,,45.383479,121.568052,
44,乌兰浩特怡尚快捷宾馆,乌兰浩特市,盟医院路南朝西门市,,,,46.074364,122.084839,
44,阿尔山美谷美家宾馆,阿尔山市,温泉街北加油站对面,,,,47.186059,119.942995,
44,扎赉特旗柏拉图印象宾馆(四中店),扎赉特旗,音德尔镇苏兴骏景小区1号楼1单元,,,,46.718839,122.888255,
44,突泉福全宾馆,突泉县,福泉广场西北角,,,,45.392221,121.571070,
44,阿尔山驰跃度假酒店,阿尔山市,温泉街阿尔山村综合楼,,,,47.174600,119.942937,
45,苏尼特宾馆(赛汉大街),苏尼特右旗,赛汉大街,,,,42.746580,112.658371,
45,桃源宾馆,锡林浩特市,额办杭盖路217号,,,,43.939774,116.099939,
45,二连浩特康霸宾馆,二连浩特市,锡林街1号,,,,43.653617,111.986843,
45,苏尼特右旗绿洲商务酒店,苏尼特右旗,赛汉塔拉镇赛汉大街26号,,,,42.746568,112.655841,
45,二连浩特富凯商务酒店,二连浩特市,达尔罕西街88号,,,,43.633300,111.996222,
45,二连浩特莫丽国际酒店,二连浩特市,诚信路温州国际商贸城西门,,,,43.643846,111.981403,
45,正镶白旗金鑫宾馆,正镶白旗,陶林南路与308省道交口处鑫潮洗浴中心斜对面,,,,42.293713,115.020831,
45,太仆寺旗太和宾馆,太仆寺旗,国防路,,,,41.890076,115.285421,
45,太仆寺旗金鼎宾馆,太仆寺旗,汽车站南100米,,,,41.884627,115.284670,
45,好旺角商务酒店,正蓝旗,上都镇上都大街,,,,42.245564,115.990573,
45,多伦安泰宾馆,多伦县,医院北巷与医院西巷交叉口西北50米,,,,42.199216,116.472763,
45,丽影轻雅酒店(阿巴嘎旗店),阿巴嘎旗,别力古台南路1号(政务中心对面),,,,44.021159,114.970215,
45,东乌旗天骄宾馆,东乌珠穆沁旗,乌珠穆沁大路(建设局西100米),,,,45.509357,116.980215,
45,鑫嘉源商务宾馆,阿巴嘎旗,别力古台镇巴彦查干西街169号,,,,44.017860,114.961767,
45,锡林浩特和悦宾馆,锡林浩特市,北一环36号爱笑镶牙对面,,,,43.960486,116.074120,
45,太仆寺旗鑫水来宾馆,太仆寺旗,宝龙小区门口,,,,41.878403,115.284299,
45,苏尼特右旗如意宾馆,苏尼特右旗,宝力嘎街,,,,42.735903,112.654384,
45,正镶白旗聚鑫宾馆,正镶白旗,明安图镇阿拉腾嘎达苏南路火车站西,,,,42.281997,115.037245,
45,东乌旗长春宾馆,东乌珠穆沁旗,乌珠穆沁大街南路西,,,,45.509521,116.978824,
45,锡林浩特舒悦快捷宾馆(锡林湖店),锡林浩特市,滨河小区东门东100米,,,,43.932506,116.069036,
45,二连浩特白云酒店,二连浩特市,迎宾路0424号如意国际大厦,,,,43.654042,111.987826,
45,锡林浩特红山大酒店,锡林浩特市,锡林大街三组28号,,,,43.944604,116.075306,
45,金风宾馆(府前街),多伦县,上都郭勒街3号,,,,42.196603,116.477733,
45,佑途宾馆(锡林浩特第三中学店),锡林浩特市,额尔敦路224号,,,,43.945213,116.077442,
45,多伦时利和宾馆,多伦县,多伦中医综合医院东北门西北90米,,,,42.199087,116.473308,
46,兴和金税商务酒店,兴和县,兴达路,,,,40.870864,113.841808,
46,新交通宾馆(集宁南站店),集宁区,南站对面五马路西口(火车站斜对面),,,,41.033174,113.100810,
46,乌兰察布瑞桐快捷酒店,集宁区,怀远北大街60号,,,,41.032641,113.101070,
46,东风宾馆(白音路店),察哈尔右翼后旗,白音查干白音路校园街海卜巷246号,,,,41.451778,113.190032,
46,四子王宾馆,四子王旗,乌兰花镇新华街68号,,,,41.522820,111.702548,
46,聚阳商务酒店,丰镇市,光明路南路12号,,,,40.431622,113.162650,
46,白音宾馆,察哈尔右翼后旗,广场西路与爱民街交叉口东100米,,,,41.435473,113.189224,
46,乌兰察布计委宾馆(维多利广场集宁南站店),集宁区,恩和大街11号,,,,41.034830,113.115616,
46,兴和雅靖商务宾馆,兴和县,兴通路,,,,40.870425,113.836094,
46,乌兰察布凯丽大酒店(集宁师范学院店),集宁区,学府花园1号楼,,,,41.018093,113.142781,
46,月华民宿(李三超市茶庄店),察哈尔右翼后旗,校园街海卜巷120号,,,,41.451325,113.189875,
46,察右前旗昕洋宾馆,察哈尔右翼前旗,平地泉镇,,,,40.935135,113.134589,
46,察右后旗和园宾馆,察哈尔右翼后旗,农林路与团结街交叉口东50米,,,,41.446090,113.188595,
46,乌兰察布鑫锦绣宾馆(集宁南站店),集宁区,怀远大街29号,,,,41.024387,113.104842,
46,丰镇凯帝斯王府国际酒店,丰镇市,"迎宾大街凯帝斯广场1号(市政府对面,近航天小学)",,,,40.433539,113.112139,
46,商都富豪民宿,商都县,鹿王街路南富豪酒店,,,,41.550182,113.566096,
46,察右后旗蒙缘宾馆,察哈尔右翼后旗,察右后旗幼儿园西门南50米,,,,41.448755,113.188082,
46,察右中旗豪庭精品酒店,察哈尔右翼中旗,科布尔镇滨河路8号第一社区东侧,,,,41.275982,112.622980,
46,宜居宾馆(火车站店),化德县,迎宾路与益民大街交叉口东北80米,,,,41.896084,114.035881,
46,兴和兴都宾馆,兴和县,二马路泰和雅居小区对面,,,,40.874470,113.835055,
46,兴和锦江商务宾馆,兴和县,兴和大道北侧,,,,40.869995,113.837386,
46,长城快捷宾馆,丰镇市,友谊路聚阳酒店往南50米,,,,40.430420,113.162908,
46,察右后旗来平宾馆,察哈尔右翼后旗,白雁湖街第三中学南对门,,,,41.440494,113.196766,
46,芸海宾馆(白雁湖路店),察哈尔右翼后旗,白镇新区白雁湖东街474号,,,,41.440132,113.195779,
46,察右前旗益苑宾馆,察哈尔右翼前旗,红卫街16号,,,,40.780097,113.217301,
47,阿拉善左旗天马宾馆,阿拉善左旗,梅桂花苑旁,,,,38.831772,105.702549,
47,阿拉善左旗四通宾馆,阿拉善左旗,额鲁特大街与土尔扈特南路交叉口西100米,,,,38.848198,105.707371,
47,阿拉善左旗金驼商务宾馆,阿拉善左旗,巴彦浩特镇和硕特路新世纪广场东南角,,,,38.837992,105.702657,
47,新世纪宾馆(雅布赖路),阿拉善左旗,雅布赖路阿左旗石油公司加油站西侧(近新世纪广场),,,,38.839028,105.704693,
47,阿拉善左旗鑫凯宾馆(定远营古城店),阿拉善左旗,锡林南路三中西门斜对面,,,,38.845264,105.692495,
47,阿拉善左旗中华路鑫城宾馆,阿拉善左旗,乌斯太镇开发区玛拉沁商业中心2号(西北转角1-6层),,,,39.418058,106.660514,
47,阿拉善左旗鑫满园宾馆,阿拉善左旗,新华大街22号,,,,38.834036,105.674387,
47,额济纳旗祥宇宾馆,额济纳旗,苏古淖尔路旧汽车站对面,,,,41.963162,101.069947,
47,额济纳旗路兴宾馆,额济纳旗,温图高勒路2号1单元101,,,,41.961199,101.075483,
47,金龙港商务宾馆(三水阁大酒店北),阿拉善左旗,土尔扈特南路铁厂拐弯红绿灯北,,,,38.830446,105.709447,
47,阿拉善左旗世纪星宾馆,阿拉善左旗,铁厂拐弯,,,,38.828923,105.710428,
47,阿拉善左旗君华宾馆,阿拉善左旗,浦京大酒店北(雅布赖路北),,,,38.838882,105.706866,
47,新华宾馆(新华街店),阿拉善左旗,巴彦浩特新华街14号(新华街新华书店对面),,,,38.834440,105.676856,
47,额济纳旗宾馆,额济纳旗,达来呼布镇团结西路5号,,,,41.959288,101.065675,
47,阿拉善左旗青花语宾馆,阿拉善左旗,巴彦浩特镇土尔扈特南路旭晨饭店对面,,,,38.832646,105.709396,
47,额济纳旗保险宾馆,额济纳旗,古日乃路与达来呼布路路口西南角,,,,41.957321,101.059494,
47,尚霖宾馆(阿拉善左旗吉兰泰镇店),阿拉善左旗,吉兰泰镇工业大道中国石油第十一加油站对面,,,,39.736938,105.762522,
47,阿拉善左旗圣淘沙宾馆,阿拉善左旗,土尔扈特南路西侧(联通公司对面),,,,38.847363,105.708313,
47,额济纳旗华意宾馆,额济纳旗,金洋酒店北面,,,,41.963291,101.069932,
47,额济纳旗荣欣宾馆,额济纳旗,达来呼布镇苏泊淖尔北路16号3号楼106,,,,41.965354,101.070727,
47,阿拉善左旗志强商务宾馆,阿拉善左旗,腾格里路032号(老汽车站对面),,,,38.832043,105.672361,
47,阿拉善左旗白云网络宾馆,阿拉善左旗,腾格里路17号,,,,38.832113,105.672407,
47,阿拉善左旗繁荣宾馆,阿拉善左旗,巴彦浩特镇腾格里路与南环路交叉路口西南角,,,,38.826950,105.672639,
47,新光华宾馆(胡杨林景区店),额济纳旗,达来呼布镇胡杨东街21号,,,,41.962051,101.071011,
47,明悦宾馆,额济纳旗,达镇崚鹰紫郡8栋15号赛汉东街(汽车站对面),,,,41.969625,101.065631,
48,景悦宾馆,乌审旗,榆乌线与乌兰大街交叉口西北240米,,,,38.738847,109.103025,
48,中元宾馆(东胜区万达广场店),东胜区,天骄北路63号,,,,39.820100,109.979497,
48,鄂尔多斯百和宾馆(中心医院店),东胜区,杭锦北路2号街坊宏业10号底商,,,,39.817801,109.998301,
48,如家酒店(鄂尔多斯东胜购物中心店),东胜区,杭锦北路西侧,,,,39.815531,109.999710,
48,王朝宾馆(宝日陶亥东街),东胜区,宝日陶亥西街新华书店向西200米,,,,39.819407,110.001842,
48,鄂尔多斯长泰大酒店,东胜区,东联中学东200米,,,,39.807570,110.037729,
48,蒙航航空酒店(吉劳庆北路店),东胜区,吉劳庆北路13号,,,,39.822090,109.985158,
48,东仕戴斯大酒店,东胜区,杭锦南路7号,,,,39.811889,109.993674,
48,金色阳光主题酒店,东胜区,鄂尔多斯东街北2号,,,,39.812260,110.006690,
48,锦亨商务宾馆,东胜区,达拉特南路5号,,,,39.813368,110.000655,
48,准格尔旗慧龙商务宾馆,准格尔旗,沙圪堵镇601县道5号万里吉祥苑,,,,39.658331,110.867801,
48,富豪商务酒店(乌审东街店),东胜区,乌审东街健康体检中心向东200米路南,,,,39.807788,110.040980,
48,外贸宾馆(伊金霍洛西街),东胜区,鄂尔多斯中心医院斜对面,,,,39.816307,109.995097,
48,五洲大酒店,东胜区,杭锦北路29号,,,,39.823476,110.000509,
48,鑫牛大酒店,东胜区,鄂尔多斯西街与伊化南路交汇处,,,,39.810556,109.992311,
48,大宅门,东胜区,罕台镇109国道8号,,,,39.838509,109.846157,
48,乌审宾馆,乌审旗,嘎鲁图镇苏里格广场北侧,,,,38.592466,108.843918,
48,东鑫商务宾馆,准格尔旗,薛家湾镇开源桥南上岛假日酒店往南400米(南山公园西侧贵峰医院旁),,,,39.854339,111.229898,
48,鄂尔多斯文澜大酒店,东胜区,万正广场2号楼,,,,39.819460,109.969062,
48,君悦宾馆(树林召大街),达拉特旗,树林召大街7号,,,,40.399010,110.000947,
48,鄂尔多斯华世隆大酒店,东胜区,科技街10-2(铁西公园店),,,,39.813289,109.958620,
48,新世纪商务大酒店(准格尔南路店),东胜区,准格尔南路10号,,,,39.812408,110.007337,
48,鄂尔多斯金色阳光大酒店,东胜区,纺织东街27号,,,,39.801293,110.021636,
48,伊金霍洛旗陆通大酒店,伊金霍洛旗,阿勒腾席热镇怡心园小区,,,,39.565950,109.745873,
48,热带雨林酒店,准格尔旗,薛家湾镇苏计沟热带雨林(金打银酒店),,,,39.853516,111.238814,
49,和林格尔家馨宾馆,和林格尔县,盛乐经济园区209国道西侧加油站旁,,,,40.476868,111.780453,
49,呼和浩特山丹旅店,赛罕区,鄂尔多斯大街山丹楼B座2楼,,,,40.799026,111.681493,
49,土默特左旗金鑫宾馆,土默特左旗,土默特左旗敕勒川路金山学校对面金鑫宾馆,,,,40.740736,111.434069,
49,呼和浩特新怡家旅馆,回民区,成吉思汗西街88号厂汉板乾沁源小区院内3楼,,,,40.849799,111.633364,
49,土默特左旗怡雅商务宾馆,土默特左旗,察素旗镇敕勒川大街(呼包路)国土局斜对面,,,,40.724023,111.143531,
49,嘉晨酒店(东库街润宇家居店),新城区,东库街13号,,,,40.834121,111.685947,
49,和林格尔恒泰宾馆,和林格尔县,盛乐经济园区209国道蒙牛一厂对面,,,,40.477032,111.780849,
49,武川明珠电力宾馆,武川县,青山路1号,,,,41.095880,111.459899,
49,福地大酒店,武川县,影视西街呈祥路,,,,41.092938,111.452132,
49,天怡嘉源宾馆(呼和浩特工大公安厅店),新城区,"海拉尔大街28号,天怡嘉源宾馆",,,,40.838318,111.681260,
49,呼和浩特豫园宾馆,新城区,如意小区西门24号,,,,40.841699,111.740835,
49,嘉度宾馆(呼和浩特内蒙医院店),赛罕区,大学东路街道昭乌达路88号嘉度宾馆505房间,,,,40.814827,111.694357,
49,龙鑫宾馆(呼和浩特附属医院店),回民区,通道北街82号(近通道北路),,,,40.824195,111.655902,
49,东方罗玛商务酒店(呼和浩特中山西路海亮广场店),回民区,中山西路66号(维多利商场附近),,,,40.810720,111.662343,
49,呼和浩特如意佳宾馆,新城区,如意住宅小区西南门西北360米,,,,40.844365,111.739793,
49,铭晨商务酒店(呼和浩特工业大学店),新城区,兴安北路1号,,,,40.845429,111.691532,
49,汇豪利都大酒店,和林格尔县,滨河南路南一街1号,,,,40.397493,111.819387,
49,呼和浩特融桥酒店(国际会展中心店),赛罕区,大学东街与展览馆东路国际蒙医院西侧园艺所西巷融桥2-3层,,,,40.819724,111.725077,
49,浩翔贵宾酒店(呼和浩特金川店),土默特左旗,金川文化广场浩翔公司主楼西侧,,,,40.799140,111.567245,
49,君怡连锁酒店(工业大学润宇家居店),新城区,海东路与兴安路十字路口东北角,,,,40.840918,111.694842,
49,君怡连锁酒店(新华大街摩尔城店),新城区,新华大街77号内蒙古展览馆对面,,,,40.833886,111.719844,
49,汇豪商务酒店,武川县,可镇迎宾路1号,,,,41.094196,111.441808,
49,呼和浩特雅枫宾馆,赛罕区,讨号板村环保厅西巷37号,,,,40.824854,111.756250,
49,呼和浩特新康宾馆,新城区,新康家园南门旁,,,,40.870061,111.685172,
49,呼和浩特白云宾馆,新城区,东二环路如意住宅小区西门26号,,,,40.842610,111.740496,
50,华通宾馆(赤峰学院附属医院店),松山区,王府大街阳光花园1号楼(赤峰学院附属医院西行200米路北),,,,42.259036,118.877247,
50,赤峰全友宾馆,红山区,火花路107号,,,,42.271045,118.970188,
50,宁城京都宾馆,宁城县,高桥路15-9号,,,,41.600422,119.335657,
50,银航宾馆,巴林右旗,大板镇巴林路中段工商银行南侧,,,,43.526546,118.679471,
50,赤峰金虎缘宾馆,红山区,赤锡路39-9,,,,42.297343,118.949837,
50,巴林右旗火车站宾馆,巴林右旗,查干沐沦街附近,,,,43.524783,118.643117,
50,百柳宾馆(赤峰火车站店),红山区,新华路28号,,,,42.261677,118.963617,
50,宁城华硕宾馆(宁城汽车站店),宁城县,天义镇哈河大街新客站商街内,,,,41.600909,119.313967,
50,诚信宾馆,松山区,新长途汽车站出站口4号楼1楼,,,,42.273463,118.910566,
50,长城宾馆(赤峰昭乌达路店),红山区,赤峰南站对面,,,,42.258214,118.958691,
50,巴林左旗立都宾馆,巴林左旗,上京路154号,,,,43.981537,119.388736,
50,赤峰泰和宾馆,元宝山区,内环北路与宝山路交叉口西北50米,,,,42.049407,119.289176,
50,白天鹅宾馆(校园街店),巴林右旗,巴林路25-28号,,,,43.524703,118.680178,
50,龙田大酒店(罕山路),巴林右旗,大板镇索博日嘎街天赐家园,,,,43.531570,118.672584,
50,巴林左旗玉峰宾馆,巴林左旗,四道街26号,,,,43.982021,119.393499,
50,睿豪商务酒店,红山区,朝阳路与商贸城交汇处,,,,42.321888,118.935018,
50,昭君宾馆(昭乌达路),红山区,昭乌达路中段路东老干部活动中心对面,,,,42.267175,118.956486,
50,松都宾馆,松山区,松山大街20号(永业广场对面),,,,42.286009,118.931077,
50,巴林左旗瑞家宾馆,巴林左旗,上京路南段京华小区底商10号商铺,,,,43.976713,119.396483,
50,京西宾馆(皇城路),巴林左旗,契丹大街契丹花园A区对面,,,,43.969313,119.376873,
50,赤峰昊酒店(红山区政府店),红山区,赤锡路桥北钓鱼台C区,,,,42.293840,118.962690,
50,旭泰宾馆(赤峰长途汽车站高铁站店),松山区,长途客运站西侧民族超市后面,,,,42.271230,118.909032,
50,宁城双宁宾馆,宁城县,哈河大街路北宁城汽车站元亨商城,,,,41.601484,119.313401,
50,鑫港宾馆(火车站店),红山区,赤峰火车站西150米路南,,,,42.256694,118.956053,
50,金尊宾馆(维多利万悦城赤峰南站店),红山区,"昭乌达路西二段8号(距离火车站600米,维多利万悦城800米)",,,,42.262707,118.957218,
51,通辽鑫裕招待所,科尔沁区,建国路76号,,,,43.609216,122.273410,
51,通辽天赢宾馆,科尔沁区,富景华庭1期北门东100米,,,,43.617525,122.251572,
51,茗溪酒店(原如家霍林河大街民族大学附属医院店),科尔沁区,霍林河大街电视台路南,,,,43.625807,122.291773,
51,白云商务宾馆(向阳大街店),科尔沁区,建国路与向阳大街交汇处,,,,43.613501,122.272845,
51,皇都大酒店,奈曼旗,大沁他拉镇生态大街3465号,,,,42.864246,120.656331,
51,通辽如家村和酒店,科尔沁区,东顺路与哲里木大街交汇处3路公交车终点站(原如家酒店村和店),,,,43.642544,122.282522,
51,如家华驿酒店(通辽万达广场民族大学附属医院店),科尔沁区,阿卡笛亚南门西90米,,,,43.629820,122.286666,
51,建国大酒店(通辽火车站店),科尔沁区,建国新城G3楼,,,,43.605507,122.239276,
51,兴月商务宾馆,科尔沁区,交通路与滨河大街交叉口东北100米,,,,43.636256,122.256810,
51,都市商务宾馆(和平路),科尔沁区,和平路与步行街交叉口东北60米,,,,43.613344,122.267711,
51,尚客优连锁酒店(通辽科尔沁大街西段南桥店),科尔沁区,科尔沁大街西段西顺家园小区北门斜对面,,,,43.609614,122.242298,
51,利宏精品酒店,科尔沁区,新建大街永安路交汇西侧200米,,,,43.607288,122.275690,
51,开鲁会展中心酒店,开鲁县,民主街世纪广场北,,,,43.602760,121.303345,
51,万嘉宾馆(通辽火车站店),科尔沁区,建国路南段火车站前时代广场2楼,,,,43.606657,122.273712,
51,通辽英子宾馆(新建大街店),科尔沁区,新建大街中段金鸿小区1号一单元一楼东屋,,,,43.608343,122.269604,
51,通辽润丰大酒店(附属医院万达广场店),科尔沁区,东顺路北段东兴新城西门,,,,43.640905,122.283982,
51,人禾商务酒店(黄山街店),扎鲁特旗,黄山街财政局东70米路北,,,,44.551113,120.921901,
51,云柏快捷酒店,开鲁县,开鲁镇坊隆胜小区二期101商铺,,,,43.600702,121.306506,
51,霍林郭勒简依宾馆,霍林郭勒市,友谊路21号南处长楼343-2,,,,45.525937,119.661561,
51,开鲁源丰商务酒店,开鲁县,辽河大街东新型农机市场内,,,,43.597121,121.348908,
51,木森商务宾馆,开鲁县,西关小区东北门东70米,,,,43.605111,121.298042,
51,通辽金园宾馆(通辽站店),科尔沁区,施介街道南顺街32号中泉时代广场3楼,,,,43.606728,122.273716,
51,库伦旗谷龙塔宾馆,库伦旗,库伦镇街道南侧幸福路三大寺南150米路东,,,,42.728138,121.775852,
51,霍林郭勒星辰宾馆,霍林郭勒市,金都小区南门东南80米,,,,45.533763,119.665355,
51,尚达快捷宾馆(通辽火车站店),科尔沁区,建国路新建大街交汇处西20米路北二楼,,,,43.607485,122.272278,
52,漠河北极金谷宾馆(北极星广场店),漠河市,振兴街与中华路交叉口西南60米,,,,52.972993,122.536782,
52,北极村缘聚客舍,漠河市,北极村乡村路26号,,,,53.478611,122.357227,
52,龙源宾馆(漠北公路),漠河市,34区中石油加油站对面,,,,52.976609,122.524435,
52,国秀宾馆,塔河县,文化路二中附近,,,,52.328909,124.707471,
52,大兴安岭华盈旅店,加格达奇区,嫩源商业街22附近,,,,50.421707,124.128501,
52,漠河北极双兴宾馆,漠河市,西林吉镇出租车一条街,,,,52.971957,122.536231,
52,金利宾馆,加格达奇区,兴安大街与世纪大道交口火车站对面,,,,50.421395,124.126130,
52,塔河占财宾馆(十八站店),塔河县,十八站火车站前凝聚路105号,,,,52.435677,125.408930,
52,塔河鸿源宾馆,塔河县,昌盛路检察院北侧30米,,,,52.340463,124.714133,
52,漠河天竹假日宾馆,漠河市,西林吉镇二十六区XB-14号,,,,52.972017,122.535049,
52,塔河十八站玖隆宾馆,塔河县,十八站恒信商场西50米,,,,52.428739,125.410153,
52,鑫源宾馆(漠河舞厅店),漠河市,繁荣巷百姓菜馆东20米,,,,52.971714,122.535811,
52,漠河爱都精选宾馆,漠河市,西林吉镇26区爱国楼09号商服,,,,52.972220,122.534575,
52,君吉宾馆,加格达奇区,兴安大街35号,,,,50.422931,124.127360,
52,北极村栖心客栈,漠河市,北极镇北极村森林路9号,,,,53.483961,122.359627,
52,漠河北极和泰宾馆,漠河市,26区盛达购物中心对面,,,,52.972983,122.536578,
52,祥喜宾馆(漠河公路客运站店),漠河市,照亮牛烧东侧15米处,,,,52.974969,122.532237,
52,鸿祥旅店(加格达奇站店),加格达奇区,卫东街鹏大五号楼,,,,50.420889,124.129203,
52,漠河祥合宾馆,漠河市,漠河市龙江路,,,,52.967145,122.538582,
52,塔河永盛宾馆,塔河县,塔河镇昌盛路商服楼5幢1号,,,,52.342943,124.714837,
52,漠河和家快捷宾馆,漠河市,西林吉镇振兴街106号,,,,52.973079,122.537114,
52,漠河北之北驿站,漠河市,北极村景区街20号,,,,53.477789,122.358909,
52,漠河龙腾宾馆,漠河市,西林吉镇26区繁荣巷22-3,,,,52.971646,122.535642,
52,漠河星悦宾馆,漠河市,人民路兴福商店东南方向5米处,,,,52.973547,122.532973,
52,塔河人和宾馆,塔河县,十八站林业局中央大街北150米振兴路东侧,,,,52.432089,125.404343,
53,萝北华日宾馆,萝北县,凤翔镇15委原烟草大楼1层2号,,,,47.574561,130.829946,
53,OYO第5季主题宾馆(清真寺北三道街店),工农区,北三道街新天地酒店后身H栋111号,,,,47.334934,130.277202,
53,广亿宾馆(鹤岗一分店),南山区,富力医院右侧,,,,47.282531,130.262584,
53,喜家浓宾馆(一店),工农区,育才路52号,,,,47.317942,130.274474,
53,界江国际大酒店,萝北县,景观路1号,,,,47.588845,130.835544,
53,绥滨吉祥宾馆,绥滨县,振兴大街69号,,,,47.292239,131.860432,
53,鹤岗净雅快捷宾馆,南山区,南红旗路G21南山区大队东南方向100米,,,,47.287564,130.262094,
53,美宜快捷宾馆,工农区,北一道街祥和小区(雪满天过道口下行200米富森林产品公司2层),,,,47.336577,130.280305,
53,宝泉岭-宝兴快捷宾馆(生态园店),萝北县,宝泉岭南三道街学府上城阳光小区对面,,,,47.427434,130.536524,
53,萝北聚宝泉快捷宾馆,萝北县,宝泉岭管理局丁香路,,,,47.430376,130.528603,
53,鹤岗雅净宾馆(火车站店),工农区,站前路与胜利路交叉口东100米,,,,47.339241,130.280182,
53,金广客房,工农区,华夏路金光大厦客房区4-5层,,,,47.327781,130.275749,
53,鹤岗新时代快捷宾馆,工农区,北二道街,,,,47.334945,130.278424,
53,萝北金棕榈快捷宾馆,萝北县,宝泉岭管理局名山街14-2,,,,47.434595,130.541285,
53,绥滨芒果假日宾馆,绥滨县,绥滨镇太阳城后身,,,,47.289987,131.856174,
53,萝北好时光公寓,萝北县,宝泉岭新华街南江滨路学府上城9号商服019号,,,,47.427294,130.536920,
53,鹤岗君如家快捷宾馆,工农区,东解放路北二道街与民主街交叉口北行50米,,,,47.335712,130.278133,
53,顺安宾馆(一中店),工农区,工农区35委福泰家园1号楼114室(阿里郎烤肉),,,,47.329397,130.270884,
53,鹤岗黎一明宾馆,工农区,委兴汇路北方钢窗厂综合楼2楼,,,,47.333648,130.271059,
53,鹤岗花之园宾馆,兴安区,兴东花园小区综合路000号201室,,,,47.251574,130.241269,
53,鹤岗福顺多快捷宾馆,工农区,荣阳花园小区东北门西北90米,,,,47.332051,130.271417,
53,鹤岗橘子宾馆,南山区,南红旗路麓林山建设银行二楼,,,,47.281341,130.262844,
53,萝北鑫宝源宾馆,萝北县,鹤北镇江滨路15号,,,,47.427298,130.536748,
53,新合美快捷宾馆(客运站店),萝北县,凤翔大街客运站对面,,,,47.574263,130.825286,
53,林顿商务宾馆(绥滨公路客运站店),绥滨县,长青街福源尚居北门,,,,47.290145,131.862973,
54,嫩江邮政招待所,嫩江市,嫩兴路311号,,,,49.176562,125.228664,
54,北安九九快捷宾馆,北安市,龙江路38号,,,,48.238103,126.511956,
54,逊克天鹅商务宾馆,逊克县,通江路发展街6号,,,,49.583091,128.476211,
54,黑河如家旅店,爱辉区,铁路街180号,,,,50.238097,127.499019,
54,北铁商务宾馆(北安火车站店),北安市,龙江路1号,,,,48.236700,126.511368,
54,北苑宾馆(新华社区卫生服务站南),孙吴县,孙吴镇逸城嘉园2号楼门市,,,,49.417970,127.327965,
54,金隆酒店,五大连池市,德都大街,,,,48.516050,126.198598,
54,黑河轩岛快捷旅馆,爱辉区,官渡路118号,,,,50.246390,127.494970,
54,五大连池红太阳宾馆,五大连池市,五大连池风景区红太阳宾馆,,,,48.647391,126.145485,
54,孙吴御景宾馆,孙吴县,解放路266号,,,,49.415155,127.330427,
54,东诚宾馆(通北客运站店),北安市,中央街10号,,,,47.771002,126.778657,
54,黑河爱之尚快捷旅馆,爱辉区,铁路街294号,,,,50.235408,127.500844,
54,五大连池驿路港湾家居旅馆,五大连池市,五大连池风景区石龙东路温泊景点西口旁北200米,,,,48.655583,126.166405,
54,北安金凯瑞宾馆,北安市,乌裕尔大街益民商城3楼(近中央路),,,,48.240625,126.514075,
54,邮电快捷宾馆(嫩江火车站店),嫩江市,火车站对面,,,,49.177304,125.247610,
54,黑河新三星时尚旅馆,爱辉区,兴林街建设银行旁,,,,50.250637,127.490673,
54,五大连池汉庭时尚宾馆,五大连池市,三道街和平大街63号,,,,48.512301,126.206428,
54,黑河安顺旅店,爱辉区,铁路街华禹商厦1层龙滨路341号,,,,50.236304,127.501539,
54,惠佳旅馆,爱辉区,迎恩路31号,,,,50.250260,127.496250,
54,鸿图快捷宾馆,北安市,南京路438号,,,,48.243455,126.512637,
54,五大连池速翔宾馆,五大连池市,迎宾路和平大街88号,,,,48.511913,126.205708,
54,嫩江驿站快捷宾馆,嫩江市,嫩兴路497号,,,,49.177695,125.242392,
54,家苑宾馆,五大连池市,沿河街39号,,,,48.518375,126.201224,
54,逊克芒果快捷宾馆,逊克县,奇克镇东直街60号为民二期综合楼二楼,,,,49.578283,128.479052,
54,铭家宾馆,嫩江市,墨尔根大街与团结路交口育才新城6号楼门市,,,,49.163682,125.223077,
55,牡丹江红光快捷宾馆,东安区,新安街186号,,,,44.583040,129.638117,
55,天天招待所(分店),东安区,光华街574号,,,,44.590577,129.618193,
55,迈典主题宾馆(景福店),西安区,西一条路39号,,,,44.586008,129.612435,
55,牡丹江有家快捷旅店,爱民区,西晓云街军分区综合楼18号门市,,,,44.596477,129.597648,
55,牡丹江海洋靓景快捷宾馆(牡丹江中医医院店),东安区,东小六条路和福民街交叉口,,,,44.582027,129.639006,
55,牡丹江龙洋宾馆,东安区,北小景福街73号,,,,44.588251,129.618618,
55,凯捷宾馆(牡丹江火车站店),西安区,解放路光华街724号,,,,44.588257,129.612465,
55,顺时针时尚宾馆(牡丹江步行街店),东安区,东一条路步行街77号,,,,44.588071,129.617517,
55,林口邮政宾馆,林口县,邮电路中国邮政储蓄银行旁,,,,45.292958,130.273031,
55,金泰宾馆(东三条路),东安区,东三条路福民街440号,,,,44.577413,129.629844,
55,碧海蓝天商务宾馆(火车站店),林口县,站前大街林口火车站斜对面,,,,45.292276,130.271038,
55,银桥快捷宾馆,绥芬河市,新兴街85号,,,,44.402078,131.161400,
55,贝壳连锁驿馆(牡丹江广厦店),爱民区,北安路与东新荣街交汇处,,,,44.596821,129.620101,
55,穆棱宾馆(长征路),穆棱市,长征路与幸福大街交叉口(政务服务中心对面),,,,44.918088,130.535933,
55,罗马花园商务会馆,爱民区,北安路243号,,,,44.602388,129.618806,
55,三厘米·假日宾馆,西安区,西二条路12号(近景福街),,,,44.583999,129.609321,
55,牡丹江聚兴宾馆,西安区,日照街183-1号,,,,44.587742,129.613261,
55,牡丹江巴厘岛时尚快捷宾馆,爱民区,中华路气象局斜对面,,,,44.592937,129.607530,
55,芒果主题宾馆(牡丹江文化宫广场店),西安区,西平安街55号,,,,44.580792,129.614521,
55,江南商务宾馆,东宁市,长青巷与繁荣街交口西北侧200米(江南二区2号),,,,44.066091,131.126349,
55,昆仑大酒店,西安区,太平路68号,,,,44.585658,129.615054,
55,假日驿站快捷宾馆,西安区,西牡丹街231号,,,,44.576491,129.606881,
55,牡丹江鑫时钟快捷旅馆(黑龙江商业职业学院东校区店),爱民区,西晓云街天安路搪瓷小区17号门市,,,,44.595701,129.592336,
55,宁安168快捷宾馆,宁安市,瑞合领秀名都南门1层,,,,44.350086,129.471710,
55,印象青春宾馆(万达店),西安区,西新安街213号,,,,44.572827,129.604413,
56,伊春市南岔宾馆(中纬大街店),南岔县,中纬大街南岔宾馆1层,,,,47.135644,129.287722,
56,金山宾馆(仁和街店),金林区,南河街6号,,,,47.408351,129.444410,
56,铁力旭龙快捷旅馆,铁力市,新华路8号(近铁力站火车站),,,,46.975579,128.054479,
56,福悦宾馆(伊春一中店),伊美区,林都大街黄金花园一期22号楼2单元102号,,,,47.728154,128.833407,
56,添宝快捷宾馆,伊美区,傲城小区58号楼二门市(花园路49号),,,,47.711950,128.881980,
56,南岔如馨家宾馆,南岔县,中纬大街80号,,,,47.134630,129.291013,
56,金龙宾馆(花园东街),金林区,花园东街10号,,,,47.412583,129.429730,
56,嘉荫瑞隆快捷宾馆,嘉荫县,龙江华府一期(朝阳镇政府对面),,,,48.887862,130.397591,
56,伊春冬雨旅店,伊美区,繁荣胡同与青山东大街交叉口西40米,,,,47.726161,128.908687,
56,伊春佳晟旅店,伊美区,青山东大街步步高酒店对面,,,,47.726343,128.909034,
56,万兴快捷宾馆,嘉荫县,江山路53号,,,,48.894541,130.402943,
56,嘉荫乌云镇龙云宾馆,嘉荫县,乌云镇通江街中国移动南侧,,,,49.281978,129.645245,
56,嘉荫林格假日宾馆,嘉荫县,朝阳路龙江华府二期6号楼东7,,,,48.890663,130.398194,
56,铁力鑫鑫宾馆,铁力市,团结路与正阳大街交口西20米林苑新景高层7号商服,,,,46.987023,128.057131,
56,御庭商务宾馆,乌翠区,文健A区15栋楼,,,,47.725705,128.673139,
56,云来客栈(水上明珠店),伊美区,新兴中大街164号,,,,47.725135,128.893995,
56,嘉荫龙之梦宾馆,嘉荫县,朝阳镇繁荣街嘉禾小区11号楼5号商服,,,,48.896000,130.405024,
56,铁力金禧宾馆,铁力市,电工街152号(铁力市第一小学北侧),,,,46.982320,128.028085,
56,伊春金豪快捷宾馆(北山公园店),伊美区,黎明北路102号,,,,47.727358,128.889241,
56,丰林禧龙宾馆,丰林县,新青区利民小区三期十二号楼5号门市,,,,48.282025,129.526729,
56,铁力金华宾馆,铁力市,"铁力镇骊马精城小区6号楼楼下第4号厅,新华路(中石油加油站对面)",,,,46.983984,128.046178,
56,伊春天地人客栈,伊美区,青山东大街302号,,,,47.726441,128.909364,
56,嘉荫金港湾宾馆,嘉荫县,鸭嘴龙街与满洲龙路交汇处西南30米(财政局北150米路西),,,,48.894792,130.393711,
56,铁力鑫仟禧宾馆,铁力市,建设大街农机加油站对面,,,,46.987293,128.037536,
56,天泽宾馆(西华路店),伊美区,红升街道西华路伊春商城西门天泽宾馆二楼,,,,47.725517,128.903803,
57,爱尚家快捷宾馆,鸡冠区,建设路建设六号楼1号门市,,,,45.291938,130.965262,
57,鸡西红军路禧龙宾馆,鸡冠区,鸡西市鸡冠区兴国中路207号,,,,45.304580,130.980267,
57,鸡西花园宾馆,鸡冠区,和平大街实验中学对面,,,,45.290939,130.964901,
57,鸡西友合商务宾馆,鸡冠区,和平南大街72号,,,,45.285161,130.963589,
57,鸡西如意旅店,鸡冠区,兴国中路火车站西196栋7层如意旅店,,,,45.306155,130.976377,
57,福莱得酒店,虎林市,解放西路317号,,,,45.766309,132.961830,
57,鸡西海阔宾馆,鸡冠区,兴国中路197号,,,,45.304322,130.980526,
57,豪客来快捷宾馆,虎林市,东方红镇客运站旁,,,,46.202340,133.085920,
57,密山朝鲜族旅馆,密山市,平安路12号,,,,45.547937,131.872423,
57,居居美宾馆(虎林火车站店),虎林市,站前街72号,,,,45.765656,132.976058,
57,鸡西佳合宾馆,梨树区,东大街万方文苑小区1号楼2号门市,,,,45.089305,130.697670,
57,虎林市完达山电力集团招待所,虎林市,动力街1号,,,,45.762893,132.966391,
57,鸡西家梦缘旅店(永跃路),鸡冠区,"永跃路与和平南大街交口,枫彩家园住宅楼2-门市-7",,,,45.282948,130.966235,
57,鸡东鑫嘉城快捷宾馆,鸡东县,振兴大街107号(近鸡东火车站),,,,45.252910,131.150062,
57,虎林李家园快捷宾馆,虎林市,虎林镇文化委农机公司综合楼201室,,,,45.770473,132.975163,
57,密山爱尚时尚快捷旅馆,密山市,盛荣路46号,,,,45.547579,131.874772,
57,朋来宾馆(虎林市人民医院店),虎林市,虎林镇德馨家园十号楼15号门市,,,,45.772093,132.979799,
57,鸡西鹿里主题宾馆(文化路店),鸡冠区,文化路中国银行对面,,,,45.302857,130.956802,
57,密山彼岸缘旅店,密山市,光复路双胜综合楼,,,,45.544518,131.877862,
57,鸡西市大帅府宾馆,鸡冠区,新华路11号车馆斜对面,,,,45.307498,130.981955,
57,虎林芳庄民宿,虎林市,建设东街54附近,,,,45.768093,132.983030,
57,鸡西日月明宾馆,鸡冠区,红军路183号,,,,45.307439,130.979334,
57,东北宾馆(永昌路),鸡冠区,"永昌路146号,市医保局旁",,,,45.303892,130.983073,
57,虎林顺意达宾馆,虎林市,建设西街40号,,,,45.768518,132.973974,
57,鸡西天御假日宾馆,鸡冠区,永康街与康乐西街交叉口西北60米,,,,45.294031,130.960141,
58,龙达商务酒店(文明大街),甘南县,文明大街405二中斜对面,,,,47.929319,123.500924,
58,鸿福旅馆(讷河火车站店),讷河市,铁路火车站惠昌三号楼,,,,48.481078,124.850228,
58,明珠招待所(向阳大街店),富拉尔基区,群力小区30栋1楼,,,,47.194918,123.639844,
58,齐齐哈尔明月旅店(齐齐哈尔火车站店),铁锋区,龙沙路太平委5号楼,,,,47.342890,123.992932,
58,依安香怡阁宾馆,依安县,泰安大街与兴学路交叉口南,,,,47.894133,125.304160,
58,依安蓝天宾馆,依安县,十字街东18米路北启程1号楼,,,,47.888741,125.308011,
58,自然醒宾馆(高等师范专科学校店),龙沙区,齐杜公路民祥安居小区41号楼5单元,,,,47.317517,123.964559,
58,甘南鑫家缘宾馆,甘南县,甘南镇文明大街46号鑫家缘宾馆,,,,47.909932,123.511847,
58,克山宾馆,克山县,北大街与东大街交叉口北,,,,48.034397,125.873995,
58,福来快捷宾馆,富拉尔基区,春阳街四栋16室,,,,47.206478,123.647867,
58,依安宾馆,依安县,东北街政府后院北30米,,,,47.894092,125.305736,
58,讷河鹏程旅馆,讷河市,火车站斜对面,,,,48.481086,124.850250,
58,如家华驿酒店(齐齐哈尔市泰来县振兴路店),泰来县,振兴路128号,,,,46.386978,123.420997,
58,艺家畅品宾馆(齐齐哈尔火车站店),铁锋区,龙沙路640号(二马路站前市场北门),,,,47.343182,123.987673,
58,万豪商务宾馆,拜泉县,龙泉街88号,,,,47.613686,126.085927,
58,齐齐哈尔博玥主题宾馆,碾子山区,佳缘花园B区11号楼5-6,,,,47.521075,122.875576,
58,莱曼酒店(龙沙路店),建华区,二马路169-1号军校小区1号楼,,,,47.345939,123.967486,
58,红瑞丰时尚宾馆,建华区,中华西路25号虹桥小区8号楼,,,,47.355271,123.950887,
58,齐齐哈尔富驿时尚宾馆,龙沙区,民航路民富乐园1号楼8号,,,,47.319432,123.956042,
58,华逸旅馆(火车站店),铁锋区,齐齐哈尔站前大街2号楼82号(火车站北200米),,,,47.344058,123.996392,
58,富裕富运商务宾馆,富裕县,中心大街建设银行总行北侧20米,,,,47.791698,124.472402,
58,齐齐哈尔宾阁主题宾馆,建华区,二马路军校小区西区2号楼,,,,47.346374,123.966966,
58,齐齐哈尔吉泰旅馆,铁锋区,富利街57号,,,,47.341234,123.987963,
58,富裕双龙宾馆(总店),富裕县,中心大街邮政局楼北侧,,,,47.794464,124.472380,
58,乌托邦酒店(二店),建华区,督军署北走200米道东明园小区院内,,,,47.358355,123.956084,
59,安达顺通宾馆(火车站店),安达市,一道街正阳街街口,,,,46.405539,125.327353,
59,美好家园宾馆(光华路),海伦市,南二道街市法院西侧,,,,47.461198,126.978201,
59,肇东锦诚快捷宾馆,肇东市,正阳一道街公馆1号楼二单元10楼,,,,46.076141,125.996619,
59,圣龙大酒店(黄河南路),北林区,黄河南路1号(近西城客运站),,,,46.632943,126.977221,
59,悦途时尚主题宾馆(师范街),肇东市,华富药业小区对面,,,,46.068843,125.980178,
59,罗马时尚宾馆(三友南路),肇东市,正阳大街与三友南路交汇处,,,,46.073645,125.995414,
59,万豪宾馆(粮食路),庆安县,中央大街中段88号,,,,46.880062,127.512624,
59,肇东天瑞麒麟宾馆,肇东市,和谐家园西南门东南70米,,,,46.073825,125.980925,
59,梦天湖商务会馆,兰西县,西二道街7号,,,,46.259036,126.283179,
59,明水日月鑫商务会馆,明水县,鑫泰家园2门北180米,,,,47.189622,125.910498,
59,绥化盛世华庭大酒店,北林区,绥兰路与康庄路交叉口,,,,46.631171,126.969756,
59,聚缘快捷宾馆(繁华大街店),绥棱县,车站街站前综合楼(中国农业银行西侧紧邻),,,,47.247774,127.084862,
59,天铭假日酒店,北林区,中兴东大街389号(近华辰商场、市医院),,,,46.636314,126.998888,
59,望奎鸿淼商务会馆,望奎县,"奋斗路与文化街交叉口,近喜洋洋幼儿园",,,,46.828459,126.483899,
59,绥棱金都丰尚酒店,绥棱县,繁华路130号,,,,47.247792,127.119496,
59,昌盛快捷宾馆,望奎县,政府街254号,,,,46.832610,126.481316,
59,明水梦雅时尚快捷宾馆,明水县,北二道街育新社区信和家园小区综合楼1层6号,,,,47.183461,125.904733,
59,兰西豪华宾馆(豪华家园店),兰西县,豪华家园利民路158号,,,,46.256439,126.286560,
59,明水万庆安宾馆,明水县,阳光嘉园南门旁,,,,47.185043,125.904110,
59,安达龙悦商务宾馆,安达市,四道街北客运站旁,,,,46.412161,125.326471,
59,望奎众鑫快捷宾馆,望奎县,客运名苑东南门西80米,,,,46.826703,126.476527,
59,绥棱金尚快捷宾馆,绥棱县,站前广场北侧,,,,47.248958,127.083933,
59,奇迹精品公寓(中兴春天店),北林区,中兴东大街中兴春天A栋1641室,,,,46.635248,126.991956,
59,绥化玲玲公寓,北林区,中兴春天公寓b座19层1988,,,,46.635058,126.992184,
59,金泰快捷宾馆(绥棱火车站店),绥棱县,繁华大街与铁东路交叉口东南100米,,,,47.247780,127.084653,
60,大庆悠悠宾馆(铁人广场店),让胡路区,远望大街56号,,,,46.613961,124.881631,
60,大庆爱丁堡假日宾馆,让胡路区,开发小区2区24号A,,,,46.611989,124.879756,
60,肇州新华宾馆,肇州县,八厂东街178号,,,,45.709011,125.280436,
60,大庆如意日租公寓,让胡路区,怡园街道江苏路阳光商都D座1005室,,,,46.618278,124.895528,
60,大同宾馆(同阳路店),大同区,同阳路287号,,,,46.032829,124.818694,
60,太子宾馆(西宾路店),萨尔图区,西滨小区旁(西宾路353号),,,,46.635600,124.909711,
60,龙城商务宾馆(客运枢纽站店),龙凤区,华溪龙城大门出口处,,,,46.559650,125.140172,
60,大庆鑫和时尚宾馆,龙凤区,湖滨大街祥阁花园S5-66号,,,,46.590345,125.141641,
60,阳光宾馆(卧龙路店),龙凤区,卧龙路86号,,,,46.513672,125.122259,
60,大庆广盛商务宾馆(大庆西站店),萨尔图区,西宾路大庆油田技术监督中心对面,,,,46.631582,124.918167,
60,禧龙宾馆(肇源北环大街店),肇源县,锦江嘉苑北门旁,,,,45.524228,125.080481,
60,肇源华庭宾馆,肇源县,新中医院南侧,,,,45.527427,125.075436,
60,大庆微风山谷假日宾馆,让胡路区,潮阳街44号,,,,46.608171,124.899270,
60,轻住·百度宾馆(乘风庄新玛特店),让胡路区,乘风庄乘北十街一号(距新玛特300米、鸿运站牌旁),,,,46.560592,124.878726,
60,大庆今日阳光宾馆(新玛特店),龙凤区,[],,,,46.585115,125.114748,
60,大庆紫云现代快捷宾馆,龙凤区,[],,,,46.568273,125.144536,
60,乔伊凯诺时尚宾馆(萨尔图火车站店),萨尔图区,会战街道中八路力佳广场4号楼力佳商场一楼71号,,,,46.598922,125.020715,
60,肇源北苑宾馆,肇源县,北环大街358号,,,,45.524357,125.085829,
60,胜鑫达快捷宾馆,龙凤区,大唐世家步行街北头,,,,46.627457,125.149610,
60,致青春主题宾馆(大庆东风中学新百大店),萨尔图区,纬九路5号,,,,46.602391,125.109656,
60,大庆兴荣商务酒店(火车站店),萨尔图区,会战西街38号,,,,46.603317,125.012933,
60,熊猫时尚宾馆(万宝庆客隆店),萨尔图区,万利街80号,,,,46.573151,125.101141,
60,金梦缘快捷宾馆(百货大楼火车站店),萨尔图区,中八路44号力佳广场2号楼,,,,46.598927,125.019762,
60,大庆他她概念宾馆,龙凤区,发展路S1地上18号,,,,46.589000,125.140144,
60,大庆龙祥旅店(大庆东站店),龙凤区,龙一路27-1号,,,,46.532651,125.119646,
61,哈尔滨天翼快捷宾馆,南岗区,比乐街22号,,,,45.760059,126.664330,
61,顺心旅店(哈尔滨海城市场店),南岗区,文化街54号,,,,45.741972,126.651382,
61,哈尔滨金帝宾馆,道里区,顾乡大街7号(加油站对面),,,,45.740767,126.592884,
61,哈尔滨天之缘快捷宾馆(医大一医院店),南岗区,燎原街道燎原街105号副一层(烟厂地铁站3号口旁),,,,45.769534,126.657187,
61,昌龙宾馆(哈尔滨江北大学城店),呼兰区,学院路三道街19号志华商城2号楼2门,,,,45.872087,126.549722,
61,哈尔滨喜光主题小宾馆,香坊区,消防胡同12-4号,,,,45.723459,126.682117,
61,尚志君都商务宾馆,尚志市,双桥休闲广场三栋26号1-3层,,,,45.215762,127.968707,
61,哈尔滨尚志旅社,道里区,尚志大街副1-1号,,,,45.764167,126.625505,
61,哈尔滨益民招待所,道外区,北头道街48号,,,,45.784197,126.637585,
61,北之国公寓(中央大街店),道里区,经纬街61号经纬360大厦B座10楼1011室,,,,45.766525,126.623863,
61,顺航宾馆(哈尔滨太平国际机场店),道里区,太平镇大张家临时站对面,,,,45.640033,126.239295,
61,国强快捷宾馆(哈尔滨渤海路地铁站店),平房区,联乡路7号(渤海路地铁站1号口步行330米),,,,45.613300,126.645444,
61,哈尔滨星月时尚快捷旅馆,香坊区,哈平路副147-4号(近哈尔滨医科大学附属肿瘤医院),,,,45.699955,126.644351,
61,方正花溪客栈,方正县,松花江街160号,,,,45.838926,128.828788,
61,哈尔滨嘉苑宾馆,道里区,滇池东路1010号群力家园C区,,,,45.713050,126.545515,
61,哈尔滨美希宾馆(太平机场店),道里区,哈双路,,,,45.639174,126.235440,
61,哈尔滨禧悦快捷宾馆,香坊区,菜艺街11号(116中学对面),,,,45.729652,126.685075,
61,哈尔滨富隆宾馆(医大二院店),南岗区,保健路142号医大二院家属楼35栋3单元202室,,,,45.697807,126.624818,
61,80&90快捷宾馆(安埠店),香坊区,安埠街387号(安埠商厦后门对面),,,,45.728248,126.693547,
61,金禧时尚快捷宾馆(哈尔滨建筑街店),南岗区,海关街副89号(哈尔滨站地铁站3号口步行420米),,,,45.758565,126.635614,
61,哈尔滨佳慧快捷宾馆,南岗区,上夹树街97-3号,,,,45.746951,126.625376,
61,哈尔滨如果宾馆(医大二院店),南岗区,征仪路306号(征仪路地铁站2号口步行460米),,,,45.703561,126.633053,
61,成功宾馆,南岗区,西大直街366号(和兴路地铁站2a口步行330米),,,,45.734488,126.617271,
61,金芒果假日宾馆(哈尔滨中山路店),香坊区,西骑兵街7-15号,,,,45.728366,126.672480,
61,金岛宾馆洗浴(迎宾巷店),依兰县,迎宾巷与通江路交叉口西40米,,,,46.313664,129.564400,
62,佳木斯永和招待所,前进区,站前路永顺街中段新客运枢纽站后身西侧,,,,46.805262,130.377572,
62,佳木斯吉兴宾馆,前进区,农垦二院南侧,,,,46.807216,130.382448,
62,国宾旅馆,前进区,站前路316号乐园巷,,,,46.807040,130.382945,
62,禧龙酒店(佳木斯火车站店),前进区,火车站客运枢纽站对面10米,,,,46.806149,130.379968,
62,佳木斯佰丰宾馆,向阳区,西林路401号,,,,46.812218,130.355357,
62,禧龙宾馆(佳木斯第一附属医院店),向阳区,长安西路157号,,,,46.808422,130.355265,
62,承达宾馆(佳木斯高铁站七中店),前进区,顺和路103号客运枢纽斜对面,,,,46.806727,130.378355,
62,禧龙宾馆(富锦店),富锦市,新一街26号,,,,47.249278,132.043406,
62,站前宾馆(佳木斯火车站店),前进区,站前路265号,,,,46.804669,130.381181,
62,林顿大酒店(桦南店),桦南县,前进路8号,,,,46.249309,130.567569,
62,艾欧轻奢酒店(佳木斯大商新玛特店),向阳区,光复西路72号,,,,46.807731,130.363398,
62,佳木斯忆家人宾馆,向阳区,桥南路向阳巷140号,,,,46.804892,130.368722,
62,盛达商务宾馆(佳木斯火车站店),前进区,和平街109号,,,,46.811626,130.380350,
62,佳木斯三江商务宾馆(佳木斯万达广场店),向阳区,[],,,,46.790674,130.344496,
62,禧龙宾馆(三江店),富锦市,三江路356号,,,,47.259857,132.641910,
62,佳木斯方圆商务宾馆,前进区,火车站北50米泌尿医院对面,,,,46.806983,130.382493,
62,君庭酒店(佳木斯火车站店),前进区,升平街310号(建兴大厦旁边),,,,46.808022,130.384520,
62,佳木斯佳府快捷宾馆,前进区,胜利小区东北门旁,,,,46.800262,130.403924,
62,名河快捷宾馆(佳木斯站),前进区,先锋路507号,,,,46.798439,130.380415,
62,富锦鼎鑫精品酒店,富锦市,新开路与新一街交叉口东南140米,,,,47.245183,132.038744,
62,佳木斯帝博商务宾馆,向阳区,光复西路365号,,,,46.798974,130.344697,
62,佳木斯正达快捷宾馆,前进区,乐园巷与和平路交口东50米路北,,,,46.807069,130.383234,
62,赢家商务宾馆(佳木斯火车站店),前进区,站前路193号,,,,46.806002,130.385503,
62,迈典主题宾馆(西林路店),前进区,西林路东段56号,,,,46.818320,130.372657,
62,佳木斯西圃商旅宾馆,郊区,西林路1400号,,,,46.806377,130.315876,
63,爱尚快捷宾馆(旭日街),桃山区,旭日街259号(同仁堂药店东侧),,,,45.774084,131.015906,
63,禧龙宾馆(七台河店),桃山区,山湖路41号,,,,45.772546,131.006511,
63,金源宾馆(大同街),桃山区,大同街33号,,,,45.770488,131.001484,
63,七台河鑫升宾馆,桃山区,步行街与旭日街道口,,,,45.773682,131.009441,
63,天湖时尚宾馆(站前店),勃利县,中心大街71号,,,,45.755029,130.565053,
63,七台河隆达宾馆,桃山区,学府街8号(阿波罗西餐厅西侧),,,,45.775413,131.008522,
63,勃利泰豪宾馆,勃利县,康华街30号,,,,45.755201,130.569505,
63,昆仑大酒店,桃山区,山湖路2号,,,,45.781308,131.004817,
63,七台河新尚快捷宾馆,桃山区,东进街82号道管公寓2号商铺,,,,45.765215,131.020527,
63,七台河姐妹客房,桃山区,星光巷9号,,,,45.768910,131.017079,
63,华悦宾馆(同仁路店),桃山区,同仁路(同仁新居院内),,,,45.771919,131.026342,
63,七台河唯爱主题宾馆,桃山区,霞光街68号(巴蜀虾旁),,,,45.771950,131.012653,
63,七台河华闻宾馆,桃山区,山湖路110号,,,,45.768888,131.004311,
63,七台河驿巢商务酒店(北岸新城店),新兴区,商贸博览城E区99号,,,,45.803278,130.962460,
63,勃利凯莱宾馆,勃利县,新建路58号,,,,45.755994,130.573217,
63,喜龙宾馆(明华路店),勃利县,明华路20号,,,,45.754025,130.575525,
63,勃利福鑫园宾馆,勃利县,学府路原光大办公楼4-5层,,,,45.744676,130.569881,
63,欧华时尚宾馆,勃利县,城西街东河沿路0115号,,,,45.757174,130.569707,
63,勃利润丰快捷宾馆,勃利县,城西街道通达路5号交通局住宅楼小区一单元101室,,,,45.757039,130.571534,
63,七台河富达时尚快捷宾馆,茄子河区,杨扬街316号,,,,45.775006,131.068914,
63,流星电竞宾馆(步行街店),桃山区,风采路189号(近流星网吧新天地购物广场),,,,45.771010,131.012627,
63,七台河悦湾轻居宾馆,桃山区,旭日街462号,,,,45.773806,131.016691,
63,七台河365度时尚快捷宾馆,桃山区,霞光街123号,,,,45.771984,131.014715,
63,勃利怡荷连锁宾馆,勃利县,城西街七委长安街63号,,,,45.753214,130.570884,
63,勃利宾馆,勃利县,学府路22号,,,,45.751931,130.571460,
64,金融大酒店(五马路),尖山区,西平行路5号,,,,46.643566,131.154586,
64,宝清汇龙宾馆,宝清县,建设街828号,,,,46.331809,132.195481,
64,宜家快捷宾馆(双鸭山总店),尖山区,新兴大街和四马路交叉口中国银行后院,,,,46.638124,131.158077,
64,禧龙宾馆(宝清店),宝清县,新华路351号,,,,46.330733,132.198546,
64,宝清华庭快捷宾馆,宝清县,向阳路66号,,,,46.328664,132.205483,
64,双鸭山江天大酒店,尖山区,新兴大街79号,,,,46.640588,131.157171,
64,阳霖大酒店,集贤县,福利镇保卫路140号,,,,46.728157,131.135032,
64,7天连锁酒店(双鸭山集贤县保卫路店),集贤县,福利镇保卫路东教委住宅楼(1-6层),,,,46.728020,131.135817,
64,友谊龙源宾馆,友谊县,友谊路步行街东高层3层,,,,46.776156,131.812560,
64,五环酒店(站前路),尖山区,站前路185号,,,,46.645008,131.156572,
64,集贤格林宾馆,集贤县,福双路508号,,,,46.712605,131.141005,
64,友谊都市新城宾馆,友谊县,友谊路都市新城小区C号楼1号1-3层,,,,46.768420,131.813413,
64,宝清小飞假日宾馆,宝清县,中央大街百汇体育东侧,,,,46.328602,132.204987,
64,饶河鑫南山宾馆,饶河县,交通运输局厢楼二楼,,,,46.797060,134.005312,
64,双鸭山爱情宾馆,尖山区,康泰路11号楼2-3单元5层,,,,46.674420,131.146887,
64,美都宾馆(五马路),尖山区,西平路五马路东京大酒店后侧,,,,46.642531,131.153573,
64,集贤喜龙宾馆,集贤县,友谊街13号,,,,46.726667,131.148384,
64,集贤喜润宾馆,集贤县,兰庭广厦西门旁,,,,46.708895,131.141426,
64,嘉华酒店,尖山区,行政审批服务中心西北100米,,,,46.645675,131.155625,
64,安馨宾馆(站前路店),尖山区,站前路司法大厦一层,,,,46.645284,131.153521,
64,集贤丽都快捷宾馆,集贤县,福双路与新发街交汇处东150米,,,,46.704902,131.143540,
64,饶河欣城宾馆,饶河县,通江街畜牧局楼门市48-13号,,,,46.798016,134.008172,
64,柠檬快捷宾馆(益人路店),尖山区,益人家园东门旁,,,,46.645535,131.173248,
64,双鸭山鸿园快捷宾馆(民生大街店),尖山区,大岗民生路66号,,,,46.677199,131.146193,
64,集贤世纪宾馆,集贤县,福利镇福双路316号,,,,46.724983,131.138899,
65,北屯世纪商务酒店,北屯市,团结路中北商业楼一层8号,,,,47.353497,87.826241,
65,北屯天阳宾馆,北屯市,团结路原乌馨园三单元5楼,,,,47.354160,87.823228,
65,九度商务宾馆(北屯步行街店),北屯市,团结路天骄圣恒大厦2单元9楼,,,,47.353522,87.823210,
65,新瑞洁假日宾馆,北屯市,嘉鑫小区斜对面,,,,47.355756,87.810500,
65,北屯卧龙山主题宾馆,北屯市,华阳路1186-1-3号,,,,47.338102,87.818342,
65,北屯悦豪宾馆,北屯市,西北路西侧2号底商,,,,47.362288,87.803057,
65,北屯金山宾馆,北屯市,北屯市步行街北侧,,,,47.352575,87.826575,
65,北屯宾馆西楼,北屯市,博望东街1513号,,,,47.353441,87.824139,
65,北屯豪晨宾馆,北屯市,阿福路二运司旁,,,,47.359431,87.805198,
65,北屯鑫湘怡宾馆,北屯市,正阳路895一1,,,,47.350277,87.819487,
65,北屯朋悦宾馆,北屯市,西北路138-3号,,,,47.354637,87.815705,
65,北屯暧尚商务主题宾馆,北屯市,正阳路851-12号,,,,47.350109,87.819791,
65,北屯凡世酒店,北屯市,西北路1452号,,,,47.357254,87.812861,
65,北屯梦都商务宾馆,北屯市,多尔布尔津街1676-1-2,,,,47.350081,87.821565,
65,北屯凯迪亚宾馆,北屯市,昆玉路98-1-5号,,,,47.352572,87.829469,
65,华瑞宾馆,北屯市,博望西街68-1-31,,,,47.352350,87.816411,
65,北屯悠然宾馆,北屯市,西北路市中医院西侧50米,,,,47.367034,87.792736,
65,金凤凰大酒店(阿勒泰地区烟草专卖分局北屯管理所西南),北屯市,阿福路263号,,,,47.359491,87.806224,
65,北屯福美来商务宾馆,北屯市,216国道西200米,,,,47.357972,87.807520,
65,北屯福源宾馆,北屯市,多尔布尔津街正阳街(农十师客运站旁),,,,47.350229,87.820442,
65,北屯徽德大酒店,北屯市,多尔布尔津街1701号(近农十师客运站),,,,47.351584,87.821269,
65,北屯市金融宾馆(步行街店),北屯市,博望东街百兴园(步行街旁),,,,47.352743,87.825430,
65,北屯塞尚客商务宾馆,北屯市,华阳路瑞祥小区,,,,47.352011,87.818033,
65,嘉年华宾馆,北屯市,博望东街1324-1-14号,,,,47.352788,87.828441,
65,宏鑫酒店,北屯市,北屯镇西北路703-d-2号,,,,47.362526,87.804397,
66,博乐戚家商务宾馆,双河市,[],,,,44.838875,82.093175,
66,双河雅居宾馆,双河市,楚星苑辅助用房49号楼2楼,,,,44.840579,82.363983,
66,双河宏泰酒店,双河市,楚星苑小区EF商铺(陈列馆对面),,,,44.839878,82.366185,
66,双河市格瑞宾馆,双河市,塔斯尔海东街48号楼,,,,44.840544,82.362592,
66,双河安逸宾馆,双河市,双河市89团楚星苑辅助用房项目B区二楼商铺,,,,44.836565,82.366089,
66,鸿翔商务宾馆,双河市,双河市89团兴鑫区西环南路2幢40-46号,,,,44.839823,82.349893,
66,双河市桔子宾馆,双河市,89团塔斯尔海东街荆楚北苑商铺22幢一层01号,,,,44.840564,82.358676,
66,双河逸家宾馆,双河市,育才南路50米,,,,44.835833,82.352344,
66,双河大华酒店,双河市,双河八一路至美文化艺术传媒中心南30米,,,,44.843609,82.349785,
66,秋林大酒店(博乐火车站店),双河市,青达拉街道建国路12号1-1-1福宁国际家居建材城西侧,,,,44.883588,82.090694,
66,石界酒店(双河店),双河市,军垦路八十九团楚星社区E区201号,,,,44.839240,82.366091,
66,双河海悦优品酒店,双河市,军垦路1322号商业综合体C座,,,,44.841893,82.367702,
66,奥雅酒店,双河市,天山路4号,,,,44.835715,82.392703,
66,双河耀泰酒店,双河市,168县道与054乡道交叉口西北200米,,,,44.830753,82.122409,
66,帝尚宾馆,双河市,团结西路与银海路交叉口南40米,,,,44.840613,82.359568,
66,浩淇商务宾馆,双河市,八十九团楚星苑小区B区二楼202号商铺,,,,44.837331,82.366074,
66,古道温泉酒店,双河市,博河路与迎宾路交叉口西100米,,,,44.849569,82.353791,
66,中盛商务酒店,双河市,军垦路师市人才交流中心东北20米,,,,44.849114,82.368545,
66,贝吉酒店(博乐高铁站店),双河市,建国路12号,,,,44.884923,82.096203,
66,双河中盛国际酒店,双河市,八一路与博河路交叉口西北160米,,,,44.852991,82.367628,
66,美豪酒店(博乐火车站店),双河市,青达拉街道22区黄河路30号1号楼,,,,44.885166,82.094793,
66,双河泰和国际酒店(如意文化主题公园店),双河市,光明路泰和广场B座,,,,44.842013,82.358542,
66,双河酒店,双河市,89团军垦路1322号商业综合体A座A4-1号,,,,44.841674,82.368871,
66,丽呈文览酒店,双河市,灵峪路与天山路交叉口北300米,,,,44.838228,82.369031,
66,双河豪锦酒店,双河市,军垦路1322号新世纪商贸城F3层,,,,44.838225,82.369025,
67,米澜宾馆,铁门关市,文化路三号,,,,39.242164,88.901040,
67,铁门关宏友宾馆,铁门关市,巴格吉格代派出所旁,,,,41.869038,85.670347,
67,铁门关市润德宾馆,铁门关市,迎宾东路神宇小区最西边门面店,,,,41.858712,85.705192,
67,皓天商务宾馆(华山中学店),铁门关市,迎宾大道北50米鑫恒泰商贸中心5层,,,,41.863252,85.686604,
67,铁门关市众鑫快捷酒店,铁门关市,29团开发区迎宾路新疆天诚农机具制造有限公司东侧360米处,,,,41.854189,85.723414,
67,二九商务宾馆,铁门关市,孔雀佳苑南门东150米,,,,41.859989,85.699710,
67,小程宾馆,铁门关市,34团218国道975公里处向左50米,,,,40.650581,87.694979,
67,君荣精品酒店,铁门关市,迎宾大道9号,,,,41.854785,85.696161,
67,银河宾馆(尉犁31团建设路店),铁门关市,31团建设路141号,,,,40.885004,86.953647,
67,星兴商务宾馆,铁门关市,三十六团新农贸市场长安路益佳超市南侧,,,,39.240871,88.900499,
67,宜家快捷宾馆(二十四团中学店),铁门关市,306省道附近,,,,42.274588,86.729245,
67,天湖凯越宾馆(焉耆县二十七团中学店),铁门关市,二十七团育英路天河水韵18号楼8号商铺,,,,42.000925,86.507175,
67,若羌传奇公寓,铁门关市,市米兰镇36团金山小区8号楼,,,,39.242438,88.890036,
67,顺鑫宾馆(米兰中学店),铁门关市,市三十六团米兰镇文化街14号,,,,39.241758,88.900695,
67,城市假日酒店(华山二中店),铁门关市,延安路成渝故里23栋,,,,41.849829,85.677011,
67,且末何原宾馆,铁门关市,新军垦大道38团军垦路1-2号路,,,,37.754536,84.144454,
67,木槿酒店(第二师37团店),铁门关市,[],,,,38.206970,85.385503,
67,铁门关私隅影音民宿,铁门关市,将军河休闲广场1号楼2层,,,,41.855359,85.695144,
67,尉犁葫芦岛快捷宾馆,铁门关市,乌鲁克商贸城4B-07,,,,40.830135,87.189561,
67,若羌如意宾馆(军垦路店),铁门关市,军垦路米兰时代东南40米,,,,39.241168,88.897559,
67,依林假日宾馆,铁门关市,南屯镇军垦大道客运站旁,,,,37.753913,84.145990,
67,心愿宾馆,铁门关市,218国道健康路第二师三十一团客运站内,,,,40.878925,86.951425,
67,尉犁永红宾馆,铁门关市,218国道乌鲁克商贸城4号楼,,,,40.829522,87.190819,
67,铁门关丝路香苑酒店,铁门关市,铁门关市健康街,,,,41.855334,85.701670,
67,南湖大酒店,铁门关市,二师客运三十一团客运站南200米,,,,40.877108,86.950878,
68,可克达拉林雨轩旅馆,可克达拉市,六十四团益群东路农业银行旁,,,,44.126403,80.626464,
68,立华生态酒店(六十四团店),可克达拉市,四团翠珠路与益群西路交叉口西北侧,,,,44.130197,80.626637,
68,静亭轩民宿,可克达拉市,五零路17号,,,,43.953974,81.049768,
68,锦源酒店(鑫时代购物中心店),可克达拉市,可克达拉市镇江东路111号,,,,43.925991,80.995563,
68,沙林西瓜主题酒店,可克达拉市,63团人民北路,,,,43.967426,80.548187,
68,友派商务酒店,可克达拉市,123县道南,,,,44.124217,80.623434,
68,小青山宾馆,可克达拉市,天山路34号,,,,43.951397,81.044871,
68,可克达拉市绿山缘民宿,可克达拉市,六十六团健康北路35-2号,,,,43.955114,81.046891,
68,可克达拉市安怡商务酒店,可克达拉市,可克达拉市镇江东路1号九九财富广场4号楼,,,,43.926353,80.995703,
68,可克达拉市润丰酒店,可克达拉市,新丝路紫金名门商铺C3,,,,43.935062,81.010026,
68,可克达拉宾馆(朱雀湖公园店),可克达拉市,滨河西路555号,,,,43.917840,80.979283,
68,暮光之城庭院民宿,可克达拉市,可克达拉市六十六团十五连东菜园子一巷2号,,,,43.941248,81.070301,
68,可克达拉丰和苑民宿,可克达拉市,六团人民东路和伊犁河路交汇处,,,,43.945207,81.049480,
68,可克达拉焱桦居度假休闲民宿,可克达拉市,六十六团(金梁镇)十二连红果林军垦路8号,,,,43.956686,81.057128,
68,伊水湖休闲度假民宿,可克达拉市,六十四团十五连伊水湖景区内(东侧),,,,44.008325,80.666375,
68,枫渡酒店(可克达拉市国投大厦店),可克达拉市,迎宾大道4999号,,,,43.927434,80.993160,
68,可克达拉市梦乡酒店,可克达拉市,长江东路136号鑫石悦城商住小区8幢149号铺,,,,43.933059,81.002570,
68,可克达拉市旅行者酒店,可克达拉市,和谐东路99号鑫正大厦5楼,,,,43.927892,80.996813,
68,云朵酒店,可克达拉市,美地壹号小区1A商业楼,,,,43.927084,81.005542,
68,宏鹏酒店,可克达拉市,幸福路10号,,,,43.945994,81.044855,
68,可克达拉盛福酒店,可克达拉市,67团白杨西路50号昊元综合楼,,,,43.800404,80.752375,
68,金泰源大酒楼宾馆音乐餐吧,可克达拉市,66团五零路,,,,43.953875,81.049452,
68,可克达拉兰亭驿园林生态酒店,可克达拉市,迎宾路,,,,43.928162,80.996422,
68,西域豪客农家院,可克达拉市,[],,,,43.881858,80.998552,
68,栖木时光,可克达拉市,鑫时代购物中心,,,,43.925285,81.007371,
69,大桥宾馆(迎宾南路店),额敏县,迎宾南路额敏客运站旁,,,,46.522490,83.633866,
69,富丽华酒店(乌鲁木齐南路),乌苏市,乌鲁木齐南路88号,,,,44.428374,84.679518,
69,华宫宾馆,塔城市,伊宁路15号,,,,46.743721,82.998812,
69,鸿都大酒店,托里县,喀普其克路国税局对面,,,,45.940803,83.604371,
69,乌苏鸿福宾馆,乌苏市,塔里木河西路272号,,,,44.433047,84.681785,
69,乌苏四季阳光宾馆,乌苏市,友好南路市场北门二楼009号,,,,44.433839,84.686391,
69,前山商务宾馆,乌苏市,胡杨河市第七师一二八团迎宾苑22号楼,,,,45.023847,84.607886,
69,沙湾天博生态大酒店,沙湾市,友好北路111号,,,,44.361030,85.582811,
69,乌苏瑞华商务宾馆,乌苏市,今日花园高层二楼(电信局对面),,,,44.427005,84.678354,
69,西部春宾馆,塔城市,新华路157号,,,,46.745132,82.985069,
69,亚西宾馆,乌苏市,黄河路公务员小区3号商铺楼3楼(市政府正对面),,,,44.417108,84.713738,
69,信和假日酒店,额敏县,上户西路附近,,,,46.520180,83.617591,
69,塔城黎兴宾馆,塔城市,伊宁路145号,,,,46.742673,83.034538,
69,乌苏宾馆,乌苏市,乌鲁木齐北路1073号,,,,44.436763,84.679005,
69,海悦商务宾馆,乌苏市,淮河西路648号,,,,44.418257,84.674568,
69,诚悦宾馆(农九师医院店),额敏县,额敏镇光明路幸福花园小区12栋615号,,,,46.514068,83.616845,
69,沙湾和平宾馆,沙湾市,县客运站北侧斜对面,,,,44.331369,85.626424,
69,泉都酒店,塔城市,光明路36号青松楼旁,,,,46.743193,82.977510,
69,富源宾馆,和布克赛尔蒙古自治县,迭伦北街162号,,,,46.524854,86.009494,
69,乌苏众达宾馆,乌苏市,北园春路180号A5三楼,,,,44.414987,84.740980,
69,乌苏博源商务宾馆,乌苏市,南苑街道乌鲁木齐南路博园新居综合楼13号楼2-3,,,,44.423565,84.679251,
69,塔城华都商务宾馆,塔城市,伊宁路101-4,,,,46.740904,83.025230,
69,亚欧酒店,额敏县,塔额路额河商场北侧500米,,,,46.524300,83.615665,
69,塔城市菲尚酒店,塔城市,伊宁路157号,,,,46.741097,83.026110,
69,额敏佳园宾馆,额敏县,曙光大厦斜对面,,,,46.522208,83.617243,
70,昆玉浩轩商务酒店,昆玉市,京昆大道浩天综合楼5、6号房屋,,,,37.210294,79.277150,
70,昆玉玉龙宾馆,昆玉市,友好路南西滨路1号,,,,37.209148,79.290158,
70,金鑫商务宾馆,昆玉市,昆园镇商业街锦江路7号,,,,37.203528,79.288018,
70,昆玉市利华酒店,昆玉市,玉都大街277号1-5号,,,,37.207377,79.296880,
70,昆玉华成悦季精品酒店,昆玉市,昆园镇锦江路185号,,,,37.208915,79.290134,
70,沙海宾馆,昆玉市,工八段四十七团社保所东北120米,,,,37.505913,79.646864,
70,新城宾馆,昆玉市,二二四团迎宾路23号(天翔小区附近),,,,37.206547,79.289186,
70,昆玉大酒店,昆玉市,玉都大道与昆牧路交叉口东南80米,,,,37.211737,79.278996,
70,昆玉喜尚优客酒店,昆玉市,京昆大道1号楼2-3层,,,,37.210390,79.278241,
70,昆玉市金隆商务酒店,昆玉市,224团商业街A-13-202,,,,37.205111,79.289739,
70,锦源酒店(二二四团客运站店),昆玉市,锦绣路003号,,,,37.203109,79.290132,
70,昆玉昆德精品酒店,昆玉市,昆玉市八一街一号,,,,37.216682,79.270587,
70,R ROYALSS HOTEL(昆玉站店),昆玉市,玉都大街与昆牧路的交叉口龙泽苑浩天综合楼,,,,37.212062,79.277819,
70,昆玉美豪酒店,昆玉市,京昆大道浩天家合楼C段7-11层,,,,37.211970,79.277824,
70,福星宾馆,昆玉市,昆泉镇勤劳路4号6栋202号商铺,,,,37.683825,78.472825,
70,沙海老兵村民宿酒店,昆玉市,凯旋路与凯北路交叉口西100米,,,,37.511748,79.642645,
70,策勒蓝湖酒店,昆玉市,解放街与雪原路交叉口东南60米,,,,36.264378,81.038709,
70,鑫城酒店,昆玉市,306乡道与美德路交叉口西80米,,,,37.686543,78.463112,
70,昆玉浩泰商务宾馆,昆玉市,锦江路与玉林大街交叉口东北220米,,,,37.204401,79.289569,
70,昆牧小镇民宿,昆玉市,一牧场,,,,36.261326,81.040641,
70,福缘大酒店,昆玉市,迎宾路与北一路交叉口南120米,,,,36.263475,81.034590,
70,金瑞阳宾馆,昆玉市,昆仑镇47团场沙洲路,,,,37.505919,79.646865,
70,一个小院,昆玉市,迎宾路,,,,37.267919,79.284277,
70,薄利酒店,昆玉市,天华路与永兴街交叉口东北360米,,,,37.300475,79.296275,
70,老兵印象酒店,昆玉市,公园路与昆仑路交叉口西南180米,,,,37.507064,79.643795,
71,好幸福宾馆(于田县),于田县,团结路210号,,,,36.858026,81.666606,
71,兴盛大酒店(于田县委店),于田县,木尕拉镇玉城东路4号,,,,36.853456,81.667765,
71,昆仑快捷酒店(玉城东路),于田县,玉城东路24号,,,,36.853096,81.668015,
71,富安宾馆(和田团城景区店),和田市,北京西路52号,,,,37.112272,79.926952,
71,温州大酒店,皮山县,固玛北路49号,,,,37.617347,78.282682,
71,何胖子商务酒店(台北西路店),和田市,台北西路513号,,,,37.127051,79.913194,
71,创客快捷酒店,墨玉县,喀拉喀什镇新喀尔赛车站往西300米院内,,,,37.289610,79.724941,
71,于田杭州宾馆,于田县,玉城西路268号,,,,36.855684,81.663809,
71,母城商务宾馆,皮山县,萨依巴格西路16-25号,,,,37.613957,78.279161,
71,便捷宾馆(和田团结广场店),和田市,努尔巴格街道团结广场社区塔乃衣北路69号4栋2楼,,,,37.118059,79.922265,
71,于田万豪大酒店,于田县,昆仑路23号,,,,36.853941,81.670441,
71,民丰幸福宾馆,民丰县,人民北路149号(中国农业银行旁),,,,37.064255,82.691379,
71,西域大酒店,和田市,北京西路261号(新疆和田学院旁),,,,37.111250,79.911281,
71,和田瑞龙主题宾馆,和田市,人民路83号二楼,,,,37.099956,79.918482,
71,江苏大酒店,和田市,文化路4号,,,,37.112376,79.930219,
71,和田乐霖快捷宾馆(和田站店),和田市,北慕市场外场A2外13号,,,,37.149123,79.905695,
71,佰斯特太空舱宾馆(和田玉石交易中心店),和田市,和田市远东国际天街斜对面西 39 米,,,,37.103341,79.953703,
71,墨玉君豪商务宾馆,墨玉县,依甫巴扎东路,,,,37.273974,79.741455,
71,云丽漫商务时尚酒店,于田县,卡鲁克路橄榄超市西南60米,,,,36.856503,81.681435,
71,怡家酒店(和田火车站店),和田市,玫瑰大道299号丽景嘉苑小区2层,,,,37.151980,79.905995,
71,策勒吉泰宾馆,策勒县,英巴扎东路7一57号(国税局旁),,,,36.999105,80.803737,
71,金顺宾馆(和田第八小学店),和田市,敬老路69号,,,,37.117059,79.909200,
71,九龙宾馆(和田火车站店),和田市,拉斯奎镇阿克塔什村玫瑰大道和创公馆3栋3号门面火车站出口正对面200米,,,,37.154499,79.905873,
71,和美商务宾馆(和田夜市店),和田市,迎宾路玉都花园楼下二楼,,,,37.103995,79.928385,
71,洛浦信豪商务宾馆,洛浦县,英买里社区和田路48号,,,,37.073661,80.181610,
72,神湖大酒店,布尔津县,神湖西路68号,,,,47.706451,86.859534,
72,世纪星酒店,富蕴县,文化东路165号步行街旁,,,,46.992919,89.531672,
72,富瑞宾馆(济海西路),福海县,济海西路27号,,,,47.113475,87.494304,
72,福海宾馆,福海县,团结路13号,,,,47.110920,87.492896,
72,金鑫宾馆(双拥公园店),富蕴县,文化西路14-1号,,,,46.994238,89.521011,
72,福贵宾馆,哈巴河县,过境路汽车服务中心综合楼215幢,,,,48.055974,86.423539,
72,青河爱家快捷酒店,青河县,友好南路3号,,,,46.673136,90.383504,
72,阿勒泰润德大酒店,阿勒泰市,团结1路111号,,,,47.837448,88.131969,
72,阿勒泰恒丰宾馆,阿勒泰市,解放南路60号恒丰小区院内,,,,47.836500,88.140269,
72,布尔津菠菜青年旅舍,布尔津县,五彩滩东路269号,,,,47.703104,86.881819,
72,壹楼客栈,阿勒泰市,团结南路东侧团结南路200号1层32号,,,,47.812805,88.129590,
72,富蕴顺发宾馆,富蕴县,库额尔齐斯镇幸福路金鑫小区下坡,,,,46.994998,89.512214,
72,许久平野青旅(可可托海店),富蕴县,青年路4号第二层,,,,47.214969,89.825855,
72,布尔津初见青年旅舍,布尔津县,布尔津镇喀纳斯路5号,,,,47.700750,86.863351,
72,布尔津不大酒店,布尔津县,喀纳斯路32号,,,,47.704897,86.867938,
72,摩羯座青年旅社(将军山国际滑雪场店),阿勒泰市,将军山路32号山间民宿二区31栋1层101号,,,,47.840633,88.148857,
72,富蕴金山客栈,富蕴县,赛尔江西路金鑫花苑小区10号楼13号12幢,,,,46.996088,89.512417,
72,富蕴如意宾馆,富蕴县,迎宾东路39号,,,,46.989949,89.529980,
72,良友宾馆,布尔津县,布尔津客运站北侧,,,,47.705955,86.868452,
72,布尔津勿忘我精品民宿,布尔津县,神仙湾路25号,,,,47.704019,86.857562,
72,老兵杜曼民宿,阿勒泰市,巴里巴盖乡喀拉尕什村村委会西北方向500米处,,,,47.706879,88.086834,
72,哈巴河爱家宾馆(民主西路店),哈巴河县,民主西路桦林嘉苑12号楼3楼,,,,48.058561,86.412154,
72,瑞祥旅馆,阿勒泰市,团结路街道团结路银河小区1号楼3单元101室,,,,47.824090,88.125800,
72,布尔津飞梦民宿,布尔津县,七彩小镇汽车营地33栋1号,,,,47.713648,86.895112,
72,迎宾酒店(富蕴客运站店),富蕴县,迎宾西路4号,,,,46.990755,89.526384,
73,海迪宾馆(幸福路),石河子市,东一路51号,,,,44.309496,86.051466,
73,海滨月酒店,石河子市,12小区北五路132-24号,,,,44.312482,86.037633,
73,石河子聚丰楼宾馆(时代广场店),石河子市,12小区北子午路177号B-C-E号,,,,44.310653,86.039640,
73,轻住·丽朵酒店(石河子友谊时尚生活广场店),石河子市,云杉街二十二号小区140-14号,,,,44.308160,86.041225,
73,石河子暖庐·青年公寓,石河子市,东四路阳光丽景21-1号,,,,44.297707,86.075313,
73,美旅青年旅社,石河子市,北泉镇客运站三楼东,,,,44.327432,86.041608,
73,绿珠酒店,石河子市,石河子西一路214号,,,,44.305625,86.028556,
73,天脉宾馆,石河子市,北子午路34号,,,,44.317755,86.040747,
73,宾乐快捷宾馆,石河子市,北子午路91号,,,,44.315041,86.039440,
73,石河子幸福旅馆,石河子市,开发区东幸福路76号,,,,44.309137,86.096522,
73,石河子皖韵宾馆,石河子市,石河子老街乌伊路北4-239号,,,,44.313636,86.019011,
73,石河子家洁宾馆,石河子市,西一路45-4号,,,,44.312340,86.027553,
73,意选酒店(石河子音乐广场军垦博物馆店),石河子市,北二路成渝大厦22-c2号,,,,44.296064,86.039837,
73,石河子泓源网络宾馆(人民医院店),石河子市,5小区西一路141号,,,,44.307030,86.027774,
73,明隆商务宾馆,石河子市,西环路127-3号游憩广场西侧,,,,44.300628,86.035358,
73,石河子浪漫风尚宾馆,石河子市,开发区世纪喷泉广场东面(步行街建材城西门),,,,44.303786,86.086258,
73,天胜宾馆,石河子市,六十三小区18号,,,,44.310051,86.094316,
73,石河子汇轩商务宾馆,石河子市,乌伊东路老街沙湾车站东100米,,,,44.316343,86.026099,
73,石河子博通宾馆,石河子市,东五路34-A12,,,,44.302139,86.086886,
73,祥瑞商务宾馆,石河子市,乌伊东路58号,,,,44.320921,86.058461,
73,金宏商务宾馆,石河子市,北泉镇花园路1-B号145总场医院南,,,,44.334485,86.023619,
73,石河子瑞丰商务宾馆(市政府店),石河子市,开发区东四路25-2,,,,44.302936,86.074882,
73,东鑫宾馆(十二小区店),石河子市,北五路12小区(原老技校对面),,,,44.312486,86.036815,
73,乐家网络宾馆,石河子市,北四路玫瑰园小区7栋9-15,,,,44.307506,86.076650,
73,一城驿站青旅酒店(石河子站店),石河子市,南三路火车站公路客运站,,,,44.270192,86.060902,
74,东旭银苑宾馆,阜康市,准噶尔路275号,,,,44.150813,87.981435,
74,奇台宾馆,奇台县,东关街1号(奇台汽车站对面),,,,44.020834,89.595838,
74,奇台东风宾馆,奇台县,解放西街281号,,,,44.023084,89.582535,
74,玛纳斯供销宾馆,玛纳斯县,中华中路373号,,,,44.304002,86.218429,
74,好家商务宾馆(东方广场店),昌吉市,东方广场旁健康东路8号,,,,44.019028,87.311738,
74,昌吉庆源大饭店,昌吉市,长宁路2号,,,,44.011769,87.296185,
74,吉木萨尔北庭宾馆,吉木萨尔县,北庭路16近北庭商贸城旁,,,,43.994607,89.182070,
74,木垒金鑫宾馆,木垒哈萨克自治县,长乐西路(县客运站),,,,43.831928,90.279599,
74,福美佳商务宾馆,阜康市,博峰西路新城花园15栋201号,,,,44.155847,87.970493,
74,吉祥宾馆(健康路店),奇台县,健康西路5区1丘26幢1楼,,,,44.014569,89.589383,
74,泓祥酒店,奇台县,天山南路28号,,,,44.012199,89.592746,
74,驼铃湾宾馆,奇台县,东关街299号,,,,44.010581,89.602039,
74,壹家快捷宾馆(延安北路),昌吉市,延安北路226号,,,,44.019336,87.309320,
74,兄弟旅馆(阜康市信康农业开发中心东),阜康市,准噶尔路525号,,,,44.148194,87.966540,
74,奇台豪都宾馆,奇台县,东关街文化巷(奇台第四小学边),,,,44.019198,89.595557,
74,喜阳洋快捷宾馆,奇台县,东关街供电局对面,,,,44.018448,89.597962,
74,绥来宾馆(玛纳斯县博物馆店),玛纳斯县,团结南路与乌伊西路交叉口北100米,,,,44.301670,86.219495,
74,昌吉嘉容宾馆,昌吉市,健康东路海棠天街商业北A段201号,,,,44.017637,87.324710,
74,阜康美豪宾馆,阜康市,团结西路1区8段,,,,44.154113,87.976192,
74,阜康瑞云酒店,阜康市,民族巷33号,,,,44.152739,87.983764,
74,昌吉家佳宾馆,昌吉市,供电巷5号,,,,44.018280,87.313285,
74,昌吉紫藤薇公寓,昌吉市,北京南路74号,,,,44.003482,87.298938,
74,阜康金福来商务宾馆,阜康市,有色苑南门西120米,,,,44.148938,87.966078,
74,千禧宾馆,昌吉市,宁边路64号,,,,44.024371,87.301461,
74,成香招待所,阜康市,准格尔路277号,,,,44.150709,87.980751,
75,如意旅社(团结北路店),库尔勒市,团结北路金汇来广场正对面(团结北路畜牧局旁),,,,41.757890,86.145549,
75,阳光酒店(库尔勒火车站店),库尔勒市,火车东站新城街道工商银行对面,,,,41.744439,86.194894,
75,库尔勒金世家宾馆,库尔勒市,萨依巴格街道广场路3号楼兰世家A座5楼,,,,41.762943,86.149680,
75,库尔勒康缘宾馆,库尔勒市,巴音东路育花街小康城前门海蓝之家旁,,,,41.765596,86.146949,
75,焉耆宾馆,焉耆回族自治县,焉耆镇解放路1280号,,,,42.059273,86.576184,
75,教园宾馆,库尔勒市,天山街道天山东路5号,,,,41.775073,86.160559,
75,金色时代宾馆,库尔勒市,萨依巴格街道巴音西路与萨依巴格路交汇口西100米路北金色时代广场,,,,41.763049,86.143078,
75,如家派柏云酒店(库尔勒青年路人民广场店),库尔勒市,青年路30号,,,,41.767825,86.144225,
75,库尔勒巴州金三角宾馆,库尔勒市,团结北路1号,,,,41.758776,86.144674,
75,博湖开都河大酒店,博湖县,人民路126号11幢(政府大楼斜对面),,,,41.979464,86.630641,
75,轮台油缘宾馆,轮台县,"轮南镇采油三队幸福路中段,近川乐小炒",,,,41.331896,84.039203,
75,库尔勒果品宾馆(火车站店),库尔勒市,生活路火车东站旁,,,,41.746030,86.195128,
75,金元宾馆(人民西路),库尔勒市,人民西路90号,,,,41.760248,86.136703,
75,麒麟宾馆,库尔勒市,天山东路73号,,,,41.778226,86.147290,
75,龙驹宾馆,和硕县,清水河北路18号(九州假日广场对面),,,,42.267835,86.866348,
75,洲际钻石酒店,和硕县,文化二街(国土局对面),,,,42.274774,86.873211,
75,兴合星空酒店,和静县,天鹅湖北路9号,,,,42.312449,86.392917,
75,尉犁大桥宾馆,尉犁县,孔雀路团结综合市场斜对面,,,,41.330359,86.260116,
75,鸿都酒店,库尔勒市,库尔勒东站新华路口往东150米,,,,41.740273,86.189682,
75,博湖博斯腾湖大酒店,博湖县,新疆巴州大桥东路,,,,41.976943,86.623520,
75,库尔勒绿都快捷宾馆,库尔勒市,交通西路锦锈华庭9-10门面,,,,41.770936,86.141318,
75,和硕欣欣宾馆,和硕县,文化二路邮政局对面农信社旁,,,,42.274525,86.863875,
75,库尔勒五金福宾馆,库尔勒市,石化大道与利民路交汇处圣马润泽园2号楼1楼,,,,41.732025,86.181526,
75,轮台淑轩阁快捷宾馆,轮台县,文化北路与交通西路交叉口北60米,,,,41.785765,84.248006,
75,库尔勒希悦电竞宾馆,库尔勒市,建国北路西一巷10号晨光力源苑9栋2层1号,,,,41.779711,86.135062,
76,精河鸿兴楼大酒店,精河县,乌鲁木齐路9-01号,,,,44.604574,82.898880,
76,博乐东港大酒店,博乐市,兴乐商贸广场,,,,44.897256,82.071282,
76,精河庭院客栈,精河县,大河沿子镇额勒森陶勒盖村二组48号,,,,44.571490,82.307534,
76,博乐市莉鸿快捷宾馆,博乐市,205线机关农场向前200米西侧,,,,44.867312,82.094220,
76,察哈尔宾馆,温泉县,博格达尔镇孟克特北街13号,,,,44.976893,81.030521,
76,博乐红星宾馆,博乐市,红星路9号,,,,44.893455,82.071518,
76,博乐大酒店,博乐市,团结路58号,,,,44.901789,82.078517,
76,馨园酒店,精河县,伊犁路生态园东侧,,,,44.603539,82.880678,
76,锦鸿酒店(博乐市万象汇店),博乐市,杭州路76号,,,,44.889569,82.068456,
76,博乐市福春天祥商务宾馆,博乐市,顾里木图路天祥国际建材城西门15-14,,,,44.915383,82.075092,
76,华松旅社,博乐市,青得里大街192号,,,,44.908098,82.058863,
76,乐顺宾馆,博乐市,219国道与建设路交叉口西北240米,,,,44.866191,82.095132,
76,博乐皓晨商务宾馆,博乐市,土尔扈特路禾中花卉对面喜农农资市场门口,,,,44.841235,82.076688,
76,博乐楠骄快捷宾馆,博乐市,205省道附近,,,,44.866096,82.096038,
76,博乐市锦运商务宾馆,博乐市,S205金汇源商贸物流园2栋二楼,,,,44.845125,82.094275,
76,博乐漫威电竞酒店,博乐市,时代广场一段酒店七楼,,,,44.883782,82.063843,
76,博乐宜博电竞酒店(友好万象汇店),博乐市,渝博商厦四楼,,,,44.890169,82.069625,
76,博乐瑞安宾馆,博乐市,博州北京路楚天商务城D段三层南边,,,,44.886241,82.064483,
76,博乐泓博大酒店,博乐市,北京路6号,,,,44.870337,82.059090,
76,博乐金豪酒店,博乐市,"吉祥盛广场1F28,2F1,2F2,2F3.2F5,3F1.3F2号商铺",,,,44.855189,82.071066,
76,格林豪泰(博乐北京路万象汇店),博乐市,北京路万象汇商业街,,,,44.889859,82.066203,
76,博庭精品酒店,精河县,伊犁北路11号1栋1楼,,,,44.604226,82.887619,
76,华腾宾馆(海西国际广场店),博乐市,北京北路570号,,,,44.907311,82.074672,
76,鸿缘宾馆(伊犁路),精河县,伊犁路南侧兵站对面,,,,44.604187,82.882020,
76,博尔塔拉胡杨客栈,博乐市,南城区街道锦绣路68号,,,,44.855133,82.083345,
77,伊宁江南旅社,伊宁市,解放路街道工人街1巷,,,,43.933176,81.304311,
77,伊宁军友宾馆(六星街店),伊宁市,解放西路二巷13号,,,,43.925866,81.317671,
77,霍尔果斯兰州大酒店,霍尔果斯市,亚欧南路7号,,,,44.201129,80.420434,
77,伊宁V8商务酒店(六星街店),伊宁市,解放西路308号客运大厦综合楼第四层,,,,43.936406,81.300714,
77,永顺大酒店,巩留县,幸福路终端西侧,,,,43.482638,82.226368,
77,唐布拉酒店,伊宁市,胜利街7巷116号,,,,43.921433,81.337866,
77,特克斯县背包拾光青年旅社(八卦城太极坛店),特克斯县,阿扎提街一环明圆楼,,,,43.216291,81.838975,
77,停泊青年旅舍(特克斯店),特克斯县,科博街二环外23号,,,,43.208615,81.836918,
77,特克斯见舍民宿,特克斯县,古勒巴格街10号,,,,43.215452,81.828001,
77,听涧民宿青旅,伊宁市,伊犁河路三巷30号,,,,43.897025,81.307475,
77,霍尔果斯时光旅人民宿馆,霍尔果斯市,霍城西街11巷12号,,,,44.167987,80.452008,
77,红旗宾馆(红旗路),伊宁市,红旗路26号1号楼,,,,43.915201,81.328160,
77,微风民宿(特克斯八卦城店),特克斯县,阔克阿尕什街四环外30院4号,,,,43.225446,81.839279,
77,特克斯西域以西青年旅舍,特克斯县,阔克阿尕什街38号,,,,43.220725,81.845664,
77,伊宁市旅窝青年旅舍,伊宁市,伊犁河路街道伊犁河路三巷15号,,,,43.898232,81.308555,
77,霍尔果斯丝路明珠风情园,霍尔果斯市,六十一团园林二连工业园区西楼二层,,,,44.236397,80.523316,
77,伊宁赫拉小屋全女青年旅舍(喀赞其民俗旅游区店),伊宁市,伊犁街295号-2号,,,,43.894479,81.322131,
77,小蓝房子青年旅舍,伊宁市,利群路十八巷19号信号塔下面,,,,43.933610,81.290454,
77,何所忆民宿(六星街店),伊宁市,利群路十六巷90号,,,,43.932929,81.291443,
77,三河宾馆(恰普河路),新源县,恰普河路65号,,,,43.428071,83.256963,
77,维境民宿,伊宁市,巴彦岱村34巷6号,,,,43.964361,81.241640,
77,伊宁隐居造梦青年旅社,伊宁市,伊犁河路三巷七号,,,,43.898877,81.308676,
77,霍城中银快捷酒店(清水河店),霍城县,清水河镇上海路北路23号,,,,44.192031,80.741827,
77,昭苏边城青年旅舍,昭苏县,健康街225号,,,,43.161261,81.122805,
77,霍尔果斯仙桃国际大酒店,霍尔果斯市,喀拉苏河步行街东侧友谊路5号,,,,44.203369,80.415789,
78,天山宾馆(金银川路),阿拉尔市,风情街5号3、4层(胜利大道与金银川路交汇处),,,,40.547057,81.274741,
78,银都大酒店,阿拉尔市,胜利大道西1652号,,,,40.546923,81.261379,
78,桃园宾馆(阿拉尔桃源商业步行街店),阿拉尔市,桃园步行街,,,,40.542287,81.287220,
78,阿拉尔市浩瀚生态大酒店,阿拉尔市,塔里木大道附近,,,,40.536479,81.300803,
78,阿拉尔迎宾馆,阿拉尔市,金银川路175号,,,,40.550175,81.274947,
78,莱福商务宾馆,阿拉尔市,上海风情街6-301号(近金银川路),,,,40.545602,81.274767,
78,阿拉尔市青柠酒店,阿拉尔市,幸福路286号,,,,40.548204,81.286415,
78,阿拉尔浩亿商务宾馆,阿拉尔市,胜利大道与新井子路交叉口东120米,,,,40.546368,81.271900,
78,怡美快捷宾馆,阿拉尔市,锦城花园17号楼门面201-206室,,,,40.556455,81.287367,
78,阿拉尔鸿源商务宾馆(五团镇店),阿拉尔市,五团沙河镇果品交易市场201室,,,,41.389969,80.800771,
78,鑫帝商务宾馆(金银川路店),阿拉尔市,风情街6-202号,,,,40.546088,81.274632,
78,阿拉尔恒泰商务宾馆(五团沙河镇店),阿拉尔市,沙河镇朝阳职工创业园微小企业加工区25栋-27栋,,,,41.376788,80.772693,
78,君鸣宾馆,阿拉尔市,五团微小企业创业基地餐饮区二号楼202室-212室,,,,41.386590,80.790885,
78,阿拉尔兴隆商务宾馆(幸福店),阿拉尔市,幸福路友谊综合楼南侧,,,,40.547110,81.286110,
78,阿拉尔瀚隆迪远主题酒店(塔里木大学店),阿拉尔市,大学北路666号大上海国际花园商业街2号201室,,,,40.552885,81.296641,
78,阿拉尔景悦商务宾馆,阿拉尔市,胜利大道明珠小区对面,,,,40.546298,81.268347,
78,阿拉尔希贵商务宾馆,阿拉尔市,军垦大道311号,,,,40.551761,81.284754,
78,阿拉尔华瑞宾馆,阿拉尔市,胜利大道西979号威尼斯商业步行街4-306号,,,,40.546425,81.267775,
78,新华世纪酒店(新井子路),阿拉尔市,胜利大道新华书店综合楼三四楼,,,,40.546226,81.269907,
78,颐雅酒店,阿拉尔市,新苑名居2区7号楼,,,,40.552113,81.279299,
78,阿拉尔鑫诚宾馆,阿拉尔市,胜利大道西988号威尼斯商业步行街1-121号,,,,40.546604,81.265987,
78,阿拉尔怡馨宾馆,阿拉尔市,风情街5号楼,,,,40.547169,81.274902,
78,阿拉尔如梦令宾馆,阿拉尔市,塔南镇塔里木大道东926号国际商贸城1-301室,,,,40.538891,81.289177,
78,桃园宾馆(上海风情街店),阿拉尔市,金银川路上海风情街7号楼,,,,40.547776,81.275054,
78,阿拉尔大酒店,阿拉尔市,阿拉尔宾馆东侧,,,,40.541037,81.273979,
79,莎车山城大酒店,莎车县,地区文化路3号,,,,38.414371,77.239074,
79,喀什振兴旅社,喀什市,天南路157号(近塔里木路),,,,39.461242,75.996711,
79,开元宾馆(光明路),巴楚县,迎宾南路中国工商银行旁,,,,39.779389,78.543712,
79,金都宾馆(艾吾再力库木中路),岳普湖县,艾吾再力库木中路中山医院旁,,,,39.234950,76.774045,
79,麦盖提欣泰宾馆,麦盖提县,文化西路与健康路交叉口西120米,,,,38.901466,77.644770,
79,莎车宾馆,莎车县,新城路4号,,,,38.414909,77.247750,
79,新盛快捷酒店,莎车县,新城路4号,,,,38.414310,77.247580,
79,塔什库尔干冰山来客宾馆,塔什库尔干塔吉克自治县,塔什库尔干路110号,,,,37.777551,75.226730,
79,叶城电力宾馆,叶城县,团结路7号,,,,37.886602,77.423830,
79,叶城雪域大酒店,叶城县,核桃大道26院,,,,37.890955,77.423986,
79,喀什市华侨友谊宾馆,喀什市,迎宾大道83号,,,,39.482476,75.991203,
79,刀郎国际大酒店,麦盖提县,麦盖提镇英买里东路005号(刀郎商业步行街旁),,,,38.905584,77.654677,
79,锦德大酒店(喀什古城店),喀什市,克孜都维路326号,,,,39.457998,75.981344,
79,德隆大酒店,泽普县,幸福北路12号,,,,38.190038,77.273429,
79,伽师鑫海大酒店,伽师县,古宰尔西路37号,,,,39.490924,76.732225,
79,金鑫安快捷宾馆,疏勒县,解放西路联想旁,,,,39.402870,76.049713,
79,千友旅馆(喀什古城店),喀什市,人民东路304号(农业银行对面),,,,39.467398,75.999133,
79,玉龙大酒店,喀什市,团结路195号,,,,39.459481,75.972417,
79,英吉沙东方假日酒店(芒辛路店),英吉沙县,芒辛路县政府对面,,,,38.928968,76.173946,
79,阳光大酒店,巴楚县,迎宾北路2号,,,,39.786905,78.545069,
79,喀什地委宾馆,喀什市,解放南路264号,,,,39.457411,75.993214,
79,7天连锁酒店,莎车县,古鲁巴格路7天连锁酒店,,,,38.403964,77.239694,
79,塔什库尔干功德宾馆,塔什库尔干塔吉克自治县,塔什库尔干路136号,,,,37.777026,75.225243,
79,犇磊鑫宾馆,塔什库尔干塔吉克自治县,中巴友谊路59号,,,,37.776921,75.222349,
79,叶城浙商宾馆,叶城县,文化东路05号院,,,,37.882702,77.423662,
80,克拉玛依新瑞宾馆,白碱滩区,白碱滩综合商场3层,,,,45.693300,85.140360,
80,克拉玛依丽缘商务宾馆,白碱滩区,门户路133号,,,,45.681499,85.123144,
80,鑫都快捷宾馆,白碱滩区,门户路129号(帝都娱乐中心旁),,,,45.681798,85.123939,
80,银珠宾馆,克拉玛依区,胜利路108号(国贸商城旁),,,,45.599595,84.880431,
80,克拉玛依华生宾馆,克拉玛依区,胜利路112号,,,,45.599866,84.880183,
80,皇朝商务宾馆,白碱滩区,门户路109号,,,,45.684128,85.128094,
80,翼龙宾馆(克拉玛依金龙镇店),白碱滩区,金华路10号,,,,45.583158,84.987230,
80,福兴宾馆(西环路店),克拉玛依区,西环路40号永红加气站旁,,,,45.588179,84.853716,
80,禹新宾馆,克拉玛依区,光明西路15号,,,,45.593908,84.867418,
80,克拉玛依早安晚安客栈,克拉玛依区,碧水路鼎泰广场A座5-13号,,,,45.566795,84.875858,
80,克拉玛依太阳城宾馆,克拉玛依区,油建路68号,,,,45.596828,84.859933,
80,克拉玛依豪生酒店,克拉玛依区,迎宾路25号,,,,45.552251,84.908298,
80,独山子新迎宾馆,独山子区,"独山子大庆西路64、68号,近独山子客运站,职业技术学校,植物园",,,,44.326947,84.874589,
80,克拉玛依久居商务宾馆,克拉玛依区,友谊路103号3楼,,,,45.586875,84.872161,
80,克拉玛依红十月精品酒店,克拉玛依区,幸福路320号西月潭小区天和楼,,,,45.578937,84.849347,
80,独库驿站,独山子区,北京路1号,,,,44.319275,84.880058,
80,江南宾馆,乌尔禾区,龙脊路与绿禾路交汇处东北方120米,,,,46.085449,85.695791,
80,克拉玛依建油宾馆,白碱滩区,中兴路59号,,,,45.687153,85.127991,
80,克拉玛依秀娟快捷宾馆,乌尔禾区,龙脊路兵团一三七团137财富广场三期,,,,46.092967,85.698033,
80,格林豪泰酒店(克拉玛依独山子独库公路博物馆店),独山子区,北京路甲2号,,,,44.315999,84.887026,
80,乐尚精品酒店,克拉玛依区,友谊路67号,,,,45.581959,84.874796,
80,缘聚商务宾馆,克拉玛依区,汇福小区A13,,,,45.574603,84.876173,
80,锋尚风快捷宾馆,克拉玛依区,胡杨河市129团百花街295号二楼,,,,44.868309,84.798301,
80,克拉玛依绿色家园快捷酒店,克拉玛依区,红星路34-2号,,,,45.606895,84.868630,
80,戈壁驿站,克拉玛依区,奎车公路兵海能源CHGLNG加油加气站西南方一百米,,,,44.852287,84.858296,
81,鄯善温州酒店,鄯善县,新城路93号,,,,42.893454,90.219903,
81,吐鲁番龙达旅馆,高昌区,老城西路257号,,,,42.942773,89.178073,
81,鸿富宾馆(友好中路),托克逊县,友好路西大街工商所旁,,,,42.792446,88.650510,
81,宝城大酒店(火车站店),鄯善县,鄯善县火车站解放南路105号,,,,43.086429,90.493552,
81,东游商务酒店,鄯善县,青年路56号,,,,42.898381,90.230825,
81,火焰山宾馆,高昌区,广汇路畜牧局老办公楼,,,,42.945469,89.188222,
81,龙图酒店,鄯善县,蒲昌路2782号,,,,42.898103,90.225336,
81,速8酒店(鄯善火车站镇吐哈油田店),鄯善县,火车站镇解放北路2248号,,,,43.079504,90.498246,
81,吐鲁番锦绣金华酒店,高昌区,高昌街道高昌中路712号(大十字广场西侧),,,,42.944937,89.179386,
81,今典酒店,鄯善县,青年路198号,,,,42.896501,90.230794,
81,鄯善自力宾馆,鄯善县,团结东路62号,,,,42.866007,90.214678,
81,一路顺风宾馆,高昌区,高昌区幸福路39号,,,,42.947622,89.180632,
81,鄯善瑞德酒店,鄯善县,解放北路2736号,,,,43.076018,90.500922,
81,聚鑫源商务宾馆(文化中路),高昌区,文化中路天伦高层2层,,,,42.946909,89.182635,
81,吐鲁番亚鑫宾馆,高昌区,312国道2963号,,,,42.977119,89.183521,
81,友家宾馆,高昌区,高昌中路原烟酒公司大楼二楼,,,,42.943603,89.180999,
81,吐鲁番微笑宾馆,高昌区,高昌区柏孜克勒克路250号,,,,42.948690,89.188527,
81,吐鲁番客佳商务宾馆,高昌区,高昌路西侧文化广场西侧712号,,,,42.944184,89.179467,
81,大兴商务宾馆,高昌区,文化中路铜锣湾商业广场1单元5楼,,,,42.946173,89.182545,
81,新天地宾馆(山城路),鄯善县,火车站镇解放北路1653号,,,,43.084837,90.494808,
81,鄯善振兴酒店,鄯善县,新城路1号,,,,42.893920,90.219313,
81,吐鲁番金朝宾馆,高昌区,老城路473号(移动公司对面),,,,42.943673,89.175959,
81,托克逊县汉辰酒店,托克逊县,圣源中心城B区2A号楼103号,,,,42.788804,88.628621,
81,国泰宾馆(高昌中路),高昌区,老城西路130号,,,,42.943075,89.177419,
81,鄯善嘉豪宾馆,鄯善县,蒲昌北路1号,,,,42.899029,90.230070,
82,伊北宾馆,伊州区,伊州区北出口303省道左侧转盘向北300米,,,,42.866379,93.568804,
82,哈密星华宾馆,伊州区,石油基地众望路45号,,,,42.901888,93.503350,
82,金都宾馆(泰兴路),伊州区,石油基地众望路14号(近石油基地东大门),,,,42.902491,93.500178,
82,聚鑫酒店(天山西路店),伊州区,天山西路21号,,,,42.831436,93.494330,
82,哈密方圆宾馆,伊州区,303省道西50米,,,,42.870979,93.573857,
82,伊吾西贵大酒店,伊吾县,淖毛湖农场友好路1号,,,,43.757660,94.975433,
82,天山宾馆(众望路),伊州区,石油基地众望路61号,,,,42.902072,93.502952,
82,哈密瑞德宾馆,伊州区,石油基地众望路17号,,,,42.902480,93.501624,
82,伊吾鸿泽酒店(长途客运站店),伊吾县,潮州路162号客运站一楼,,,,43.253807,94.687664,
82,锦天宾馆,伊州区,石油基地怡园路1号(国税局对面),,,,42.900741,93.504539,
82,华川旅馆,伊州区,伊州区石油基地西出口开发区兴业路3号,,,,42.894425,93.496575,
82,哈密商贸宾馆,伊州区,天山北路17号温州商贸城中门店F1层,,,,42.845249,93.502706,
82,哈密三道岭名流酒店,伊州区,三道岭建安路11号,,,,43.150725,92.670325,
82,友谊宾馆(火车站店),伊州区,天山北路70号环球国际建设银行边,,,,42.845134,93.503202,
82,7天优品酒店(哈密市政府店),伊州区,伊州区广东路6号,,,,42.827799,93.513434,
82,致家商务宾馆,伊州区,伊州区石油基地泰兴路51号,,,,42.899016,93.499291,
82,佳和快捷宾馆(益寿路),伊州区,曙光新村1-9号,,,,42.840416,93.541924,
82,哈密瑞祥小宾馆,伊州区,八一南大道与友谊路交叉口北180米,,,,42.845075,93.491755,
82,美御酒店(哈密火车站店),伊州区,建设东路营丰大厦,,,,42.835901,93.507197,
82,良栖民宿(皇后天街店),伊州区,青年北路佳禾巴里坤牛羊肉店东南60米,,,,42.836524,93.551902,
82,哥特电竞主题民宿,伊州区,天山北路35号京龙大厦16层,,,,42.836658,93.503608,
82,兴源小宾馆,伊州区,复兴南路美食一条街110号商铺,,,,42.832227,93.505064,
82,哈密盛旺酒店,伊州区,伊州区312国道北油区八一大道以西,,,,42.900255,93.501975,
82,哈密东红宾馆,伊州区,广东工业园区城北物流园10栋2层,,,,42.905243,93.601917,
82,东风宾馆(迎宾大道店),伊州区,伊州区312国道顺达货运信息部西50米,,,,42.862975,93.565235,
83,新星市班超酒店(新星市人民政府班超大厦店),新星市,黄田农场文汇路497号新星科创产业园5楼A座,,,,42.796887,93.746499,
83,新鑫酒店,新星市,国泰街与Z502交叉口东北60米,,,,42.800211,93.731511,
83,新星市鑫悦酒店,新星市,国泰路综合市场2001,,,,42.795820,93.731313,
83,新星锦元酒店,新星市,红星大道1号商业楼1楼,,,,42.798946,93.736790,
83,哈密锦帝酒店,新星市,友谊东路,,,,42.775679,93.582977,
83,新星市温馨短租房:可日租月租,新星市,红星一场泰山路康乐小区7栋11号,,,,42.771725,93.580025,
83,哈密茂源酒店,新星市,红星二牧场迎宾路1号,,,,42.563618,94.146266,
83,大福桥旅馆,新星市,伊州区红星一场红星路1号楼,,,,42.774982,93.591080,
83,子安居民宿(红星一场店),新星市,文化西路创新电脑科技东南约180米,,,,42.772509,93.585625,
83,沙舟宾馆,新星市,迎宾路附近,,,,42.562464,94.143737,
83,伊家旅馆,新星市,红星一场红星路13号,,,,42.774753,93.591038,
83,彩兰旅馆,新星市,红星四场中星北路12号,,,,42.665521,93.961151,
83,鲁疆宾馆,新星市,伊州区大泉湾乡三道城村二组138号房,,,,42.686384,93.979046,
83,家庭旅馆,新星市,Z906与迎宾路交叉口东南80米,,,,42.563272,94.147061,
83,新星市富强民宿,新星市,锦园路与红星四场立交桥交叉口东160米,,,,42.695644,93.994446,
83,新星舒逸宾馆,新星市,红星一场红星路农业银行向南50米,,,,42.773424,93.590529,
83,枫烁酒店,新星市,育才路与繁华路交叉口西南220米,,,,42.559748,94.139251,
83,金地小宾馆,新星市,兵团红星一场友谊西路,,,,42.774505,93.589557,
83,玉萍宾馆,新星市,伊州区沙舟宾馆对面(迎宾路南),,,,42.562070,94.144357,
83,成林宾馆,新星市,骆驼圈镇迎宾路2号,,,,42.561144,94.142870,
84,蓝天宾馆(客运站店),图木舒克市,光明路蓝天宾馆,,,,39.875843,79.098717,
84,馨怡宾馆(53团友好中路店),图木舒克市,53团西二路步行街2层,,,,40.028635,79.407472,
84,图木舒克丽雅宾馆,图木舒克市,人民北路3号B幢2层,,,,39.867615,79.080283,
84,瑞祥宾馆(草湖镇店),图木舒克市,团结小区1号楼8单元1-30号,,,,39.288811,76.011256,
84,图木舒克凯瑞宾馆,图木舒克市,图木舒克市联通公司东侧二楼,,,,39.866626,79.079193,
84,和谐招待所(友好路店),图木舒克市,嘉和镇友好路欢欢商店南方向10米,,,,39.676850,77.593108,
84,丽人宾馆,图木舒克市,四十一团草湖镇北京路7-2号,,,,39.290781,76.016656,
84,图木舒克洛与晚霞主题酒店,图木舒克市,前海东街16号金华商业综合体1幢3层3021-3042,,,,39.862515,79.094454,
84,新哗宾馆,图木舒克市,新华街与中山路交叉路口以东,,,,39.867605,79.079438,
84,亨喜酒店(伽师总场店),图木舒克市,阿其克镇伽师总场民主路7号,,,,39.677916,77.585997,
84,图木舒克万豪商务宾馆,图木舒克市,前海东街11号第一幢2单元232号附79号,,,,39.862182,79.093564,
84,向往民宿,图木舒克市,东莞北路15号,,,,39.864170,79.086421,
84,鸿盛酒店,图木舒克市,锦绣东街6号,,,,39.872987,79.077267,
84,嘉悦酒店(伽师总场店),图木舒克市,伽师总场八连底商1号楼3楼,,,,39.676198,77.598075,
84,华悦酒店(图木舒克农发国际广场店),图木舒克市,迎宾大道39号农发集团商业综合体2幢225-230号,,,,39.857387,79.091478,
84,众鑫商务宾馆,图木舒克市,博塔依拉克镇建设北路48号,,,,39.127870,77.963594,
84,兄弟宾馆,图木舒克市,锦绣西街288号,,,,39.872469,79.071702,
84,瑞缘酒店,图木舒克市,刀郎东街1号吉祥花园,,,,39.860303,79.074110,
84,图木舒克怡鑫商务酒店,图木舒克市,南京街客运站西北方向60米处,,,,39.875186,79.082232,
84,速8酒店(草湖镇长安路店),图木舒克市,草湖镇长安北路1号,,,,39.288848,76.018464,
84,彬彬快捷酒店(伽师总场店),图木舒克市,伽师总场金砖楼3层,,,,39.680141,77.593385,
84,怡美酒店,图木舒克市,人民北路与昆仑东街交叉口东北100米,,,,39.870052,79.081876,
84,汉华苑民宿(草湖镇店),图木舒克市,草湖镇大草湖九连绿美南疆林业产业园,,,,39.256560,76.099717,
84,北苑宾馆,图木舒克市,四十四团丝路街,,,,39.882113,79.091320,
84,图木舒克市鸿源大酒店,图木舒克市,胡杨北路2号鸿源商场,,,,39.865980,79.078050,
85,天天宾馆(解放中路店),阿克苏市,新城街道建设社区解放中路19-11号,,,,41.174264,80.290078,
85,塔里木宾馆(栏杆路),阿克苏市,栏杆路13号,,,,41.173094,80.263099,
85,天山宾馆,阿克苏市,上海路(原乌喀中路)60号,,,,41.159608,80.290703,
85,棉城大酒店,阿瓦提县,光明北路11号,,,,40.646288,80.372775,
85,胜利宾馆(阿克苏新华书店店),阿克苏市,北大街8号新华书店斜对面,,,,41.171151,80.261250,
85,阿克苏丽都酒店,阿克苏市,迎宾路3号,,,,41.175827,80.276785,
85,阿克苏重庆大酒店,阿克苏市,上海路34号,,,,41.179187,80.303148,
85,金成宾馆(迎宾路),阿克苏市,塔北路2号,,,,41.173851,80.276602,
85,拜城金色阳光宾馆,拜城县,团结路4号,,,,41.789888,81.868196,
85,中天大酒店,阿克苏市,香港街5号,,,,41.170925,80.270980,
85,扬子水都连锁宾馆(阿克苏太百店),阿克苏市,兰干街道新华东路33-1号太百购物中心1楼,,,,41.173390,80.262137,
85,众富商务宾馆,阿克苏市,塔南路52号,,,,41.143067,80.289748,
85,库车华龙宾馆,库车市,五一中路17号,,,,41.710643,82.972202,
85,良友大酒店(新华路),阿克苏市,新华东路27号(移动公司对面),,,,41.174444,80.263499,
85,阿克苏遇见青年旅舍(阿克苏世纪广场店),阿克苏市,兰干街道海江社区北京西路10号城市一号二期C综合楼1802室,,,,41.173897,80.272635,
85,木姐家民宿,库车市,热斯坦街道林基路社区2巷5号木姐家民宿,,,,41.724213,82.927641,
85,国际大酒店,阿克苏市,温州中路1号,,,,41.172071,80.267552,
85,阿克苏天畅商务酒店(金兰广场店),阿克苏市,塔中路15号,,,,41.163253,80.280206,
85,阿克苏中州快捷宾馆,阿克苏市,乌喀中路52号,,,,41.157766,80.288487,
85,倾城民宿青旅,库车市,天山西路库车大寺东北方向400米处,,,,41.723897,82.930527,
85,建设宾馆(晶水路),阿克苏市,塔北路15号(建设培训中心宾馆大楼金桥超市旁),,,,41.161706,80.281269,
85,库车华客一佰青年旅舍,库车市,东城街道长江路88号附1号中强商务大厦902室,,,,41.711897,83.010560,
85,库车123青年旅舍,库车市,萨克萨克街道阿克店社区四组6号-2号商铺u,,,,41.716819,82.939578,
85,库车九州宾馆,库车市,解放南路8号华龙商厦F1层,,,,41.716691,82.959629,
85,库车恒远商务宾馆,库车市,天山中路(亿家超市对面)天五广场二楼,,,,41.709828,82.973458,
86,楼兰青旅(乌鲁木齐南湖店),水磨沟区,南湖南路华盛街二巷14号,,,,43.818484,87.606246,
86,田园旅馆(广兴东街店),米东区,广兴东街160号,,,,43.950975,87.649625,
86,乌鲁木齐嘉怡宾馆,新市区,河北东路北四巷23号,,,,43.882071,87.558983,
86,长青招待所(长青四队店),水磨沟区,南湖东路北五巷101号,,,,43.832317,87.625740,
86,乌鲁木齐美苑小宾馆(肿瘤医院店),新市区,天津南路175号,,,,43.862620,87.577557,
86,乌鲁木齐皇家宾馆(机场店),新市区,百园路10号104团1区5栋5号,,,,43.905867,87.540845,
86,新粮宾馆(乌鲁木齐国际机场店),新市区,阿勒泰路283号附1号新粮房产小区内综合楼三楼,,,,43.863024,87.551211,
86,锦园快捷宾馆(粮校市场店),新市区,唐山路42号,,,,43.901373,87.569632,
86,佳和美快捷宾馆(新兴街地铁站店),水磨沟区,西虹东路和悦一巷16号,,,,43.816918,87.618221,
86,川富商务宾馆,水磨沟区,安居南路华盛1巷16号,,,,43.818605,87.607028,
86,馨洁快捷宾馆(乌鲁木齐金华路店),新市区,金华路60号,,,,43.903715,87.573070,
86,鑫阳光快捷宾馆(二宫体育馆财经大学店),新市区,河北东路26号,,,,43.882546,87.560410,
86,乌鲁木齐新福家宾馆(地窝堡机场店),新市区,北站东路北7巷7号,,,,43.879531,87.493932,
86,福瑞宾馆(百园路),新市区,百园路10号,,,,43.905571,87.537167,
86,辰星宾馆(阿勒泰路),新市区,阿勒泰路1606号,,,,43.852163,87.560674,
86,乌鲁木齐青腾宾馆(二宫体育馆财经大学店),新市区,河北东路北四巷28号,,,,43.882161,87.559382,
86,蓝天宾馆(南湖兽医站店),水磨沟区,南湖西路14号,,,,43.825234,87.602910,
86,红健宾馆(新医路师大店),沙依巴克区,西八家户448号,,,,43.835230,87.596975,
86,乌鲁木齐大众乐宾馆(八钢店),头屯河区,屯坪南路18号,,,,43.862160,87.304585,
86,皇庭宾馆(乌鲁木齐米东区人民公园店),米东区,明苑巷1号,,,,43.964427,87.644958,
86,乌鲁木齐馨洁商务宾馆(南湖劳动街店),水磨沟区,南湖路西1巷9号,,,,43.817432,87.612279,
86,乌鲁木齐星海宾馆(火车南站店),沙依巴克区,仓房沟北路783号(广益园小区),,,,43.763570,87.589495,
86,家盛和宾馆(和田二街德汇万达广场店),沙依巴克区,奇台路392号(冷库十字路对面),,,,43.788187,87.594850,
86,钰隆宾馆(北站东路北二巷),新市区,北站东路北二巷95号,,,,43.882305,87.499532,
86,一路顺宾馆(机场店),新市区,北站东路北二巷74号,,,,43.882525,87.499819,
87,景荣快捷酒店,胡杨河市,胡杨河市130团奎屯南路6号商业楼6-3-1号商铺,,,,44.712451,84.827816,
87,乐季酒店,胡杨河市,217国道与光明东路交叉口南80米,,,,44.716267,84.837728,
87,胡杨河市云翰酒店,胡杨河市,惠远南街909号,,,,44.701706,84.837996,
87,龙凤大酒店,胡杨河市,胡杨河市共青镇奎屯南路二号商业楼2-1商铺,,,,44.712596,84.827936,
87,胡杨河信敏优品酒店,胡杨河市,胡杨河市信敏新天地1号楼,,,,44.709381,84.829600,
87,旺客隆商务宾馆,胡杨河市,胡杨河市兵团130团38路口西辅北街418号,,,,44.715291,84.838225,
87,铂玥酒店,胡杨河市,胡杨河市时代广场,,,,44.710023,84.831078,
87,五五宾馆(青北公路),胡杨河市,天池西路五五新镇汽车站南50米处,,,,44.864173,84.787167,
87,胡杨河开元名庭大酒店,胡杨河市,塔河南街588号,,,,44.700335,84.812871,
87,胡杨河木兮酒店,胡杨河市,阿库线博逸茶社西北方向约100米处,,,,44.716141,84.840164,
87,柏纳S酒店(胡杨河店),胡杨河市,胡杨河天山东路1101号1号楼,,,,44.718321,84.839133,
87,天龙大酒店,胡杨河市,黄河北街674号,,,,44.714023,84.825274,
87,克拉玛依乡村宾馆,胡杨河市,五五南街展鹏农机经销部西南20米,,,,44.861874,84.788280,
87,小小宾馆(阿库线店),胡杨河市,五五新镇农贸市场194号商铺,,,,44.862345,84.788713,
87,永欣商务宾馆,胡杨河市,胡杨河市,,,,44.715983,84.840056,
87,胡杨河宾馆,胡杨河市,光明路1-2号,,,,44.714151,84.829812,
87,129团7连,胡杨河市,新干段与西戊段交叉口西140米,,,,44.844067,84.735263,
87,福祥宾馆,胡杨河市,217国道与天山东路交叉口西北80米,,,,44.717925,84.836925,
87,金鑫泉宾馆,胡杨河市,胡杨河市建工路福丽宾馆(圆通速递东),,,,44.716602,84.837543,
87,福丽宾馆,胡杨河市,217国道与天山东路交叉口西南40米,,,,44.716744,84.837531,
87,石河子旅社,胡杨河市,青北公路与振兴西路交叉口西北40米,,,,44.870278,84.784951,
87,慕叁山,胡杨河市,富强路与安远南街交叉口西80米,,,,44.694525,84.823775,
87,藏天龙大酒店,胡杨河市,嵩山西路与黄河北街交叉口东北160米,,,,44.710071,84.830058,
87,胡杨河云朵国际酒店,胡杨河市,217国道与天山东路交叉口东北160米,,,,44.718266,84.839116,
88,五家渠青城名居商务宾馆,五家渠市,青经开南区上海路君豪御园二期2层339-2号商铺,,,,44.054517,87.506704,
88,五家渠东亮快捷宾馆,五家渠市,青湖南路忆景园小区781号,,,,44.157480,87.533649,
88,品尚酒店(五家渠汽车站店),五家渠市,六工镇军垦南路与幸福街交叉路口南约90米,,,,44.149845,87.523870,
88,五家渠家荷宾馆,五家渠市,天山南路736号锦绣园小区门面4楼,,,,44.159198,87.527303,
88,五家渠梧桐镇梧桐酒店,五家渠市,102团长安东街136号,,,,44.262489,87.652414,
88,五家渠雪莲民宿(上海路店),五家渠市,兵团一零一团君豪御园二期B区双河街,,,,44.054632,87.505287,
88,好幸福酒店,五家渠市,青湖南路新华苑综合体1层,,,,44.154837,87.533045,
88,五家渠迎宾馆,五家渠市,五家渠军垦南路375号(近富强西街),,,,44.161444,87.522585,
88,万隆宾馆(五家渠梧桐镇店),五家渠市,长安路巨一大厦五楼,,,,44.263990,87.650330,
88,厚毅宾馆(102团店),五家渠市,兵团一零二团102团商贸城A区2楼,,,,44.266573,87.654014,
88,五家渠鑫湖宾馆,五家渠市,青湖经济开发区南区上海路1789号,,,,44.034307,87.503482,
88,喜瑞登酒店,五家渠市,102团市场对面,,,,44.266446,87.653335,
88,聚缘宾馆(五家渠梧桐镇店),五家渠市,梧桐镇中心综合农贸市场D西2楼,,,,44.266249,87.653721,
88,延年酒店,五家渠市,梧桐102团长安西街199号铭隆小区2号楼,,,,44.264068,87.649682,
88,四季来快捷酒店(五家渠梧桐镇店),五家渠市,102团龙凤庄苑小区B区14号,,,,44.257653,87.656547,
88,五家渠君玥快捷酒店,五家渠市,人民北路1428号君豪绿园1055-1号,,,,44.177333,87.548165,
88,五家渠瑞馨酒店,五家渠市,[],,,,44.158141,87.557459,
88,五家渠汇佳商务宾馆,五家渠市,102团甘莫公路4199号鑫盛苑小区一商业楼1层043层01-15,,,,44.257772,87.647988,
88,壹号主题宾馆(五家渠店),五家渠市,青湖南路889号,,,,44.156257,87.533535,
88,五家渠嘉年骅宾馆,五家渠市,青湖开发区上海路天一街1173-15,,,,44.034923,87.503466,
88,五家渠喜达商务宾馆,五家渠市,人民北路951号贝鸟语城小区66号商铺,,,,44.173111,87.546195,
88,瑞和宾馆,五家渠市,梧桐镇长安路199号铭隆三期14号楼3楼,,,,44.264903,87.646794,
88,星皓快捷宾馆(102团店),五家渠市,八一路102团综合农贸市场D栋2-1-2,,,,44.266028,87.654718,
88,疆疆好民宿,五家渠市,北屯街306-2号水涛综合购物中心12楼,,,,44.060375,87.511263,
88,居福祥快捷宾馆,五家渠市,长安路1号,,,,44.261827,87.656193,
89,塔山商务宾馆,白杨市,一六五团219国道园林小区北30米,,,,46.865825,84.295575,
89,天瑞宾馆,白杨市,第九师一六五团商贸路,,,,46.865639,84.287958,
89,新疆小白杨文旅客栈,白杨市,白杨市英布段白杨路001号02栋,,,,45.942025,82.506675,
89,桔子宾馆旅店,白杨市,335国道与康宁路交叉口南60米,,,,46.725425,82.901625,
89,龙顺源宾馆,白杨市,164团医院东侧300米,,,,46.843250,82.952950,
89,利华酒店,白杨市,219国道与330县道交叉口西北20米,,,,46.865448,84.288988,
89,名都酒店,白杨市,农行路1号164团,,,,46.845109,82.947491,
89,如你所院民宿,白杨市,第九师164团乌拉斯台边防派出所(修电厂路西),,,,46.839673,82.947400,
90,天府宾馆,乌恰县,迎宾路18号,,,,39.717453,75.259522,
90,万里旅馆,乌恰县,迎宾路55号,,,,39.715802,75.258685,
90,阿图什顺沁商务宾馆,阿图什市,松他克路39-1-8号,,,,39.709761,76.176448,
90,阿图什启东商务宾馆,阿图什市,光明路,,,,39.710752,76.180203,
90,阿合奇县鑫铧阳商务宾馆,阿合奇县,南大街门面房3号楼3楼,,,,40.936602,78.449492,
90,阿克陶川西客栈,阿克陶县,乐陶苑小区人民东路55院12,,,,39.161745,75.968963,
90,尚格精品酒店,阿克陶县,乌红线居鲁克巴什村中石油加油站西南约100米,,,,39.175216,75.579420,
90,阿图什旅人酒店,阿图什市,松他克南路8号,,,,39.709075,76.178025,
90,阿克陶恒美商务宾馆,阿克陶县,乐陶苑东门旁,,,,39.163999,75.971263,
90,阿图什中瑞商务宾馆,阿图什市,文化路幸福小区47号楼二层,,,,39.713629,76.178679,
90,山坡花牧家乐民宿,阿克陶县,民族乡巴格村,,,,37.846996,76.016303,
90,阿图什无花果宾馆,阿图什市,松他克路南5号,,,,39.709226,76.176883,
90,美都宾馆,阿合奇县,南大街路南,,,,40.936954,78.452566,
90,阿克陶川渝酒店,阿克陶县,北大街加油站旁,,,,39.160838,75.937952,
90,新万宝宾馆(帕米尔路店),阿图什市,阿图什市帕米尔东路9院1号,,,,39.717502,76.171759,
90,阿图什恰河大饭店,阿图什市,幸福路6号,,,,39.712936,76.167722,
90,怡家宾馆,阿图什市,帕米尔路东19院,,,,39.717347,76.170951,
90,阿图什温昕宾馆,阿图什市,"幸福街道幸福路博格拉市场A区2,3层",,,,39.710053,76.170954,
90,阿克陶优尚酒店,阿克陶县,一大道北山路10010号,,,,39.160396,75.962622,
90,明月楼宾馆,阿合奇县,阿合奇镇,,,,40.935213,78.449215,
90,乌恰居祥商务宾馆(乌恰客运站店),乌恰县,乌尔多社区乌恰镇社区黑孜苇乡第二中心幼儿园西侧约170米,,,,39.709599,75.245039,
90,鑫托河君兰大酒店,阿合奇县,南大街40号院,,,,40.935327,78.443882,
90,幸福驿站民宿,阿克陶县,奥依塔克镇人民政府西侧130米,,,,39.003873,75.555639,
90,阿图什博格拉宾馆(博格拉时代购物广场店),阿图什市,幸福路博格拉市场附近,,,,39.710445,76.170249,
90,阿图什亚星大酒店,阿图什市,松他克路南17院,,,,39.708812,76.177337,
91,谷城谷男商务宾馆,谷城县,双雄路130号,,,,32.260384,111.640090,
91,嘉禾大酒店(人民路店),枣阳市,人民路44号,,,,32.121614,112.774014,
91,襄阳阳光宾馆,樊城区,卧龙新港2写字楼三楼310,,,,32.058890,112.153162,
91,襄阳红光宾馆,樊城区,大庆东路12号与丹江路交叉口,,,,32.048533,112.161009,
91,谷城大成宾馆,谷城县,三七九道中断与腾飞路22号,,,,32.261634,111.640714,
91,蓝天商务酒店(襄阳火车站店),樊城区,前进路48号,,,,32.055262,112.152449,
91,襄阳一家宾馆,樊城区,中原路2号卧龙新港3幢1层106室,,,,32.059301,112.153864,
91,曾欣欣旅店,襄城区,宜宾路14号,,,,32.021321,112.157514,
91,一朵宾馆(襄阳沃尔玛民发广场店),樊城区,冠通上城东门附近,,,,32.040048,112.139841,
91,康乐宾馆(襄阳火车站),樊城区,前进路火车站出站口旁,,,,32.059165,112.155371,
91,枣阳大德阳光商务酒店,枣阳市,人民路17号(人民法院旁),,,,32.108011,112.773770,
91,城市之家快捷酒店(襄阳春园东路左岸春天店),樊城区,春园东路左岸春天门面1号,,,,32.074588,112.157316,
91,襄阳襄金楼宾馆(襄阳长征路华洋堂店),樊城区,长征路58号,,,,32.055935,112.160222,
91,老河口宾馆(沿江大道),老河口市,沿江北路3号,,,,32.395497,111.680222,
91,襄阳百洋大酒店,樊城区,长征路与丹江路交叉口,,,,32.050971,112.157184,
91,襄阳e家风尚酒店,樊城区,建新路中带64号,,,,32.051408,112.144662,
91,南漳君洋宾馆,南漳县,水镜路458-5号,,,,31.776998,111.848347,
91,桃园国际酒店,樊城区,新华北路28号(科技馆斜对面),,,,32.057831,112.140272,
91,襄阳光明宾馆(火车站店),樊城区,红光路87号,,,,32.056812,112.164153,
91,和馨苑酒店,襄城区,环城东路2-2号,,,,32.005912,112.162056,
91,鑫皇佳宾馆,樊城区,江山南路15-12号,,,,32.071590,112.127198,
91,襄阳团北宾馆,樊城区,团山镇团山大道156号,,,,32.102609,112.138415,
91,宜城汇友精品酒店(新天地商业广场店),宜城市,中华大道91号,,,,31.711938,112.250988,
91,襄阳609宾馆(襄阳火车站店),樊城区,中原路1号(卧龙新港2栋6楼),,,,32.058940,112.153244,
91,华怡商务酒店(新村路),宜城市,新村路1号(近鲤鱼湖、汽车站),,,,31.693793,112.259794,
92,友谊宾馆(大岭路店),张湾区,大岭路8号,,,,32.653049,110.771228,
92,十堰金都宾馆(张湾青年广场店),张湾区,车城西路1号(东风万得福金九超市对面四楼),,,,32.648171,110.767113,
92,柏岸soho酒店(天津路店),茅箭区,天津路63号(农耕年华对面),,,,32.619729,110.812153,
92,东苑宾馆(房县客运站店),房县,东城路3号(客运站进站口对面),,,,32.053300,110.743770,
92,丹江口红盾宾馆,丹江口市,丹江大道工商局办公楼内,,,,32.533951,111.512670,
92,十堰金盛客房,茅箭区,白浪中路9号,,,,32.575117,110.855912,
92,房县如家宾馆(房县客运站店),房县,关镇东城路108号物资小区,,,,32.054763,110.743386,
92,武当山南水宾馆,丹江口市,武当路16号(近武当大剧院),,,,32.513488,111.085512,
92,竹山宝丰宾馆,竹山县,施洋路43号邮政储蓄银行左侧,,,,32.300616,110.008934,
92,房县福运来招待所,房县,房陵西大道48号顺城街,,,,32.053624,110.737319,
92,十堰鑫桥宾馆,茅箭区,六堰人民商场河对门乘坐观光电梯上五楼,,,,32.652736,110.784448,
92,十堰聚龙宾馆,茅箭区,白浪中路68号,,,,32.573349,110.866700,
92,武当山乔家院宾馆,丹江口市,武当山太和西路18号,,,,32.516821,111.077125,
92,十堰辉煌宾馆,茅箭区,三堰汽车站天桥旁,,,,32.629499,110.781033,
92,和信茂元国际大酒店(十堰五堰步行街店),茅箭区,邮电街6号,,,,32.645905,110.785419,
92,十堰大地宾馆,张湾区,公园路28号,,,,32.654375,110.779568,
92,竹山鑫乐宾馆,竹山县,人民路57号,,,,32.224540,110.227890,
92,十堰柏悦假日酒店(五堰步行街店),茅箭区,人民北路滨河凯悦巷1号,,,,32.647367,110.786428,
92,陵洲国际大酒店,房县,房陵大道陵东路35号(近房县行政学校),,,,32.051132,110.749886,
92,速8酒店(北京中路十堰站店),茅箭区,北京中路28号(十堰大学旁50米),,,,32.624944,110.795003,
92,尚客商旅酒店,房县,陵园路5号,,,,32.046405,110.739466,
92,中城国际大酒店,茅箭区,白浪中路42号,,,,32.573655,110.862864,
92,佳乐酒店,丹江口市,太和西路9号(近乔家院停车场),,,,32.518001,111.075333,
92,十堰市火车站一江饭店,茅箭区,火车站广场对面,,,,32.602030,110.781422,
92,十堰皇冠国际商旅酒店(武当山机场店),茅箭区,白浪中路37号祥安广场旁(近十堰汽配城),,,,32.574166,110.864401,
93,华晨商务宾馆,宜都市,枝城大道12号,,,,30.288183,111.512751,
93,锦龙大酒店,长阳土家族自治县,清江大道60号,,,,30.465888,111.187815,
93,宜昌幸福驿栈(三峡机场店),猇亭区,猇亭大道16号,,,,30.538287,111.437781,
93,宜昌金港招待所,西陵区,西陵区开发区港窖路54-1-301,,,,30.694799,111.322996,
93,宜昌好人家宾馆,伍家岗区,万寿桥街道夷陵大道206-6-601号,,,,30.677970,111.313269,
93,宜都交通宾馆,宜都市,陆城园林大道35号,,,,30.382762,111.457488,
93,远安大桥宾馆,远安县,鸣凤镇沮阳路一号,,,,31.060076,111.636922,
93,东馨便利店,西陵区,城东大道8号,,,,30.710585,111.311474,
93,宜昌佳人快捷酒店,伍家岗区,伍家区隆中路(胜利四路)1号,,,,30.688490,111.294559,
93,宜昌锦悦商务酒店,西陵区,西陵二路37号大洋百货斜对面,,,,30.709501,111.289670,
93,秋语台音乐宾馆(兴润秋语台小区店),伍家岗区,兴润秋语台5号楼2单元,,,,30.650603,111.373364,
93,宜昌世奇商务酒店(宜昌东站店),伍家岗区,桔城路香山福久源1期大门口,,,,30.651302,111.364464,
93,家豪宾馆,当阳市,长坂路98号,,,,30.824469,111.789770,
93,宜昌久宏宾馆,伍家岗区,桔城路15-2-101号,,,,30.654206,111.365289,
93,宜昌华宝宾馆,西陵区,云林路6号悠活网吧4楼,,,,30.728540,111.308440,
93,宜昌东鸿快捷酒店,伍家岗区,共和村综合大楼三楼,,,,30.645947,111.399305,
93,宜昌佳缘酒店(万达广场店),伍家岗区,夷陵大道244号,,,,30.673641,111.318588,
93,枝江静安宾馆,枝江市,七星台镇峡东路58号(318国道1235公里路标旁),,,,30.418852,111.895327,
93,宜昌华华快捷酒店,伍家岗区,桔城路16号(乐高商旅东站旗舰店旁),,,,30.653260,111.365048,
93,秭归粮食商务宾馆,秭归县,茅坪镇屈原路5号,,,,30.823059,110.977990,
93,宜昌美庭快捷酒店,伍家岗区,"八一路(勤兴花园小区大门牌坊旁,Q7幢)",,,,30.634849,111.368527,
93,宜昌悠然宾馆,伍家岗区,夷陵大道206号(万达广场下行500米即到),,,,30.678203,111.312826,
93,枝江皇宫大酒店,枝江市,花园大道194号,,,,30.517021,111.591424,
93,宜昌9加1快捷酒店,伍家岗区,伍临路11号(桔香花园赛江南酒楼旁),,,,30.640357,111.360678,
93,鑫乐宾馆(八河口街),夷陵区,乐天溪镇江峡二路229号,,,,30.844068,111.058100,
94,逸家宾馆(武汉江汉路同济医院店),硚口区,玉带正街64号,,,,30.571670,114.257323,
94,开蔓酒店(武汉汉正街武胜路地铁站店),硚口区,崇仁路13号沿河星城C2栋3层,,,,30.565551,114.261717,
94,武汉锦泰影院酒店(江汉路步行街协和医院店),江汉区,自治街95号(友谊路地铁站A口步行390米),,,,30.579614,114.280265,
94,武汉站·楚途公寓(东广场店),洪山区,武汉市洪山区白马馨居二期东区小区入口住宿接待服务中心,,,,30.601912,114.427234,
94,易佰酒店(武汉汉口江汉路步行街店),江岸区,上海路8号(江汉路地铁站C口步行470米),,,,30.579341,114.296489,
94,舒晖公寓(武汉金融港一路武汉工程大学流芳校区店),江夏区,流芳大道18号鹏翔花园2栋武汉工程大学流芳校区对面,,,,30.458211,114.432415,
94,格林精选酒店公寓(武汉站店),洪山区,白马馨居2期东区9栋2单元接待站,,,,30.602534,114.427572,
94,武汉鹏程招待所(东吴大道地铁站店),东西湖区,东吴大道271号(东吴大道地铁站A口步行350米),,,,30.625718,114.131138,
94,豆豆智慧旅馆(武汉傅家坡长途客运站武昌火车站店),武昌区,梅苑路28号(傅家坡车站进出口斜对面),,,,30.532451,114.324976,
94,祥云之家,黄陂区,佳海工业园宋岗三路k60-3(盘龙门诊斜对面),,,,30.732741,114.239122,
94,天怡旅馆(武汉黄鹤楼首义路地铁站店),武昌区,首义路街办事处首义新村4栋1单元1层,,,,30.536361,114.306839,
94,武汉天一住宿,蔡甸区,蔡甸街树藩大街463号(武汉市公安局蔡甸分局交通巡警大队东侧),,,,30.576161,114.033180,
94,万金辉都精选酒店(武汉武昌火车站店),武昌区,紫阳东路万金国际广场2号楼4层,,,,30.531461,114.317251,
94,速8主题公寓(湖北大学店),武昌区,学院路王家湾小区1栋2单元1层,,,,30.578744,114.328064,
94,武汉七天假日酒店公寓(汉口火车站店),江汉区,发展大道166号发展公寓7-8层,,,,30.612275,114.251075,
94,育才宾馆(华中科技大学地铁站店),洪山区,珞喻路878号七天酒店同栋8楼育才宾馆,,,,30.507426,114.411003,
94,橙子水晶连锁酒店(武汉汉口火车站店),江汉区,发展大道176号(汉口火车站地铁站B口步行440米),,,,30.613542,114.254326,
94,武汉万家都市宾馆(江汉路步行街循礼门地铁站店),江岸区,江汉北路渣家村1号(二十八中学对面),,,,30.588075,114.282225,
94,武汉大拇指旅馆,武昌区,紫阳东路39号3层(武昌火车站地铁站F口步行210米),,,,30.532409,114.319184,
94,武汉祥和宾馆,黄陂区,横店街道园春街111号(益丰大药房东侧巷子内),,,,30.801958,114.296181,
94,依佳便捷旅馆(吴家山店),东西湖区,七雄路立方城五栋11楼,,,,30.615749,114.128612,
94,武汉银兴招待所(东吴大道地铁站店),东西湖区,东吴大道1235号(东吴大道地铁站A口步行340米),,,,30.625753,114.131032,
94,八方酒店(江汉路步行街店),江汉区,自治街195号,,,,30.580578,114.282816,
94,卡曼酒店(古田三路地铁站店),硚口区,古文路58号,,,,30.587015,114.198116,
94,武汉520时尚宾馆(武商梦时代店),武昌区,丁字桥路27号,,,,30.529142,114.333683,
95,武穴创元大酒店,武穴市,粮食路8号9,,,,29.847826,115.569136,
95,麻城香格里拉大酒店(文化小镇店),麻城市,湖广大道8号(近移民公园、文化小镇),,,,31.169577,115.019124,
95,武穴舒城商务宾馆,武穴市,民主路77号,,,,29.849729,115.561703,
95,团风八方缘宾馆,团风县,利民路12号,,,,30.637141,114.869667,
95,明珠宾馆(黄冈师范学院店),黄州区,新港二路52号,,,,30.446376,114.921405,
95,浠水宝丰宾馆,浠水县,丽文大道365号(汽车站对面),,,,30.455679,115.258688,
95,英山红都宾馆,英山县,温泉镇北门坳11号,,,,30.739163,115.677025,
95,黄冈帝苑大酒店,黄梅县,黄梅大道511号(皇家大酒店正对面),,,,30.080855,115.931742,
95,罗田四方宾馆,罗田县,凤山镇义水北路213号,,,,30.784003,115.394001,
95,华城宾馆,武穴市,田镇新街92号,,,,29.912905,115.420548,
95,黄冈春来旅馆,黄州区,涵晖路17附近,,,,30.456637,114.884757,
95,不见不散,浠水县,清泉镇丽文大道与法院路交口,,,,30.454631,115.259650,
95,中美如家酒店,蕲春县,齐昌大道145号,,,,30.228881,115.439300,
95,天台假日商务宾馆(万达广场店),红安县,"城关镇红坪大道红税路二中旁(教研室旁,近将军城购物广场)",,,,31.285388,114.611359,
95,浠水幸运宾馆,浠水县,闻一多大道53号,,,,30.438432,115.258511,
95,武穴帝豪宾馆,武穴市,民主路279号,,,,29.861559,115.564013,
95,黄梅天天宾馆,黄梅县,五祖大道363号五祖大道(黄梅博物馆附近),,,,30.078794,115.942484,
95,黄冈九环假日酒店(中环路店),黄州区,中环路15号(三清国际华府城对面),,,,30.464251,114.884482,
95,龙腾大酒店(中共团风县文化体育局党委东南),团风县,团黄大道特1号,,,,30.639725,114.871301,
95,黄冈静缘宾馆,黄州区,开发区新港二路40号,,,,30.446960,114.919020,
95,碧桂园宾馆(黄冈科技职业学院店),黄州区,黄州大道94号,,,,30.446618,114.886410,
95,龙全大酒店,蕲春县,蕲州镇二里湖大道100号,,,,30.069552,115.341638,
95,龙感湖宾馆,黄梅县,农工商大道1号,,,,29.877219,115.992988,
95,浠水中运宾馆,浠水县,车站路307号,,,,30.457939,115.258922,
95,尚都精品酒店(黄冈浠水高铁站中医院店),浠水县,闻一多大道206号(近南城中百仓储、中医院),,,,30.441743,115.265914,
96,天门美惠大酒店(元春街店),天门市,竟陵百花路20号,,,,30.651307,113.161908,
96,V9城市客栈(天门陆羽广场店),天门市,"竟陵大道鸿渐路天门日报对面,近陆羽广场",,,,30.661470,113.169901,
96,华侨大酒店(元春街),天门市,元春街5号,,,,30.650041,113.167793,
96,影迪酒店,天门市,公旺大道1号,,,,30.645622,113.152780,
96,富豪宾馆(人民大道中店),天门市,人民大道47号,,,,30.648079,113.170528,
96,天门武星宾馆,天门市,接官大道40号,,,,30.644829,113.158255,
96,新城主题酒店,天门市,皂市新城,,,,30.851895,113.343875,
96,天祥酒店(华侨城店),天门市,侨乡经济开发区接官路135号晨光花园1栋5号,,,,30.632023,113.152398,
96,天门雁叫中心旅社,天门市,人民大道中88号,,,,30.648919,113.163079,
96,源盛宾馆(大润发店),天门市,接官路接官社区十组18号,,,,30.636647,113.155840,
96,天门岳江宾馆,天门市,岳口镇解放大道67号,,,,30.510677,113.082207,
96,天门长隆酒店,天门市,天北路,,,,30.746495,113.220494,
96,天门阳光商务宾馆,天门市,竟西路39号姜龙台小区,,,,30.664060,113.153636,
96,天门金龙宾馆(鸿渐路店),天门市,鸿渐路与人民路交汇处,,,,30.647758,113.168090,
96,友宜佳家庭宾馆,天门市,高新园区接官村十组79号,,,,30.636408,113.155968,
96,天门天宇大酒店,天门市,陆羽汽车城68号,,,,30.605239,113.182445,
96,天门双福宾馆,天门市,竟陵街道天门市钟惺大道庙台巷特54号,,,,30.640504,113.162085,
96,天门长隆宾馆,天门市,湖北天门长湾村41号,,,,30.629603,113.174918,
96,金马酒店,天门市,小板镇金星村东环路88号白马集团8栋153号,,,,30.588463,113.192979,
96,天门家兴客房,天门市,竟陵东江道18号,,,,30.650343,113.176565,
96,58便捷酒店(大润发店),天门市,南洋大道58号,,,,30.629617,113.153620,
96,西湖宾馆(四牌楼街),天门市,四牌楼路110号,,,,30.652911,113.161985,
96,天门和平宾馆,天门市,接官路48号近南天门超市,,,,30.644558,113.158122,
96,旺角智慧酒店(天门侨乡客运站店),天门市,钟惺大道59号,,,,30.640605,113.158709,
96,天门雅苑宾馆,天门市,竟陵办事处导航台三小区3排4号公旺大街与友谊路交叉口东50米路北,,,,30.645854,113.153766,
97,安陆佳馨宾馆,安陆市,府东南路张家巷60号,,,,31.252315,113.698618,
97,孝感宜家快捷酒店(孝感东站店),孝南区,交通东路97号,,,,30.931972,113.936236,
97,迎宾宾馆(楚王城大道店),云梦县,楚王城大道14号,,,,31.012341,113.757986,
97,孝昌金都宾馆(兴隆街店),孝昌县,兴隆西街158号,,,,31.247849,113.989347,
97,孝感新华宾馆,孝南区,槐荫大道291号(孝感商场正对面),,,,30.920321,113.912080,
97,友谊家快捷酒店,孝南区,107国道与肖邹路交汇处中石化加油站旁边,,,,31.073956,113.949923,
97,东方酒店(花杨路店),孝南区,杨店汽车站附近花杨路,,,,31.026727,114.116865,
97,孝感白云宾馆,孝南区,槐荫大道159号,,,,30.910148,113.931888,
97,应城金茂商务宾馆,应城市,光明街北巷118号,,,,30.937905,113.574963,
97,孝感同发商务宾馆,孝南区,体育大道88号,,,,30.939187,113.934762,
97,孝感兴旺宾馆(火车站店),孝南区,城站路282号(距火车站50米火车站公交站对面北辰美食旁进去18米),,,,30.954670,113.927638,
97,应城98宾馆,应城市,光明街83号,,,,30.937646,113.574915,
97,万豪大酒店(孝感孝昌汽车客运站店),孝昌县,汇通大道146号附近,,,,31.244482,113.991417,
97,孝感大天桥商务旅馆,孝南区,城站路6-1号,,,,30.920777,113.912736,
97,云梦三湖大酒店,云梦县,云梦县水产局斜对面,,,,31.027329,113.771353,
97,长江铁路大酒店,应城市,长江埠街道车站路51号,,,,30.857863,113.731161,
97,盛远主题酒店(航空路店),孝南区,航空路131号,,,,30.936478,113.907802,
97,孝感V8电竞酒店,孝南区,槐荫大道幸福家园142号(麦香村西30米路南),,,,30.911306,113.928334,
97,孝感星鑫商务酒店,孝南区,长征路298号,,,,30.947477,113.935567,
97,银泰酒店(北京路店),孝南区,北京路55-34号,,,,30.922787,113.939046,
97,孝感安业假日酒店(乾坤大道店),孝南区,乾坤大道19号,,,,30.917990,113.938545,
97,77主题电竞酒店(湖北工程学院店),孝南区,分丝南路102号,,,,30.935634,113.918679,
97,东城快捷酒店(民邦槐荫东岸店),孝南区,民邦·槐荫东岸一期东南门旁,,,,30.905908,113.957524,
97,雅苑宾馆,大悟县,兴悟北路40号,,,,31.569960,114.118704,
97,孝昌宜家旅馆,孝昌县,八米巷58号,,,,31.253467,113.985776,
98,潜江锦玉宾馆,潜江市,章华北路8号,,,,30.432355,112.897655,
98,潜江心港商务酒店,潜江市,潜阳中路14号(近水牛城购物广场),,,,30.413930,112.895157,
98,嘉裕酒店(章华南路店),潜江市,园林办事处章华南路37号(近潜江市法院对面供电公司旁),,,,30.394757,112.900496,
98,潜江大酒店,潜江市,章华中路51号,,,,30.420891,112.898112,
98,如家派柏·云酒店(潜江东风路店),潜江市,园林城区东风路91号,,,,30.421823,112.893025,
98,章华花苑酒店,潜江市,红梅路88号,,,,30.401625,112.891302,
98,潜江度小月民宿,潜江市,竹根滩镇沙街村三组,,,,30.533483,112.906547,
98,潜江佳旺宾馆,潜江市,向家台街5号,,,,30.458207,112.786703,
98,甜甜住宿,潜江市,园林街道袁桥社区三组27号,,,,30.418172,112.872011,
98,潜江聚仙林商务宾馆(虾街店),潜江市,健康巷31号,,,,30.415202,112.900493,
98,华康国际大酒店,潜江市,园林街道办事处南浦路社区潜阳中路3号,,,,30.411768,112.896638,
98,潜江喜聚大酒店,潜江市,后湖219省道与后湖大道交汇处,,,,30.397487,112.733244,
98,潜江锦缘民宿,潜江市,总口街道137号印刷小区,,,,30.287725,112.921975,
98,东莱酒店(江汉艺术学院店),潜江市,外环路124号,,,,30.419715,112.911902,
98,潜江太阳红城市酒店,潜江市,潜阳东路11号,,,,30.411827,112.902490,
98,潜江君利酒店(江汉艺术学院店),潜江市,潜江市东方居委会二组151号,,,,30.419376,112.905775,
98,潜江金瑞宾馆,潜江市,横堤路27-1号,,,,30.416175,112.899495,
98,潜江仙姿酒店(潜江龙虾街店),潜江市,潜阳东路4号(园林青广场对面),,,,30.410866,112.901064,
98,潜江鑫悦连锁酒店(龙虾街店),潜江市,健康巷131号,,,,30.414312,112.900184,
98,潜江速9酒店(江汉艺术学院店),潜江市,中心医院后面健康巷121号,,,,30.414737,112.899992,
98,潜江V8假日酒店,潜江市,园林办事处潜阳中路中央华府小区附近,,,,30.417216,112.891192,
98,潜江业成商务酒店(虾街店),潜江市,信河街附近(近潜江阳光酒店),,,,30.414747,112.900352,
98,贝贝壳酒店(潜阳西路店),潜江市,潜阳西路16-3号,,,,30.419017,112.877782,
98,潜江万豪假日酒店,潜江市,潜江经济开发区章华南路万豪假日酒店旁马家台小区61号,,,,30.391500,112.900231,
98,潜江鑫乐大酒店,潜江市,园林经济开发区兴园大道16号,,,,30.407189,112.880011,
99,荆门京华大酒店(荆门火车站店),掇刀区,果园二路66号(距荆门火车站200米、荆门理工学院),,,,31.046687,112.215454,
99,荆门鹏程宾馆(荆楚理工学院店),东宝区,车沟巷29号,,,,31.044148,112.201524,
99,荆门市东宝区宝玉旅馆,东宝区,泉口街道金龙泉大道12号1幢109室,,,,31.053878,112.210723,
99,荆门三江旅馆,东宝区,月亮湖路商城街188号,,,,31.037263,112.211215,
99,海逸.丽贝酒店(荆门银泰城荆楚理工学院店),东宝区,金虾路109号,,,,31.034680,112.202203,
99,钟祥金龙大酒店,钟祥市,安陆府东路127号(诚信超市楼上承天路小学斜对面),,,,31.183194,112.589785,
99,荆门似家精品酒店,掇刀区,迎春大道8号(近格林美),,,,30.944059,112.198160,
99,OYO锦海商务酒店,掇刀区,兴隆大道交通小学斜对面,,,,30.942514,112.191989,
99,沙洋龙凤大酒店,沙洋县,沙汉津大道85号,,,,30.697620,112.572791,
99,京山屈家岭饭店,京山市,屈家岭管理区屈岭路15号,,,,30.825103,112.879207,
99,荆门经港酒店,掇刀区,虎牙关大道与深圳大道交汇处,,,,30.983088,112.201031,
99,京山铁路宾馆,京山市,新市大道与人民大道交汇处(京山小学100米),,,,31.026754,113.129146,
99,舒鑫宾馆(交通路店),京山市,新市街道交通南路88-2,,,,31.021675,113.115999,
99,尚客优快捷酒店(京山城中路店),京山市,新市镇小中路2号金茂银河湾2B幢2层201号,,,,31.019387,113.114215,
99,荆门三林宾馆,掇刀区,关帝路22号,,,,31.002385,112.199891,
99,澳龙酒店(荆门中天街民主街历史文化街区店),东宝区,长宁大道14号,,,,31.031121,112.205695,
99,荆门明珍宾馆(银泰城中天街店),东宝区,金虾路与海慧路交叉口西北80米,,,,31.032809,112.202518,
99,钟祥福馨缘大酒店,钟祥市,郢中镇王府大道32号,,,,31.176027,112.588713,
99,京山商业宾馆,京山市,新市镇京源大道452号,,,,31.022493,113.115756,
99,海怡大酒店,沙洋县,洪岭大道南7号,,,,30.693657,112.568428,
99,荆门明珠宾馆,东宝区,长宁大道商务局旁边,,,,31.039428,112.209009,
99,宏丰酒店(荆门民主街历史文化街区店),掇刀区,九渊路西区3号,,,,31.038665,112.215240,
99,京山京华宾馆,京山市,新市大道175号,,,,31.024100,113.127791,
99,京山逸家宾馆(永兴大道屈场街店),京山市,永兴大道屈场街33号,,,,30.995525,113.179422,
99,荆门竹园七号城市酒店,东宝区,竹园路7号(竹园小学对面),,,,31.045348,112.205756,
100,利川利邮宾馆,利川市,清江大道278号邮政局院内,,,,30.294029,108.932362,
100,恩施好如家商务宾馆(宾馆一条街店),恩施市,民族路1巷8号,,,,30.289479,109.482579,
100,晶都商务宾馆(施州大道店),恩施市,施州大道(机场路)施州雅苑B座18楼,,,,30.275629,109.481166,
100,鹤峰容美商务酒店,鹤峰县,容美镇九峰大道4号连升桥头林业小区旁(近连升桥林业小区),,,,29.887331,110.031068,
100,巴东艳阳天大酒店,巴东县,野三关镇名相路109号(发展大道入口),,,,30.625359,110.329410,
100,大唐商务酒店(施州大道店),恩施市,施州大道43号(州公安局斜对面),,,,30.278884,109.482644,
100,建始万氏大酒店,建始县,烟墩大道39号,,,,30.600081,109.733956,
100,恩施孙家住宿,恩施市,崇文财富广场8楼813号,,,,30.274355,109.486525,
100,恩施启元酒店(职业学院店),恩施市,学院路115号(职业技术学院大门对面),,,,30.294713,109.497824,
100,恩施玫瑰花园酒店(民族大学店),恩施市,学院路85号,,,,30.293439,109.498353,
100,金帝国际商务酒店(航空路店),恩施市,航空大道16号金帝国际大厦A座13-14层,,,,30.277206,109.478960,
100,咸丰君欣皇城酒店,咸丰县,育英路8-1,,,,29.668222,109.136286,
100,天昊大酒店,建始县,高坪镇,,,,30.654758,110.070715,
100,恩施大峡谷峡谷居游多多客栈,恩施市,女儿寨酒店西,,,,30.404987,109.192875,
100,金鼎·丽都酒店(八景星光天地店),建始县,业洲大道162号,,,,30.601378,109.721252,
100,咸丰蓝波湾酒店,咸丰县,高乐山镇大坝村,,,,29.668088,109.137226,
100,沃尔美大酒店,恩施市,金桂大道板桥小区19号,,,,30.328859,109.500149,
100,利川市君怡酒店,利川市,清源大道30号(利川市建设局旁),,,,30.292103,108.947996,
100,巴东红琪宾馆,巴东县,朝阳路85号,,,,31.039499,110.334043,
100,耀江裕隆湾大酒店,恩施市,东风大道57号,,,,30.258234,109.481710,
100,来凤楚天大酒店,来凤县,翔凤镇和平路12号,,,,29.507355,109.412171,
100,星星住宿,建始县,业州镇移民小区7号,,,,30.568371,109.730234,
100,客亲假日酒店(恩施火车站店),恩施市,施州大道火车站商贸小区11排8号,,,,30.344527,109.485361,
100,来凤龙凤宾馆,来凤县,凤翔大道,,,,29.508981,109.411344,
100,世纪兴大酒店(徐家坝步行街店),咸丰县,荆南路1号,,,,29.678785,109.151865,
101,仙桃纽芬兰时尚酒店(西桥店),仙桃市,复州大道16号(近仙桃商城大厦),,,,30.372658,113.432548,
101,仙桃鼓楼宾馆,仙桃市,复州大道175号,,,,30.372483,113.448045,
101,瀚庭酒店(仙桃商城大厦店),仙桃市,干河街道沔阳大道43号仙桃商城大厦西侧楼3楼,,,,30.370954,113.447519,
101,五湖酒店(何李路店),仙桃市,何李路66号东区车站对面,,,,30.366851,113.461897,
101,云顶酒店(仙桃大道),仙桃市,仙桃大道特8号,,,,30.361186,113.448586,
101,城南商务酒店(仙桃商城大厦文化步行街店),仙桃市,宏达路22-6号,,,,30.363397,113.445212,
101,仙桃永兴宾馆(江汉医院店),仙桃市,锦瑞路6号,,,,30.361781,113.442064,
101,天悦商务宾馆,仙桃市,沙湖镇车站路与幸福街交汇处,,,,30.169919,113.675564,
101,城市便捷酒店(仙桃大道武商MALL店),仙桃市,仙桃大道中段48号光湖大楼F1层,,,,30.360494,113.451131,
101,仙桃168宾馆,仙桃市,东桥步行街停车场,,,,30.364107,113.447616,
101,仙桃鑫都宾馆,仙桃市,仙源大道43号,,,,30.367073,113.446125,
101,仁好宾馆,仙桃市,宏达路97号,,,,30.359375,113.440975,
101,仙桃船码头宾馆,仙桃市,好义街七政寺4号(沿河大道),,,,30.377157,113.449994,
101,仙桃豪杰宾馆,仙桃市,宏达路129号,,,,30.358501,113.440072,
101,海之缘商务酒店(仙桃商城大厦文化步行街店),仙桃市,仙源大道33号,,,,30.367071,113.445151,
101,仙桃阳光宾馆,仙桃市,宏达路69号(市客运站斜对面),,,,30.360024,113.441533,
101,欣怡宾馆(宏达路店),仙桃市,宏达路85号,,,,30.359678,113.441251,
101,仙桃追风宾馆,仙桃市,宏达路59号,,,,30.361308,113.442666,
101,仙桃吉祥宾馆,仙桃市,宏达路71号,,,,30.359963,113.441498,
101,楚天宾馆(客运总站店),仙桃市,宏达路115号,,,,30.358868,113.440418,
101,仙桃温馨宾馆,仙桃市,沔阳大道80号华冠酒店对面,,,,30.368734,113.458285,
101,仙桃纽繁希酒店,仙桃市,仙源大道35号,,,,30.367094,113.445620,
101,仙桃浅水湾宾馆(文化步行街店),仙桃市,仙桃市步行街幸福5巷6一7号(东桥旁近美食一条街),,,,30.364220,113.447522,
101,仙桃避风港宾馆,仙桃市,仙桃文化步行街东桥步行街停车场(金色米兰巷内前行220米),,,,30.364046,113.447639,
101,仙桃桃花岭酒店,仙桃市,宏达路123号,,,,30.358747,113.440438,
102,天下客时尚酒店(荆州塔桥路店),沙市区,"塔桥路13-14栋1楼16号,2楼2号",,,,30.316964,112.242397,
102,洪湖万豪宾馆(中医院店),洪湖市,柏枝六巷10号,,,,29.818307,113.460701,
102,荆州运七酒店,沙市区,江汉北路41号(近美佳华商业广场),,,,30.308084,112.257359,
102,荆州古城宾馆,荆州区,荆中路128号(五医旁),,,,30.352648,112.184480,
102,西斋宾馆,松滋市,洈水镇大桥路42号,,,,29.981520,111.618822,
102,半山宾馆(石油学院店),荆州区,新风一路9号,,,,30.336460,112.209440,
102,蓝天宾馆(油江路店),公安县,油江路302号,,,,30.056962,112.224809,
102,新世纪大酒店,石首市,东方大道188号,,,,29.727174,112.417350,
102,公安百悦主题酒店(油江路分店),公安县,油江路132号(中医院旁),,,,30.056506,112.221815,
102,吉楚快捷酒店(北湖店),沙市区,北湖小路悉尼印象旁,,,,30.329870,112.237183,
102,荆州荣华宾馆,沙市区,沙市市中山公园南门旁,,,,30.310988,112.248789,
102,荆州东区旅馆,沙市区,北京东路113号省电二处办公楼1楼(燎原小区对面),,,,30.288963,112.286676,
102,康德旅社,松滋市,新江口镇民主路45号,,,,30.182192,111.777285,
102,荆州金源顺民宿(4号店),荆州区,长大东校区新风1路8巷1号,,,,30.332646,112.209542,
102,顺昌大酒店,公安县,环城四村沿江路32号,,,,30.067783,112.223584,
102,茉莉花开连锁酒店(荆州郢都店),荆州区,城南开发区郢都路88号,,,,30.345193,112.183248,
102,嘉园宾馆(荆州古城店),荆州区,省区便河路3号,,,,30.352182,112.191339,
102,洪湖大酒店,洪湖市,赤卫路24号,,,,29.803937,113.466071,
102,启鸿宾馆(沙市中山公园店),沙市区,新沙路14号,,,,30.309370,112.242720,
102,荆州天喜楚韵大酒店,沙市区,"红门路68号(中央华府对面,近五中)",,,,30.316204,112.264864,
102,吉楚连锁酒店(荆州古城大庆路店),沙市区,金龙路30号,,,,30.327684,112.230141,
102,七一一宾馆,沙市区,江津西路272号(广电大楼往西200米),,,,30.339083,112.236356,
102,荆州沙市福盈宾馆,沙市区,关沮镇景明观路与荆沙大道交汇处西北方200米处,,,,30.347945,112.241348,
102,荆州君悦商务宾馆,沙市区,"北京中路262号,国酒茅台旁边",,,,30.304607,112.265452,
102,夏日荷花连锁酒店(荆州长港路店),沙市区,长港路12号荆超粮油批发市场临街综合楼4楼,,,,30.307730,112.280492,
103,赤壁陆水湖宾馆,赤壁市,金鸡山路44号,,,,29.707436,113.870880,
103,咸宁福信宾馆(咸宁站店),咸安区,怀德路306号,,,,29.878265,114.289078,
103,嘉鱼东升宾馆(发展大道店),嘉鱼县,发展大道127-6号,,,,29.971320,113.934889,
103,华清园大酒店,嘉鱼县,咸宁市鱼岳镇体育馆对面,,,,29.961725,113.944675,
103,顺风旅社(咸宁火车站店),咸安区,怀德路332号附20号,,,,29.878602,114.288650,
103,赤壁金骊宾馆,赤壁市,周画路2号,,,,29.722975,113.889596,
103,嘉鱼天友商务宾馆,嘉鱼县,鱼岳镇东岳路49-13号,,,,29.975075,113.912275,
103,怡园宾馆(赤壁人民医院店),赤壁市,河北大道121号,,,,29.726399,113.911951,
103,咸宁锦航宾馆,咸安区,温泉区桂花街136号,,,,29.830847,114.334983,
103,天成宾馆(中城路店),咸安区,中城路8号-12(近银泰百货),,,,29.875368,114.278819,
103,小金龙大酒店,咸安区,文笔大道1号,,,,29.867960,114.290166,
103,7天优品酒店(咸宁温泉购物公园店),咸安区,咸安区步行街购物公园数码港4楼,,,,29.825281,114.333958,
103,领南宾馆,嘉鱼县,人民大道5号近疾控中心,,,,29.972567,113.928637,
103,双鹤宾馆(咸宁大道),咸安区,咸宁大道温泉村六组竹山里2号,,,,29.832648,114.314184,
103,威尼斯国际酒店,通城县,解放西路99号,,,,29.244133,113.805133,
103,借东风大酒店,赤壁市,金銮街5-1号(近三国古战场),,,,29.871734,113.633627,
103,王朝轻奢酒店(通山县政府广场店),通山县,滨河路与洋都大道交口工商银行北行150米处,,,,29.606017,114.484316,
103,滨江国际酒店,通城县,东阁路(县医院斜对面),,,,29.244037,113.819645,
103,通城米兰时尚酒店,通城县,隽水大道125号临近新客运中心(紧邻隽水大道),,,,29.258509,113.816644,
103,赤壁杨子宾馆,赤壁市,陆水湖大道(永邦欧洲城斜对面),,,,29.713743,113.895635,
103,嘉鱼嘉瑜客栈,嘉鱼县,湖滨路71号,,,,29.963375,113.926125,
103,咸宁泉上泉宾馆(湖北科技学院店),咸安区,咸宁大道22号(市地税局、卫生局对面),,,,29.846007,114.340740,
103,亚龙湾商务大酒店,赤壁市,体育馆路3号(市会议中心斜对面),,,,29.724796,113.898266,
103,通城七天商务宾馆,通城县,秀水大道东阁路36号(通城县人民医院斜对面),,,,29.244486,113.819632,
103,玉立国际酒店,通城县,玉立大道216号,,,,29.261775,113.824328,
104,神农架一品楼宾馆,神农架林区,松柏镇神农大道159号,,,,31.743214,110.673606,
104,神农架归乡客栈,神农架林区,木鱼镇摇篮湖路桃园小区3号,,,,31.475292,110.391845,
104,神农架姊妹园度假休闲农庄,神农架林区,红花坪村二组46号,,,,31.389760,110.492647,
104,悦慢·溪畔富氧度假美宿(木鱼镇旅游集散中心神农架风景区店),神农架林区,木鱼镇香溪街C1栋101,,,,31.461511,110.400779,
104,神农架云盘小居,神农架林区,木鱼镇里儿沟209国道北,,,,31.448464,110.421818,
104,飞跃客栈(神农架木鱼镇店),神农架林区,迎宾大道5号,,,,31.473815,110.388690,
104,知家客栈,神农架林区,木鱼镇门楼街75号,,,,31.460081,110.399747,
104,神农架悦心诚农庄,神农架林区,木鱼镇门楼街64号,,,,31.460158,110.399519,
104,神农架姐妹客栈,神农架林区,摇篮湖路9号(木鱼镇客运站对面),,,,31.472718,110.394030,
104,向家大院客栈(门楼街分店),神农架林区,木鱼镇门楼街11号,,,,31.461280,110.398318,
104,神农架龙泉山庄(木鱼镇店),神农架林区,木鱼镇木鱼路95号,,,,31.463203,110.397616,
104,神农架瑞鑫酒店,神农架林区,大九湖坪阡街87号,,,,31.451697,110.139325,
104,神农架谷屿季酒店(木鱼汽车客运站店),神农架林区,楚林路25号,,,,31.468750,110.394019,
104,神农架八十八号客栈,神农架林区,木鱼镇青天车沟小区,,,,31.489016,110.375338,
104,神农架富强山庄(大九湖坪阡古镇店),神农架林区,坪阡古镇盐溪街2号,,,,31.452761,110.132703,
104,神农架馨怡客栈,神农架林区,木鱼镇青天茶村119号,,,,31.491568,110.374198,
104,神农架海涛酒店,神农架林区,木鱼镇里二沟,,,,31.447483,110.421500,
104,神农架欣悦宾馆,神农架林区,松柏镇神农大道68号,,,,31.741101,110.689020,
104,神农架乡音客栈,神农架林区,木鱼镇门楼街60号,,,,31.459942,110.399652,
104,神农人家,神农架林区,木鱼镇青天袍118号,,,,31.491458,110.374059,
104,神农架鑫钰山庄,神农架林区,田园小区10号,,,,31.474795,110.391203,
104,神农架森林客栈,神农架林区,桃园小区林区派出所旁,,,,31.476863,110.391309,
104,神农架皇冠宾馆,神农架林区,松柏镇神农大道161号,,,,31.743212,110.673471,
104,神农架交友时尚民宿,神农架林区,木鱼路82号,,,,31.463879,110.396826,
104,神农架百合酒店(大九湖坪阡古镇店),神农架林区,大九湖镇玉泉路38号,,,,31.459472,110.137537,
105,随州天星客房,曾都区,烈山大道216号老印刷厂院区,,,,31.715525,113.372451,
105,广水聚龙酒店,广水市,三环路北门加油站对面,,,,31.624715,113.827162,
105,广水白云酒店,广水市,东正街1号群兴购物广场F7层,,,,31.615708,113.827829,
105,恒昌大酒店,曾都区,舜井大道258号,,,,31.715301,113.378367,
105,随州百度假日酒店,曾都区,交通大道336号,,,,31.718999,113.381252,
105,格林豪威商务酒店,曾都区,解放路182号(与沿河大道交汇处以东100米路南),,,,31.711642,113.367231,
105,随州舜井宾馆(客运中心站店),曾都区,舜井大道228号,,,,31.714027,113.379251,
105,随县洪山宾馆,随县,洪山镇洪山路9号,,,,31.671637,112.918154,
105,文峰国际商务酒店,曾都区,交通大道168号,,,,31.705573,113.385768,
105,广水中大酒店,广水市,解放路6号,,,,31.619267,114.010248,
105,聚宝宾馆,曾都区,交通大道文峰国际广场C座4层,,,,31.705289,113.386451,
105,广水蓝天酒店,广水市,四贤路189号南苑丽都4楼,,,,31.607065,113.820794,
105,广水应山格林大酒店,广水市,应山办事处广安路五号,,,,31.616317,113.833862,
105,曾都宾馆,曾都区,烈山大道玉石街3号,,,,31.714644,113.370600,
105,玉龙宾馆(随州市解放路店),曾都区,随州市曾都区解放路169号,,,,31.711885,113.364938,
105,广水君龙商务酒店,广水市,军民路2号,,,,31.613324,113.842576,
105,随州宾馆,曾都区,沿河大道126号,,,,31.718435,113.364933,
105,骏怡连锁酒店(随州淅河镇淅河大道店),曾都区,渐河镇源丰大道966号,,,,31.687064,113.462175,
105,随州双迎宾馆,曾都区,交通路255号,,,,31.714512,113.383742,
105,云都大酒店,广水市,永阳大道17号,,,,31.613592,113.839291,
105,随州家园客房,曾都区,五金巷6号,,,,31.712333,113.381829,
105,东城招待所(杨家巷店),曾都区,解放路58号(购物中心对面、军翔服饰旁),,,,31.712837,113.375963,
105,静巷民宿(广水站店),广水市,武胜关镇开发区中华街17号,,,,31.618081,114.030020,
105,随州乐全季酒店,曾都区,交通大道177号,,,,31.704110,113.388701,
105,平安客房(随州鹿鹤市场店),曾都区,舜井大道105号,,,,31.712620,113.381140,
106,鄂州金凤凰宾馆(鄂钢医院店),鄂城区,建设街446-12号,,,,30.406687,114.881376,
106,鄂州恒瑞酒店(葛店开发区店),华容区,葛店开发区仁义路2-8号祥华综合楼,,,,30.539392,114.679039,
106,鄂州国宾宾馆(西山风景区店),鄂城区,江碧路39号,,,,30.405214,114.880510,
106,锦轩精品酒店(西山风景区店),鄂城区,江碧路31号市第三中学对面(原八一宾馆)二楼,,,,30.406162,114.880648,
106,鄂钢宾馆,鄂城区,武昌大道217号(武钢集团鄂城钢铁有限公司办公大楼旁),,,,30.401932,114.870925,
106,美丽华宾馆(东塔街店),鄂城区,东塔街23-8号,,,,30.401152,114.903615,
106,鄂州锦绣吴都山庄,鄂城区,银山村殷家塆,,,,30.330784,114.886500,
106,鄂州富森电竞宾馆,鄂城区,武昌大道300-4号,,,,30.404097,114.887399,
106,鄂州红枫宾馆,鄂城区,北门西街小北门14号综合楼,,,,30.408472,114.883794,
106,四眼井宾馆(十字街店),鄂城区,十字街29号附10号,,,,30.405450,114.883919,
106,鄂州世纪商务宾馆,鄂城区,古城路50号世纪商城D区2层,,,,30.393682,114.890701,
106,鄂州张陈商务宾馆,华容区,葛店开发区创业大道与润阳路交汇路口武九铁路涵洞以北100米,,,,30.534251,114.670479,
106,鄂州学友招待所,鄂城区,鄂州大学学生街,,,,30.378391,114.898971,
106,鄂州天美乐商务宾馆(西山风景区店),鄂城区,武昌大道157号农机公司院内(市二医院对面),,,,30.402615,114.881486,
106,银龙大酒店,鄂城区,葛山大道30号(鄂黄大桥和武黄高速之间),,,,30.381695,114.921186,
106,玉龙锦大酒店,鄂城区,古城南路82号,,,,30.380270,114.888531,
106,鄂州白云旅社,鄂城区,江碧路51号,,,,30.402464,114.879655,
106,鄂州鼓楼时尚宾馆,鄂城区,建设路59-5号,,,,30.407024,114.884429,
106,飞鹅假日酒店,鄂城区,文星大道7号,,,,30.398896,114.880812,
106,克里司汀酒店,鄂城区,古城南路侧2号,,,,30.372829,114.887241,
106,都市公寓(花湖高铁站店),鄂城区,花湖大道与迎宾大道辅路交叉口北140米,,,,30.249988,115.035939,
106,南都宾馆(广山西苑南),鄂城区,江碧路513号,,,,30.340783,114.868674,
106,百信宾馆,华容区,葛店开发区上屋罗897号,,,,30.542227,114.674201,
106,镜园宾馆(建材市场店),鄂城区,滨湖西路16-2号(滨湖桥五星饺子馆旁),,,,30.390952,114.883639,
106,鄂州天星宾馆(葛店开发区药谷广场店),华容区,广场西路25号,,,,30.539751,114.680865,
107,馨感觉宾馆(湖北师范大学店),黄石港区,磁湖路9-12号,,,,30.228388,115.072406,
107,黄石焕新宾馆,下陆区,新下陆街202号,,,,30.175218,114.947391,
107,馨园宾馆(黄石理工店),下陆区,磁湖路131号3层,,,,30.214193,115.022665,
107,黄石永安商务宾馆,下陆区,下陆大道60号,,,,30.175205,114.965614,
107,大冶金牛大酒店,大冶市,金牛镇金太路3号,,,,30.018071,114.632348,
107,黄石金座宾馆,下陆区,下陆大道139号,,,,30.173020,114.959757,
107,黄石阳光花园宾馆,下陆区,磁湖路215号(青岛啤酒厂公交站旁),,,,30.189151,115.001610,
107,黄石磁湖招待所(湖北师范大学店),黄石港区,磁湖路枇杷山3号,,,,30.223405,115.064696,
107,邮苑宾馆(黄狮蟹路),大冶市,黄狮海街特1号,,,,30.086946,114.968890,
107,黄石欣世纪电竞宾馆(湖北师范大学店),黄石港区,磁湖路5号,,,,30.228751,115.073141,
107,黄石新亿豪宾馆(湖北师范大学店),黄石港区,沈下路4号,,,,30.224246,115.067715,
107,黄石金福缘商务宾馆,黄石港区,花湖大道天虹金福园1栋附15号,,,,30.244532,115.056464,
107,黄石永兴宾馆,黄石港区,南京路9号,,,,30.210924,115.089619,
107,地质宾馆(湖滨路),大冶市,湖滨路9号,,,,30.096611,114.975585,
107,秀情商务酒店,下陆区,新下陆街245号,,,,30.170173,114.950378,
107,黄石锦江酒店(步行街店),黄石港区,黄石大道202号-3号,,,,30.212378,115.094591,
107,阳新桃花泉大酒店,阳新县,兴国镇东岳街11号,,,,29.848052,115.205557,
107,陶然之星时尚酒店(钟楼步行街店),黄石港区,广场路10号,,,,30.210482,115.094252,
107,红日宾馆(新下陆街店),下陆区,新下陆街224-1号,,,,30.171008,114.950142,
107,紫金酒店(大冶人民医院店),大冶市,新冶大道12号交警队旁巷内,,,,30.100671,114.976829,
107,梦豪时尚酒店(湖北师范大学湖滨大道店),黄石港区,湖滨大道47号(德润家广场旁边),,,,30.237487,115.054329,
107,四季酒店(摩尔城店),黄石港区,华新路16号,,,,30.218569,115.082529,
107,黄石蝶梦时尚主题酒店,西塞山区,沿湖路687号(八卦咀伊家人超市旁),,,,30.200018,115.075351,
107,黄石王家里宾馆,黄石港区,黄石大道983号(王家里车站建设银行旁),,,,30.226162,115.076233,
107,黄石兴焱商务宾馆,黄石港区,花湖大道31号附18号,,,,30.245152,115.047863,
108,兴城星红快捷宾馆(站前路店),兴城市,站对面100米,,,,40.623331,120.703325,
108,绥中家禾旅店,绥中县,站前街2-12号,,,,40.321735,120.351042,
108,葫芦岛华瑞旅社,龙港区,海星路17-10-A,,,,40.702821,120.843724,
108,兴城可心家庭宾馆,兴城市,钓鱼台村184号,,,,40.614024,120.782784,
108,葫芦岛聚宾楼宾馆,连山区,站前街17-3号,,,,40.755139,120.865320,
108,东戴河温馨时尚宾馆,绥中县,腾达路海韵馨园5号楼实验小学对面,,,,39.999846,119.865516,
108,百姓山庄宾馆,龙港区,山水路10号楼,,,,40.695904,120.835989,
108,兴城永兴旅社,兴城市,西关街西二村护城河胡同2号,,,,40.622940,120.704141,
108,葫芦岛柏祥主题宾馆,龙港区,锦绣花园绣园1组团10号,,,,40.715466,120.831899,
108,鑫海假日酒店(海滨浴场店),兴城市,钓鱼台办事处海滨路海滨码头街2号(海滨码头西北侧),,,,40.616286,120.805926,
108,泰安宾馆(海星路店),龙港区,海星路17-9号楼2号,,,,40.702532,120.842994,
108,7天连锁酒店(葫芦岛火车站广场店),连山区,泰康路2号近中央路,,,,40.752983,120.865619,
108,天和大酒店,兴城市,兴海南街2号,,,,40.613830,120.705868,
108,如家旗下派柏云酒店(葫芦岛火车站店),连山区,渤海街泰康路2号(火车站友谊春天旁),,,,40.753872,120.865985,
108,广海宾馆,龙港区,海辰路华龙里12号楼3号,,,,40.699713,120.836912,
108,兴城鑫宝家庭宾馆,兴城市,兴海路五段(海滨浴场西行300米),,,,40.611458,120.788316,
108,建都大酒店,绥中县,绥中镇新兴街二段45号,,,,40.325083,120.330840,
108,西街宾馆,龙港区,锦葫路老基地西街防治站西侧,,,,40.721377,120.928122,
108,丽锦酒店,龙港区,龙程街78号,,,,40.737594,120.885084,
108,葫芦岛飞天宾馆(飞天广场店),龙港区,龙湾大街48号国美商务大厦B座,,,,40.720497,120.851233,
108,建昌亿丰商务酒店,建昌县,凌河西街建安小区东南方向,,,,40.807059,119.810361,
108,绥中梦之缘宾馆,绥中县,站前街铁馨园小区一号楼梦之缘宾馆,,,,40.323228,120.353006,
108,兴城亿福祥家庭宾馆,兴城市,钓鱼台村483号,,,,40.616069,120.781141,
108,兴城盛德快捷宾馆,兴城市,西关街不夜城3号楼13号铺(距火车站出站口15米),,,,40.624277,120.703262,
108,建昌龙湾商务酒店,建昌县,建设路金水湾南区四号楼,,,,40.811628,119.810823,
109,庄河龙祥宾馆,庄河市,庄河汽车站对面,,,,39.703608,122.953315,
109,大连怡美旅社,甘井子区,玉情街36号,,,,38.970063,121.523598,
109,阳光小屋客栈(大连金石滩店),金州区,金石路55-21号,,,,39.086853,122.003010,
109,金海湾旅社,普兰店区,金海湾5-2,,,,39.417593,121.954191,
109,庄河方圆宾馆,庄河市,迎宾大街客运站东100米,,,,39.704847,122.955896,
109,蜜和糖主题酒店式公寓,金州区,光中街道胜利路178号瑞柏中心1号公寓613室,,,,39.101644,121.713773,
109,大连客来顺旅店,金州区,经济技术开发区倚山里52号公建1层,,,,39.051278,121.796774,
109,佳缘旅馆(东山街店),甘井子区,东山街35号8-1-1(文体街东翠鸣苑门口),,,,38.974014,121.629961,
109,大连嘉旅客舍,中山区,武昌街武昌公寓6号(劳动公园地铁站C口步行460米),,,,38.906401,121.642531,
109,友谊宾馆(大连旅顺店),旅顺口区,得胜街72-5号,,,,38.807440,121.262935,
109,优雅电竞酒店(金马路轻轨站店),金州区,城润万家3栋-8号(金马路地铁站A口步行160米),,,,39.049433,121.743684,
109,凯悦宾馆(大连金州火车站店),金州区,金州站盛滨花园(速8酒店斜对面),,,,39.087492,121.724974,
109,欣鑫旅店,金州区,"格林小镇西门,16号公建",,,,39.046385,121.812821,
109,唐人饭店(文圣店),瓦房店市,水果街铁东文圣社区9号,,,,39.622275,122.008675,
109,一家人旅店(大连新华店),沙河口区,新华街与成仁街交汇南段,,,,38.899439,121.595483,
109,宏伟旅馆(大连马栏广场店),沙河口区,马栏广场兰田街33号,,,,38.919455,121.558098,
109,广源快捷客舍(马栏广场地铁站店),甘井子区,红旗东路33号楼红旗东路与兰兴港交汇处马兰广场汉庭酒店后身一百米,,,,38.921967,121.552990,
109,大连众缘旅店,金州区,金州区开发区东城街裕民新苑31-6,,,,39.067303,121.843061,
109,大连中意楼宾馆,西岗区,建设街33号(大连站地铁站G1口步行90米),,,,38.922095,121.629468,
109,大连顺鑫旅馆,西岗区,双兴街19-9号,,,,38.925493,121.623601,
109,鸿利客舍(连平街店),西岗区,连平街5号(大连站地铁站F口步行60米),,,,38.922959,121.628303,
109,宏祥旅馆(复兴街店),金州区,拥政街道古城甲区7号楼,,,,39.108963,121.716368,
109,大连兴盛快捷宾馆,金州区,"三十里堡镇国泰路40号(石油加油站旁边,农商银行对面)",,,,39.280500,121.797614,
109,万蓬商务酒店,瓦房店市,复州城永丰广场塔前小区2号,,,,39.731080,121.715315,
109,大连凯旋温馨公寓,西岗区,站北广场1号凯旋广场F8层,,,,38.925067,121.632854,
110,丹东浪漫小屋家庭式公寓(火车站店),振兴区,站前街道站前路木都广场小区2单元1806室,,,,40.126043,124.389872,
110,凤城华庭旅馆,凤城市,富民路39号,,,,40.784984,123.925471,
110,丹东泰和宾馆,振兴区,十经街37-38号,,,,40.127921,124.384181,
110,东港假日宾馆,东港市,东港路39号,,,,39.886267,124.148620,
110,东港群信宾馆,东港市,迎宾大街41号楼,,,,39.890368,124.149098,
110,龙达宾馆(站前街店),宽甸满族自治县,宽甸青山沟路宽运小区1号楼(第一粮库对面),,,,40.721226,124.782449,
110,丹东锦弘宾馆,振兴区,文庆路65-4号,,,,40.015394,124.339937,
110,丹东泽润宾馆,振兴区,体育馆路61号,,,,40.115744,124.366399,
110,东兴大酒店(青山沟店),宽甸满族自治县,[],,,,41.002264,125.195469,
110,丹东宾宾徕旅馆,振兴区,滨江中路c区20号楼207,,,,40.116600,124.390208,
110,丹东四海招待所,振兴区,江城大街26-7号,,,,40.124892,124.391667,
110,东峰宾馆(迎宾西大街),东港市,迎宾西大街15号(原啤酒厂),,,,39.885127,124.143023,
110,丹东谊缘商务宾馆,元宝区,华美科技大厦东北门北70米,,,,40.136293,124.397008,
110,香江宾馆(兴四路),振兴区,兴四路1-10号,,,,40.119139,124.382456,
110,丹东福骐商务旅馆,振兴区,十一纬路32-2号,,,,40.127700,124.383284,
110,丹东青年旅社(一部),振兴区,坝岗路41-27号,,,,40.134380,124.390298,
110,凤城城北旅馆,凤城市,沈丹路城北新居1号楼,,,,40.464499,124.079486,
110,丹东宏鹏宾馆,元宝区,京剧院小区1号楼,,,,40.136244,124.397130,
110,丹东祥和宾馆,振兴区,六经街馨园小区14-1号,,,,40.126652,124.390528,
110,丹东祥瑞宾馆,元宝区,丹建佳园小区1号楼3、4层,,,,40.134840,124.400554,
110,宽甸富丽华宾馆,宽甸满族自治县,天华山路南段6组6号,,,,40.724916,124.781909,
110,丹东择园宾馆,元宝区,金山镇学院西街11号,,,,40.176373,124.365640,
110,迎宾酒店(锦山大街),振兴区,锦山大街324号,,,,40.103594,124.359013,
110,丹东晓宇旅店,振兴区,浪头边防派出所对面,,,,40.035632,124.352325,
110,丹东冠星宾馆(鸭绿江断桥店),振兴区,体育馆路115-16号靠近国家税务总局丹东市税务局,,,,40.109030,124.376776,
111,交通宾馆(锦华街),古塔区,锦华街129-68号,,,,41.123726,121.135974,
111,黑山宏达旅社,黑山县,南广场旅店一条街,,,,41.687830,122.119915,
111,好家旅馆(和平路店),凌河区,和平路4段17-7号,,,,41.120499,121.145422,
111,义县鑫兴旅社,义县,金三角西南环路南1-3号,,,,41.538991,121.242628,
111,义县阳光招待所,义县,西南环路1-2号,,,,41.538975,121.242720,
111,锦州锦元宾馆(凌河夜市锦州站店),古塔区,山西街61甲-28号(临近火车站),,,,41.122800,121.138252,
111,锦州源泉商务宾馆(石桥子早市店),凌河区,北京路三段4-43号,,,,41.133659,121.133215,
111,义县金三角招待所(奉国寺店),义县,金三角西南环路1-5,,,,41.539018,121.242501,
111,锦州开心旅店(辽宁工业大学石桥子早市店),古塔区,汉口街100-81号,,,,41.139439,121.126942,
111,汉思顿精品客栈,凌河区,锦义路121号,,,,41.148524,121.164895,
111,宏大旅社(锦州火车站店),凌河区,延安路4段10号楼,,,,41.123808,121.144837,
111,锦州大厦宾馆(火车站店),古塔区,中央大街3段58号(火车站对面),,,,41.123102,121.139949,
111,锦州荣昌宾馆,古塔区,广西街32-3号,,,,41.122059,121.139148,
111,锦州栖缘宾馆(锦华街店),古塔区,锦华街121-3号(近建设银行老马路分理处),,,,41.122282,121.135689,
111,锦州清逸商务宾馆(辽沈战役纪念馆店),凌河区,松坡路关单新村1-61号,,,,41.135164,121.157767,
111,和谐宾馆(锦华街),古塔区,锦华街127-71号,,,,41.123339,121.135929,
111,凌海好再来商务宾馆(国庆路店),凌海市,国庆路40号,,,,41.173916,121.366638,
111,锦州紫苑商务宾馆(解放路店),凌河区,解放东路32-1-4-17号(西班牙花园风情小区旁),,,,41.118490,121.198788,
111,鼎沐快捷酒店(锦州火车站店),古塔区,山西街63号,,,,41.123725,121.139025,
111,星光宾馆(锦州火车站店),古塔区,延安路三段7号(近金都商务大厦),,,,41.123860,121.132968,
111,锦州和平路宾馆,古塔区,和平路三段29号,,,,41.121569,121.137121,
111,锦州双明旅社(南站店),太和区,东海大街与中山路交汇处北100米,,,,41.019786,121.123429,
111,锦州圆缘客栈,太和区,吉祥新家园1-80号,,,,41.091041,121.110908,
111,锦州广西宾馆,古塔区,广西街30-33、36、46号,,,,41.121972,121.139088,
111,和嘉宾馆(火车站店),古塔区,山西街61号甲21号,,,,41.123090,121.138368,
112,新民天塬旅店,新民市,工人街33号,,,,42.005840,122.835513,
112,鑫辉旅馆(五里河街店),和平区,五里河街29-1号距市图书馆地铁站704米,,,,41.765977,123.431994,
112,沈阳福满源宾馆,沈河区,南山东堡路46-6号山东堡四巷,,,,41.815929,123.448535,
112,新弘扬快捷宾馆(九部),新民市,辽河大街16甲号2-3轴,,,,41.980062,122.843892,
112,沈阳朋远旅馆,铁西区,小十三路2号,,,,41.782073,123.353177,
112,沈阳美景旅馆,皇姑区,华山路47号(大家购生鲜连锁超市东30米),,,,41.817525,123.407325,
112,沈阳鑫海旅社,和平区,阜新三街11号(和平国税局后面),,,,41.809025,123.424434,
112,优客宾馆(铁西万达店),铁西区,小九路16-1号3门(兴华公园地铁站B口步行210米),,,,41.785731,123.364784,
112,沈阳瀚月旅馆,铁西区,南十东路8号3门,,,,41.783278,123.367772,
112,康平康乐商务宾馆,康平县,康乐家电东50米,,,,42.742474,123.354812,
112,沈阳东东旅馆,浑南区,长青南街15-1北3门东东旅店,,,,41.749626,123.502830,
112,晚庭旅馆(沈北新区店),沈北新区,人和街108-15号1-1门,,,,41.916198,123.590044,
112,沈阳新兴旅社,辽中区,新兴北街28号,,,,41.513372,122.737586,
112,知否精品公寓(沈北大学城店),沈北新区,道义南大街68号皇家首座14号楼13楼8门,,,,41.929810,123.393251,
112,沈阳金色港湾旅社,铁西区,保工南街141之2-3,,,,41.779809,123.342718,
112,金色阳光旅馆(惠工社区东),沈河区,南山东堡路山东堡八巷4号4甲号,,,,41.815306,123.445701,
112,沈阳机电快捷宾馆,沈河区,团结路52甲7号(金融中心地铁站B口步行450米),,,,41.813502,123.443092,
112,沈阳朗之家商务宾馆,铁西区,沈辽路家宁花园20号5门,,,,41.754432,123.270194,
112,康平金园宾馆,康平县,中心街390号,,,,42.741114,123.353157,
112,美美公寓(沈阳瑞公馆店),大东区,东北大马路384号瑞公馆A1座301号,,,,41.833508,123.514305,
112,鑫盛快捷旅馆(山东堡路店),沈河区,团结路52-1(金融中心地铁站B口步行500米),,,,41.814163,123.442410,
112,沈阳新豪煌旅馆,大东区,合作街59号3门(合作街地铁站D口步行120米),,,,41.830741,123.475068,
112,沈阳春天宾馆,铁西区,艳粉街43号3门(增福酒店)旁,,,,41.775938,123.353145,
112,一家小居精选公寓(沈阳大学店),大东区,联合路42-1号熙旺广场C座,,,,41.819506,123.455821,
112,新东方宾馆(中央路店),沈北新区,新城子中央路29号,,,,42.053222,123.518608,
113,西丰如家主题旅馆,西丰县,菜市街7号,,,,42.737936,124.728204,
113,开原龙门阁商务酒店二部,开原市,新华路77号,,,,42.547381,124.046353,
113,假日宾馆(水塔街),开原市,水塔街22号,,,,42.540072,124.034368,
113,人民宾馆(南马路),银州区,南马路27号,,,,42.298539,123.847876,
113,回家连锁酒店(宜园店),银州区,光荣街与南马路交叉口北40米十小学斜对面,,,,42.300145,123.840827,
113,宏福来旅馆(光荣街店),银州区,工人街瑞龙小区六号楼3号,,,,42.297520,123.839837,
113,圆福楼大酒店,调兵山市,铁秀路东段教育局对面,,,,42.456775,123.570103,
113,开原港湾快捷宾馆,开原市,开原大戏院北50米,,,,42.544549,124.036430,
113,永城商务酒店,调兵山市,调兵山大街60号,,,,42.435793,123.533922,
113,铁岭金鑫旅馆(光荣街店),银州区,站北街第十小学斜对面,,,,42.298723,123.839799,
113,交通宾馆(长途客运站店),银州区,火车站北30米,,,,42.295392,123.839426,
113,铁岭馥豪精品酒店,银州区,文化街52号,,,,42.295210,123.852267,
113,金峰华园酒店(水木店),铁岭县,黄山路51-2号,,,,42.248043,123.743906,
113,锦达宾馆(铁岭火车站店),银州区,火车站出站口斜对过(火车站南100米),,,,42.291556,123.838204,
113,开原纳兰商务酒店,清河区,"张相镇清开路191号综合楼1幢1,2-1,3-1房号",,,,42.542440,124.076828,
113,香林阁酒店,银州区,光荣街客运中心斜对面,,,,42.294531,123.839362,
113,一景酒店,银州区,柴河街南段六号,,,,42.280041,123.844045,
113,开原达人宾馆,开原市,民宅街28号门市,,,,42.540131,124.048729,
113,汉庭酒店(铁岭调兵山兀术城店),调兵山市,调兵山大街华夏文苑北侧约60米,,,,42.437423,123.535450,
113,华驿精选酒店(铁岭第三中学店),银州区,光华路17号,,,,42.279450,123.838984,
113,铁岭隆馨宾馆,银州区,工人街组团2幢2房号,,,,42.296349,123.842223,
113,OYO裕隆圆酒店(北山公园政府大路店),昌图县,昌图镇站前大街27号,,,,42.786585,124.115027,
113,昌图宝力镇中街旅社一部(万家惠超市店),昌图县,宝力镇北街2组159号,,,,42.921875,123.798825,
113,铁岭四海旅社,银州区,光荣街35号,,,,42.293935,123.839105,
113,桃子姐姐民宿(开原店),开原市,振兴路10号1-6-1,,,,42.538438,124.043382,
114,阜新鑫日月商务宾馆,海州区,阜新市药品检验所西南门旁,,,,42.001689,121.629547,
114,朗悦商务宾馆(人民大街),海州区,人民大街60号,,,,42.018650,121.671738,
114,阜新欧尚旅馆,细河区,电工路与新建路交口北50米,,,,42.019610,121.648762,
114,安鑫商务宾馆,海州区,振兴路44号,,,,41.991642,121.645109,
114,阜新邮电招待所,海州区,迎宾大街105号(邮政储蓄银行站前支行旁边),,,,41.988809,121.636087,
114,通达商务宾馆(利民街),海州区,东市小区3街坊2号,,,,42.011332,121.662693,
114,宜家快捷宾馆(彰武火车站店),彰武县,清真路12-2,,,,42.383248,122.532875,
114,阜新紫叶商务休闲宾馆,细河区,新建路新建小区北门,,,,42.017437,121.639658,
114,阜新懿客栈精品宾馆,海州区,西山路75-2-6,,,,42.002245,121.632165,
114,阜新水韵宏都宾馆,海州区,青年街27号,,,,42.005285,121.631167,
114,阜新雅客商务快捷宾馆,细河区,园林路21号楼,,,,42.018353,121.657923,
114,金桥宾馆(彰武县运输管理所北),彰武县,解放大街107号,,,,42.385117,122.533313,
114,站前宾馆,海州区,创业路767号,,,,41.988566,121.637447,
114,唯爱主题宾馆,彰武县,南环路彰武第二初级中学北门东南方向约50米,,,,42.378665,122.539301,
114,阜新益丰旅店,海州区,长客车站东门,,,,41.991080,121.635148,
114,聚源旅店,彰武县,丹霍路5-14门,,,,42.377121,122.541320,
114,阜新汇都精品宾馆,海州区,前进路70-N-01,,,,42.017375,121.663425,
114,阜新华美大酒店,海州区,振兴路48号,,,,41.989356,121.641378,
114,凯文国际商务酒店,海州区,创业路42号(客运站东500米),,,,41.990834,121.638054,
114,阜新市嘉鑫旅馆,新邱区,长新小区12号楼,,,,42.073792,121.772861,
114,阜新海州帅熙宾馆,海州区,解放大街56号大商·阜新百货F1层,,,,42.010280,121.658348,
114,银通皇冠假日酒店,海州区,西山路4号,,,,42.012328,121.652587,
114,新翔宾馆(解放大街),细河区,解放大街35之7-8门,,,,42.016277,121.652955,
114,阜新驿久客栈,海州区,尹城街热力花园8-10,,,,42.002344,121.629025,
114,金碧湾酒店,阜新蒙古族自治县,街道繁荣大街35号(县教育局西侧),,,,42.068539,121.742279,
115,桓仁富祥招待所,桓仁满族自治县,桓仁客运站南(长江大街北),,,,41.267050,125.355635,
115,本溪世家快捷宾馆,明山区,樱花路36号,,,,41.307468,123.823289,
115,本溪樱花浴池民宿,明山区,樱花街与育龙路交叉口西北260米,,,,41.307042,123.824095,
115,本溪县时达商务宾馆,本溪满族自治县,小市镇观音阁向阳街(惠泽园南侧50米客运站对面),,,,41.296192,124.118857,
115,本溪速伍宾馆,明山区,消防路68号2层,,,,41.310038,123.771464,
115,本溪枫叶商务酒店(火车站店),平山区,广裕路2号(铁路转盘旁),,,,41.289359,123.763985,
115,海联商务宾馆,明山区,解放北路29号,,,,41.298624,123.761050,
115,相盈商务宾馆,明山区,水塔路32号,,,,41.299913,123.773814,
115,勤道商务宾馆,桓仁满族自治县,长江大街章樾公园旁,,,,41.265372,125.354926,
115,仁达花园酒店,溪湖区,彩屯二路2-3栋(近彩屯消防队),,,,41.297381,123.740535,
115,本溪泽缘快捷宾馆,明山区,消防路78号,,,,41.311674,123.770979,
115,本溪县红璟山庄,本溪满族自治县,东营房乡南营房村大甸子桥头,,,,41.125353,124.511111,
115,本溪万鹏商务旅馆,平山区,望溪公园6号门对面嘉城新居80号,,,,41.286609,123.773240,
115,本溪万豪国际酒店,明山区,地工路43号,,,,41.309926,123.788199,
115,本溪陈家宾馆(消防路店),明山区,消防路78号新地公寓2层,,,,41.311252,123.770941,
115,金港大酒店(民族路),桓仁满族自治县,民族路m11号(阳光池典对面),,,,41.266813,125.351621,
115,本溪巴里岛国际酒店,明山区,峪明路银亿家园三期22号楼银亿商务中心,,,,41.308865,123.792134,
115,亚溪朵宾馆(南地店),平山区,解放路141号,,,,41.278962,123.754609,
115,佳乐旅店(本溪县小市镇店),本溪满族自治县,小市镇过境路惠泽园10号1-4-1-2,,,,41.296304,124.118534,
115,本溪峰岳时尚快捷旅馆,明山区,消防路53栋1-2层4号,,,,41.308157,123.774582,
115,桓仁鑫旭旅店,桓仁满族自治县,桓仁客运站后身(民族路南),,,,41.267407,125.355049,
115,桓仁华壹宾馆,桓仁满族自治县,民族一条街,,,,41.268045,125.352674,
115,俪城宾馆,本溪满族自治县,实华·山水俪城南区西门西南130米,,,,41.283284,124.126748,
115,本溪丰源旅社,平山区,迎宾社区市府南街6号平房1-1,,,,41.293871,123.762415,
115,本溪聚贤楼客栈,本溪满族自治县,过境路惠泽园10号-02,,,,41.296268,124.118621,
116,辽阳朋源宾馆,辽阳县,辽阳首山站东走环岛处,,,,41.219111,123.076541,
116,金都大酒店(人民街),辽阳县,人民街1号,,,,41.219302,123.077324,
116,辽阳海龙旅馆,弓长岭区,安平街安平社区,,,,41.158032,123.428036,
116,辽阳天景商务旅馆,宏伟区,金瀚馨园西北门旁,,,,41.201239,123.207696,
116,辽阳浪漫满屋主题宾馆,白塔区,曙光路23号,,,,41.280585,123.186387,
116,辽阳鑫源旅馆,白塔区,西五道街12-4-5号,,,,41.274133,123.185912,
116,辽阳欧侨商务宾馆(青年湖公园店),白塔区,曙光路17-4号(市急救中心东侧),,,,41.281452,123.186567,
116,文城快捷宾馆,白塔区,新运大街354-1号(文庙公园西侧),,,,41.260938,123.197821,
116,长吉快捷宾馆,白塔区,新运大街201-5号,,,,41.261845,123.186610,
116,灯塔森发商务宾馆,灯塔市,繁荣街中心医院对面,,,,41.428586,123.320718,
116,假日主题宾馆,宏伟区,汇文路41号,,,,41.201765,123.207145,
116,尚客快捷宾馆(辽阳曙光路店),白塔区,曙光路23号湖畔家园西门,,,,41.280044,123.186164,
116,苹果时尚主题宾馆,白塔区,曙光路23-2号,,,,41.280214,123.186211,
116,辽阳东都商务宾馆,白塔区,民主路28号,,,,41.270989,123.173686,
116,得意快捷宾馆,白塔区,曙光路23号得意快捷宾馆,,,,41.280360,123.186259,
116,灯塔龙祥商务宾馆,灯塔市,文明街292号,,,,41.427743,123.333216,
116,灯塔宏伟宾馆,灯塔市,建设大街249号,,,,41.428581,123.325882,
116,辽阳星际酒店,白塔区,新华路111号,,,,41.277878,123.188566,
116,灯塔维多利亚宾馆,灯塔市,文化街龙春清综合楼,,,,41.430121,123.331039,
116,辽阳福民旅店,白塔区,襄平街94号,,,,41.267981,123.180223,
116,辽化宾馆,白塔区,青年大街中段40号(近新华路),,,,41.254549,123.178243,
116,佳泰连锁商务宾馆(辽阳火车站店),白塔区,卫国路45号,,,,41.262969,123.165881,
116,灯塔俪豪主题宾馆,灯塔市,站前街(金塔公司住宅楼),,,,41.429319,123.320581,
116,柿子酒店,辽阳县,兴隆大街迎春餐厅东南50米,,,,41.227522,123.054197,
116,辽阳聚隆源宾馆,太子河区,铁西路21号,,,,41.286302,123.166473,
117,抚顺天乙顺旅馆,顺城区,新城一街教委4号楼,,,,41.885462,123.916618,
117,抚顺天春宾馆,新抚区,中央大街与西四路交叉口南80米,,,,41.860780,123.903600,
117,源丰宾馆(抚顺石化大学店),望花区,石化大学东门东100米,,,,41.857063,123.795760,
117,电业商务宾馆(抚顺南站店),新抚区,西一路13号中兴对面,,,,41.861981,123.899273,
117,抚顺万客隆宾馆,新抚区,[],,,,41.860291,123.901937,
117,韩帝商务酒店(东洲店),东洲区,绥化路36号,,,,41.868161,124.044685,
117,如家派柏·云酒店(抚顺北站永安桥店),顺城区,宁远街8号,,,,41.878057,123.910618,
117,抚顺红日宾馆,顺城区,新华大街21号,,,,41.885973,123.917615,
117,抚顺客家人宾馆,新抚区,新抚路十二道街交通岗西门对面,,,,41.858619,123.869455,
117,抚顺嘉园旅馆,顺城区,新华嘉园东门旁,,,,41.882996,123.924947,
117,抚顺世纪缘商务宾馆,新抚区,西一路3号(中兴时代广场对面),,,,41.862470,123.900591,
117,金港湾商务宾馆(葛布路),顺城区,葛布东街18号,,,,41.869267,123.868626,
117,抚顺MiMi时尚主题公寓,新抚区,浙商星座12层1212室,,,,41.863071,123.894281,
117,如愿宾馆,新抚区,十二道街巨龙家园西门葛布桥南,,,,41.861229,123.869242,
117,抚顺万合宾馆(丹东路店),望花区,丹东路东段6号,,,,41.852416,123.823417,
117,抚顺福特旅馆,新抚区,西二路4-1号楼,,,,41.861766,123.902266,
117,抚顺美悦商务宾馆,新抚区,西三街电脑城对面,,,,41.857921,123.898160,
117,清原华楠春旅馆,清原满族自治县,清原客运东北门北130米,,,,42.103502,124.935204,
117,星期三臻选酒店(抚顺站前店),新抚区,西五路5号,,,,41.860414,123.902208,
117,抚顺众信宾馆,望花区,辽中街40号,,,,41.848219,123.807146,
117,星期三凯旋门商务宾馆,顺城区,新城路东段与珲春街交叉口东行20米(兴隆大厦对面),,,,41.882217,123.937680,
117,抚顺乾安商务宾馆,顺城区,乾安街13-6号(刘老根饭店北50米),,,,41.883475,123.921025,
117,抚顺缘祥宾馆,望花区,玫瑰城东营口路临苑雅居1号楼,,,,41.857081,123.795963,
117,清原爱家商务宾馆,清原满族自治县,俊园小区47号楼,,,,42.104112,124.935094,
117,抚顺拾光叠院民宿,望花区,李石经济开发区滨河路绿地剑桥小区内6-6号楼1-103,,,,41.841082,123.721536,
118,盘锦鑫高缘旅馆,兴隆台区,商西小区贵都酒楼6楼泰山路寿保险大厦对面,,,,41.126350,122.063702,
118,鸿运旅店,兴隆台区,泰山北路盘锦市客运站东南120米,,,,41.124593,122.064086,
118,盘锦家园旅馆(兴盛路店),大洼区,盛兴小区北门东50米,,,,41.000703,122.068175,
118,盘锦果实商务宾馆,双台子区,辽河路117号(近兴农街),,,,41.190193,122.048153,
118,盘锦海州宾馆,双台子区,建设街道红旗剧场西侧育红路75号,,,,41.196268,122.058956,
118,佳乐家宾馆(盘锦园丁新村店),兴隆台区,泰山路园丁新村28号商网,,,,41.110106,122.066094,
118,佳泰·优选酒店,双台子区,辽河北路172号(近批发一条街),,,,41.189093,122.048543,
118,丽舍精品酒店(盘锦客运站店),兴隆台区,泰山路149号临长途客运站,,,,41.125717,122.062663,
118,正大酒店,双台子区,建设街道胜海社区翔河湾小区(向海大道和东风东街交叉口东南处),,,,41.186857,122.064740,
118,永顺旅店(步行街店),兴隆台区,创新街松林路62号楼二单元101,,,,41.127236,122.065197,
118,锦都快捷酒店,兴隆台区,兴隆街114号,,,,41.129726,122.069574,
118,雅每家美术主题宾馆,兴隆台区,泰山路西工业大街路南,,,,41.154709,122.060188,
118,盘锦福源旅社,兴隆台区,商西小区23-2-5-202附近,,,,41.127140,122.064699,
118,盘锦恒悦商务宾馆,双台子区,火车站南30米路东,,,,41.195874,122.061984,
118,禧合商务宾馆,双台子区,红旗路火车站西50米(长途客运站南),,,,41.197075,122.060447,
118,盘锦振刚民宿(兴盛村店),大洼区,赵圈河镇兴盛村098,,,,40.958614,121.979264,
118,盘锦爱上酒店公寓,兴隆台区,鹤翔路51号大商城市广场D座10层(农业银行对面),,,,41.124684,122.071637,
118,速8酒店(盘锦辽河油田机关店),兴隆台区,石油大街97号,,,,41.123782,122.079008,
118,盘锦庄林商务酒店(盘锦客运站店),兴隆台区,泰山路东1-45-61-1,,,,41.124590,122.063684,
118,盘锦春秋招待所,双台子区,红旗大街(盘锦红旗大戏院旁边),,,,41.196217,122.059913,
118,盘锦一朵一果公寓,双台子区,晟华大道晟华苑56号楼A栋,,,,41.196725,122.039225,
118,盘锦金水桥宾馆(盘锦火车站店),双台子区,建设街道永安社区红旗大街175号网点,,,,41.194057,122.048105,
118,盘锦金铭泉旅社,兴隆台区,松林路58号,,,,41.126369,122.064988,
118,盘锦顺发旅店,双台子区,双兴北路铁西小区2-20-1号,,,,41.195147,122.062702,
118,盘锦祈福旅馆,双台子区,新华街29号(火车站),,,,41.185774,122.055335,
119,北圆宾馆,北票市,和平街11号(临近中华路),,,,41.803752,120.763212,
119,朝阳五月花商务宾馆,双塔区,友谊大街燕都花园一期228C号1北数第1户(友谊大街四段四号),,,,41.568933,120.439222,
119,北票红星宾馆,北票市,工农路18号,,,,41.812758,120.775895,
119,朝阳从众快捷宾馆,双塔区,友谊大街二段28号(辽西装饰材料城对面),,,,41.584868,120.446727,
119,朝阳宏都宾馆,双塔区,友谊大街三段4号,,,,41.577578,120.443363,
119,建平正和宾馆,建平县,京沈路二段207号,,,,41.410255,119.658982,
119,乌托邦主题宾馆(朝阳万达广场店),双塔区,辽河街374-5号辽河家园-6,,,,41.591430,120.445995,
119,时尚宾馆二部,喀喇沁左翼蒙古族自治县,大城子镇建设路B-2-596幢0号,,,,41.122743,119.750427,
119,建平宾馆,建平县,红山街道万寿路财富领域二号楼三单元3层,,,,41.399177,119.640532,
119,金庭商务宾馆,双塔区,友谊大街四段100号,,,,41.557479,120.427444,
119,朝阳星维宾馆,朝阳县,[],,,,41.536806,120.423745,
119,朝阳宏宇旅馆,双塔区,永安街2号(老客运站东门),,,,41.579936,120.446171,
119,朝阳梦想365宾馆,双塔区,世代龙城东北门西110米,,,,41.577357,120.432960,
119,凌源正大宾馆,凌源市,南大街宏建2区5号楼35号门市,,,,41.238483,119.405002,
119,喀左宾馆,喀喇沁左翼蒙古族自治县,青年街1号,,,,41.129510,119.744880,
119,建平蓝天宾馆,建平县,"东环岛北走50米,白云宾馆对面",,,,41.409692,119.655618,
119,骏怡连锁酒店(喀左天成观店),喀喇沁左翼蒙古族自治县,大城子镇青年街天成大厦,,,,41.125175,119.742017,
119,中亚商务宾馆(友谊大街),双塔区,友谊大街四段34-1号,,,,41.567857,120.438415,
119,朝阳电业宾馆(兴隆大家庭店),双塔区,光明街三段35号,,,,41.573665,120.445354,
119,朝阳金城宾馆,双塔区,他拉皋村公安局文物保卫分局北150米,,,,41.622665,120.504649,
119,喀左利州宾馆(客运站店),喀喇沁左翼蒙古族自治县,大城子镇建设路74号,,,,41.122309,119.748252,
119,锦绣如美酒店(黄河路),北票市,建设中路三段9号,,,,41.800853,120.755051,
119,如家酒店·neo(新华路商业城北塔慕荣街店),双塔区,新华路三段22号,,,,41.578147,120.445483,
119,朝阳永利宾馆(市中医院店),龙城区,珠江路怡静花园二期,,,,41.570482,120.428964,
119,二轻宾馆(城关社区店),北票市,恒远防水(振兴街西段)西南方向约30米处,,,,41.807497,120.750357,
120,台安锦江宾馆,台安县,胜利西路15号附近,,,,41.387398,122.424599,
120,昊晟商务宾馆,台安县,繁荣北街,,,,41.394294,122.431926,
120,辽C99客栈,铁东区,胜利南路110号,,,,41.119333,123.001201,
120,鞍山鑫顺公寓,铁西区,一道街17号(亚丰大厦东侧),,,,41.114430,122.981799,
120,台安大德宾馆,台安县,振兴路北14号(中医院斜对面),,,,41.386798,122.433740,
120,锦江之星(鞍山兴盛广场店),铁西区,兴盛路2-35号(铁西区委南100米),,,,41.117885,122.967467,
120,景朝宾馆(海城北关店),海城市,东方红小学东50米教堂对面,,,,40.851753,122.756213,
120,鞍山陶官宾馆,铁西区,铁西九道街203号(中国邮政银行陶官支行斜对面),,,,41.103401,122.965472,
120,台安紫轩宾馆,台安县,台盘路36-1号,,,,41.385377,122.419716,
120,红楼宾馆,千山区,汤析线林家居委会西南40米,,,,40.994645,122.919310,
120,佳泰连锁商务宾馆(海城时尚店),海城市,震兴路46号,,,,40.851109,122.746674,
120,佳泰连锁商务宾馆(海城站前中心街店),海城市,海州大街14号(老626中医院对面),,,,40.858345,122.741915,
120,昊诚商务酒店,铁东区,建国南路91号,,,,41.114477,122.988288,
120,鞍山真兴隆旅社,铁东区,鞍山客运总站南侧,,,,41.109230,122.986565,
120,恋家旅馆(鞍山职教城店),铁西区,千山西路666号东北摩尔A5区55号楼,,,,41.143847,122.927827,
120,鞍山驿家宾馆,铁西区,达道湾新城达道湾东北摩尔A5区-37号,,,,41.144286,122.927117,
120,OYO米兰商务宾馆(三学寺震兴路店),海城市,震兴路21号,,,,40.850504,122.750478,
120,景朝宾馆(海城站前店),海城市,站前街永安路66号,,,,40.859623,122.745738,
120,金海快捷宾馆,海城市,站前街万宝小区客运站旁,,,,40.861479,122.742650,
120,派柏·云酒店(鞍山大润发店),铁西区,民生西路191号,,,,41.110389,122.969604,
120,鞍山鞍盛快捷宾馆,铁西区,一道街18号(房产交易中心南50米处),,,,41.113327,122.983279,
120,鞍山尊帝主题宾馆,海城市,海城三中西99米(万达靓海金科对面),,,,40.878197,122.704982,
120,银丰宾馆(站前街店),海城市,站前街与站北街交汇处东南角汇通大厦一层,,,,40.863424,122.744257,
120,台安桔阅快捷商务酒店,台安县,紫金茗苑二期东门北走50米路西,,,,41.394044,122.424934,
120,金悦电竞影院公寓(鞍山万熹广场店),铁东区,二道街万熹城市广场B座27层2722房间,,,,41.109477,122.989841,
121,大石桥大汉宾馆,大石桥市,火车站南300米,,,,40.640995,122.505205,
121,营口宁静休闲公寓,盖州市,华一综合楼,,,,40.402609,122.354228,
121,营口宏达旅馆(火车站农业大学店),鲅鱼圈区,熊岳火车站售票处对面,,,,40.180882,122.147287,
121,大石桥银河招待所(文体街店),大石桥市,振兴中路附近,,,,40.643061,122.504760,
121,营口悦麟商务酒店,鲅鱼圈区,海华路平安西街,,,,40.221482,122.103879,
121,大石桥鑫鑫成宾馆,大石桥市,和平大街西段银河小区北门西侧50米,,,,40.640866,122.505579,
121,营口华府宾馆,站前区,盼盼路南10-23号(长途客运站西门北边),,,,40.660811,122.249146,
121,营口正大商务宾馆,鲅鱼圈区,中南海鑫苑西北2门旁,,,,40.181560,122.135572,
121,营口腾达旅店,鲅鱼圈区,明珠B区西18,,,,40.256412,122.161567,
121,营口晟鼎裕龙阁商务酒店三部,站前区,盼盼路与中心街交叉口南200米,,,,40.660932,122.249053,
121,营口万达酒店式公寓,站前区,渤海大街与市府路交汇万达广场5号公寓5层,,,,40.665128,122.236424,
121,速8酒店(营口鲅鱼圈店),鲅鱼圈区,闽江路中段金伟大厦4-5层(闽江人家东侧),,,,40.256782,122.143081,
121,营口红叶皇冠大酒店,鲅鱼圈区,长江路中段,,,,40.268543,122.136407,
121,华阳宾馆(华阳公寓盖州店),盖州市,商业区红旗大街61号,,,,40.406957,122.354132,
121,营口亚马逊精选酒店(全都有超级购物市场店),站前区,建设街纱厂北里14号(建设街小雨嘉园北门对面),,,,40.677897,122.246287,
121,营口宜家旅馆,鲅鱼圈区,熊岳城火车站北农校涵洞西,,,,40.182215,122.146786,
121,营口辽河大厦宾馆,站前区,建设街17号辽河大厦F1层,,,,40.678263,122.241575,
121,春兰旅社,站前区,蓝郡小区西门南阳里1号楼五单元二楼,,,,40.657718,122.247010,
121,大石桥镁都宾馆(大石桥站前店),大石桥市,大石桥振兴中路,,,,40.644002,122.506962,
121,营口勺园宾馆,西市区,大学园对面,,,,40.628778,122.243113,
121,大石桥万鑫酒店,大石桥市,石桥大街东段华府天地南门,,,,40.626052,122.513159,
121,裕龙阁酒店,站前区,盼盼路南12-19号,,,,40.660017,122.249150,
121,友谊酒店(万隆广场店),鲅鱼圈区,长江路与昆仑大街交汇处,,,,40.269662,122.133997,
121,艾居精品酒店(大石桥火车站店),大石桥市,振兴中路8号,,,,40.642470,122.505178,
121,锦江之星(营口火车站东升市场店),站前区,东升路3号,,,,40.681944,122.260939,
122,和政宾馆(月河路店),广饶县,广饶开发区月河路同和小区东门,,,,37.076557,118.407524,
122,世家商务连锁宾馆(东营华亭店),东营区,乐活城购物广场商河路店北门东110米,,,,37.460541,118.503981,
122,银海宾馆(东营沂州路二店),东营区,东城经济开发区沂州路,,,,37.427244,118.680891,
122,价实宾馆(东营河口区实验小学店),河口区,海宁路65号实验小学店价实宾馆附近宾馆实惠宾馆标间大床房,,,,37.890999,118.514744,
122,东营福诺商务宾馆,东营区,沂州路商业街北门东北110米,,,,37.428130,118.681476,
122,东营华东国际大饭店,东营区,西四路与菏泽路交叉口向西500米路南,,,,37.442095,118.480399,
122,香山招待所(东营胜利油田中心医院店),东营区,西二路466号(银座北邻),,,,37.464913,118.519383,
122,如家华驿酒店(东营西二路店),东营区,西二路611号,,,,37.450854,118.519267,
122,东营光海宾馆(河口实验小学店),河口区,河宁小区西北门南160米,,,,37.889223,118.515894,
122,新邦宾馆(东营石油化工学院店),东营区,北二路679号(胜利供水公司东),,,,37.471782,118.527063,
122,台联宾馆(沿河路),广饶县,大王镇潍高路158号大王桥北,,,,36.988195,118.512736,
122,爱尊客精品酒店(东营店),东营区,济南路54号,,,,37.462080,118.507795,
122,尚客优酒店(东营淄博路胜利学院店),东营区,淄博路11号,,,,37.467193,118.526241,
122,58城市商务宾馆,东营区,聊城路31号,,,,37.459565,118.481737,
122,蓝海大饭店(东城店),东营区,府前大街103号,,,,37.433389,118.649389,
122,华龙宾馆(津一路店),利津县,津一路122号,,,,37.496429,118.256002,
122,白云饭店,东营区,北一路188号,,,,37.457618,118.487937,
122,广饶宾馆,广饶县,迎宾路253号,,,,37.060303,118.406743,
122,长兴商务宾馆(东二路店),东营区,运河路661号,,,,37.429292,118.643820,
122,OYO长富宫商务宾馆(沂州路店),东营区,沂州路8号,,,,37.439298,118.681368,
122,绿洲智美酒店(西二路店),东营区,西二路569号,,,,37.454520,118.519187,
122,7天酒店(东营东城万达广场秋月湖店),东营区,淮河路172号锦浩大厦,,,,37.447118,118.682123,
122,东营银河宾馆,东营区,东城商贸城广居园124,,,,37.434642,118.651518,
122,凯莱精品酒店(东营百货大楼店),东营区,西四路381号,,,,37.460264,118.491760,
122,赛菲尔城市商务酒店(东营八分场店),东营区,八分场北二路胜利医院南门向西200米,,,,37.470701,118.634539,
123,博兴迎春商务宾馆,博兴县,胜利三路377号,,,,37.147287,118.136466,
123,滨州阳光旅社,滨城区,梧桐五路32号(与凤凰二路交叉口西20米路南),,,,37.470253,117.991183,
123,贵都宾馆(黄山二路店),邹平市,月河一路226号,,,,36.871767,117.757063,
123,惠民阳光商务宾馆,惠民县,长途汽车站向西200米路北,,,,37.470251,117.508915,
123,松鹤湖商务宾馆,滨城区,黄河七路渤海十路西20米路南,,,,37.386445,118.000131,
123,格林豪泰酒店(滨州渤海国际黄河三路店),滨城区,渤海五路548号,,,,37.375016,118.030233,
123,鑫港宾馆,滨城区,财富广场1号楼(滨州汽车总站对面),,,,37.371862,117.935575,
123,百和宾馆(滨州汽车站店),滨城区,开发区站前财富广场11号楼71号,,,,37.371060,117.934999,
123,金海宾馆,沾化区,金海五路自然资源局向东约50米,,,,37.697439,118.106373,
123,博兴御馨商务宾馆,博兴县,东谷王村碑向西200米,,,,37.148316,118.134646,
123,滨州友缘民宿(山东航空学院店),滨城区,黄河五路与渤海十三路交汇许家佳园3号楼和恒超市楼上2-5楼,,,,37.378635,117.984466,
123,惠康民宿(滨州学院店),滨城区,渤海十三路许家佳园4号楼二单元3楼,,,,37.378366,117.984503,
123,宇建旅馆,惠民县,李庄镇波涛路46号(原仁和旅馆),,,,37.270466,117.598164,
123,尚客优酒店(滨州渤海五路店),滨城区,渤海五路642号,,,,37.380840,118.029176,
123,滨州辉煌商务宾馆,滨城区,黄河二路渤海二十一路第五季商贸城,,,,37.371165,117.936904,
123,如家华驿精选酒店(博兴汽车站店),博兴县,博昌街道东谷王村上海街114号,,,,37.148328,118.134932,
123,名雅酒店(渤海国际广场店),滨城区,黄河八路渤海七路交叉口西南角,,,,37.392762,118.017903,
123,如意阁酒店(滨州汽车总站店),滨城区,黄河二路与渤海二十二路路口往北100米路东,,,,37.374440,117.932987,
123,尚客优酒店(滨州汽车总站店),滨城区,黄河二路与渤海二十路路口南200米,,,,37.370849,117.939348,
123,云鼎酒店,滨城区,黄河二路328号站前财富广场2号楼3楼8366室,,,,37.371956,117.933945,
123,寓轩旅馆,滨城区,黄河二路与渤海三路交叉口西南220米,,,,37.371341,118.037810,
123,兴福宾馆,博兴县,皇冠路与汇泉路交叉口北50米,,,,37.031861,118.252290,
123,滨州天天优佳酒店(汽车总站店),滨城区,黄河二路渤海二十路汽车总站售票大厅北门西侧,,,,37.370877,117.937630,
123,屹居酒店(圣豪购物中心店),无棣县,棣新一路350号金鼎国际广场F1层,,,,37.742279,117.609997,
123,沾化鸿盛温泉大酒店,沾化区,富电路297号,,,,37.695801,118.132994,
124,颐和宾馆,龙口市,渔港路中段(原万利盛超市东100米路北),,,,37.644604,120.334786,
124,莱州大成宾馆,莱州市,土山镇,,,,37.055547,119.692085,
124,天悦宾馆(海政路店),海阳市,海政路与海阳步行街交叉口南80米,,,,36.776938,121.165701,
124,烟台长江旅馆,福山区,长江路208号鑫源大厦F1层,,,,37.562574,121.244126,
124,龙口大酒店(西环路店),龙口市,黄城北大街565号(与通海路交汇口),,,,37.653509,120.516535,
124,烟台龙达旅馆,福山区,福海路与永安街交汇处环宇小区15号楼,,,,37.503308,121.258337,
124,锦阳商务宾馆(海阳站店),海阳市,黄海大道35号中房村东,,,,36.725223,121.194271,
124,新成宾馆(黄务店),芝罘区,黄务小区黄务隆中路5号,,,,37.469745,121.358117,
124,莱州聚鑫旅馆,莱州市,夏邱镇夏东村189号,,,,37.012395,119.915393,
124,烟台好日子旅馆,牟平区,西油坊步行街路西,,,,37.395202,121.600829,
124,招远大太阳旅社,招远市,温泉路303号,,,,37.363322,120.400319,
124,龙口9号公寓,龙口市,环翠大道海韵苑8号楼,,,,37.734442,120.437713,
124,龙口凌晨商务宾馆,龙口市,龙口开发区振兴中路,,,,37.650770,120.332411,
124,荣兴宾馆,芝罘区,机场路与黄务立交桥交叉口西北150米,,,,37.469506,121.358964,
124,莱州君临商务宾馆,莱州市,沙河镇206国道中心红绿灯路口东南角,,,,37.040893,119.764631,
124,龙口君悦宾馆,龙口市,东海旅游度假区碧海路碧海苑A3-5,,,,37.739238,120.453361,
124,莱州东升商务宾馆,莱州市,长途汽车站对面向西(通文街),,,,37.182311,119.934788,
124,烟台长泰旅馆,福山区,星海商业广场西1门南50米,,,,37.563751,121.244933,
124,海阳和光旅社,海阳市,海阳市开发区商贸城5号东南角,,,,36.736843,121.200775,
124,时尚精品酒店,牟平区,东关路401号,,,,37.393600,121.611559,
124,莱阳金润宾馆,莱阳市,五龙北路中医医院对面(78号/139号),,,,36.977103,120.707545,
124,烟台金易来宾馆,芝罘区,环海路付28号,,,,37.560075,121.371775,
124,家宾馆,蓬莱区,登州路170号,,,,37.795675,120.768790,
124,港城宾馆(环海中路店),龙口市,环海中路2562号,,,,37.652358,120.330625,
124,尚客优精选酒店(烟台牟平永安店),牟平区,北关大街559号工商银行西首,,,,37.390859,121.609680,
125,银河精选酒店(市中心医院抱龙河店),文登区,通和路37号,,,,37.189736,122.088306,
125,荣成福源旅馆,荣成市,南山中路99号,,,,37.149044,122.417132,
125,佳家旅馆(威海火车站店),环翠区,经济技术开发区青岛中路福祉家园1号楼101室,,,,37.422566,122.149968,
125,家缘快捷旅馆(观海中路店),荣成市,观海中路139号,,,,37.152338,122.438520,
125,乳山宇香旅馆,乳山市,深圳路105号,,,,36.909802,121.552577,
125,威海知春旅馆,环翠区,统一路97-5旋转楼梯上三楼,,,,37.501569,122.118047,
125,龙门旅馆(威海高铁北站店),环翠区,柳沟路28-7号,,,,37.484897,122.040203,
125,荣成一家人快捷旅馆,荣成市,成山大道中段-202号-1,,,,37.157061,122.429524,
125,荣成石岛华东宾馆,荣成市,石岛区渔贸路58号,,,,36.883227,122.431770,
125,威海豪客旅馆,环翠区,青岛中路128号豪业圣迪广场B座505室,,,,37.422944,122.150090,
125,东海旅社(威海山东大学火炬八街店),环翠区,火炬路171号(北洋电器对面),,,,37.522588,122.060429,
125,世家商务酒店(青山路店),乳山市,青山路129号,,,,36.898401,121.526183,
125,禧隆宾馆(汽车站店),环翠区,经济开发区福祉家园11号楼 豪邦身后,,,,37.422889,122.149476,
125,绿洲酒店,荣成市,石岛新汽车站东尹格庄14号,,,,36.957697,122.385940,
125,银座佳驿酒店(威海文登文山路店),文登区,文山路58-2号,,,,37.193728,122.051124,
125,荣成向日葵旅店,荣成市,沿河南街300-1号,,,,37.154256,122.418649,
125,荣成鑫隆旅馆,荣成市,成山镇大岗村,,,,37.384438,122.617028,
125,威海鑫鑫宾馆,文登区,泽库镇驻地碧海路9号,,,,36.943373,122.058618,
125,威海海天快捷酒店(文登汽车站店),文登区,世纪大道88号义乌商品市场E区东大门3层,,,,37.189129,122.101133,
125,富丽华大酒店,文登区,龙山路45-3号(文登市财政局东北),,,,37.200880,122.047811,
125,方正酒店(威海荣成高铁站店),荣成市,南山中路11号(老长途汽车站对面),,,,37.154438,122.416927,
125,海悦公寓(青岛中路分店),环翠区,青岛中路128号B座6层,,,,37.422961,122.150059,
125,威海东港旅馆,环翠区,海滨中路18号,,,,37.483297,122.136762,
125,荣成宏鑫宾馆,荣成市,成山镇302省道天鹅湖景区成大路1190号,,,,37.370603,122.564650,
125,荣成海洲大酒店,荣成市,石岛黄海中路黄海小区17号,,,,36.899052,122.421171,
126,海畔之家宾馆,黄岛区,海西中路204号,,,,35.880166,119.958671,
126,青岛金叶宾馆,城阳区,春阳路163号,,,,36.315157,120.399356,
126,青岛诚信家宾馆,李沧区,九水东路与常川路交叉口,,,,36.172121,120.486662,
126,佳辰商务酒店(广州南路店),胶州市,"广州南路268号(胶州火车站,大润发周边)",,,,36.275057,120.008746,
126,尚客优酒店(莱西南京路莱西月湖公园店),莱西市,威海东路20富隆大厦F1层,,,,36.863918,120.540070,
126,宝泽林宾馆,市南区,北京路71号,,,,36.070081,120.314517,
126,悦行365客栈(流亭机场·洼里店),城阳区,流亭街道15号银河路,,,,36.273412,120.417725,
126,怡居酒店(平度新河店),平度市,春涛路22号,,,,36.936186,119.597246,
126,仙客来旅馆(青岛铁山东路店),黄岛区,铁橛山路879号,,,,35.882506,120.001295,
126,欧飞连锁民宿(青岛农业大学店),城阳区,中城路614-12号(农业大学地铁站B口步行220米),,,,36.316821,120.389274,
126,青岛在他乡旅馆,黄岛区,黄浦江路133-1号,,,,35.963522,120.184630,
126,阳光宾馆(科技大学店),黄岛区,渭河路天和工业园25号楼(近山东科技大学北门),,,,36.009131,120.127920,
126,尚客优酒店(胶州扬州西路店),胶州市,胶西镇西祝村尚客多购物广场西侧100米处,,,,36.260706,119.930114,
126,如家派柏·云(青岛胶州福州南路宝龙购物广场店),胶州市,阜安街道福州南路41号如家派柏云酒店,,,,36.282364,120.025247,
126,艾庭商务酒店(青岛路店),莱西市,青岛路62-8号,,,,36.859253,120.514128,
126,钰澜酒店(胶州胶东国际机场海尔大道店),胶州市,兰州东路553号,,,,36.290852,120.050616,
126,爱尊客连锁酒店(胶州国货店),胶州市,兰州西路63号(天王职业技术学校旁边),,,,36.284963,120.005483,
126,廷峰居旅馆(台东步行街店),市北区,顺兴路181号,,,,36.088200,120.355349,
126,青岛祥源旅馆(青岛火车站栈桥店),市南区,广西路60号乙(青岛站地铁站G口步行140米),,,,36.063625,120.317125,
126,都市118连锁酒店(胶州禧徕乐店),胶州市,漳州路6号,,,,36.287105,119.977157,
126,青岛新起点商务旅馆,黄岛区,开发区长江中路341号(丁家河地铁站C口步行320米),,,,35.959256,120.203625,
126,青岛紫荆花宾馆,市南区,漳州二路60号2层(燕儿岛路地铁站B口步行390米),,,,36.066929,120.405158,
126,青岛怡人居宾馆,市北区,平安路24号1-乙(小村庄地铁站A口步行300米),,,,36.105992,120.357264,
126,银座佳驿酒店(胶州火车站大润发店),胶州市,胶州西路8号,,,,36.292959,120.005382,
126,海之韵酒店(台东步行街店),市北区,"延吉路4号(喝丢一只鞋隔壁,近台东步行街)",,,,36.085788,120.361202,
127,莘县昌运精品酒店,莘县,通运路30号,,,,36.236631,115.677208,
127,茌平温馨宾馆,茌平区,枣乡街48号,,,,36.581888,116.240783,
127,高唐银海宾馆,高唐县,泉林西路,,,,36.876906,116.217938,
127,聊城宏顺宾馆,东昌府区,站前街7号(近聊城火车站汽车西站),,,,36.454090,115.945430,
127,天坛商务酒店(伊园街店),莘县,伊园街伊园新村对过,,,,36.249185,115.676615,
127,来回顺贵宾馆,东阿县,前进街156号车站南300米,,,,36.346745,116.251022,
127,泰和宾馆(信发步行街店),茌平区,中心街泰和西路泰和宾馆(步行街西60米),,,,36.593819,116.255873,
127,乐家商务宾馆(建设西路),东昌府区,建设西路100号,,,,36.472425,115.970892,
127,静雅酒店(聊城汽车总站万达广场店),东昌府区,柳园北路98号,,,,36.469791,115.988059,
127,长城国际宾馆,茌平区,中心街与汇鑫路交叉路口东南角,,,,36.570800,116.256269,
127,彩虹快捷宾馆(莘县汽车站店),莘县,伊园街17号(汽车站对面),,,,36.249782,115.687532,
127,同鑫宾馆(火车站店),东昌府区,站前街300号(火车站东站广场北侧),,,,36.457855,115.945879,
127,鲁阳宾馆(一店),阳谷县,清河路农业银行东邻,,,,36.103008,115.800697,
127,顺河大酒店(茌平振兴路店),茌平区,振兴街道振兴路振兴桥西邻,,,,36.589859,116.248502,
127,阳谷利群宾馆,阳谷县,狮子楼路北关花园北50米路东,,,,36.121235,115.784667,
127,阳光假日酒店,阳谷县,景阳路262号阳谷三中东160米,,,,36.108795,115.792871,
127,东阿金牛商务酒店,东阿县,金牛世纪城南门旁,,,,36.397275,116.436625,
127,都市118连锁酒店(聊城剧院店),东昌府区,利民东路79号,,,,36.450961,115.989881,
127,临清金色阳光商务宾馆,临清市,红星路中段建行对过,,,,36.842790,115.720257,
127,锦江宾馆(东通运路),莘县,伊园街167号(汽车站附近),,,,36.247642,115.686172,
127,尚客优骏怡连锁酒店(聊城银座商城店),东昌府区,利民西路3号,,,,36.450953,115.987504,
127,明珠商务快捷酒店,阳谷县,宁津路与运河东路交叉口东南,,,,36.117166,115.795849,
127,茌平友谊宾馆,茌平区,顺河街北段240号,,,,36.602526,116.250270,
127,致青春客栈(聊城大学店),东昌府区,聊城大学西门向北200米路西,,,,36.440117,115.993140,
127,聊城欧凯宾馆,莘县,通运路老汽车站北150米路西,,,,36.239138,115.677373,
128,济南长安旅馆,历下区,历黄路菜市新村34号楼5单元,,,,36.680346,117.032164,
128,济南宏家招待所,历下区,银泉台球俱乐部西南门东80米,,,,36.659024,117.030336,
128,云边和悦精致公寓(济南唐冶院士谷店),历城区,唐冶街道中物科创中1号公寓一楼,,,,36.693317,117.218529,
128,成嘉青年旅舍(邢村立交桥东地铁站店),历城区,唐冶中路5199号银座·新辰天地5号商务公寓2824,,,,36.673075,117.223925,
128,昌源大酒店(济微公路店),市中区,昌源世纪家园一楼昌源酒店,,,,36.587880,116.926957,
128,吉祥宾馆(莱芜富民街店),莱芜区,万福路吕花园青草河美食街38号,,,,36.222435,117.690004,
128,济南鑫颖招待所(泉城广场趵突泉店),历下区,千佛山街道佛山街佛山苑小区三区16号楼2单元103室,,,,36.655912,117.028409,
128,国茂宾馆(经十西路店),槐荫区,腊山立交桥经十西路27509号,,,,36.651959,116.927373,
128,五岳宾馆(济南张庄路店),槐荫区,张庄路老屯村494号(老屯地铁站A口步行310米),,,,36.664460,116.949966,
128,济南天泉宾馆(解放军九六O医院店),天桥区,师范路毕家小区61号楼东侧天泉宾馆,,,,36.694929,116.984962,
128,平阴南门宾馆,平阴县,榆山路和金水河交叉口明达眼镜店南邻,,,,36.280655,116.457483,
128,济南百客旅宾馆,天桥区,百客旅西门旁,,,,36.697015,116.990010,
128,济南海岱旅社,市中区,纬三路9号,,,,36.666072,116.992143,
128,济南鑫兄弟招待所,历下区,千佛山街道佛山街佛山苑三区22号楼1单元101室,,,,36.655317,117.028844,
128,济南丰豪宾馆(英雄山路店),市中区,英雄山路23号-3,,,,36.639748,116.996775,
128,平阴金星宾馆,平阴县,锦水城西门南140米,,,,36.281598,116.453687,
128,银座佳驿轻居酒店(济南儿童医院和谐广场店),槐荫区,经十路23806号,,,,36.648407,116.966604,
128,济南平安旅馆,长清区,经十西路10242号,,,,36.597077,116.801253,
128,赛赛公寓,市中区,济微公路389号党家庄镇西力明学院対面,,,,36.581442,116.891771,
128,同喜宾馆(济南济大会展中心店),市中区,舜玉路舜玉小区北区95号楼1楼,,,,36.627170,117.014158,
128,美达迷你情景客房(济南大学店),市中区,二环南路8355号2层房,,,,36.613151,116.957854,
128,柚徕青年旅舍(济南火车站店),天桥区,官扎营街道官扎营中街11号官扎营新区南区9号楼2层商铺,,,,36.673540,116.994751,
128,济南金泉招待所,天桥区,无影山南路黄屯小区1-2号,,,,36.680195,116.988020,
128,济南惠民旅馆,历下区,趵突泉南路22号楼2号102(齐鲁医院东门北150米)临近趵突泉南路,,,,36.658539,117.019925,
128,如云酒店(济南章丘明水古城店),章丘区,汇泉路与党校街交叉口向南30米路东,,,,36.715835,117.526608,
129,蒙阴隆盛快捷宾馆,蒙阴县,兴蒙路331号,,,,35.699618,117.953259,
129,郯城北方快捷酒店,郯城县,红花镇前小店村205国道东侧奥德红花加气站斜对过,,,,34.448860,118.341788,
129,柚子酒店(郯城郯国古城店),郯城县,建设路77号教师之家东邻,,,,34.607930,118.358292,
129,诚信宾馆(银雀山路),兰山区,银雀山路与羲之路交汇处,,,,35.059875,118.333725,
129,临沂温情高档自助公寓(联安店),兰山区,陶然路与沂州路交汇向西20米路北联安现代城2号楼6层615,,,,35.039487,118.351162,
129,茂源宾馆(诸葛镇人民政府东南),沂水县,博沂路8-35号,,,,35.984953,118.563742,
129,临沂立新商务宾馆,兰山区,启阳美食街南门北110米,,,,35.047589,118.340633,
129,汇丰商务宾馆(沂水汽车站店),沂水县,腾飞路新汽车站北200米路西,,,,35.757981,118.637417,
129,沂南向阳商务宾馆,沂南县,历山路中段,,,,35.542604,118.456610,
129,临沂联安开心自助公寓,兰山区,陶然路联安现代城2号楼1楼大厅西侧开心公寓,,,,35.039553,118.351146,
129,尚客优酒店(沂水新汽车站店),沂水县,长安南路和南一环路交汇处东100米路北,,,,35.746938,118.632209,
129,临沂兴华宾馆,兰山区,朱保镇,,,,35.147576,118.190330,
129,骏怡连锁酒店(费县上冶紫荆广场店),费县,玉泉路与光华路交叉口西100米,,,,35.399823,117.953348,
129,临沂正丰宾馆,兰山区,解放路与临西二路交汇华丰商城对面,,,,35.066997,118.324611,
129,银佳酒店(临沂通达路泰盛广场店),兰山区,通达路109号,,,,35.061521,118.329930,
129,临沂金江宾馆,兰山区,"双岭路义堂镇红绿灯路口东侧路北(义堂中学路口,清粥小菜东临)",,,,35.144089,118.245418,
129,都市118连锁酒店(临沂高铁北站店),兰山区,白沙埠镇贾家村临商银行斜对过南50米,,,,35.182233,118.396432,
129,沂水鹏源商务宾馆,沂水县,莲旺街24号(沂水县西南侧),,,,35.787071,118.624520,
129,郯城7天连锁酒店,郯城县,南外环路四方家居西800米路北(浩源商贸城对面),,,,34.595629,118.341732,
129,临沂阳光公寓火车站店,兰山区,八一路和金坛路交汇处建设银行旁,,,,35.042962,118.341287,
129,临沂太子湖宾馆(通达路泰盛广场店),兰山区,太子湖花园西门旁,,,,35.085868,118.327363,
129,临沂优格青年胶囊旅舍,兰山区,兰山街道八里屯社区38号楼2001室,,,,35.105342,118.298603,
129,沂水县鸿福宾馆,沂水县,沂水农商银行营业部南70米,,,,35.764843,118.643105,
129,尚客优酒店(临沂火车站陶然路店),兰山区,陶然路148-7,,,,35.037280,118.330746,
129,都市118连锁酒店(莒南坊前店),莒南县,坊前镇左坊前前村村西342省道南50米,,,,35.158214,119.005606,
130,五洲宾馆(青年路),巨野县,青年路81号(中心花园西100米路南),,,,35.383675,116.086121,
130,菏泽宇宸宾馆,牡丹区,广州路与淮河路交叉口南300米路东,,,,35.247641,115.524639,
130,成武信合宾馆,成武县,永昌路南段路西79号,,,,34.942668,115.907559,
130,外贸宾馆(兴华路),定陶区,兴华路18号,,,,35.074252,115.563449,
130,帝泽商务宾馆,牡丹区,菏兰路111号(西客站西南500米荷兰路旁),,,,35.230257,115.416875,
130,誉都宾馆,单县,向阳路石马东路北,,,,34.788330,116.090191,
130,曹县环岛商务宾馆,曹县,青菏南路(环岛花园小区东大门南80米),,,,34.847817,115.550742,
130,东方宾馆,巨野县,青年路,,,,35.383971,116.090586,
130,金容宾馆(东明五四路店),东明县,五四路东段213号,,,,35.294173,115.113723,
130,阳光宾馆(菏泽双河西路店),牡丹区,三亚商城青年路店南门东80米,,,,35.247198,115.464693,
130,菏泽金都宾馆,牡丹区,双河路与兴民路交叉口东150米路南,,,,35.250640,115.476936,
130,鄄城365商务宾馆,鄄城县,鄄三路(禹王路)20号,,,,35.556873,115.513547,
130,富丽华酒店(单县交通大楼西北),单县,健康路中段北侧(交通局对面),,,,34.786194,116.081212,
130,菏泽橘子小筑客栈,牡丹区,黄河东路博爱医院对面,,,,35.258087,115.532274,
130,菏泽起点宾馆,牡丹区,淮河路与郑州路交叉口西侧40米左右路南第一个胡同,,,,35.250184,115.527419,
130,东明国际大酒店,东明县,曙光路9号,,,,35.286749,115.090689,
130,格林豪泰智选酒店(菏泽汽车总站佳和城店),牡丹区,牡丹路1100号,,,,35.246660,115.467729,
130,尚客快捷酒店(菏泽火车站店),牡丹区,火车站广场向南150米桂陵路300号,,,,35.228814,115.502912,
130,汇聚商务宾馆,牡丹区,兴民路2号,,,,35.250787,115.474749,
130,菏泽德海商务宾馆,牡丹区,中华世纪城D座13层,,,,35.229227,115.504060,
130,巨野好家商务宾馆,巨野县,前进路与麒麟大道交叉口西南320米,,,,35.389784,116.097206,
130,菏泽星期天快捷商务酒店,牡丹区,青年南路70号(近青年南路与迎宾路交汇处、香格里拉广场),,,,35.238260,115.461749,
130,豪泰酒店,定陶区,隅首街向南200米处路西,,,,35.072784,115.570775,
130,郓城张家店宾馆,郓城县,唐塔路97号,,,,35.601269,115.947090,
130,菏泽海河快捷宾馆,牡丹区,桂陵路中华世纪城A座(近火车站售票厅),,,,35.229360,115.505821,
131,锦绣商务宾馆(德州陵城汽车站店),陵城区,汽车站对面,,,,37.337346,116.557231,
131,洛北春大酒店,临邑县,东岳路7号,,,,37.188489,116.875809,
131,齐河东凤宾馆,齐河县,新华路与齐顺大街交叉口南180米,,,,36.799847,116.761709,
131,万豪商务宾馆(齐河德百广场店),齐河县,晏婴路万豪商务宾馆,,,,36.791976,116.746813,
131,海润快捷酒店(德州新湖公园店),德城区,新湖大街1885号,,,,37.453106,116.304899,
131,夏津南郊宾馆,夏津县,城栾路国税局南500米路西,,,,36.930814,115.993923,
131,蓝天优家酒店(糖城广场店),禹城市,市中路356号(市中路与两站街交汇处路东),,,,36.930792,116.650615,
131,锦江之星(德州火车站店),德城区,迎宾大街241号,,,,37.448606,116.290736,
131,汉廷酒店(德州新湖公园店),德城区,新湖大街1961号,,,,37.454440,116.305120,
131,德州新建招待所(汽车总站店),德城区,"马市街47号(东风中路与向阳大街交叉口北侧,汽车总站斜对面)",,,,37.444249,116.293465,
131,德州煜翔宾馆,德城区,晶华路308号,,,,37.450340,116.378312,
131,夏津新安旅馆,夏津县,中山路25号,,,,36.957944,116.006047,
131,夏津宾馆,夏津县,南城街250号,,,,36.948410,115.998637,
131,尚客驿佳宾馆(德州学院店),德城区,大学东路萧何庄园内,,,,37.471234,116.326472,
131,汇一酒店(德州晶华大道店),德城区,经济开发区晶华大道496号,,,,37.436245,116.377814,
131,平原诺亚方舟快捷连锁酒店,平原县,共青团北路892号,,,,37.173239,116.433380,
131,武城中天宾馆,武城县,振华街138号,,,,37.212460,116.081734,
131,铭洋快捷宾馆(德州北园店),德城区,解放中大道与104国道交叉口,,,,37.471965,116.302890,
131,银座佳驿酒店(德州禹城人民路店),禹城市,禹城商城东门西20米,,,,36.929264,116.638600,
131,尚客优酒店(德州解放中大道德州一中店),德城区,解放中大道841号,,,,37.458329,116.297105,
131,苹果快捷酒店(德州大学路店),德城区,德惠街339号,,,,37.471249,116.315562,
131,宏图宾馆(武城县盐百购物中心店),武城县,武城镇顺河街与兴武路交叉路口,,,,37.210858,116.065443,
131,驿家365连锁酒店(德州迎宾路火车站店),德城区,迎宾路迎宾大市场1号楼27号(国际商贸城对面),,,,37.453548,116.290563,
131,卓悦酒店(庆云汽车站店),庆云县,商城大街汽车总站西门,,,,37.776136,117.400065,
131,夏津鸿洲大酒店,夏津县,崔公街1号,,,,36.976341,116.008977,
132,福居宾馆(日照苏宁广场店),东港区,福海路99号(近汽车总站、海曲公园),,,,35.422464,119.457231,
132,日照中合祥旅馆,东港区,河畔嘉园东门北200米,,,,35.484177,119.352003,
132,百家客栈,五莲县,沿河路与五莲山路交汇处南行50米处,,,,35.734341,119.204813,
132,汇鑫宾馆(日照海曲公园店),东港区,汽车总站东100米福海路,,,,35.422501,119.454872,
132,丰隆宾馆(日照苏宁广场店),东港区,福海路114号,,,,35.422326,119.457193,
132,惠客宾馆(日照市中医医院太阳城市场店),东港区,西海路85号,,,,35.430625,119.457675,
132,鑫瑞快捷宾馆(岚山西路店),岚山区,岚山西路353号(日照市岚山区第二人民医院正对面),,,,35.125236,119.292961,
132,海达宾馆(衡阳路),东港区,海曲路与衡阳路交汇往南50米路西(相家庄一区沿街),,,,35.423786,119.430204,
132,国瑞宾馆(海滨六路店),东港区,海滨六路南首华美酒店东邻,,,,35.395170,119.524443,
132,春涛花海酒店,东港区,望海路101号,,,,35.428300,119.469634,
132,学苑宾馆(日照大学城店),东港区,四季花园西1门旁,,,,35.445780,119.538542,
132,贵琪精品酒店(日照苏宁广场店),东港区,福海路106号,,,,35.422404,119.456528,
132,城市快捷酒店(莒县创业大学店),莒县,创业大学北100米,,,,35.601728,118.816853,
132,文斯顿连锁酒店(日照大学城店),东港区,东升园D14-00-009,,,,35.446846,119.542992,
132,天时商务宾馆(海滨三路),东港区,黄海三路与海滨三路口南100米,,,,35.401662,119.541725,
132,交通商务宾馆(日照福海路店),东港区,福海西路43号交通商务宾馆,,,,35.423559,119.451875,
132,海源大酒店(204国道),岚山区,日照岚山西路与204国道交叉口向南1000米,,,,35.122520,119.275496,
132,尚客优精选酒店(日照灯塔广场店),东港区,海滨二路与文化路交叉口西南60米,,,,35.388391,119.548421,
132,天悦商务宾馆(福海路),东港区,福海路47号,,,,35.423541,119.452143,
132,怡来酒店(日照苏宁广场店),东港区,东关南路3号,,,,35.424381,119.465266,
132,海天大酒店(海滨三路),东港区,石臼区黄海一路66号(石臼利群东门对面),,,,35.393129,119.542268,
132,莒王府,莒县,日照西路68号,,,,35.605289,118.821981,
132,尚客优品酒店(五莲一中店),五莲县,五莲山路与滨河路交汇处,,,,35.734971,119.203952,
132,日照中豪大酒店,东港区,海滨二路157号,,,,35.386717,119.548386,
132,尚客优酒店(五莲市北开发区宝山路店),五莲县,潮河镇宝山路10号,,,,35.644402,119.501091,
133,迎源宾馆(木石汽车站店),滕州市,张秦庄村133号,,,,34.979147,117.275836,
133,枣庄喜来登宾馆(薛城店),薛城区,海河路516号四季春市场北1089号门市,,,,34.804189,117.272000,
133,明仁商务宾馆(薛城万达广场店),薛城区,永福中路15号(近万达广场),,,,34.796087,117.263064,
133,恒鑫商务宾馆(枣庄青檀南路店),市中区,青檀南路二手车市场东门南700米,,,,34.812382,117.556727,
133,99优选酒店(台儿庄古城东门店),台儿庄区,台儿庄古城东门北侧东顺路和台湾街交界处向西80米,,,,34.558843,117.752637,
133,花家地·驿捷酒店(台儿庄古城景区店),台儿庄区,台湾街70号,,,,34.558160,117.749595,
133,诚顺宾馆(北辛路店),滕州市,周楼居西门北140米,,,,35.109015,117.151837,
133,天天酒店(枣庄山亭邾国路店),山亭区,邾国路590号,,,,35.095030,117.467818,
133,金星商务宾馆(枣庄市中区十五中北校区店),市中区,光明路街道回族社区1320号,,,,34.857882,117.580119,
133,盛泰商务酒店,市中区,振兴中路20号,,,,34.844707,117.560293,
133,丽景大酒店,市中区,文化西路16号,,,,34.851837,117.552572,
133,尚客优酒店(北控雅园店),滕州市,姜屯镇鲁班大道兴盟国际商城32号楼105室,,,,35.077153,117.122923,
133,枣庄泰和商务宾馆,市中区,文化路办事处泰和嘉园南门市1号,,,,34.847893,117.571777,
133,万家水晶酒店(滕州万朋酒店),滕州市,青啤大道董村花卉市场西,,,,35.066451,117.192640,
133,舜和枣庄大酒店,市中区,解放北路139号,,,,34.863568,117.573178,
133,宝平商务宾馆,台儿庄区,文化路232号,,,,34.565957,117.732316,
133,如家酒店(枣庄振兴中路店),市中区,振兴中路6号,,,,34.849142,117.560364,
133,海天商务宾馆(滕州学院中路东方购物中心店),滕州市,学院中路21号,,,,35.099712,117.159077,
133,枣庄金福源宾馆,薛城区,燕山路人民医院南门往西96米路南,,,,34.802340,117.267850,
133,金都大酒店,市中区,君山东路159号,,,,34.864167,117.574432,
133,桃源精品酒店(峄城区解放南路店),峄城区,峄城区解放南路527号,,,,34.765238,117.574005,
133,时代宾馆(枣庄皇冠购物广场店),薛城区,临山路时代广场E座101,,,,34.792278,117.255624,
133,都市118连锁酒店(台儿庄古城西门店),台儿庄区,长安路与兰琪路交叉口西行100米,,,,34.570895,117.740621,
133,尚客优精选酒店(枣庄薛城区万达广场店),薛城区,临山路109号(万达对面),,,,34.791215,117.265964,
133,泰和商务宾馆(枣庄山亭汉诺路店),山亭区,汉诺中路103号,,,,35.095455,117.459346,
134,曲阜微风舍公寓(博学路分店),曲阜市,富邦贵都7号楼三单元,,,,35.551989,116.959992,
134,宏城宾馆(中都大街店),汶上县,中都大街与平安巷交叉口东南100米,,,,35.717164,116.493850,
134,邹城汇客城宾馆,邹城市,太平东路1178号,,,,35.403927,116.994152,
134,七星假日酒店,任城区,火炬南路7-9号,,,,35.397100,116.624373,
134,五马祠宾馆,曲阜市,五马祠北街21号,,,,35.594709,116.997219,
134,东立宾馆(济宁站店),任城区,琵琶山中心街琵琶山小区南区3号楼,,,,35.410226,116.609850,
134,曲阜阳光宾馆,曲阜市,济宁学院东商业街富邦贵都4号楼,,,,35.551886,116.961544,
134,银地宾馆,汶上县,南顺河街西段31号,,,,35.720745,116.492707,
134,泰和商务宾馆(共青团路),任城区,共青团路44号,,,,35.418478,116.589191,
134,曲阜贵人居商务宾馆,曲阜市,327国道孔子商贸城南1门东二街42号,,,,35.589526,116.942244,
134,曲阜顺馨港宾馆,曲阜市,济宁学院西商业街彩票站西50米,,,,35.552626,116.952594,
134,夫子精品酒店,曲阜市,孝养城孔子大道,,,,35.555616,117.050544,
134,曲阜老地方宾馆,曲阜市,陵城镇文宣路和博学路交口四友鲶鱼馆后排30米,,,,35.552177,116.952635,
134,曲阜同缘宾馆,曲阜市,陵城镇聚友宾馆(弘毅路),,,,35.552818,116.952608,
134,金利缘宾馆,邹城市,凤凰山路花园街211号,,,,35.399686,116.976588,
134,济宁鑫峰宾馆,任城区,金城街道土城居委南区11排13号,,,,35.412073,116.569442,
134,微山儒家宾馆,微山县,商业街42号(文化广场对面),,,,34.804170,117.138535,
134,嘉祥天信宾馆,嘉祥县,兖兰中路192号(老汽车站东60米华祥商城),,,,35.394754,116.342737,
134,泗水大富豪商务宾馆,泗水县,泉源大道与健康路交叉口北150米路西(大富豪超市旁边),,,,35.655505,117.281782,
134,曲阜石鼓桥宾馆,曲阜市,有朋路小太阳幼儿园旁(近石鼓桥),,,,35.587580,117.005412,
134,都市118连锁酒店(曲阜汽车站店),曲阜市,孔子商贸城东1门6号,,,,35.590345,116.944264,
134,邹城千泉宾馆,邹城市,平阳路1880号,,,,35.400237,116.979015,
134,曲阜金福源商务宾馆,曲阜市,福源东十一街3号,,,,35.591538,116.942787,
134,宾利宾馆,任城区,南营村,,,,35.445420,116.683992,
134,济宁蓝旗宾馆(唐口店),任城区,二中路口向西50米,,,,35.308095,116.489451,
135,安居宾馆(淄博淄川区店),淄川区,商城西街18号,,,,36.646622,117.957925,
135,安舒精品酒店(山东理工大学店),张店区,共青团西路228号,,,,36.809726,118.016601,
135,高青华夏商务宾馆,高青县,中心路25号,,,,37.167655,117.833056,
135,齐都宾馆,临淄区,齐都路88号,,,,36.852132,118.349605,
135,淄博龙盛宾馆,淄川区,通济街5号甲4号,,,,36.648858,117.966476,
135,昆仑宾馆(昆仑中心医院西南),淄川区,昆仑路81号,,,,36.584386,117.915336,
135,风景华庭酒店,张店区,华光路62号,,,,36.821207,118.049617,
135,天虹宾馆(永安南路店),周村区,永安南路105号,,,,36.806091,117.836912,
135,淄博翔云宾馆,临淄区,闻韶路1号,,,,36.807968,118.308251,
135,淄博海珑商务宾馆(牛山路店),临淄区,雪宫路81号,,,,36.807592,118.302613,
135,淄博中齐宾馆(临淄炼厂中路店),临淄区,金山镇胜利路虎山生活区27栋,,,,36.770521,118.265766,
135,正旺宾馆(淄博万象汇火车站店),张店区,西一路62-10号,,,,36.796473,118.057242,
135,圣鑫快捷主题宾馆,张店区,新世界商业步行街北段57号,,,,36.816832,118.042377,
135,优客达酒店(新龙店),高青县,黄河路与中心路交口东北角(车站宾馆对面),,,,37.174052,117.833000,
135,银座佳驿酒店(淄博西六路齐赛科技店),张店区,北西六路22号齐赛科技城对过,,,,36.811701,118.033244,
135,淄博情缘旅馆,张店区,步行街中段17号,,,,36.809181,118.042370,
135,泰薛商务酒店(沂源健康路店),沂源县,健康路61号,,,,36.181552,118.168099,
135,淄博瑞达宾馆,张店区,重庆路东南村沿街房18号,,,,36.799878,118.000436,
135,渔洋宾馆,桓台县,建设街2188号(农业银行对面),,,,36.965461,118.108040,
135,安居宾馆(北营路店),张店区,北营北路南侧沿街房9号甲1号,,,,36.854516,118.072175,
135,尚客优酒店(桓台张北路桓台商厦店),桓台县,张北路2911号,,,,36.959420,118.104940,
135,文豪宾馆(淄博火车站八大局店),张店区,洪沟路2号甲4号金豪大厦F1层,,,,36.791992,118.058183,
135,友情宾馆(建设路分店),淄川区,淄川经济开发区建设路685号,,,,36.665266,117.947492,
135,尚客优快捷酒店(淄博八大局共青团西路店),张店区,共青团西路与西二路交汇处西北角七彩云南4楼,,,,36.806271,118.055181,
135,周村大酒店,周村区,东街316号(近步行街中段路口、古商城),,,,36.797868,117.852739,
136,新兴旅馆(偶园商业街店),青州市,南门大街1069号(近阜财门),,,,36.674949,118.477159,
136,鑫兴宾馆(潍坊金沙广场店),潍城区,民生西街南关派出所向北50米,,,,36.705067,119.107502,
136,大亨居宾馆(潍坊职业学院店),奎文区,文化路人寿保险对面,,,,36.713872,119.141037,
136,临朐鸿源旅馆,临朐县,龙泉路7号(鑫海宾馆南邻),,,,36.507975,118.531725,
136,潍坊如意客栈,奎文区,樱前街潍安路金隅园9号楼1单元102室,,,,36.687974,119.215690,
136,爱丽舍ELYSEE酒店(泰华领域人民医院店),奎文区,虞河路2948号,,,,36.701017,119.134515,
136,花都宾馆,青州市,万红大道,,,,36.646401,118.615135,
136,昌乐昌安宾馆,昌乐县,方山路与孤山街交叉路口,,,,36.700076,118.847849,
136,高密东升宾馆(利群路店),高密市,利群路与创业街交叉路口往北100米路东,,,,36.375465,119.765073,
136,东辰宾馆(潍坊火车站店),潍城区,胜利西街与向阳路交叉口向南100米,,,,36.706606,119.101850,
136,春天宾馆,坊子区,岞山街道春天宾馆,,,,36.581317,119.413037,
136,寿光光华旅社(同祥宾馆),寿光市,全福元百货东新兴家具商场后面,,,,36.873503,118.743818,
136,潍坊吉星旅馆,寒亭区,农业局西家属院西北门旁,,,,36.772885,119.200262,
136,龙腾商务宾馆(利群路店),高密市,利群路883号,,,,36.389010,119.766856,
136,花都安家商务宾馆,青州市,云门山南路云门山花园斜对面6569号,,,,36.656293,118.481680,
136,潍坊天麦宾馆,潍城区,向阳路与人民路路口向西60米路南,,,,36.703709,119.099295,
136,月亮湾宾馆(潍坊学院店),奎文区,春华苑东门北60米,,,,36.723909,119.179559,
136,潍坊玉龙招待所,潍城区,和平路77号路东,,,,36.701917,119.102977,
136,高密宏鑫宾馆,高密市,柏城镇晏子路与白杨山路交叉路口东50米路南,,,,36.342538,119.794002,
136,金马商务宾馆(栗山路),临朐县,秦池路5210号,,,,36.528034,118.544361,
136,宏鑫宾馆(诸城和平街店),诸城市,和平街16-8号,,,,36.004065,119.408203,
136,田源宾馆,昌邑市,昌邑北海路390号,,,,36.847968,119.393380,
136,潍坊贵通商务酒店,潍城区,向阳路与郭宅街交叉口南50米路东,,,,36.711242,119.103159,
136,恒安宾馆(中百大厦店),潍城区,南关街道民生西街507号广丰灯具城四楼,,,,36.704679,119.107256,
136,青来客房(潍坊火车站商品城店),潍城区,和平路101号,,,,36.703873,119.104444,
137,新汶新零点宾馆,新泰市,新汶街道新汶大街(新汶花园正对面路北),,,,35.871597,117.691737,
137,居庭酒店(泰安泰山岱庙店),泰山区,财源街133号,,,,36.186899,117.124258,
137,鸿盛宾馆(牛石线),新泰市,白马山路石莱镇中心小学西南侧约30米,,,,35.764167,117.504300,
137,新泰铁道宾馆,新泰市,333省道附近,,,,35.876478,117.674938,
137,新泰银都宾馆,新泰市,银河东路(银河市场北30米),,,,35.907664,117.754225,
137,牧原宾馆(新泰店),新泰市,新汶大街(新泰市第二人民医院向西100米路南),,,,35.878895,117.677660,
137,宁阳福安宾馆,宁阳县,八仙桥街道办事处七贤路东(凌云家电对过),,,,35.762912,116.793214,
137,泰安福田商务宾馆(山东服装学院店),泰山区,佛光路309号(区防疫站西门对面),,,,36.205692,117.171040,
137,泰安鑫烨宾馆(岱庙店),泰山区,青年路洼子街1号,,,,36.186501,117.130020,
137,胜家时尚宾馆,新泰市,一中南门对面,,,,35.901894,117.784878,
137,泰安光彩山水宾馆(光彩大市场店),岱岳区,光彩大市场6栋3层13-15号,,,,36.185521,117.059178,
137,东平城西宾馆,东平县,丽景名郡东门旁,,,,35.933952,116.449606,
137,泰安聚鑫宾馆(泰安火车站店),泰山区,泰安泰山区桥洞子南青山西街,,,,36.184943,117.110320,
137,青山宾馆(泰山站长途汽车站店),泰山区,龙潭路123-4号火车洞子南,,,,36.184173,117.110695,
137,五星假日酒店(新泰中心店),新泰市,金斗路188号,,,,35.904169,117.757405,
137,陌舒连锁酒店(泰安火车站农业大学店),泰山区,校场街51号,,,,36.188832,117.119180,
137,新泰明金珠宾馆(电视塔店),新泰市,园西路与青云路交叉口南240米,,,,35.903756,117.762158,
137,泰安宏缤宾馆,泰山区,唐訾路20号,,,,36.192259,117.161537,
137,贝壳酒店(泰安市山口镇新世纪购物广场店),岱岳区,山口镇山口北村117号,,,,36.234986,117.272514,
137,泰安青山假日酒店(火车站天外村店),泰山区,龙潭路126-1号,,,,36.183566,117.111423,
137,福来特商务宾馆(创业大街店),泰山区,上高街道创业大街51号,,,,36.200762,117.173331,
137,都市118连锁酒店(宁阳七贤路店),宁阳县,阳光景园北区西1门旁,,,,35.769002,116.795023,
137,骏怡连锁酒店(东平博物馆白佛山景区店),东平县,弘盛华庭西2门旁,,,,35.935695,116.433978,
137,鲁科88商务酒店(泰安泰山大街汽车站店),泰山区,泰山大街99号,,,,36.184428,117.102989,
137,顺和宾馆(金山东街),泰山区,金山东路11-4,,,,36.203939,117.126260,
139,遵义好宜家快捷酒店,红花岗区,深溪镇人民政府斜对面,,,,27.598294,106.974901,
139,遵义林峰旅馆(民政路店),红花岗区,环城路与民政路交汇处水力电力物资站B栋5单元3楼,,,,27.681735,106.934674,
139,湄潭春城宾馆,湄潭县,南北三号路鸿翔商贸城三楼,,,,27.758236,107.474424,
139,明都宾馆(西城区店),习水县,娄山北路32、34号,,,,28.329112,106.201193,
139,凤冈舒雅文化公寓,凤冈县,龙凤大道嘉和南郡1号楼3层(有机食品城对面),,,,27.944742,107.717474,
139,正安真安精品酒店世纪福园2期,正安县,世纪福园二期县政府斜对面,,,,28.551740,107.453176,
139,利源宾馆(遵义医科大学附属医学院店),红花岗区,环城路春天堡汽车站南80米,,,,27.700214,106.946162,
139,都市快捷酒店(外环路店),红花岗区,春天堡(沃尔玛对面),,,,27.699807,106.945930,
139,京腾丽湾酒店,红花岗区,大连路与火车站交汇处,,,,27.703204,106.945735,
139,湄潭世纪商务酒店(天下第一壶茶文化公园店),湄潭县,塔坪路43号(盐业公司旁边),,,,27.760344,107.484437,
139,金星宾馆,仁怀市,国酒南路72号附近(市政府对面),,,,27.790854,106.403403,
139,盛昌快捷酒店,汇川区,雨水路龙凤园,,,,27.703673,106.916105,
139,遵义金长来自助公寓,汇川区,珠海路与广州路的交叉口,,,,27.719525,106.929401,
139,东方宾馆,习水县,府西路1号,,,,28.317047,106.213406,
139,湘江之星逸居酒店(遵义播州南白店),播州区,万寿北街附近,,,,27.549875,106.839178,
139,汽博大酒店(遵义保利汽车城店),播州区,龙坑街道办黔北汽车城汽博大厦主楼,,,,27.606733,106.874661,
139,飞龙大酒店(桂花路),余庆县,乌江北路三角花园,,,,27.225758,107.891518,
139,国际温泉大酒店,湄潭县,湄江镇茶城大道国际温泉城,,,,27.741850,107.434509,
139,娄山酒店(娄山中路店),习水县,娄山中路192号,,,,28.326496,106.200691,
139,天贵大酒店,绥阳县,洋川镇西环路1号食为天市场内,,,,27.951015,107.185851,
139,遵义云栖光影酒店(遵义会议会址遵义医科大学附属医院店),红花岗区,北京路36号,,,,27.702250,106.941538,
139,桐梓花秋忠卫旅社,桐梓县,海校街道武胜夜郎路西门街酒店住宿,,,,28.132543,106.822557,
139,赤水大酒店,赤水市,人民西路281号,,,,28.584027,105.698252,
139,瑞海酒店,红花岗区,外环路沙坝长城学校对面,,,,27.687369,106.939912,
139,希果酒店,汇川区,沈阳路鼎盛家园9号楼,,,,27.708666,106.907986,
140,德江天地宾馆,德江县,香树路173号(青龙镇政府对面),,,,28.254120,108.114920,
140,丰豪宾馆(铜仁火车站店),碧江区,江华国际A栋9楼,,,,27.738388,109.200262,
140,阳光宾馆(浅滩大道),碧江区,南长城路金滩批发城3栋1单元,,,,27.735285,109.194729,
140,华府宾馆(圣墩街店),印江土家族苗族自治县,圣墩街90号,,,,27.997972,108.402162,
140,石阡宾馆,石阡县,汤山镇长征路新华街108号,,,,27.519825,108.231475,
140,石阡县泉都大酒店,石阡县,"佛顶山南路70号,政府大楼对面",,,,27.512558,108.224987,
140,丽景大酒店(世昌广场店),松桃苗族自治县,世昌广场15号楼丽景大厦3层,,,,28.166010,109.204476,
140,玉屏华夏酒店,玉屏侗族自治县,中山路98号老汽车站4楼,,,,27.239186,108.918696,
140,凯达酒店(前进路),碧江区,民主路16号一品阳光2楼,,,,27.717493,109.193098,
140,温州大酒店,碧江区,大庆北路85号,,,,27.716111,109.186034,
140,玉屏贵阳大酒店,玉屏侗族自治县,城南大道水利局对面,,,,27.234881,108.922375,
140,石阡临江楼大酒店,石阡县,泉都街道佛顶山北路193号(加油站对面),,,,27.524957,108.229062,
140,盛世佳华酒店,碧江区,火车站广场旁,,,,27.739324,109.202353,
140,城市便捷酒店(铜仁高铁火车站店),碧江区,清水北路临武陵大道锦鹏国际5号,,,,27.742313,109.203527,
140,铜仁开心宾馆,碧江区,武陵大道金铜国际C4栋20层,,,,27.742025,109.202325,
140,铜仁卓越宾馆,碧江区,环北街道火车站金铜国际C5栋13楼,,,,27.741954,109.202407,
140,铜仁汇其乐宾馆(火车站店),碧江区,火车站出出口(铁路派出所对面),,,,27.741473,109.204158,
140,铜仁红星宾馆(中南门古城店),碧江区,锦江南路304号(石油公司旁)(近大庆中路),,,,27.716875,109.188689,
140,亿客缘公寓,沿河土家族自治县,团结街道办事处团结大道202号,,,,28.554127,108.500853,
140,玉屏鑫宇旅馆,玉屏侗族自治县,城南大道三角碑附近(黔东医院斜对面),,,,27.237168,108.928765,
140,铜仁梵净山招待所,碧江区,环北路3号,,,,27.722447,109.195147,
140,小时代太空舱青年旅舍(铜仁火车站店),碧江区,环北街道武陵大道金铜国际C3栋7-2号,,,,27.742786,109.203262,
140,龙庭商务宾馆,德江县,青龙镇香树路290号,,,,28.253299,108.114519,
140,星期乐商务宾馆(铜仁学院川硐校区店),碧江区,川硐塘家寨安置区A区8-9号,,,,27.782582,109.220769,
140,铜仁新世纪宾馆,碧江区,锦江广场旁边(右侧三楼),,,,27.719354,109.189265,
141,六盘水贵龙宾馆,钟山区,"人民中路173号(川心小区对面,凯旋丰窗帘市场边上)",,,,26.586720,104.860410,
141,六枝宾馆,六枝特区,友谊路12号,,,,26.202730,105.477042,
141,天府旅社,钟山区,人民中路67号,,,,26.588762,104.846914,
141,六盘水东方商务酒店,六枝特区,交通西路钻石钱柜KTV斜对面,,,,26.228314,105.459655,
141,小百花宾馆(六盘水火车站店),钟山区,汪水路165号(火车站旁200米),,,,26.594851,104.852066,
141,新凤凰酒店,钟山区,钟山大道钟山路30号,,,,26.585669,104.844543,
141,月畔湾主题酒店(六盘水店),钟山区,钟山西路88号(市人大旁边原棕楠海),,,,26.600047,104.820129,
141,六盘水水钢酒店,钟山区,杨柳街道巴西中路559号,,,,26.576112,104.891461,
141,六盘水水馨阁宾馆(六盘水站人民广场店),钟山区,人民中路67号,,,,26.589197,104.846614,
141,六盘水中沙洲快捷酒店(人民广场店),钟山区,凉都大道与龙井路交叉口(妇幼保健院斜对面),,,,26.580227,104.848104,
141,穗丰大酒店,盘州市,解放南路128号,,,,25.777782,104.651653,
141,豪宸精品酒店,钟山区,人民中路川心小区3号门,,,,26.585264,104.860500,
141,紫藤花园酒店,钟山区,民族路115号(黄土坡钟山小学斜对面),,,,26.599180,104.829767,
141,凯旋宾馆(人民中路店),钟山区,人民中路67号(六盘水客车站对面),,,,26.588919,104.846591,
141,六盘水兴业酒店(人民广场高铁站店),钟山区,川心小区齐心西路43号,,,,26.583429,104.857676,
141,浦江大酒店(六枝特区休闲广场店),六枝特区,交通路40号,,,,26.223116,105.465423,
141,宜家商务宾馆(东风东路),钟山区,市西路火车站下行100米,,,,26.593094,104.847510,
141,渠源宾馆,钟山区,人民路中段1604号,,,,26.578697,104.877668,
141,浙江大酒店(六盘水六枝特区店),六枝特区,那平路休闲广场对面,,,,26.217691,105.464532,
141,黔苗山舍,钟山区,马坝村,,,,26.586017,104.921567,
141,六盘水龙祥旅社,钟山区,汪水路402号5栋,,,,26.591925,104.854775,
141,盘州市铭创酒店,盘州市,两河新区茶厅安置区127号,,,,25.784690,104.560260,
141,光银旅社,钟山区,红岩路68号,,,,26.591911,104.853778,
141,平秀民宿酒店,钟山区,人民西路170号,,,,26.600413,104.828906,
141,六盘水豪庭商务酒店(水城古镇店),钟山区,河滨苑小区东北门旁,,,,26.578744,104.868270,
142,瓮安安达旅社,瓮安县,雍阳镇文峰南路75号楼2号,,,,27.054988,107.475666,
142,都匀七星酒店,都匀市,城安置房第二栋,,,,26.298555,107.522570,
142,平塘凤凰酒店,平塘县,后山大道上段15号,,,,25.837662,107.335634,
142,荔波和兴主题酒店,荔波县,玉屏镇樟江西路25号,,,,25.410155,107.880807,
142,锦里酒店(都匀市区石板古街店),都匀市,斗篷山路5号1-5,,,,26.265692,107.513885,
142,君悦酒店(凤山路小吃城店),惠水县,凤山东路27号,,,,26.128537,106.659282,
142,长顺民族酒店,长顺县,长兴东路与民主路交叉口东140米,,,,26.024794,106.451398,
142,文峰大酒店,都匀市,文峰公园花园路2号,,,,26.252435,107.516042,
142,瑞轩宾馆,平塘县,新舟路92号,,,,25.825202,107.321763,
142,金鹏国际酒店(都匀大十字石板古街店),都匀市,剑江中路金海岸大厦67号,,,,26.259935,107.513566,
142,荔波怡景苑酒店,荔波县,樟江北路42号,,,,25.413328,107.881481,
142,惠水莱凯精品酒店,惠水县,县府东路8号,,,,26.133791,106.666255,
142,尚捷大酒店,惠水县,县府中路园台边,,,,26.133535,106.660189,
142,贵定环岛花园酒店(贵定高铁北站店),贵定县,贵州省黔南布依族苗族自治州贵定县宝山街道八一村,,,,26.588299,107.236291,
142,福泉洒金大酒店,福泉市,洒金北路257号,,,,26.702308,107.515216,
142,瓮安县名豪大酒店,瓮安县,文峰中路89号,,,,27.065936,107.479161,
142,独山麻尾军缘商务宾馆,独山县,麻尾镇南华路近210国道,,,,25.334846,107.454783,
142,欣悦宾馆,贵定县,金南街道迎宾大道贵滨新城28栋1单元3楼,,,,26.569901,107.232755,
142,荔波顺庆大酒店(荔波古镇店),荔波县,漳江北街30号(近幸福路),,,,25.414312,107.881825,
142,黔丰·云朵影院酒店(惠水人民医院汽车站店),惠水县,环城南路185号,,,,26.130119,106.661200,
142,金悦大酒店,罗甸县,罗湖西路31号,,,,25.428920,106.744799,
142,瓮安百川酒店,瓮安县,工业大道麒龙摩尔城售楼中心2楼,,,,27.102474,107.476273,
142,荔波大鹏商务酒店(荔波古镇店),荔波县,玉屏镇樟江中路12号(大鹏购物中心旁),,,,25.413016,107.883601,
142,中华宾馆(福泉汽车站店),福泉市,洒金北路361号,,,,26.697925,107.516929,
142,惠水辰鑫假日酒店,惠水县,涟江北路(邻近涟江大桥),,,,26.132892,106.666995,
143,宏迎宾馆(安顺火车站店),西秀区,马鞍山路20号,,,,26.231743,105.940082,
143,凯悦商务酒店(文明路),普定县,文明路(近普定人民政府),,,,26.300160,105.741805,
143,安顺千里缘宾馆(贵黄东路店),西秀区,中华南路160号1-4楼,,,,26.231238,105.941205,
143,瑞星宾馆,紫云苗族布依族自治县,格凸大道中段(人民法院斜对面),,,,25.756690,106.087262,
143,安顺谊达商务宾馆,平坝区,黎阳高新区320国道(壶中天电影院旁),,,,26.403874,106.259126,
143,安顺安成商务宾馆,西秀区,两六路附近,,,,26.273006,105.999467,
143,紫云星云酒店,紫云苗族布依族自治县,格凸大道中段54号,,,,25.754862,106.088057,
143,安顺平坝白云大酒店客房部,平坝区,中山南路20附近,,,,26.402764,106.256913,
143,安顺一六八商务宾馆,平坝区,城关镇杨家坝11号,,,,26.409682,106.263064,
143,安顺宾临宾馆,西秀区,马鞍山路6号,,,,26.232291,105.940346,
143,新世纪酒店(镇宁新体育中心店),镇宁布依族苗族自治县,南北大街工商局斜对面,,,,26.065831,105.771831,
143,安顺好运商务宾馆,西秀区,南马大道香榭北路(红海湾斜对面)往上,,,,26.250601,105.918421,
143,安顺米兰时尚酒店,西秀区,西秀区开发区南马新村四组6号,,,,26.250805,105.921444,
143,安顺南翔酒店,西秀区,开发区星光路2号中心血站旁,,,,26.249921,105.920598,
143,安顺中兴酒店,平坝区,中山南路25号,,,,26.407085,106.258147,
143,紫云兴发酒店,紫云苗族布依族自治县,格凸大道95号,,,,25.753608,106.087965,
143,安顺平坝东方酒店,平坝区,鼓楼街道杨家坝灯塔路60号,,,,26.408675,106.263225,
143,安顺贵龙宾馆,西秀区,贵黄东路50号,,,,26.234484,105.941287,
143,安顺贵黄宾馆,西秀区,贵黄大道五星瓷砖市场,,,,26.233499,105.927489,
143,安顺锦缘旅馆火车站广场店,西秀区,中华南路火车站转盘左侧(铁路尚品酒店旁),,,,26.229914,105.941843,
143,现代宾馆(顺安世纪新城东北),西秀区,黄果树大街105号,,,,26.235870,105.942945,
143,福临商务酒店,西秀区,中华西路189号,,,,26.242017,105.927966,
143,安顺润安商务酒店,西秀区,普定路和格凸河路的交叉口附近,,,,26.247872,105.920604,
143,两六宾馆,西秀区,东关片后山村一组29号,,,,26.272288,105.999849,
143,紫云城市微酒店,紫云苗族布依族自治县,格凸大道亚鲁王广场对面,,,,25.757910,106.087395,
144,望谟黄金商务酒店,望谟县,环城路新汽车站斜对面,,,,25.165839,106.087022,
144,华侨大酒店,贞丰县,[],,,,25.383088,105.645238,
144,者相大酒店,贞丰县,者相镇新寨村花陇旗组83号,,,,25.501762,105.642089,
144,莲湖酒店,晴隆县,莲湖路(原海鑫酒店),,,,25.839024,105.224959,
144,安龙顺昌旅社,安龙县,马场坝37号,,,,25.106581,105.462690,
144,兴义鑫鹰酒店,兴义市,兴义木贾办东贡社区良子二组(观音洞小区),,,,25.124040,104.854970,
144,兴义林海酒店,兴义市,西湖西路111号,,,,25.096802,104.876004,
144,兴仁雅高达宾馆,兴仁市,桃园路兴仁广场西南侧约50米,,,,25.431750,105.206991,
144,上名精品公寓(街心花园店),兴义市,黄草办杨柳街62号,,,,25.091354,104.897270,
144,普安怡家酒店,普安县,南湖街道三板桥街上320国道与245县道交叉口西20米路北,,,,25.771587,104.877417,
144,兴义鑫河宾馆,兴义市,木贾办东贡社区东贡村一组33号,,,,25.120361,104.860161,
144,兴义吉福酒店,兴义市,木贾办东贡社区良子二组(兴义市客运西站旁),,,,25.124232,104.861407,
144,兴义合力电竞酒店,兴义市,开发西路与普安路交叉路口往西约180米,,,,25.152265,104.972866,
144,金梅苑公寓(吉祥三街分店),兴义市,吉祥三街22号,,,,25.094344,104.911963,
144,安龙瑞吉酒店,安龙县,栖凤街道办事处大坪社区黄泥寨组阳光超市南10米,,,,25.091229,105.439504,
144,贞丰布依客栈,贞丰县,者相镇S210与沙坡二街交叉口东北100米,,,,25.510360,105.646237,
144,兴义亿丰宾馆,兴义市,兴州大酒店,,,,25.139579,104.915628,
144,安龙钱相五福民宿,安龙县,塘房组8号,,,,25.185769,105.461788,
144,兴义怡京宾馆,兴义市,永乐路2号,,,,25.091024,104.908822,
144,兴仁浙商大酒店,兴仁市,东湖街道办事处黄金社区长兴东路,,,,25.428857,105.205089,
144,兴义好家假日酒店,兴义市,汕昆高速兴义东出口红绿灯左转直行800米,,,,25.128053,104.925388,
144,兴义如意酒店,兴义市,坪东镇新客运西站东北100米,,,,25.124479,104.861328,
144,兴义为来酒店(兴义汽车客运东站),兴义市,桔山街办酸枣社区1组安置区,,,,25.138568,104.924070,
144,兴义一隅青年旅舍,兴义市,万峰林办乐立村五组11号,,,,25.010375,104.920277,
144,普安鼎鑫大酒店,普安县,青山镇40大道,,,,25.505992,105.002906,
145,三穗佰斯特酒店,三穗县,景怡苑西门南60米,,,,26.956543,108.674068,
145,忠涛宾馆(从江高铁站店),从江县,洛香镇移民街从江火车站东500米路南,,,,25.907118,109.120132,
145,凯里壹佰快捷酒店(广播电视大学店),凯里市,鸭塘街道凯开大道(加油站旁),,,,26.537090,107.915669,
145,镇远往事客栈(情侣客栈店),镇远县,顺城街103号,,,,27.049109,108.431343,
145,从江现代商务宾馆,从江县,江东南路97号,,,,25.731980,108.904991,
145,君悦大酒店(新穗街),三穗县,灵山南路县医院斜对面,,,,26.960056,108.686357,
145,凯祥宾馆(移民街),从江县,移民街,,,,25.906707,109.121853,
145,凯里鸿祺酒店(大十字店),凯里市,韶山南路3号(近大十字商业街、牛场坝小吃街),,,,26.581505,107.978727,
145,从江现代花园酒店,从江县,丙妹镇江东中路六号一桥现代超市旁,,,,25.738960,108.908480,
145,镇远一米阳光客栈,镇远县,顺城街71号,,,,27.049545,108.431635,
145,凯里印象鲜花酒店(贵州电子信息学院万达广场店),凯里市,环城东路人防大厦旁,,,,26.578109,107.993782,
145,榕江侗寨之笙精品酒店,榕江县,东滨江大道1号商业楼,,,,25.920013,108.515500,
145,施秉王府酒店(中沙大道店),施秉县,双凤桥北路19号,,,,27.039831,108.124362,
145,镇远黔镇宾馆,镇远县,和平街与西门街交叉口西南150米,,,,27.045522,108.418251,
145,金港湾·Colorful·设计美宿(贵州电子信息技术学院店),凯里市,华联路12号,,,,26.582282,107.989183,
145,镇远四方民居客栈,镇远县,步行街四方井巷内300米(近顺城街),,,,27.050071,108.428367,
145,颐嘉酒店(凯里大十字国贸广场店),凯里市,永乐路18号,,,,26.579290,107.975202,
145,凯里百嘉宾馆(万博广场店),凯里市,万博友庄路2号,,,,26.572461,107.975755,
145,明达中央酒店(黄平县政府时代购物广场店),黄平县,飞云路,,,,26.906595,107.917725,
145,麻江福园商务酒店,麻江县,凤凰大道14号,,,,26.494005,107.596518,
145,蓝凤凰商务酒店(剑河店),剑河县,大街东大道10号,,,,26.729587,108.452401,
145,天柱大酒店,天柱县,北部新区1号,,,,26.917706,109.207696,
145,东都大酒店(三穗县政府店),三穗县,文昌路,,,,26.953966,108.680989,
145,蓝天大酒店(韶山路店),凯里市,北京西路1号,,,,26.581996,107.977785,
145,香山大酒店(北京西路店),凯里市,北京西路39号,,,,26.580510,107.966928,
146,如家宾馆(中华路),金沙县,城关镇中华路188号,,,,27.459114,106.228914,
146,一家精品酒店(金沙县中医院店),金沙县,城关镇河滨路425号,,,,27.463820,106.224583,
146,印象酒店(毕节金沙中医院店),金沙县,城关镇工农路172号,,,,27.464478,106.224838,
146,黔西宇祝宾馆,黔西市,燕山路166号附3号(近黔西一中),,,,27.023083,106.033723,
146,7天酒店(毕节市人民公园店),七星关区,环东路金帝豪庭四楼,,,,27.306274,105.303048,
146,织金平远客栈,织金县,安居路42号,,,,26.669675,105.776175,
146,芳园旅社,大方县,奢香大道中段49号(吉兴旅馆旁),,,,27.140597,105.604822,
146,起业宾馆,织金县,西城街38-40号(健康旅社斜对面),,,,26.668369,105.767475,
146,新世纪商务宾馆(文化路),织金县,文化路平安小区3-1号门面,,,,26.666066,105.769334,
146,纳雍金龙宾馆,纳雍县,毕纳路,,,,26.769457,105.374605,
146,纳雍大酒店,纳雍县,[],,,,26.775991,105.384620,
146,毕节万家宾馆,七星关区,安家井安康路中段兴华学校对面20米,,,,27.294436,105.266950,
146,久龙馨雅酒店,大方县,利民路中段,,,,27.138455,105.610541,
146,毕节洪顺招待所,七星关区,桂花苑南门旁,,,,27.285987,105.284587,
146,梦家酒店(毕节高铁站店),七星关区,梨树镇未来城嘉和组团6栋11楼3室,,,,27.259732,105.415354,
146,威宁泊客湾宾馆,威宁彝族回族苗族自治县,海边街道滨海大道草海印象新大明医院旁,,,,26.867888,104.265294,
146,赫章桂园公寓,赫章县,城关镇环城南路,,,,27.122105,104.729785,
146,威宁云丽宾馆,威宁彝族回族苗族自治县,建设东路与人民北路交叉口南20米,,,,26.862273,104.286599,
146,欢乐颂民宿,大方县,百纳乡新大街,,,,27.283092,105.863047,
146,黔西豪庭大酒店,黔西市,花都大道1号,,,,27.010682,106.047055,
146,毕节宏竹宾馆,七星关区,麻园街道麻园路雅居园A6栋2楼201,,,,27.305429,105.299055,
146,毕节豪亭宾馆(高铁站店),七星关区,梨树镇梨寨路未来城4幢9层8号,,,,27.258801,105.415581,
146,毕节悦居宾馆(高铁站店),七星关区,梨树镇梨寨路未来城嘉和6栋11楼11号,,,,27.259836,105.415396,
146,君悦酒店(中心路店),威宁彝族回族苗族自治县,迤那镇中心村中街组(一小进来90米左右),,,,27.076187,103.873460,
146,大方宏杨客栈(佳鑫国际商业广场店),大方县,大方镇奢香大道北段佳鑫御景园后排西大街西排宏杨客栈宏杨旅社,,,,27.152842,105.602061,
147,贵阳墅国际青年旅舍,云岩区,中山南路86号,,,,26.574607,106.695021,
147,贵阳云贵招待所,南明区,沙冲北路145号(加州阳光新城内),,,,26.556740,106.709696,
147,贵阳兴源酒店,乌当区,新添寨新创路1号(新添地铁站A口步行340米),,,,26.632292,106.771146,
147,小康旅社,息烽县,永靖镇下阳朗村虎城大道中段26号,,,,27.074714,106.747291,
147,贵阳丽梦宾馆,云岩区,盐务街宅吉小区金仓路3号,,,,26.601550,106.711898,
147,息烽心怡旅社,息烽县,镇镇府路16号,,,,27.096563,106.735842,
147,玉溪宾馆(花溪学士路地铁站店),花溪区,清溪苑西门旁(学士路地铁站C口步行50米),,,,26.422566,106.677936,
147,贵阳明德网络酒店,云岩区,黔灵镇茶店村黄山冲路127号,,,,26.620202,106.723668,
147,贵阳华泰酒店(中大国际大营坡店),云岩区,贵乌北路91号B栋2楼,,,,26.602517,106.720450,
147,贵阳宏盛宾馆,云岩区,中山东路(10中旁、省医对面),,,,26.578558,106.723014,
147,贵阳鑫泽商务宾馆,云岩区,"旭东路151号(近贵州师范大学,师大附中)",,,,26.587947,106.724226,
147,贵阳金源商务宾馆(贵州人民医院店),云岩区,宝山北路金融巷东山村东兴组86号,,,,26.579374,106.726141,
147,贵阳清镇来福旅社,清镇市,红新社区服务中心云岭中路50号,,,,26.555700,106.465815,
147,贵阳湘雅宾馆(花果园白宫店),南明区,花溪大道368号,,,,26.561479,106.690861,
147,贵阳盛和公寓宾馆,南明区,花溪大道北段锦绣星城1号楼,,,,26.571529,106.698376,
147,贵阳常宏宾馆,云岩区,三桥路街道白云大道南段110号常宏宾馆三楼,,,,26.594153,106.661743,
147,馨悦酒店(宅吉路店),云岩区,响水组57号,,,,26.605016,106.710672,
147,贵阳喜盈盈宾馆,云岩区,半边街,,,,26.601961,106.717512,
147,贵阳湘林招待所,云岩区,青禾街17号(紫林庵地铁站C口步行230米),,,,26.584226,106.706195,
147,贵阳福瑞时尚宾馆,南明区,朝阳洞路72号(沙冲路地铁站C口步行300米),,,,26.551429,106.699954,
147,贵阳湘益商务宾馆,南明区,解放路124号,,,,26.559790,106.709807,
147,贵阳六彩商务宾馆,云岩区,中山东路46号(省人民医院地铁站A口步行490米),,,,26.578175,106.720215,
147,贵阳利好宾馆(喷水池地铁站店),云岩区,黔灵西路151号(喷水池地铁站A口步行230米),,,,26.586608,106.707622,
147,贵阳福仙园酒店(富源中路店),南明区,富源中路543号近新世纪通达物流中心,,,,26.523000,106.732813,
147,贵阳达旺星酒店(二戈寨大数据电商产业园店),南明区,孟关大道二戈寨富源居小区D4栋附1号,,,,26.500972,106.736303,
150,铜陵金冠宾馆,铜官区,义安大道北段158号,,,,30.933183,117.817152,
150,铜陵怡然家宾馆,铜官区,虚镇长江二路五松新村64栋201-202室,,,,30.927903,117.807532,
150,凤凰城宾馆(翠湖一路店),铜官区,五松镇凤凰城B区翠湖路205号,,,,30.953411,117.813618,
150,7天酒店(铜陵枞阳连湖开发区店),枞阳县,连湖经济开发区天峰商业楼32号,,,,30.719310,117.192223,
150,铜陵天鹅湖大酒店(铜陵海螺水泥厂店),郊区,铜都大道南段辅路海螺公司斜对面,,,,30.852704,117.759654,
150,铜陵蓝天宾馆(义安南路店),铜官区,义安南路西侧(正宏快捷宾馆斜对面),,,,30.925505,117.816154,
150,华亭之星酒店(铜陵金山广场第二中学店),铜官区,金山东路皖江布衣市场,,,,30.920449,117.807353,
150,铜陵车站商务宾馆,铜官区,天桥北路95号(老火车站售票处旁),,,,30.941653,117.816984,
150,铜陵逸扬银湖酒店(天井湖公园店),义安区,观湖大道1号,,,,30.949234,117.793934,
150,和泰优住酒店(铜陵万达广场店),铜官区,铜井路与铜都大道北段交叉口西120米,,,,30.939870,117.844006,
150,忆江南商务连锁宾馆(万达广场店),铜官区,翠湖一路1789号(博爱医院),,,,30.949801,117.829299,
150,东宸酒店,铜官区,铜井路西段796号(公交总公司对面),,,,30.939984,117.843696,
150,铜陵徽都主题宾馆,铜官区,翠湖二路中路2031号,,,,30.953349,117.856363,
150,铜陵饭店(铜陵财富广场店),铜官区,"长江中路694号(合百商厦斜对面,步行街内)",,,,30.926562,117.816175,
150,巨龙宾馆(莲花路),枞阳县,连城东路148号,,,,30.704312,117.221604,
150,铜陵名宫宾馆,铜官区,长江二路沙河新村40栋东单元3-4层,,,,30.925344,117.815191,
150,格林豪泰(铜陵义安北路财富广场店),铜官区,义安北路人民东村37栋(市教育局、十五中旁),,,,30.929262,117.818404,
150,好怡家快捷宾馆(铜陵人民医院店),铜官区,建设小街12栋2层,,,,30.920382,117.823881,
150,铜陵瑞庭商务酒店,铜官区,天山大道南段868号,,,,30.940346,117.841827,
150,铜陵路易城堡宾馆(翠湖公园店),铜官区,开发区逸顿国际商业街路,,,,30.955086,117.834147,
150,铜陵维朵金隆酒店,铜官区,金山西路815号,,,,30.925277,117.782306,
150,津安商务宾馆,枞阳县,义津小学西南223米,,,,30.894718,117.196027,
150,格林豪泰酒店(枞阳客运中心站店),枞阳县,经济开发区长安大道9号,,,,30.737155,117.252130,
150,金麒麟大酒店(玉龙花园东),枞阳县,金山西路1号,,,,30.717870,117.212538,
150,枞阳有家民宿,枞阳县,枞阳镇长江路368号,,,,30.694362,117.253224,
151,青阳聚缘宾馆(富阳路店),青阳县,木镇路与富阳路交叉口处,,,,30.637236,117.863383,
151,青阳四季缘宾馆,青阳县,风景区蓉城镇木镇路海棠大酒店对面,,,,30.638975,117.864615,
151,池州清溪河宾馆,贵池区,东湖中路228号东湖路加油站旁边,,,,30.659033,117.495738,
151,池州莱克阳明宾馆(贵池秀山门店),贵池区,秋浦西路68号,,,,30.654011,117.482293,
151,沁源假日酒店(池州高铁站店),贵池区,南阳路336号,,,,30.624270,117.516580,
151,池阳快捷宾馆(铜锣湾商业广场二店),贵池区,国丰花园2栋204,,,,30.652317,117.488327,
151,池州忆江南宾馆,贵池区,梅龙街道九华路112号,,,,30.762534,117.641121,
151,青阳国际大酒店,青阳县,蓉城镇临城路1号,,,,30.639227,117.849977,
151,东至鸿泰宾馆,东至县,东流大道梅林苑,,,,30.101887,117.029531,
151,九华商务宾馆,青阳县,风格城事12栋101号,,,,30.647307,117.877045,
151,石台护航假日酒店,石台县,秋浦西路S325东侧护航汽车城,,,,30.227494,117.473474,
151,格林豪泰(池州九华山风景区店),青阳县,庙前镇十字路红绿灯九华国际旅游城1号楼,,,,30.570507,117.786645,
151,华庭酒店(池州同晖广场店),贵池区,翠微西路同晖广场2层,,,,30.650030,117.484509,
151,尧城迎宾馆,东至县,尧渡镇建设路16号,,,,30.098127,117.026465,
151,如家酒店·neo(池州秋浦西路秀山门广场店),贵池区,虎泉路18号,,,,30.653498,117.480291,
151,抱fo角青年旅舍(九华山游客服务中心店),青阳县,新明组9号,,,,30.546379,117.794107,
151,池州金凯瑞宾馆,贵池区,永明路95号上海城F4层,,,,30.621225,117.517025,
151,青阳鸿运商务宾馆,青阳县,分桥村跑马荡(近318国道),,,,30.646340,117.847662,
151,丰源宾馆(池州高铁站店),贵池区,清溪街道永明路世纪广场4号楼405室,,,,30.621280,117.519721,
151,杭州宾馆,贵池区,永明路世纪广场4号楼,,,,30.621141,117.519729,
151,银杏商务宾馆,青阳县,木镇路45号银杏商务宾馆,,,,30.637813,117.863220,
151,壹嘉宾馆,贵池区,康庄路S111,,,,30.705318,117.586574,
151,青阳蓉城镇宁静宾馆,青阳县,蓉城镇上东商贸城13号楼,,,,30.647143,117.882601,
151,青阳西峰宾馆,青阳县,西峰路35号,,,,30.634692,117.853524,
151,东至鑫元宾馆,东至县,尧渡镇尧北路47号,,,,30.099320,117.024591,
152,太湖小许宾馆(皖西南大道分店),太湖县,环城北路323号,,,,30.457377,116.307840,
152,上丰商务宾馆,大观区,沿江西路47号,,,,30.502745,117.034942,
152,天柱山国际大酒店,潜山市,梅城镇幸福路205号,,,,30.625633,116.570787,
152,安庆九华宾馆,宜秀区,集贤北路614号,,,,30.559483,117.022523,
152,潜山瑶海宾馆,潜山市,皖国路与皖山路口交汇处,,,,30.652387,116.564569,
152,太湖海明公社宾馆,太湖县,晋熙镇晋湖路392号,,,,30.443436,116.321877,
152,宿松天河宾馆,宿松县,宿松路237号,,,,30.158650,116.118842,
152,安庆新世纪宾馆湖心北路,宜秀区,山城花园1号楼152号,,,,30.547109,117.064338,
152,潜山天全快捷宾馆,潜山市,"天柱山路中心学校西100米(野寨潜水湾1号,近济广高速)",,,,30.661560,116.508241,
152,望江大自然宾馆,望江县,华阳镇东洲路73号,,,,30.125136,116.692519,
152,怀宁怡嘉宾馆,怀宁县,皖河路388号,,,,30.734249,116.822128,
152,岳西长城宾馆,岳西县,建设路44号,,,,30.848372,116.358453,
152,岳西天堂宾馆,岳西县,[],,,,30.849151,116.358777,
152,岳西学苑主题宾馆,岳西县,建设东路前冲巷二号,,,,30.851092,116.370299,
152,岳西县万盛大酒店,岳西县,天堂镇解放路69号,,,,30.849082,116.358586,
152,双龙假日大酒店,宜秀区,迎宾路1号,,,,30.546226,117.069462,
152,安庆迎鑫宾馆,宜秀区,迎宾路310号(同发公司对面),,,,30.550162,117.057491,
152,安庆福城宾馆,大观区,菱湖北路105号,,,,30.535023,117.044485,
152,正荣宾馆,迎江区,菱湖南路25号,,,,30.513316,117.068702,
152,岳西皖安山庄,岳西县,318国道,,,,30.856180,116.103079,
152,锦江之星(安庆大南门倒扒狮古街店),迎江区,人民路563号,,,,30.505353,117.043456,
152,OYO金莎大酒店,宿松县,龙门路118号,,,,30.166591,116.116992,
152,如家华驿智旅酒店(安庆迎江寺人民路步行街店),迎江区,华中西路413号,,,,30.506508,117.056379,
152,岳西睡佛山温泉度假村,岳西县,温泉镇交通警察大队四中队旁边,,,,30.895453,116.351009,
152,安庆虹苑宾馆,迎江区,菱湖南路377号,,,,30.513231,117.047118,
153,恒都快捷宾馆(淮北寇湾汽车城店),相山区,孟山中路与仁和路交叉口东侧(寇湾加油站旁),,,,33.920118,116.795514,
153,凤凰商务宾馆(凤苑路),相山区,凤苑路与237国道交叉口西20米,,,,33.967388,116.750500,
153,诺威云酒店(淮北站店),相山区,古城路49号,,,,33.970162,116.795224,
153,淮北皖北宾馆,相山区,古城路246号市人事局对面,,,,33.970970,116.802881,
153,慢时光公寓,相山区,相南街道桓谭路66号国购广场A座9楼,,,,33.965926,116.807536,
153,朝阳宾馆(淮北火车站店),相山区,相杜路东岗楼立交桥东20米路北,,,,33.975941,116.816206,
153,淮北白云宾馆,相山区,古城路248号,,,,33.971007,116.803124,
153,如佳酒店(淮北淮海路金鹰购物中心店),相山区,淮海路北山巷1号,,,,33.972894,116.788481,
153,锦江之星(淮北孟山路店),相山区,黎苑路36号,,,,33.958791,116.793610,
153,格林豪泰酒店(淮北人民路店),相山区,人民中路239号(慢城小区旁),,,,33.954893,116.811730,
153,翰林商务宾馆(淮北师范大学店),相山区,东山路129-4号,,,,33.983436,116.815251,
153,7天连锁酒店(淮北中泰广场万达影城店),相山区,孟山北路,,,,33.958430,116.793629,
153,淮北鑫源宾馆(淮北火车站店),相山区,惠黎东路86号(近老火车站广场、新火车站西通道北出口对面),,,,33.968601,116.801427,
153,皖北宾馆,濉溪县,谢燕购物广场西北约50米,,,,33.784028,116.669467,
153,格林豪泰酒店(淮北市科创中心龙湖工业园店),杜集区,梧桐中路19号(梧桐路与人民路交叉口北100米),,,,33.955071,116.888773,
153,站下宾馆(淮北站店),相山区,闸河路长途汽车站东门对面,,,,33.971871,116.802332,
153,淮北帝景翰园宾馆(帝景翰园店),相山区,翰邦国际广场北门旁,,,,33.949924,116.805835,
153,濉溪夏日商务宾馆,濉溪县,南坪镇花园街,,,,33.492231,116.876061,
153,淮北新风社区友谊宾馆,烈山区,新风小区平山社区,,,,33.813514,116.825104,
153,格林豪泰酒店(淮北吾悦广场店),杜集区,龙山路135号红星美凯龙A馆1层,,,,33.981936,116.836370,
153,濉溪澜桂苑主题宾馆,濉溪县,临涣镇文昌宫北100米路东,,,,33.690855,116.559748,
153,鸿益宾馆(淮北寇湾汽车城店),相山区,扣湾行政村四组50一I号,,,,33.920115,116.795057,
153,山水宾馆,濉溪县,矿南路与淮岭路交叉口东400米,,,,33.610063,116.610589,
153,淮北东方宾馆,相山区,闸河路15-1号,,,,33.971698,116.802304,
153,锦泓酒店,濉溪县,临涣镇文昌宫文昌街北160米路东,,,,33.691075,116.559725,
154,马鞍山新空间精品宾馆,雨山区,江南御花园1村37栋110号(江东大道旁),,,,31.656179,118.524019,
154,清沐酒店(马鞍山二十二中市政府店),花山区,"康乐路46号(康乐路工行旁,师苑小学对面)",,,,31.667151,118.518075,
154,金域城大酒店,含山县,太湖山南路阳光世纪城西门,,,,31.716477,118.096936,
154,和县望江宾馆,和县,望江路望江广场,,,,31.710004,118.367147,
154,马鞍山和平旅店,花山区,菊园路中岗二村十二栋西,,,,31.681160,118.516846,
154,欣辰假日宾馆,和县,巢宁路与龙潭北路交叉口西130米路北,,,,31.730242,118.358580,
154,永一馨宾馆(马鞍山师范蒙牛工业园店),雨山区,映翠二村32栋108,,,,31.657710,118.484970,
154,马鞍山润鑫宾馆,花山区,马鞍山沙塘路26栋人民医院对面巷内,,,,31.701583,118.502776,
154,清沐连锁酒店(马鞍山湖东北路体育馆店),花山区,湖东北路1000号市体育馆东门斜对面,,,,31.701040,118.510624,
154,清沐酒店(马鞍山雨山西路华润苏果店),雨山区,安基大厦北门旁,,,,31.672961,118.499624,
154,格豪酒店,雨山区,湖南西路与湖西中路交汇处华东宁泽园11栋,,,,31.684144,118.496769,
154,和县舜天酒店(乌江店),和县,项羽南路62号,,,,31.853332,118.461866,
154,香樟假日酒店,当涂县,姑孰镇棉纺路与东营路交叉东营社区综合楼,,,,31.562010,118.491916,
154,80城市快捷宾馆(马鞍山解放路店),花山区,解放路48号,,,,31.704270,118.506205,
154,山水假日宾馆(提署路店),当涂县,姑孰镇提署中路446号,,,,31.554698,118.492707,
154,当涂县惠民宾馆,当涂县,滨江小区五期一组团北门东150米,,,,31.537791,118.467797,
154,华惠宾馆(当涂八六医院姑孰路店),当涂县,姑孰镇姑孰路262号(八六医院西门旁),,,,31.558491,118.488029,
154,隆源大酒店(红旗南路店),雨山区,红旗南路557号(中国工商银行北行约20米),,,,31.664956,118.487882,
154,华阳开元国际酒店(马鞍山),含山县,太湖山路与褒禅山路交叉口,,,,31.733315,118.099042,
154,格林豪泰智选酒店(马鞍山市采石矶公园万达广场店),雨山区,红旗南路鸳鸯三村20栋101号,,,,31.668109,118.488014,
154,格林豪泰(马鞍山红旗南路蒙牛乳业店),雨山区,红旗南路与九华西路交叉口,,,,31.654972,118.488967,
154,马鞍山文海宾馆,雨山区,霍里山大道333号(皖江工学院旁),,,,31.664467,118.551058,
154,和县新城宾馆,和县,和洲路与陋室西街交口北20米,,,,31.719461,118.351432,
154,马鞍山广林假日宾馆,花山区,翠岛华庭3栋106号,,,,31.675034,118.532440,
154,当涂顺天快捷宾馆(大润发店),当涂县,姑孰镇青莲路青莲花园5栋1号楼,,,,31.563324,118.493598,
155,中州铂尔曼宾馆(六安舒城县九溪江南店),舒城县,城关镇花桥路与鼓楼北街交汇处,,,,31.469735,116.946751,
155,瑞安豪泰酒店(建业店),金安区,312国道与经三南路交叉口(建业大厦旁),,,,31.750187,116.558061,
155,舒城四方商务宾馆,舒城县,梅河路409号,,,,31.461644,116.952476,
155,皖江精品酒店(六安一中东校区店),金安区,安丰南路116号,,,,31.758122,116.537501,
155,安徽之星.假日酒店(六安大别山路百大金商都店),裕安区,大别山路507号,,,,31.743600,116.490658,
155,舒城火车站快捷宾馆,舒城县,杭埠镇杭埠街道陈西组73号,,,,31.509936,117.158578,
155,霍邱淮上之星酒店,霍邱县,新寥大道交警队向北300米,,,,32.352127,116.284555,
155,豪门商务宾馆(六安浙江商贸城店),裕安区,解放中路(豪门花园2号楼),,,,31.745812,116.495995,
155,万佛湖神农商务宾馆,舒城县,万佛湖镇(万佛湖松渡码头),,,,31.306134,116.773512,
155,城市之家·云酒店(浙东商贸城海洋大世界店),裕安区,解放路豪门花园1号楼,,,,31.746213,116.495934,
155,六安小小客栈,裕安区,盐店街39号,,,,31.756789,116.494754,
155,六安万福宾馆,裕安区,长安南路与南华路交叉口西北20米,,,,31.729204,116.504387,
155,尊皇酒店(人民医院店),霍邱县,旭日尚城西门西南80米,,,,32.318081,116.264458,
155,瑞龙商务宾馆,霍山县,衡山镇诸佛俺西路与衡山路交口,,,,31.401327,116.324770,
155,别样风情时尚酒店(六安紫竹林小学店),裕安区,东大街E区7号楼,,,,31.752001,116.493494,
155,锦江商务宾馆(霍邱县第一人民医院西),霍邱县,光明大道与五岳路交口南,,,,32.326920,116.271530,
155,金瑞宾馆(三十铺金港城市广场店),金安区,三十铺镇东苑佳园小区2幢0106室,,,,31.765970,116.627761,
155,舒城金凌大酒店,舒城县,万佛湖风景区内,,,,31.306738,116.777174,
155,舒城飞霞宾馆,舒城县,城关镇飞霞路59号,,,,31.457953,116.950726,
155,金寨宾馆,金寨县,史河路143-3号,,,,31.680725,115.880525,
155,庭之酒店(六安万达广场红街步行街店),金安区,红街二期F楼101号,,,,31.755759,116.501155,
155,天美乐假日旅店(皖西学院店),裕安区,棚场街86号,,,,31.755391,116.495188,
155,小木屋青年旅社,裕安区,小华山街道佛子岭西路11号恒生阳光城68栋1010室,,,,31.722722,116.497131,
155,格林豪泰智选酒店(霍邱建兴路店),霍邱县,建兴路81号,,,,32.333735,116.279874,
155,霍山翠云山庄,霍山县,上土市镇铜锣寨村,,,,31.147424,116.008408,
156,车站快捷宾馆(大戏院店),颍泉区,青年路6号(大戏院对面),,,,32.901461,115.825347,
156,临泉前进宾馆,临泉县,城中北路人民医院西门北侧10米,,,,33.066716,115.258959,
156,界首顺达旅馆,界首市,中原路23号,,,,33.262973,115.363235,
156,界首蓝云宾馆,界首市,中原路20号,,,,33.260431,115.372938,
156,天诚宾馆(颍州北路),颍泉区,颍州北路117号,,,,32.902209,115.824310,
156,阜南兴龙宾馆,阜南县,地城北路247号(长途汽车站斜对面),,,,32.641087,115.590179,
156,阜阳月光快捷宾馆,颍州区,文德街81-10号,,,,32.901418,115.809320,
156,新世佳宾馆(红旗中学店),颍州区,颖上南路220号,,,,32.879316,115.831955,
156,中都大酒店(阜阳东关店),颍泉区,颍河西路326号(电业局苏果超市东侧),,,,32.898823,115.823816,
156,利源温泉大酒店,颍泉区,颍州中路111号,,,,32.894374,115.823970,
156,阜阳宜居时代宾馆,颍泉区,涡阳路与临沂路交叉口东北80米,,,,32.937193,115.838777,
156,阜阳茉莉·月亮湾酒店(颍州里二里井夜市市中心店),颍泉区,金三角路48号,,,,32.895002,115.823890,
156,城市之家·精选酒店,颍州区,文德路263号,,,,32.901550,115.809737,
156,奥祥招待所(阜阳火车站店),颍东区,火车站广场北20米,,,,32.916727,115.865754,
156,大明民宿(阜阳市第四中学店),颍泉区,北京西路前吴居民组汽车北站对面阜太路66号,,,,32.918178,115.822861,
156,阜阳·兰花|Ezzy·Urban CultureHub酒店(颖州里二里井夜市店),颍州区,沙河路289号,,,,32.880295,115.842545,
156,榕树酒店,颍州区,颍河西路古商城南门,,,,32.900598,115.813739,
156,天源居宾馆(阜阳市颍州城区二里井夜市店),颍州区,"清河东路233号(白金汉宫东50米路北,中国移动公司北门正对面)",,,,32.887683,115.825781,
156,东亚快捷宾馆,颍州区,王店镇王店集,,,,32.822014,115.797348,
156,界首蓝天宾馆(健康路店),界首市,夏庄巷33号,,,,33.264310,115.356638,
156,太和向里宾馆,太和县,人民中路35号,,,,33.169943,115.623442,
156,天阁优选酒店(阜阳颍州里·二里井夜市店),颍州区,双桥路1589号,,,,32.887948,115.821780,
156,永久之星酒店(阜阳千百意店),颍泉区,人民中路46号,,,,32.905177,115.823530,
156,兴华商务宾馆(太和店),太和县,细阳中路262号,,,,33.156539,115.630070,
156,阜南南山宾馆,阜南县,地城南路淮河公园北侧,,,,32.597130,115.585861,
157,滁州程诚之家快捷宾馆,南谯区,龙蟠大道金鹏99广场14-15层,,,,32.254377,118.311951,
157,明光光荣旅社,明光市,"健康巷20号(嘉山宾馆对面,池河大道526号附近)",,,,32.781143,117.994072,
157,滁州银红旅馆,琅琊区,紫薇北路1238号,,,,32.304894,118.324064,
157,来安野马旅社,来安县,014县道附近,,,,32.392895,118.427358,
157,明光天怡大酒店,明光市,池河大道128号,,,,32.775568,118.004087,
157,全椒好人缘假日旅馆,全椒县,吴敬梓路公交站旁二楼肯德基对面,,,,32.090078,118.268884,
157,滁州金财宾馆,琅琊区,天长东路188号,,,,32.307772,118.324508,
157,天长徽园宾馆,天长市,千秋路26号(学府路与琉璃北街交叉口附近),,,,32.691082,119.004099,
157,好家酒店(滁州中州广场国际商城店),琅琊区,上海北路607号,,,,32.321308,118.367146,
157,城市之家精选酒店(明光火车站店),明光市,明光街道车站南路299号,,,,32.776318,117.991042,
157,明光华亭宾馆,明光市,车站路288号,,,,32.781090,117.995248,
157,白云宾馆(南谯北路店),琅琊区,南谯北路738号(天长路附近白云商厦旁),,,,32.305539,118.310902,
157,格林豪泰(定远人民广场总医院店),定远县,万汇龙国际装饰城包公路西门南70米,,,,32.535821,117.698307,
157,滁州格林豪泰(世贸广场龙蟠快捷酒店),南谯区,全椒路和东坡西路交汇处(龙蟠南苑),,,,32.248850,118.316000,
157,格林豪泰智选酒店(滁州市来安建阳北路店),来安县,新安镇建阳北路6号,,,,32.452599,118.434239,
157,幸福商务酒店(滁州北站店),琅琊区,花园街15号汽车中心站售票厅对面,,,,32.308412,118.323525,
157,滁州琅琊商务宾馆,琅琊区,滁州北站旁,,,,32.306861,118.327064,
157,定远宾馆,定远县,长征东路1号,,,,32.530243,117.702594,
157,尚客优酒店(全椒火车站店),全椒县,全椒县儒林路588号儒林西苑63栋208-213号,,,,32.073898,118.279423,
157,江浙大酒店(世纪广场店),明光市,广场路44号,,,,32.776430,117.990298,
157,格林豪泰酒店(全椒高铁站意大利商贸城店),全椒县,襄河镇站前路142号,,,,32.062688,118.287983,
157,凤阳谦谨建设宾馆,凤阳县,府城镇长安街金都壹号商铺1幢1318-4号3层,,,,32.868649,117.515434,
157,格林豪泰智选酒店(滁州皖东国际车城店),琅琊区,丰乐大道1899号皖东国际车城A区3栋,,,,32.265649,118.313517,
157,城市之家酒店(全椒站江海购物中心店),全椒县,南屏路666号,,,,32.070956,118.270489,
157,白云宾馆,来安县,塔山中路8-24号,,,,32.451419,118.435254,
158,新民宾馆(黄山屯溪老街店),屯溪区,新民路44号,,,,29.708592,118.314690,
158,昆仑国际青年旅舍(黄山景区店),黄山区,汤口镇汤口印象8幢1号,,,,30.077836,118.192962,
158,黄山鼎峰精品酒店(黄山风景区南大门店),黄山区,汤口镇汤口大桥桥头黄山风景区工商银行西侧内新城翡翠路15号,,,,30.080837,118.191579,
158,黄山玉石招待所,屯溪区,栗园路9号,,,,29.707725,118.314953,
158,黄山新桥宾馆(屯溪老街店),屯溪区,新安北路27号三楼,,,,29.709979,118.312823,
158,黄山欣欣宾馆,屯溪区,前园北路21-2号3幢,,,,29.719474,118.322736,
158,华中客栈(屯溪老街店),屯溪区,新民路32-2号,,,,29.708504,118.314345,
158,昱丰苑宾馆,屯溪区,前园北路21-2号5幢,,,,29.719058,118.322731,
158,歙县朋悦宾馆(徽州古城店),歙县,滨江路徽州花苑装饰市场2号楼102号,,,,29.867560,118.431888,
158,歙县丽江宾馆(徽州古城店),歙县,徽州花苑17幢,,,,29.868183,118.431855,
158,正大宾馆(歙县徽州古城店),歙县,徽城镇古关路29号,,,,29.863428,118.425435,
158,诚信宾馆(火车站店),屯溪区,前园北路昱丰苑内,,,,29.719475,118.322975,
158,途客环球酒店(黄山屯溪老街店),屯溪区,前园北路8号,,,,29.718134,118.324568,
158,白云楼宾馆(黄山清溪路店),黄山区,茗苑新村北门旁,,,,30.291458,118.135862,
158,黄山阳光宾馆(火车站店),屯溪区,前园北路21-2号4幢,,,,29.719175,118.322693,
158,歙县深渡镇港湾客栈,歙县,黄山大道91号附近,,,,29.863703,118.615744,
158,滨江时尚酒店(黄山屯溪老街店),屯溪区,滨江中路1号,,,,29.707248,118.314180,
158,湾山大酒店,黄山区,北海南路湾山花园,,,,30.283004,118.137097,
158,祁门新兴宾馆,祁门县,新兴路42号,,,,29.848070,117.729800,
158,黄山贵宾楼宾馆,屯溪区,前园北路21号,,,,29.719431,118.323052,
158,黄山歙县宇泉宾馆(徽州古城店),歙县,花苑装饰材料市场4幢105号,,,,29.867264,118.431586,
158,黟县稻花香酒店,黟县,碧阳大道429-7号,,,,29.928239,117.944291,
158,黄山锦绣酒店,黄山区,耿城镇辅村,,,,30.213075,118.149310,
158,百度假日酒店(屯溪老街店),屯溪区,华山路岭下29号,,,,29.713685,118.301533,
158,黟县万松林农家客栈,黟县,碧阳镇南屏村南阳街25号,,,,29.899540,117.906962,
159,伯爵世家连锁酒店(蚌埠火车站店),龙子湖区,淮河路216号,,,,32.944196,117.376563,
159,蚌埠留扬宾馆,龙子湖区,汤和路与学苑路交口处向东50米,,,,32.893832,117.427631,
159,永丰旅社(蚌埠医科大学店),龙子湖区,蚌山区宏业路泷湖湾小区永丰公寓式酒店,,,,32.900172,117.430037,
159,大禹宾馆,怀远县,涡北新区禹都大道3号,,,,32.970107,117.210890,
159,蚌埠和顺天旅馆,龙子湖区,淮河路607号东福小区2栋105号,,,,32.944240,117.380395,
159,蚌埠顺8时尚快捷酒店,蚌山区,兴业街314号,,,,32.936185,117.378301,
159,乐8连锁酒店(蚌埠张公山公园店),禹会区,张公山街道张公山路120号1栋,,,,32.925206,117.340412,
159,蚌埠东方金河商务宾馆,龙子湖区,治淮街道国强路317号东珠大厦十楼,,,,32.945578,117.375379,
159,友谊宾馆(蚌埠蚌医附院一店),龙子湖区,国治街229号,,,,32.946687,117.370692,
159,天佑快捷宾馆,固镇县,城关镇东风路127号,,,,33.323346,117.324773,
159,裕华快捷宾馆(蚌埠火车站店),龙子湖区,东风街道淮河路392号二层1-17栋,,,,32.945375,117.370314,
159,OYO中泰快捷酒店(中粮大道店),禹会区,中粮大道1176号(海校向北1000米),,,,32.913385,117.308466,
159,蚌埠九江宾馆,龙子湖区,东升街道淮河路355号东升花苑1号楼202室,,,,32.943375,117.383275,
159,房小满无人自助青年旅舍(万达广场店),蚌山区,东海大道南翔城市广场1号楼17楼1715室,,,,32.917825,117.360775,
159,蚌埠时尚主题宾馆,龙子湖区,龙湖春天南1门西290米,,,,32.893831,117.428380,
159,睡猫竞技连锁酒店(蚌埠南翔城市广场蚌山万达广场店),蚌山区,南翔城市广场2号公寓楼,,,,32.917894,117.359885,
159,蚌埠嘉年华印象智选酒店,蚌山区,燕山路768号(花鼓灯嘉年华环形广场南门),,,,32.900478,117.345480,
159,蚌埠珍珠湖宾馆(蚌埠南站安徽财经大学店),龙子湖区,大学城龙湖春天商业街,,,,32.899008,117.427864,
159,皇都大酒店(国防路店),五河县,国防路28号,,,,33.142157,117.893366,
159,怀远盛豪国际商务酒店,怀远县,禹都大道东方名府S2号商业楼S108号商铺,,,,32.969214,117.223446,
159,蒲公英精品酒店(五河中旭广场店),五河县,兴县路中旭兴业广场1号商业楼,,,,33.128478,117.884936,
159,尚客优酒店(蚌埠怀远包集镇汽车站店),怀远县,包集镇206国道东侧(中国石化加油站北),,,,33.167544,117.120965,
159,蚌埠银联快捷宾馆,龙子湖区,胜利东路长淮卫镇朝阳村,,,,32.921236,117.467349,
159,轻宿派·悠然假日酒店(蚌埠百大名品店),蚌山区,中荣街842号,,,,32.944457,117.367608,
159,蚌埠北欧格调主题宾馆(高铁南站店),龙子湖区,学瀚路1013海亮城市广场F29层,,,,32.903164,117.438110,
160,合肥怡佳宾馆,瑶海区,胜利路与明光路交口处怡康园一栋二单元14楼整层,,,,31.870897,117.306141,
160,合肥君安精品酒店,瑶海区,大通路34号(铜陵路西侧),,,,31.859861,117.317564,
160,合肥华路宾馆,包河区,九华山路7号,,,,31.839461,117.293404,
160,合肥桂林旅馆,肥西县,石门路4号(经济开发区明珠广场),,,,31.777345,117.219513,
160,庐江东营宾馆,庐江县,庐城镇黄山南路14号,,,,31.250733,117.282096,
160,合肥正海宾馆,蜀山区,光明顶路239号,,,,31.774709,117.200641,
160,合肥荛菀公寓(华侨城店),蜀山区,高刘镇长岗社区浦东路启航北苑27栋1单元903室,,,,31.965380,117.041088,
160,OYO家慧宾馆(合肥和平路市二院店),瑶海区,和平路165号,,,,31.855117,117.320949,
160,华祥酒店(合肥望江西路洪岗地铁站店),蜀山区,[],,,,31.831851,117.237873,
160,合肥新站旅社,瑶海区,长江东路88号,,,,31.868591,117.361281,
160,民政宾馆(交通南路),庐江县,庐城镇交通路21号,,,,31.250984,117.292314,
160,合肥乐都运宾馆,蜀山区,黄山路403号(近合肥学院、中科大),,,,31.841282,117.262353,
160,合肥双福宾馆,瑶海区,磨店街道文忠路文忠苑23幢304室,,,,31.923009,117.372449,
160,合肥惠民宾馆,瑶海区,"颍河路与武里山路交口,天柱山路东湖山庄碧云阁15栋101号商铺",,,,31.893989,117.319296,
160,安扬快捷宾馆(合肥站第六十三中学店),瑶海区,龙门岭路与瑶海西路北150米路东,,,,31.891677,117.323091,
160,晨旻快捷宾馆(合肥宜家家居海棠地铁站店),庐阳区,临泉路和煦园商业1号80-12号,,,,31.886634,117.275191,
160,庐江天怡宾馆,庐江县,城中东路57号,,,,31.243370,117.298011,
160,合肥南国旅馆(北一环路店),庐阳区,南国城市花园2栋210单元,,,,31.879413,117.270105,
160,彩虹之家民宿(合肥五里墩地铁站中国人民解放军第901医院店),蜀山区,长江西路与青阳路交口彩虹家园1棟14楼,,,,31.850762,117.242822,
160,光辉宾馆(大学城店),蜀山区,经济技术开发区丹霞路与翡翠路交口天时广场B2-106号,,,,31.776111,117.207951,
160,新世纪宾馆,庐江县,庐江汽车站西门北80米,,,,31.250533,117.282662,
160,顺风宾馆,蜀山区,蜀山区经开区翠湖苑商业街139号顺风宾馆附近经济实惠的酒店住宿宾馆大床房情侣房钟点房休闲娱乐度假旅游出差住宿,,,,31.774843,117.201632,
160,长丰花园宾馆,长丰县,中奥花园5栋108室,,,,31.957198,117.269279,
160,汇东宾馆,蜀山区,莲花路124号,,,,31.744614,117.230773,
160,晨兴旅馆(滁州路店),瑶海区,滁州路280号滁州路小学隔壁,,,,31.866431,117.303439,
161,豪义商务酒店(镜湖小学店),镜湖区,东郊路125号(文化路地铁站2号口步行340米),,,,31.333578,118.384539,
161,6+2旅馆(大学城店),弋江区,文津西路183号(近机电学院南大门),,,,31.280203,118.362367,
161,繁昌锦佳宾馆,繁昌区,孙村镇军民路138号(孙村镇中心小学旁),,,,31.058476,118.114330,
161,芜湖市弋江区海金客栈,弋江区,澛港街道文津西路澛港新区中区21栋2单元101室,,,,31.279888,118.362601,
161,繁昌丽岛宾馆,繁昌区,安定西路38号(环城西路国有水果对面),,,,31.083044,118.196959,
161,世纪宾馆(小乔路),南陵县,祥生花园小乔路224号,,,,30.920675,118.326833,
161,芜湖荣盛商务宾馆(八佰伴芜湖店),镜湖区,银湖南路新市口商城56号,,,,31.336647,118.363127,
161,无为花苑客栈,无为市,无城镇旭东路104号,,,,31.294365,117.934264,
161,无为现代宾馆,无为市,府苑路16号现代苑小区西门,,,,31.306120,117.901178,
161,喜来登宾馆(西门店),南陵县,陵阳路与春谷路交叉口东150米,,,,30.919118,118.327863,
161,南陵久客快捷酒店,南陵县,春谷中路38号(近春谷农贸市场),,,,30.916214,118.326151,
161,芜湖静乐快捷宾馆,镜湖区,中山北路47之3-4,,,,31.335245,118.370540,
161,新时代商务酒店(无为龙庵村店),无为市,高沟镇龙庵社区希望新村2栋603号,,,,31.111377,117.942387,
161,繁昌白云宾馆,繁昌区,峨溪北路94号,,,,31.084620,118.196345,
161,芜湖东凤宾馆,镜湖区,中二街宇隆广场1号楼4楼,,,,31.325440,118.369255,
161,芜湖小小宾馆,镜湖区,东郊路后家山庄1栋7号,,,,31.333400,118.385937,
161,芜湖县爱民旅社,湾沚区,五丰小区东门东南140米,,,,31.153044,118.568610,
161,芜湖西九华山里中国酒店,无为市,开城镇六店行政村西,,,,31.292331,117.628385,
161,居家快捷宾馆(梅莲路店),镜湖区,梅莲路康园新村5-7号,,,,31.347710,118.387719,
161,南陵锡铂山庄,南陵县,家发镇麻桥街道,,,,30.992132,118.258800,
161,繁昌亿家商务宾馆,繁昌区,321省道徽商银行旁(孙村中学斜对面),,,,31.052019,118.113034,
161,华亭宾馆(芜湖中山北路店),镜湖区,中山北路45号(鸠兹广场地铁站1B口步行340米),,,,31.335405,118.370354,
161,芜湖徽客家宾馆,镜湖区,银湖中路33号(英皇国际隔壁),,,,31.353992,118.374455,
161,长庆旅社(火车站店),镜湖区,两站广场赭山中路32号金三角商城(足春堂),,,,31.343701,118.386661,
161,芜湖玖旺快捷宾馆,弋江区,中南建材城4-1号,,,,31.312897,118.369882,
162,泾县三鑫宾馆,泾县,茶城交通路26号,,,,30.683393,118.413244,
162,飞海宾馆,宣州区,西林街道中山西路175号春归苑6栋203室,,,,30.947693,118.752103,
162,宣城四方宾馆,宣州区,梅溪路汽车站向西100米,,,,30.938970,118.752581,
162,宣城楠苑宾馆(国购广场店),宣州区,梅溪路292号,,,,30.939891,118.752000,
162,乐方商务宾馆,宣州区,锦城北路9号工人影都斜对面,,,,30.948327,118.759451,
162,中州商务宾馆(锦城南路),宣州区,锦城南路22号,,,,30.944955,118.760220,
162,梧桐湖商务宾馆,郎溪县,亭子山路碧水豪庭3栋楼,,,,31.130847,119.204862,
162,西林宾馆(宣城高铁站国购广场店),宣州区,西林路50号,,,,30.947194,118.749029,
162,鳌峰大酒店(宣城站国购广场店),宣州区,梅溪路67号,,,,30.937559,118.755780,
162,旌德有贤时尚酒店,旌德县,江村大道666号1幢(国税局旁),,,,30.296910,118.540977,
162,泾川宾馆,泾县,荷花塘路21号,,,,30.689913,118.405347,
162,宣城彩虹宾馆,宣州区,九州大道292号,,,,30.946242,118.768736,
162,煌悦商务酒店,宣州区,昭亭中路18号,,,,30.949909,118.743804,
162,宣豪宾馆(宣城梅溪路店),宣州区,梅溪路792号(公安局斜对面),,,,30.953292,118.725989,
162,广维宾馆(宣城火车站店),宣州区,梅溪路12号,,,,30.936005,118.761808,
162,泾县帝豪商务宾馆,泾县,新昌路1号,,,,30.701294,118.443222,
162,白云电竞酒店(宣城梅溪路店),宣州区,梅溪路77号,,,,30.938623,118.753482,
162,星月快捷宾馆(宣城宛溪南路店),宣州区,九州大道汽运公司修理厂斜对面,,,,30.943736,118.768569,
162,舒馨宾馆,绩溪县,扬之南路与龙川大道交叉口西南340米,,,,30.056711,118.587424,
162,旌德梓晨酒店,旌德县,解放路158号,,,,30.298916,118.542261,
162,龙裔度假酒店,绩溪县,扬之南路106-1号,,,,30.056658,118.586964,
162,绩溪燎原宾馆(华阳镇商贸城店),绩溪县,扬之南路144号,,,,30.062054,118.591974,
162,广德宾馆,广德市,十字街爱心园旁,,,,30.892648,119.418666,
162,新庆旅馆(宣城高铁站国购广场店),宣州区,锦城北路东侧5室(工人文化宫),,,,30.948182,118.760496,
162,宁国长乐宾馆(049县道店),宁国市,"049县道汽车站左侧50米,天天乐后门口",,,,30.726241,118.918229,
163,泗县祥和旅馆,泗县,泗州大道中段206号,,,,33.476820,117.884714,
163,萧县新世纪宾馆,萧县,龙城镇中山路101号,,,,34.182364,116.948004,
163,渔沟宾馆,灵璧县,渔沟镇文化路1号,,,,33.857629,117.583570,
163,萧县忆家公寓,萧县,龙城镇龙湖路南段西侧,,,,34.183087,116.950299,
163,龙祥主题旅馆,埇桥区,"南关芦庄南巷3号(近浍水路,宿州中燃斜对面)",,,,33.627932,116.980584,
163,宿州盛世乐居主题宾馆,埇桥区,胜利东路198号,,,,33.638834,116.989463,
163,泗县富源大酒店,泗县,中城街富源商厦,,,,33.478422,117.885466,
163,宿州真缘快捷宾馆(宿州快客汽车站店),埇桥区,光彩城北门45栋17号,,,,33.626315,116.955136,
163,宿州米兰快捷宾馆,埇桥区,外环南路天下第一石城南门,,,,33.604148,116.978636,
163,逸安宾馆(宿州万达广场胜利东路店),埇桥区,胜利东路705号,,,,33.639552,116.975575,
163,平和快捷宾馆,埇桥区,淮海南路与外环南路交叉口向东100米路南,,,,33.604934,116.981300,
163,如家UP华驿精选酒店(宿州万达广场店),埇桥区,埇桥区政务区银河三路30号(上河城南门),,,,33.652613,116.960816,
163,砀山宿州宿州东方商务宾馆,砀山县,火车站东200米,,,,34.417799,116.336796,
163,怡嘉商务宾馆,埇桥区,西昌九中体育馆南侧,,,,33.616824,116.972140,
163,砀山金满园商务酒店,砀山县,人民东路砀山中学东200米,,,,34.422942,116.369865,
163,福瑞居快捷宾馆(埇桥区港口中路店),埇桥区,港口中路760号,,,,33.638734,117.003472,
163,宿州浪漫小屋酒店,埇桥区,万达广场B座1层大厅,,,,33.654374,116.949667,
163,东方假日酒店(符离店),埇桥区,符离镇东方商城一号楼,,,,33.753129,116.976958,
163,泗县文庙酒店,泗县,汴河路58号,,,,33.479420,117.885425,
163,通邮旅馆(宿州符离集站店),埇桥区,101省道文明旅社旁,,,,33.756627,116.976795,
163,果卉水晶酒店,埇桥区,汴河西路206号,,,,33.632799,116.967266,
163,城市之家酒店(宿州火车站国购广场店),埇桥区,胜利东路152号,,,,33.638364,116.986727,
163,宿州翔豪宾馆,埇桥区,宿怀北路317号,,,,33.638986,116.992755,
163,芦庄旅馆(宿州万达广场店),埇桥区,南关芦庄四巷2号,,,,33.627873,116.980435,
163,一家人宾馆(104国道店),泗县,屏山街新街口北五十米104国道西,,,,33.571024,117.860180,
164,亳州思佳快捷宾馆,谯城区,白依路241号,,,,33.858552,115.791352,
164,南洋都市大酒店(亳州魏武大道店),谯城区,魏武大道南段639号,,,,33.842371,115.787153,
164,蒙城花园宾馆,蒙城县,商城西路200号,,,,33.257339,116.551921,
164,利辛东方宾馆,利辛县,前进中路利辛农商银行东15米,,,,33.145425,116.202575,
164,银萍快捷宾馆分店,谯城区,光明西路蚂蚱庙七巷5号,,,,33.854644,115.775489,
164,蒙城爱子博商务酒店(岳坊店),蒙城县,岳坊镇人民政府对面路北,,,,33.343718,116.427381,
164,亳州好如家商务酒店,谯城区,建安路511号,,,,33.850827,115.794313,
164,豪居宾馆(亳州建安路店),谯城区,建安路与芍花路交叉口邻几超市南100米路西第二个巷子,,,,33.847098,115.793480,
164,曙光宾馆(火车站店),谯城区,孙湾商业街10号,,,,33.849167,115.796073,
164,利辛罗马假日酒店,利辛县,国强路龙都小区路南100米,,,,33.149756,116.215720,
164,蒙城富园宾馆,蒙城县,庄子大道363号,,,,33.265696,116.573634,
164,蒙城新华商务宾馆,蒙城县,北蒙大道如家快捷酒店北侧100米,,,,33.268774,116.555321,
164,东方快捷宾馆(宝塔路),蒙城县,宝塔西路49号,,,,33.263214,116.551439,
164,利辛富豪商务宾馆(五一广场店),利辛县,青年中路与骄阳路北50米,,,,33.144003,116.198460,
164,亳州恺瑞酒店(华佗中医院店),谯城区,魏武大道与州后街交叉口西南角,,,,33.874842,115.787590,
164,新天静宾馆,涡阳县,向阳路三八岗亭西侧,,,,33.504777,116.213627,
164,龙凤家和快捷宾馆,谯城区,汤王大道783号,,,,33.860289,115.765635,
164,亳州蓝天精选酒店,谯城区,魏武大道1203号,,,,33.870784,115.787240,
164,中心宾馆(亳州光明路店),谯城区,光明路22号,,,,33.855524,115.797315,
164,利辛印象江南酒店,利辛县,伍明镇238省道印象江南度假景区内,,,,33.095175,115.895125,
164,亳州九龙宾馆,谯城区,芍花路7号(亳州火车站广场北侧),,,,33.848594,115.796954,
164,格林豪泰(亳州农贸城店),谯城区,汤陵北路257号,,,,33.882800,115.804011,
164,格林豪泰(亳州光明西路汤王大道店),谯城区,光明西路与汤王大道交汇处,,,,33.856104,115.764872,
164,金久源宾馆,谯城区,魏武大道1364号,,,,33.875648,115.788413,
164,城市之家酒店(亳州建安路店),谯城区,建安路与药都大道交叉口城市花园,,,,33.839907,115.793339,
165,淮南市菊苑宾馆,潘集区,长江路194号,,,,32.783619,116.815796,
165,淮南阳光快捷宾馆(黄河路店),潘集区,袁庄黄河路52号,,,,32.779833,116.815031,
165,淮南明珠商务宾馆(万达广场汽车站店),田家庵区,香港街130号附近,,,,32.651681,117.022658,
165,淮南胖胖宾馆,田家庵区,舜耕中路92号-94号(火车站向东50米北侧)(火车站),,,,32.631919,117.021656,
165,泉化快捷宾馆(淮南十九中店),田家庵区,泉化快捷宾馆东门旁,,,,32.626081,116.973580,
165,兰雅精品酒店,凤台县,中山北路与望淮路交叉口西北50米,,,,32.701652,116.728333,
165,淮南四季和宾馆,田家庵区,学院南路淮南图书馆斜对面,,,,32.638099,117.012315,
165,淮南龙祥宾馆(安徽理工大北校区店),田家庵区,湖滨西路(紧临安徽理工大北校区),,,,32.650679,117.009101,
165,雅客亨腾宾馆,谢家集区,新华二村北门东北200米,,,,32.604685,116.859319,
165,寿县北街宾馆,寿县,寿春镇北街59号店内,,,,32.583501,116.784907,
165,淮南博客快捷宾馆(东城市场店),田家庵区,淮滨路86附近,,,,32.660804,117.022568,
165,锦江之星(淮南火车站舜耕中路店),田家庵区,舜耕中路89-95号,,,,32.631704,117.025393,
165,晚安酒店(淮南田家庵区商贸文化广场店),田家庵区,国庆中路291号(和睦医院东侧),,,,32.645509,117.013192,
165,淮南88快捷旅店,田家庵区,泉山路66号,,,,32.616058,116.973895,
165,其萃楼商务酒店,寿县,[],,,,32.569189,116.768661,
165,淮南飞天主题宾馆,谢家集区,李郢孜河西小区,,,,32.577343,116.894349,
165,八公山宾馆,八公山区,蔡新中路,,,,32.619781,116.847020,
165,锦江之星酒店(寿县古城墙店),寿县,寿春镇现代汉城D区2号商业楼,,,,32.567642,116.784862,
165,凤台拉菲假日酒店,凤台县,滨河大道与农水西路交口滨河湾南区商贸城2号楼,,,,32.703065,116.719921,
165,嵘园大酒店,谢家集区,蔡家岗蔡新路中段近谢3路(凯盛重工对面),,,,32.605064,116.859343,
165,凤城宾馆(劳动保险大厦西),凤台县,凤城大道修正堂大药房西侧,,,,32.708527,116.721082,
165,寿县联友宾馆,寿县,明珠大道大圆盘东侧农业银行对面,,,,32.562056,116.785016,
165,幸福网络电竞公寓(火车站店),田家庵区,舜耕镇上湖村菜三组46号,,,,32.632235,117.020373,
165,淮南景泰宾馆(火车站店),田家庵区,人民南路阳光365小区对面,,,,32.632876,117.024331,
165,凯悦宾馆(国庆中路店),田家庵区,国庆中路148号,,,,32.646246,117.013879,
166,福鼎鸿鹏宾馆,福鼎市,海达路74号(汽车南站后面),,,,27.309561,120.221614,
166,宁德华盛宾馆(汽车北站店),蕉城区,蕉城北路25号新佳坡步行街E栋3楼,,,,26.664931,119.521380,
166,宁德金源宾馆,蕉城区,站前路16-1号附近,,,,26.635018,119.543103,
166,宁德京都宾馆,蕉城区,后感开发区京都商贸区京都路B栋(闽东水电公司旁),,,,26.638450,119.542833,
166,荣顺宾馆(宁德汽车北站店),蕉城区,汽车北站对面新佳坡步行街F幢,,,,26.664996,119.521672,
166,富豪宾馆(汽车北站店),蕉城区,鹤峰北路46号,,,,26.664944,119.519726,
166,霞浦香格里拉宾馆(龙首路店),霞浦县,龙首路18号,,,,26.878249,120.005217,
166,有德宾馆,福鼎市,海丰路277号(汽车南站进出口大门斜对面50米),,,,27.308678,120.219874,
166,金海湾商务酒店,福安市,湾坞镇新兴路36号102D,,,,26.830315,119.720692,
166,宁德凯鑫宾馆,蕉城区,蕉城北路23号(建设银行大楼3层),,,,26.664064,119.523095,
166,宁德鹤祥宾馆,蕉城区,蕉北街道蕉城北路25号新佳坡步行街D栋4层,,,,26.664425,119.522175,
166,霞浦新世纪宾馆(太康路店),霞浦县,太康路357号-17号,,,,26.884986,120.016068,
166,古田好再来酒店,古田县,鹤塘镇后彰村彰新路31号,,,,26.651406,119.118576,
166,古田金泰酒店,古田县,城西路7号罗华科技大楼F1层,,,,26.573716,118.739591,
166,金泰宾馆(宁德汽车南站店),蕉城区,鼎盛花园2幢,,,,26.634884,119.544591,
166,天然居宾馆(宁德蕉城南路店),蕉城区,蕉城南路71号,,,,26.648163,119.533626,
166,华都商务宾馆,蕉城区,天湖西路110号禾兴楼(距万达广场仅约200米),,,,26.650102,119.534978,
166,吉祥楼酒店(环岛店),古田县,"解放路196号(县政府斜对面,古田县环岛旁)",,,,26.577223,118.745372,
166,金都宾馆(六一四路店),古田县,城东六一四中路170号(新车站对面),,,,26.587061,118.763848,
166,宁德东湖公寓,蕉城区,东湖路东湖弄(建设银行右侧小巷彩票点左侧小门),,,,26.660709,119.533729,
166,天缘宾馆(宁德汽车北站店),蕉城区,蕉城北路35号,,,,26.665619,119.522921,
166,宁德金凤公寓,蕉城区,蕉城北路45号昌隆大厦F1层,,,,26.667118,119.522449,
166,福安金海宾馆(京岚线店),福安市,甘棠镇西大路52号,,,,26.916085,119.634119,
166,福鼎市久源酒店,福鼎市,海达路46号,,,,27.309589,120.220968,
166,古田白鹭宾馆,古田县,城东街道614路376号(松台口旁体育广场对面),,,,26.574653,118.747314,
167,归朴民宿(青口商业广场店),闽侯县,农光路1号华韵财富广场1幢707室,,,,25.895249,119.371679,
167,天龙客房(长乐店),长乐区,吴航路56号(十洋地铁站D东南口步行420米),,,,25.955131,119.515520,
167,福州格霖公寓,仓山区,城门镇永南路98号领秀新城1号楼,,,,25.988787,119.380172,
167,平潭歌哥小院客栈(北部湾生态廊道店),平潭县,青峰村359号,,,,25.656808,119.784714,
167,罗源供销商务宾馆,罗源县,城关凤南西路23-002号罗源县供销合作社供销商务宾馆,,,,26.483335,119.546869,
167,瑞客智选影院公寓(福州南站店),仓山区,城门镇胪雷路16号阳光新天地二区2号楼,,,,25.987975,119.384375,
167,福州卫平公寓,仓山区,城门镇胪雷路16号阳光天地B区1号楼,,,,25.987971,119.384958,
167,福清宏都宾馆,福清市,玉屏街道向高路108号(后埔街新华书店对面),,,,25.720977,119.382856,
167,福州索菲尔动感酒店(火车南站店),仓山区,城门镇胪雷路26号阳光环站新城15号楼13层(福州火车南站正对面),,,,25.984055,119.386064,
167,云朵轻奢电竞民宿(福州南站胪雷地铁站店),仓山区,胪安路阳光大都会B区7号楼,,,,25.986475,119.385385,
167,福清佳宏招待所,福清市,福清融城后埔街19号楼,,,,25.721999,119.383877,
167,望舒影院公寓(福州火车南站胪雷地铁站店),仓山区,胪雷路16号南站·阳光天地购物中心F1层,,,,25.985906,119.385027,
167,范特西影院公寓(福州南站店),仓山区,胪雷路16号南站·阳光天地购物中心F8层,,,,25.986639,119.385534,
167,海滨之恋度假酒店(聚远路分店),长乐区,漳港街道霞江外滩花园1栋2梯12层,,,,25.911925,119.639775,
167,福州万豪宾馆,仓山区,施埔路13号汇利达商厦5层,,,,26.036567,119.312568,
167,易佰连锁旅店(福清成龙步行街店),福清市,成龙步行街9号楼,,,,25.719279,119.380309,
167,海景园宾馆,福清市,高山镇东进村综合汽车站1号楼(近中国银行),,,,25.478060,119.561296,
167,罗源佳大酒店,罗源县,江滨南路4号(汇利精品建材西侧约50米),,,,26.475219,119.570787,
167,福州四季雅宿(仓山万达·奥体台屿地铁店),仓山区,台屿路206号,,,,26.003721,119.281719,
167,福州聚源宾馆(十洋地铁站店),长乐区,吴航路46-48号(十洋地铁站D东南口步行440米),,,,25.955110,119.515683,
167,闽侯晶鑫酒店(旗山校区店),闽侯县,学府南路16-65号,,,,26.030874,119.194185,
167,连江凤园招待所,连江县,凤城镇八一六北路9号,,,,26.203293,119.535507,
167,亿多多酒店(连江环岛店),连江县,文明西路60号,,,,26.203437,119.533345,
167,曼姿民宿酒店(青口商业广场店),闽侯县,农光路华韵财富广场-1幢,,,,25.895257,119.371731,
167,天瑞酒店(三坊七巷茶亭地铁站店),台江区,群众路86号(茶亭地铁站A东北口步行130米),,,,26.069334,119.306081,
168,红馆宾馆,仙游县,木兰路500号,,,,25.360420,118.680569,
168,仙游佳华宾馆,仙游县,南大路156号(老医门诊对面),,,,25.358122,118.695701,
168,仙游榜头宾馆,仙游县,榜头镇九鲤南街52号,,,,25.418349,118.750934,
168,仙游鸿冠商务宾馆(仙游动车站店),仙游县,枫亭东路249号(农业银行旁边),,,,25.248547,118.859079,
168,莆田铜山商务宾馆,城厢区,南门新车站壶兰大酒店对面,,,,25.426468,119.011540,
168,丽江快捷酒店(江口分店),涵江区,江口镇石庭东路1439号,,,,25.481563,119.178367,
168,莆田鸿山商务宾馆(兴化府历史文化街区店),城厢区,莆阳东路63号莆田客运站旁,,,,25.426515,119.012256,
168,阳光商务酒店(仙游汽车站店),仙游县,鲤南镇城南东路899号(仙游汽车站正对面),,,,25.350297,118.705071,
168,鑫泰商务公寓,仙游县,榜头镇世纪大街工商局斜对面,,,,25.418518,118.755228,
168,华都宾馆,仙游县,兴仙东路510号南华城1层,,,,25.350101,118.700089,
168,仙游枫亭滨海宾馆,仙游县,仙游枫亭镇经济开发区滨海新城11栋16层,,,,25.263658,118.883508,
168,皇冠酒店(汽车站店),仙游县,鲤南镇书苑南街52号(仙游汽车站旁),,,,25.349387,118.705497,
168,花园酒店,涵江区,涵江华侨新村华侨路119号,,,,25.456343,119.113737,
168,仙游荣盛宾馆,仙游县,鲤南镇西埔村三郊路285号,,,,25.349711,118.707702,
168,仙游乔城宾馆,仙游县,郊尾社区后狮巷46号,,,,25.298083,118.836827,
168,元高酒店,荔城区,东梅路788号,,,,25.426886,119.025990,
168,莆田泰山商务酒店,城厢区,沟下街117号,,,,25.425042,119.012599,
168,华腾酒店(仙游鲤中步行街店),仙游县,鲤城街道龙仙路727号华腾酒店,,,,25.355678,118.690418,
168,莆京酒店(莆田城厢万达广场兴化府历史文化街区店),城厢区,南园东路99号,,,,25.421664,119.012357,
168,鑫鼎酒店(仙游县步行街店),仙游县,鲤城镇胜利路461-1(鑫鼎影城内),,,,25.357228,118.690111,
168,鲤南精选酒店(仙游汽车站店),仙游县,鲤南镇柳安街586号,,,,25.349772,118.703334,
168,仙游金泰来酒店(鲤南美食街店),仙游县,"城南东路356号(毗邻县国税局,近仙游县汽车站)",,,,25.350801,118.699781,
168,莆田相约酒店(莆田城厢万达广场店),城厢区,霞林街道荔华东大道8号万达广场B座2013室,,,,25.419025,118.996325,
168,海洋宾馆(胜利北街),荔城区,胜利北街1266号,,,,25.442476,119.018638,
168,九洲龙酒店(莆田兴化府历史文化街店),城厢区,胜利南路869号,,,,25.423946,119.010994,
169,厦门有缘豪客电梯公寓,翔安区,马巷镇万家春路山亭侯阁里123号楼,,,,24.635227,118.208609,
169,佳佳住宿(风景湖公园店),集美区,灌口大道809号有居便利店与中国石化中间,,,,24.607279,117.986143,
169,厦门宸欣如意客房,翔安区,翔安新店新莲路94-98号,,,,24.610098,118.249387,
169,易夏公寓(厦门后埔地铁站店),思明区,吕岭路244号建群花园三层,,,,24.489836,118.142908,
169,厦门祥来出租房,翔安区,马巷镇巷东路83号,,,,24.664665,118.254528,
169,厦门新阳光公寓(高崎国际机场板尚路店),湖里区,坂尚路围里社723号宸鸿科技1号门斜对面,,,,24.528548,118.143530,
169,北站和福客栈(天水路地铁站店),集美区,后溪镇后埯村田厝田南2-1,,,,24.626789,118.065912,
169,厦门筱金酒店,思明区,西林路2-12号,,,,24.476299,118.141510,
169,厦门陈府·度假别墅,同安区,汀溪镇汀溪大道石鼓山庄200号,,,,24.790279,118.135594,
169,厦门易居公寓(高崎机场坂尚地铁站店),湖里区,禾山街道围里社628号,,,,24.527507,118.145262,
169,鼓浪屿一浪·花园民宿(日光岩店),思明区,公平路17号,,,,24.444392,118.064919,
169,和星公寓(厦门高崎国际机场湖里创新园地铁站店),湖里区,县后社300号2楼,,,,24.527255,118.152992,
169,伊朵影院美宿(华天涉外学院店),翔安区,福祥路15号,,,,24.603607,118.246924,
169,厦门帝豪公寓,海沧区,新垵中路20号,,,,24.522538,117.998809,
169,金地利酒店(厦门京华大厦店),思明区,厦禾路1130号之五(京华公寓11层),,,,24.473693,118.121016,
169,厦门北站旅馆,集美区,"后溪镇孙坂南路英埭头104号(毗邻厦门北站,火车站)",,,,24.617340,118.082843,
169,厦门悦海酒店,思明区,厦禾路1130号京华大厦14层,,,,24.473786,118.121084,
169,厦门君临致远旅社,集美区,东宅宅尾里70号,,,,24.621601,118.064683,
169,观影(厦门北站店),集美区,后溪镇岩内埔中央里4号楼,,,,24.634366,118.085568,
169,OYO全洲商务酒店(祥平街道店),同安区,祥平街道烧灰综合楼190号,,,,24.714218,118.141982,
169,厦门福来公寓,集美区,侨英街道天凤路叶厝里41号楼,,,,24.597410,118.108378,
169,新桔公寓(厦门北站店),集美区,后溪镇珩山二里7号9楼1136室,,,,24.635125,118.078075,
169,相约映像酒店(厦门北站店),集美区,岩内村埔中央里57号,,,,24.634507,118.087757,
169,集兴旅社(厦门集美学村地铁店),集美区,集美学村嘉庚路11号,,,,24.568520,118.097095,
169,斯维登度假公寓(厦门北站华侨大学店),集美区,杏林湾路96号万科云城12栋,,,,24.606169,118.079970,
170,石狮金诚商务宾馆,石狮市,宝盖科技园锦峰路128号锦荣文化综合楼四楼,,,,24.746106,118.666932,
170,东方旅馆,晋江市,和平中路463-1号,,,,24.817785,118.589582,
170,南安园丰宾馆,南安市,梅山汽车站斜对面,,,,25.122243,118.473088,
170,泉州树鹰太空舱客栈,鲤城区,玉犀巷5号,,,,24.910665,118.591074,
170,乐家公寓(阳光广场店),晋江市,陈埭镇坊脚村沟西工业路7号,,,,24.812641,118.600941,
170,石狮永兴酒店,石狮市,香江路1129号(现代医院斜对面霞泽路口),,,,24.745379,118.631204,
170,泉州酷6酒店(洛江海峡体育馆医高专店),洛江区,五金机电城12栋安吉路居然之家大润发旁,,,,24.931970,118.665486,
170,鸿洋宾馆(晋江店),晋江市,青阳街道阳光广场新村19排6号,,,,24.810180,118.585979,
170,铭捷宾馆,惠安县,张坂镇上塘村雕艺街6-1号,,,,24.903972,118.805804,
170,石狮金狮商务酒店,石狮市,群英中路135号,,,,24.729952,118.629487,
170,华盛电竞酒店(阳光广场店),晋江市,泉安中路771号,,,,24.816179,118.585102,
170,兴华旅馆,晋江市,青阳街道青华社区泉安中路789号,,,,24.816478,118.585087,
170,嘉隆宾馆(晋江第二中学店),晋江市,池店镇池店村凤西区68-1,,,,24.853873,118.560866,
170,晋江兴旺旅馆,晋江市,德泰路308号万兴大厦,,,,24.868644,118.561372,
170,华廷商务宾馆,石狮市,祥芝镇大堡工业区北一片4-4号,,,,24.757375,118.772404,
170,晋江静安宾馆,晋江市,和平中路青华北区243号,,,,24.820305,118.589334,
170,安溪茶都福星宾馆,安溪县,"茶都三期1号楼-,近大同路",,,,25.047439,118.207451,
170,服装宾馆(泉州温陵南路店),丰泽区,温陵南段门牌113号,,,,24.896663,118.594912,
170,蓝悦宜家公寓,丰泽区,华桥大学学生街百胜购物广场旁(近法美路),,,,24.940001,118.646818,
170,来阳宾馆,石狮市,蚶江镇来阳宾馆文虎路639号,,,,24.784667,118.693519,
170,天华宾馆(惠崇公路),惠安县,海景商贸城12号楼(新华都商场对面),,,,24.879685,118.928724,
170,金煌大酒店,南安市,太同街21号,,,,24.802839,118.432230,
170,先锋宾馆(晋江万商汇店),晋江市,泉安北路483号,,,,24.859307,118.579811,
170,惠安雅苑宾馆,惠安县,惠南工业区国家电网对面,,,,24.880254,118.765915,
170,宏辉宾馆(福建南安盐务局医院北),南安市,石井镇前坂村成功医院斜对面,,,,24.588643,118.351733,
171,龙海龙山旅馆,龙海区,角海路德邦物流东行50米(丰泰财富广场东侧),,,,24.521840,117.909031,
171,灵通宾馆(鸿西路),平和县,鸿东路181-182号,,,,24.110172,117.117343,
171,长泰冠合商务宾馆,长泰区,鹤亭村南坂社口,,,,24.636167,117.761791,
171,漳州365快捷酒店,芗城区,胜利东路30-5号金河广场9层,,,,24.513997,117.671961,
171,利群宾馆(平和车站店),平和县,小溪镇灵通村16号,,,,24.361559,117.315578,
171,如家公寓(福家园店),芗城区,胜利东路福家园1105号,,,,24.515161,117.666024,
171,供联宾馆(供销宾馆店),南靖县,人民路137号(土楼专线车站对面),,,,24.509201,117.374167,
171,龙海广泽旅馆,龙海区,人民西路76号10号,,,,24.447373,117.804932,
171,诏安漳州星冠商务旅馆,诏安县,闽粤综合市场1幢16号,,,,23.717595,117.168066,
171,优家酒店(漳州古城店),芗城区,天下广场美食街A1幢12号,,,,24.513419,117.670850,
171,长泰佳旅宾馆,长泰区,兴泰西路果蔬市场旁边,,,,24.627571,117.768452,
171,德发宾馆(漳州吾悦店),芗城区,腾飞路229号,,,,24.518276,117.683016,
171,云水谣圆楼客栈(云水谣景区店),南靖县,云水谣古镇-怀远楼,,,,24.672417,117.094823,
171,漳州宜居宾馆(古城店),芗城区,元光南路1号1栋2层(水立方国际会所对面),,,,24.513240,117.663989,
171,芙蓉农家饭店,南靖县,云水谣景区坎下村上南72号,,,,24.671424,117.092701,
171,长泰港湾宾馆(长泰哈啰广场店),长泰区,锦都路乐丫丫食品公司对面,,,,24.626439,117.790880,
171,漳州六六达商务宾馆,芗城区,漳华路与北环交界处北200米,,,,24.540853,117.640820,
171,永辉旅社(漳州古城店),芗城区,胜利西路87号永辉大厦2层,,,,24.513817,117.641052,
171,龙城宾馆(诗浦路店),芗城区,新城茶叶市场27幢1-5号,,,,24.494679,117.673126,
171,漳州君豪商务酒店(古城店),芗城区,丹霞路金河广场六楼609,,,,24.514110,117.671958,
171,漳州万景酒店公寓,芗城区,胜利东路30-2丽致新加坡,,,,24.513980,117.671943,
171,四方城市酒店(漳州吾悦广场店),芗城区,腾飞路203-1号,,,,24.517655,117.684013,
171,东山裕兴宾馆,东山县,铜陵镇龙潭街营前区482号,,,,23.734890,117.511976,
171,亿达宾馆,芗城区,漳华路与金峰北路交叉口东南240米,,,,24.562807,117.628142,
171,裕嘉商务酒店(古城店),芗城区,胜利东路30-5号金河广场7层,,,,24.513986,117.671958,
172,永安大丰山宾馆,永安市,解放路363号附近,,,,25.972871,117.369317,
172,家馨商务宾馆(三官堂路店),沙县区,三官堂路77-1,,,,26.395618,117.785932,
172,三明沙县回归宾馆,沙县区,城西北路4号,,,,26.393903,117.786742,
172,尤溪谊家宾馆,尤溪县,西城镇城西大道3-7号,,,,26.159727,118.151701,
172,永安锦源宾馆,永安市,广播电视中心附近,,,,25.978847,117.368039,
172,听陌主题客栈,三元区,花果山路村尾楼39栋2楼(近三明学院南门),,,,26.193463,117.562260,
172,将乐银河宾馆,将乐县,水南溪南路盛亚花园,,,,26.726495,117.478488,
172,富康康宾馆(三元区一中店),三元区,富兴堡街道新市南路56号3幢2楼,,,,26.230639,117.603776,
172,尤溪蓝天宾馆(和贵路店),尤溪县,前进小区17栋32号,,,,26.168751,118.185807,
172,建宁阳光大酒店,建宁县,建莲北路南岗堡8号,,,,26.831625,116.841191,
172,大金湖酒店,泰宁县,金湖西路35-4号,,,,26.891750,117.176758,
172,永安永春商务宾馆,永安市,五四路421号,,,,25.969792,117.361497,
172,友缘宾馆(东新三路),三元区,成桂新村41栋附2-3楼,,,,26.268871,117.636628,
172,雅都商务宾馆(永安店),永安市,燕江东路1133号,,,,25.975608,117.375339,
172,永安金侨商务宾馆,永安市,永安燕东新桥大树下小区35号,,,,25.969875,117.375254,
172,丽云宾馆(复康路店),三元区,复康路51-2号,,,,26.233008,117.604493,
172,清流爱佳宾馆,清流县,长兴北街389号屏山路口(渡背街广场斜对面),,,,26.182163,116.819757,
172,三明银都酒店(府西路店),沙县区,虬江街道府西路176号,,,,26.394314,117.787834,
172,广东一店宾馆(三明一中店),三元区,红旗新村12栋3楼,,,,26.234324,117.605583,
172,三明蓝月亮宾馆,三元区,城关街道崇荣路15栋2层,,,,26.234689,117.607132,
172,大田金都酒店,大田县,均溪镇凤山西路75号粮食大楼二楼,,,,25.692362,117.847820,
172,将乐新忆江南快捷酒店,将乐县,滨河北路28-1号,,,,26.729460,117.476942,
172,速8酒店(三明三元城关芙蓉路店),三元区,下洋花园东南门西南120米,,,,26.237969,117.619859,
172,万豪宾馆,将乐县,水南镇花园新村E-5幢,,,,26.720631,117.478834,
172,阳光大酒店(沙县三官堂路店),沙县区,莲花西路152号(三官堂公交站),,,,26.396713,117.785809,
173,光泽金洲宾馆,光泽县,二一七路金洲苑-2号,,,,27.542217,117.333837,
173,武夷山永兴快捷酒店,武夷山市,五九南路91号,,,,27.744510,118.029560,
173,邵武万月宾馆,邵武市,五一九路小东门3号,,,,27.339290,117.494356,
173,武夷山武夷大饭店,武夷山市,西林街2号,,,,27.753959,118.036993,
173,浦城金桥宾馆,浦城县,中国邮政水南邮政支局旁,,,,27.919391,118.534645,
173,广财宾馆(建阳汽车站店),建阳区,嘉禾南路135号(距农业学校700米、武夷旅游商贸学校1.2公里),,,,27.340034,118.128177,
173,白天鹅宾馆(熙春西路),邵武市,熙春西路商贸街北侧安居楼A幢2层,,,,27.336002,117.480503,
173,站前快捷酒店(城东南路店),武夷山市,火车站站前城东南路2号(火车站双好超市隔壁),,,,27.730415,118.028240,
173,娟子酒店(武夷山火车站店),武夷山市,武夷街道火车站湖中路1号7号楼,,,,27.732006,118.026361,
173,南平海川酒店,延平区,马坑路宏达大厦22号1-6号,,,,26.630063,118.175199,
173,武夷山兰茶人家客栈,武夷山市,三姑风景度假区南源岭漫游小镇明珠路9号,,,,27.610222,117.989412,
173,政和和家宾馆,政和县,熊山镇水南中路91号,,,,27.364606,118.860049,
173,家园宾馆(延平汽车站店),延平区,路70B座2楼(新苗苗幼儿园对面),,,,26.622392,118.172679,
173,南平金龙宾馆,延平区,湖滨路63-1号,,,,26.574945,118.271886,
173,南平祥瑞宾馆(大同里店),延平区,大同里6号,,,,26.635679,118.180529,
173,OYO尊享皇廷假日酒店,建瓯市,瓯宁路93号(距体育中心500米),,,,27.019619,118.299311,
173,南平易家快捷酒店,延平区,滨江南路159号状元楼F3层,,,,26.623550,118.173770,
173,松溪龙中龙大酒店,松溪县,工农东路257号,,,,27.533162,118.792526,
173,武夷山怡家快捷酒店,武夷山市,火车站出口前100米广场北路30号,,,,27.732166,118.028581,
173,南平环宇大酒店,延平区,西芹镇新华路131号,,,,26.571147,118.119827,
173,顺昌宾馆(中山中路),顺昌县,双溪街道中山中路20号,,,,26.792069,117.810280,
173,建瓯时代宾馆,建瓯市,中山路296号(新汽车站),,,,27.026553,118.305402,
173,南佳大酒店,武夷山市,环岛西路230号,,,,27.749248,118.032846,
173,武夷山椿辉商务酒店(机场店),武夷山市,武夷街道1号,,,,27.697958,117.998576,
173,南平凤凰假日酒店,延平区,胜利街253号,,,,26.638333,118.178088,
174,新站旅馆(人民西路店),新罗区,西陂镇排头村西湖路70号,,,,25.093642,117.008402,
174,南桥商务酒店,武平县,枫亭路7号南桥宾馆新多2层南门段旁边门业,,,,25.086664,116.102518,
174,龙岩春蓝旅社,新罗区,登高西路68号人民医院对面,,,,25.090733,117.029872,
174,龙岩静安旅社,新罗区,登高西路西桥北巷5号,,,,25.091287,117.030786,
174,龙岩亿家商务宾馆(龙岩动车站店),新罗区,西陂镇石桥村红岭路5号(石桥头老龙工旁),,,,25.096949,116.991362,
174,龙岩大豪酒店(中山路步行街店),新罗区,"九一南路91-2号(三和大厦对面,近嘉宝商场)",,,,25.090108,117.031991,
174,小萍公寓,漳平市,古井巷15号,,,,25.058349,117.309077,
174,九洲商务酒店,新罗区,陈陂陶瓷广场正大门前行150米右侧(一起品迷踪蟹旁),,,,25.072741,117.012253,
174,奇迈精选(龙岩学院店),新罗区,东肖镇孟头新村路8幢,,,,25.027642,117.018378,
174,龙岩龙腾公寓(龙岩万宝广场店),新罗区,城市中心花园东门北100米,,,,25.081005,117.013975,
174,龙岩有家客栈,永定区,凤城镇沿河北路153号,,,,24.717845,116.729888,
174,金豪精品酒店,新罗区,"罗龙路136号(罗桥加油站斜对面,距离火车站800米)",,,,25.097962,117.017110,
174,漳平环岛旅社,漳平市,菁城街道和平中路462号,,,,25.300030,117.419812,
174,瑞景酒店,新罗区,登高中路3号,,,,25.090593,117.033617,
174,如家派柏·云酒店(龙岩大桥龙净工业园店),新罗区,工业西路2-3号,,,,25.111490,117.018221,
174,永定土楼家园酒店,永定区,湖坑镇六联村兴一组21-3,,,,24.654498,116.978551,
174,和平酒店,漳平市,和平中路335号,,,,25.296408,117.419772,
174,金叶宾馆(腾飞一路店),长汀县,汀州镇添丁下一路196号,,,,25.841872,116.361847,
174,如家华驿林海酒店(龙岩动车站中山路步行街店),新罗区,溪南小溪路2号,,,,25.092867,117.043073,
174,龙岩牡丹宾馆,新罗区,罗龙路96号龙盛花园A栋15层(新汽车站对面),,,,25.101757,116.992229,
174,新龙盛商务酒店(交易城店),新罗区,罗龙路96号龙盛花园A栋,,,,25.101568,116.992140,
174,龙岩天成宾馆,新罗区,新中路38号,,,,25.100729,117.021668,
174,馨大洋酒店,新罗区,罗龙东路371号,,,,25.097012,117.015881,
174,金典商务酒店(龙岩动车站万宝广场店),新罗区,人民西路158号棕榈郡2号楼14号,,,,25.094154,117.011172,
174,永定土楼梦田旅馆,永定区,洪坑村六二组19号,,,,24.658966,116.979111,
175,平江鑫都宾馆,平江县,东兴大道井墈综合楼附近,,,,28.689178,113.596712,
175,岳阳安立宾馆,岳阳楼区,建湘路50号,,,,29.378375,113.135225,
175,新辉宾馆(岳阳市妇幼院店),岳阳楼区,安馨小区南门旁,,,,29.371989,113.136542,
175,美美·素酒店(岳阳南湖广场店),岳阳楼区,南湖大道797号,,,,29.352305,113.117421,
175,汨罗加洲宾馆,汨罗市,城关镇城西北路109号,,,,28.810587,113.068195,
175,平江品逸楼酒店,平江县,迎宾路与平江西互通交叉口西北40米,,,,28.779632,113.257135,
175,天成宾馆(兴荣路店),岳阳县,兴荣路118号,,,,29.139043,113.117914,
175,紫罗兰·悦酒店(岳阳楼步行街店),岳阳楼区,青年西路8号(康达骨伤医院旁边),,,,29.366500,113.101149,
175,天宝宾馆(民建路店),平江县,汉昌街道民建路137号,,,,28.700021,113.582153,
175,临湘富粮大酒店,临湘市,长安西路47号,,,,29.475807,113.452827,
175,岳阳中安商务宾馆,岳阳楼区,站前路街道德胜社区站前路213号商业城3楼,,,,29.375251,113.117393,
175,星座时尚宾馆(岳阳东茅岭步行街店),岳阳楼区,南辅道亮辉大厦7层,,,,29.371475,113.108875,
175,汨罗佳程宾馆,汨罗市,新站路62号,,,,28.813824,113.073737,
175,东程大酒店(湘阴左宗棠广场店),湘阴县,东湖商业中心122铺,,,,28.671058,112.884513,
175,凯旋美曼酒店,岳阳楼区,五里牌街道南湖大道96号,,,,29.370395,113.119906,
175,7天连锁酒店(岳阳巴陵中路市妇幼店),岳阳楼区,巴陵中路650号,,,,29.372106,113.136221,
175,中铁大酒店(岳阳楼岳阳站店),岳阳楼区,站前路火车站广场东侧(近火车站),,,,29.375521,113.121598,
175,华容茉莉花大酒店,华容县,迎宾北路城关镇政府对面,,,,29.533464,112.552065,
175,锦达·紫星莱酒店,岳阳楼区,金鹗东路普林巷1号,,,,29.357224,113.143632,
175,竹子简龙庭酒店(美食街店),岳阳楼区,得胜南路522号,,,,29.356520,113.106097,
175,东风宾馆(岳阳楼步行街店),岳阳楼区,云梦路217号,,,,29.364714,113.101354,
175,金海国际酒店,岳阳楼区,南湖大道320号,,,,29.364361,113.119474,
175,汨罗金雀银河商务酒店,汨罗市,建设路208号(心连心广场旁),,,,28.804565,113.076755,
175,粮都酒店(岳阳市中心医院店),岳阳楼区,巴陵中路59号(第一人民医院旁),,,,29.372644,113.113306,
175,帝豪国际大酒店,湘阴县,新世纪大道100号,,,,28.688031,112.903575,
176,鸿辉宾馆(凤园西路),鹤城区,河西街道凤园西路168号德天集团正好制药有限公司,,,,27.536595,109.950186,
176,万兵豪·红星酒店,鹤城区,红星北路电力综合楼13号,,,,27.548079,109.979372,
176,怀化金都宾馆,鹤城区,迎丰东路386号,,,,27.564616,110.011698,
176,麻阳华都宾馆,麻阳苗族自治县,富州南路汽车站出口处,,,,27.860830,109.803693,
176,建兴宾馆,中方县,中方大道光荣福利院南100米路西,,,,27.438351,109.953194,
176,通道山源宾馆(民族文化广场店),通道侗族自治县,长征中路公路局对面,,,,26.154954,109.783719,
176,鸿源大酒店(芙蓉西路店),洪江市,古城路与小江路交汇处,,,,27.194976,109.822553,
176,飞龙酒店(怀化体育中心店),鹤城区,正清路798号,,,,27.537258,110.000738,
176,新晃金都宾馆,新晃侗族自治县,中山路145号(近物资局大楼),,,,27.355044,109.178830,
176,辰溪福泉宾馆,辰溪县,玉泉里小区神龙大药房楼上,,,,28.003178,110.193106,
176,安途世雄酒店(怀化火车站步步高广场店),鹤城区,迎丰西路团结巷18号(火车站售票厅旁),,,,27.556267,109.968816,
176,怀化嘉星精品酒店(医附一店),鹤城区,府星路288号(鹤城人民医院斜对面),,,,27.542927,109.967717,
176,龙都大酒店(通道汽车站萨岁广场店),通道侗族自治县,双江镇转兵中路城东医院东南50米,,,,26.160062,109.791419,
176,怀化枫林宾馆,鹤城区,云集路254号,,,,27.545959,109.991814,
176,东鑫大酒店(城东路),通道侗族自治县,城东路5号中国银行旁边,,,,26.163038,109.786544,
176,凯旋城大酒店(溆浦火车站店),溆浦县,屈原大道兆隆花园1栋,,,,27.923107,110.581378,
176,晨龙迷你酒店(红星桥店),鹤城区,红星桥桥头,,,,27.543192,109.977890,
176,武陵城大酒店(世纪花园店),鹤城区,世纪花园15号楼,,,,27.547695,109.990980,
176,辰溪锦滨江南宾馆,辰溪县,锦滨镇花塘坪村辰州南路125号,,,,27.988643,110.188980,
176,红楼宾馆(回龙街店),沅陵县,回龙山7号人民医院对面,,,,28.456591,110.410150,
176,溆浦白云宾馆,溆浦县,园艺路115号,,,,27.902018,110.593132,
176,洪江市安江瑞丰宾馆,洪江市,稻乡路与锦宏路交叉口东北80米,,,,27.315437,110.140462,
176,辰溪龙泉大酒店,辰溪县,辰阳镇东风东路153号,,,,28.005041,110.196254,
176,海天酒店(沅陵辰州中街店),沅陵县,迎宾北路129号,,,,28.458483,110.407472,
176,沅陵佳家宾馆,沅陵县,回龙路人民医院南50米,,,,28.455763,110.410539,
177,锦华宾馆(亿利广场店),龙山县,回龙路20-1号,,,,29.446952,109.441742,
177,新沐月居客栈(乾州古城店),吉首市,乾州古城观音阁景区河东吊脚楼,,,,28.254532,109.701930,
177,吉首昊天大酒店,吉首市,人民南路小溪桥,,,,28.267017,109.710268,
177,泸溪鑫港宾馆,泸溪县,武溪镇青苗路17号,,,,28.210806,110.215808,
177,永顺和平商务宾馆,永顺县,不二门路222号,,,,28.990837,109.855094,
177,凤凰江舟驿站(江景店)(杜田路5号分店),凤凰县,杜田路凤凰风桥轻雨临江楼客栈明奎特产超市,,,,27.945227,109.609730,
177,苗江大酒店,凤凰县,新田垅路(大转盘旁),,,,27.946769,109.591347,
177,花垣天骄时尚大酒店,花垣县,城南赶秋路61号,,,,28.570569,109.486107,
177,万兵豪高原红酒店(火车站店),吉首市,西环路16号,,,,28.322279,109.734656,
177,凤凰邀月楼宾馆,凤凰县,金家园395号,,,,27.955496,109.596453,
177,忆光年精品客栈(凤凰虹桥店),凤凰县,田家弄19号,,,,27.949512,109.605260,
177,骏华华天大酒店,花垣县,赶秋路红绿灯口,,,,28.582333,109.478737,
177,凤凰老地方客栈(凤凰古城店),凤凰县,沱江镇金家园路346号金坪路风雨桥斜对面,,,,27.955924,109.597835,
177,龙山龙禧商务宾馆,龙山县,民安街道办事处湘鄂路182号,,,,29.448063,109.435052,
177,顺天宾馆(吉首火车站店),吉首市,火车站保险街入口(近吉首火车站),,,,28.322456,109.736651,
177,凤凰枫林客栈,凤凰县,虹桥中路90号,,,,27.945826,109.603903,
177,金煌大酒店,吉首市,峒河街道西环路火车桥头,,,,28.316920,109.730562,
177,保靖民族宾馆(建新路店),保靖县,建新路9号,,,,28.706616,109.649621,
177,凤凰她的小栈(凤凰古城店),凤凰县,沱江镇沙湾清溪巷44号,,,,27.949846,109.608620,
177,诚诚宾馆(吉首店),吉首市,人民北路40号,,,,28.315893,109.738885,
177,凤凰巷子深青年旅舍,凤凰县,唐家弄14号凤凰邂逅客栈右斜对面,,,,27.949400,109.604949,
177,鹏豪宾馆(八月楼店),吉首市,人民北路峒河游园旁龙凤文苑大夏4楼,,,,28.317460,109.738760,
177,民族酒店(永顺县不二门国家森林公园店),永顺县,大桥街新公路局对面(近320国道、公路局斜对面),,,,28.993422,109.859977,
177,龙苑宾馆(龙凤文苑大厦店),吉首市,龙凤文苑5层,,,,28.317404,109.738800,
177,凤凰古城潇雅居民宿,凤凰县,沱江镇凤凰北路国际现代城3期E08栋1单元802室,,,,27.966722,109.589988,
178,张家界荷花主题酒店,永定区,南庄坪大庸路旺角佳园二期旁,,,,29.125914,110.466723,
178,光明酒店(交通局店),慈利县,零阳中路,,,,29.424474,111.138496,
178,知音宾馆,桑植县,和平西路(梅尼购物中心对面),,,,29.397893,110.160786,
178,张家界土家农庄,武陵源区,黄龙洞旅游区向西510米,,,,29.363286,110.603438,
178,7天酒店(张家界大庸古城天门山索道站店),永定区,回龙路203号,,,,29.123106,110.483568,
178,小天鹅商务酒店,慈利县,零阳中路84号,,,,29.423949,111.137308,
178,和园宾馆(慈利火车站店),慈利县,皇朝连锁酒店旁,,,,29.418394,111.118046,
178,张家界美程商务酒店,永定区,永定街道北正街58号,,,,29.132474,110.485969,
178,7天优品酒店(张家界天门山索道大庸古城店),永定区,崇文办事处维港十字街5栋(步步高百货7楼),,,,29.121537,110.488265,
178,富蓝特·乐酒店(天门山凤湾路口店),永定区,子午路27号,,,,29.132323,110.488098,
178,张家界禾田湾客栈(天门山店),永定区,官黎路彭家铺小区,,,,29.106852,110.479101,
178,新天大酒店(广场西街),桑植县,澧源镇和平西路,,,,29.395519,110.158812,
178,华悦宾馆(天门山索道店),永定区,官黎路火车站旁,,,,29.108197,110.484371,
178,张家界森木年华设计酒店(天门山店),永定区,华天城铂金公寓4层,,,,29.113278,110.483591,
178,富蓝特·乐酒店(慈利店),慈利县,零阳西路加油站旁,,,,29.415393,111.104608,
178,张家界国际青年旅舍,永定区,古庸路825号,,,,29.133418,110.468629,
178,张家界江南宾馆,永定区,崇文街道维港十字街10栋311室,,,,29.121218,110.486698,
178,张家界红河谷酒店(张家界国家森林公园南大门店),武陵源区,国家森林公园,,,,29.306791,110.436383,
178,雅和商务民宿宾馆(七十二奇楼店),永定区,古庸路416号,,,,29.129574,110.477912,
178,欣鑫宾馆(中心汽车站店),永定区,官黎路火车站广场边,,,,29.108071,110.483978,
178,张家界甜甜精品酒店(天门山索道站店),永定区,大庸路官黎坪索道公司斜对面,,,,29.111672,110.480977,
178,慈利华悦酒店,慈利县,零阳镇幸福中路38号,,,,29.420251,111.126081,
178,逸乡居客栈(高铁西站店),永定区,沙堤街道向家岗路宁邦广场2期20栋1103室,,,,29.166975,110.469575,
178,骏怡连锁酒店(天门山国家森林公园索道店),永定区,火车站国际旅游商贸城A1栋,,,,29.106404,110.485440,
178,张家界圆周率青年旅舍,永定区,官黎路黄金塔安置区,,,,29.104404,110.476721,
179,八喜连锁酒店(娄底新市政府吾悦广场店),娄星区,娄星南路1218号,,,,27.700885,111.999892,
179,娄底万纳悦行酒店(五江碧桂园店),娄星区,福星路1222号,,,,27.703818,111.990030,
179,金辉大酒店(扶青路店),娄星区,福星路567号,,,,27.718332,111.996215,
179,双峰今喜大酒店,双峰县,永丰镇书院路202号,,,,27.455790,112.204227,
179,娄底金泉宾馆(湖南人文科技学院店),娄星区,氐星路人文科技学院康一馨医院旁,,,,27.710609,112.006581,
179,新化工会宾馆,新化县,上梅镇天华中路51号,,,,27.741618,111.306391,
179,新银河宾馆(双峰县蔡和森纪念馆店),双峰县,永丰镇城北建材市场拖塘路,,,,27.462058,112.198484,
179,维君商务酒店(火车站店),娄星区,月塘街天成银座B栋,,,,27.740106,112.008320,
179,涟源红火宾馆,涟源市,梅亭路火车站广场D栋17号,,,,27.685838,111.675949,
179,冷水江金龙宾馆,冷水江市,广场东路个体批发街,,,,27.681351,111.438221,
179,三间房连锁酒店(娄底火车站职业技术学院店),娄星区,月塘街火车站对面,,,,27.738660,112.009052,
179,莫林风尚酒店(双峰铂金华府店),双峰县,和森大道铂金华府近曾国藩大道,,,,27.462295,112.185110,
179,新化龙凤快捷宾馆,新化县,天华中路8号,,,,27.734502,111.305434,
179,星期六酒店(娄底涟钢沃尔玛五江建材城店),娄星区,大汉路五江建材城B区05栋,,,,27.749995,111.998985,
179,莫林风尚酒店(石马店),娄星区,湘阳街76号,,,,27.734205,112.010445,
179,双峰世纪宾馆,双峰县,合兴巷44号,,,,27.446441,112.175079,
179,龙泉·尚锦悦酒店,娄星区,湘中大道923号,,,,27.696427,111.986438,
179,电影招待所,娄星区,娄星南路196号,,,,27.738134,111.998660,
179,娄底涟钢宾馆(涟钢双菱大厦店),娄星区,涟钢南大桥广场甘桂路1005号,,,,27.748954,111.980766,
179,娄席招待所,娄星区,长青街西58号,,,,27.729768,111.998994,
179,莫林风尚酒店(娄底万豪城市广场春园步行街钻石街店),娄星区,春园步行街钻石街7栋,,,,27.724029,112.010724,
179,港湾风景宾馆,娄星区,娄星北路(赫柏宾馆对面),,,,27.756889,111.991527,
179,冷水江金湘宾馆,冷水江市,金竹西路金竹汽车站北门西侧10米,,,,27.667436,111.452075,
179,中一酒店(新化火车站店),新化县,天华南路上海星城火车站斜对面,,,,27.727006,111.305284,
179,涟源宏都大酒店,涟源市,文艺北路18号(近老图书馆),,,,27.696521,111.670343,
180,祁阳迎宾旅馆(人民医院店),祁阳市,人民路昭陵街2号,,,,26.585709,111.864173,
180,永州波斯湾宾馆,冷水滩区,凤凰路819号,,,,26.463522,111.599928,
180,永州总都宾馆,冷水滩区,凤凰南路373号,,,,26.456149,111.598580,
180,银河大酒店,冷水滩区,双洲路230号,,,,26.440437,111.610644,
180,永州市冷水滩区万豪公寓,冷水滩区,零陵中路金水湾城市广场10楼,,,,26.448069,111.596795,
180,永州贞观假日酒店,零陵区,芝山路商业城正对面,,,,26.224975,111.619799,
180,聚鑫精品酒店(新天地店),祁阳市,滨湖路57号,,,,26.582140,111.858653,
180,双牌大富豪宾馆,双牌县,紫金中路66号,,,,25.957641,111.660403,
180,银鑫宾馆(凤凰路店),冷水滩区,凤凰路1319号,,,,26.474544,111.598890,
180,永州竹源宾馆,零陵区,南津南路38号,,,,26.215858,111.631152,
180,永州鑫隆宾馆,冷水滩区,广源大厦16栋1单元1号,,,,26.456470,111.573330,
180,宁远花园宾馆,宁远县,泠江中路205号,,,,25.584146,111.940852,
180,永州佳缘公寓,冷水滩区,零陵中路864号第一街商业街3楼,,,,26.444525,111.593067,
180,格林轻漫酒店(永州冷水滩体育馆店),冷水滩区,双洲路银河大酒店斜对面,,,,26.439941,111.611217,
180,永州商业宾馆,冷水滩区,零陵中路350号,,,,26.447964,111.597909,
180,香穗大酒店,江永县,永明中路212号,,,,25.265214,111.349890,
180,江华都市酒店,江华瑶族自治县,沱江镇长征路172号(民族中医院侧对面),,,,25.183312,111.588317,
180,永州六天宾馆,冷水滩区,紫霞路与山庄西路交叉口东140米,,,,26.466017,111.598528,
180,新港大酒店,蓝山县,南平路(城北派出所隔壁),,,,25.382494,112.195345,
180,芒果宾馆(祁阳民生南路店),祁阳市,民生南路83号,,,,26.586770,111.862054,
180,OYO永舜假日酒店,宁远县,泠江中路34号,,,,25.585567,111.946223,
180,东安东方宾馆,东安县,车站路101号,,,,26.399016,111.311250,
180,道县广业大酒店,道县,西洲街道潇水中路,,,,25.510056,111.592169,
180,银都宾馆(梅湾路店),冷水滩区,梅湾路88号,,,,26.424901,111.614505,
180,银华大酒店,东安县,舜皇大道148号临近汽车东站,,,,26.399567,111.317994,
181,石门金泰宾馆,石门县,壶瓶山自然保护区管理局斜对面,,,,29.935806,110.783132,
181,临澧步行城宾馆,临澧县,步行街南门,,,,29.437977,111.650315,
181,常德怡家宾馆,鼎城区,玉霞路桥南汽车总站斜对面,,,,28.996774,111.688590,
181,常德锦星宾馆(桥南汽车总站店),鼎城区,武陵镇大湖路与永安路交叉十字路口(江南水榭),,,,29.002724,111.685782,
181,7天酒店(常德步行街店),武陵区,西朝阳路社区居委会,,,,29.033417,111.691092,
181,华峰宾馆(迎宾路店),临澧县,安福镇迎宾北路161号,,,,29.447977,111.641815,
181,常德子一商务宾馆,武陵区,丹阳楼巷与洞庭大道辅路交叉口南20米,,,,29.041469,111.702735,
181,中阳宾馆(常德火车站店),武陵区,芷兰街道常德大道泽云广场9栋708室,,,,29.068419,111.693554,
181,澧县蓝天宾馆(澧州大道店),澧县,财富广场F栋西侧移动公司东北面,,,,29.642445,111.753352,
181,石门芙蓉大酒店,石门县,宝峰开发区,,,,29.586442,111.397550,
181,艳阳天宾馆(鸿运街店),汉寿县,鸿运街79号,,,,28.907989,111.958932,
181,常德寓景宾馆,武陵区,人民路3209号,,,,29.036664,111.663915,
181,金龙玉凤饭店(澧县店),澧县,澧州大道287号,,,,29.641663,111.767162,
181,春晖主题宾馆,武陵区,长源路28号(三岔路小学斜对面),,,,29.043429,111.669638,
181,澧州宾馆,澧县,澧州大道湘北家装特区A19号楼,,,,29.642614,111.743092,
181,常德临澧外滩酒店(外滩新城店),临澧县,文化街468号,,,,29.440945,111.658083,
181,武陵区南苑宾馆,武陵区,体育东路社区电力南苑2号楼,,,,29.029794,111.707065,
181,友米酒店·好young(武陵阁步行街店),武陵区,府平街道百街口社区春申阁斜对面816号,,,,29.025756,111.696825,
181,民宿归澜原舍(常德步行街店),武陵区,府坪街道武陵大道26号首创大厦1204室,,,,29.029156,111.691806,
181,天吉大酒店,武陵区,皂果路1588号,,,,29.071108,111.683750,
181,亚米连锁酒店(常德桥南店),鼎城区,常南汽车总站南门东70米,,,,28.997863,111.687493,
181,久光鼎晟酒店(常德桥南市场久光店),鼎城区,桥南市场大圆盘旁久光国际商厦4层,,,,29.013059,111.690904,
181,德诚宾馆,津市市,九澧大道西段125号,,,,29.635182,111.874553,
181,港湾·精品酒店(常德欢乐城高铁站店),武陵区,朝阳路与常德大道交汇处南侧路西,,,,29.068414,111.691543,
181,常德美景宾馆,武陵区,洞庭大道与武陵大道交接处326号美景大厦,,,,29.040796,111.692609,
182,晨光旅馆,韶山市,清溪镇韶山北路3号(妇幼对面),,,,27.925367,112.529496,
182,湘潭湘苑宾馆(理工职业技术学院店),岳塘区,河东大道1238号,,,,27.835836,112.922927,
182,韶韵宾馆,韶山市,韶峰景区隧道口,,,,27.898343,112.488812,
182,OYO五洲通宾馆,湘潭县,易俗河凤凰中路469号,,,,27.787275,112.958748,
182,湘潭金马丹龙酒店(汽车站店),雨湖区,韶山西路与黄花塘路交叉口东北100米,,,,27.858723,112.884290,
182,湘潭校环商务酒店(湘潭大学店),雨湖区,湘潭大学正门口处(金瀚林广场对面),,,,27.876793,112.864946,
182,湘潭拾光酒店,雨湖区,迎宾东路9号金源大厦1层,,,,27.857898,112.897767,
182,蝶恋花商务酒店,韶山市,"韶山中路工贸路口(近水利局,新颜路)",,,,27.917867,112.536969,
182,湘乡金沙宾馆,湘乡市,桑梅西路80号,,,,27.736138,112.520173,
182,湘潭鸿儒天宾馆(湘潭大学店),雨湖区,二环北路(湘潭大学正门旁),,,,27.877881,112.865122,
182,OYO水府华都大酒店(小罗村店),湘乡市,棋梓镇小罗村01栋,,,,27.718119,112.247439,
182,湘潭润华轻奢酒店(湘潭中心医院店),雨湖区,韶山东路1号,,,,27.864442,112.911883,
182,湘潭华夏宾馆(迎宾中路店),雨湖区,迎宾中路169号(西站后门),,,,27.855125,112.887030,
182,华谊宾馆(杨家湾路),雨湖区,车站路杨家湾路口69号,,,,27.867198,112.910788,
182,韶山华伢子酒店(故居景区店),韶山市,毛泽东纪念园南门,,,,27.912302,112.492610,
182,湘潭鑫园酒店(万达广场店),岳塘区,宝塔中路10号,,,,27.830536,112.931248,
182,瑞丽商务酒店(熙春路店),雨湖区,熙春路跃进村一栋2单元302,,,,27.866125,112.923959,
182,象形宾馆,岳塘区,双马镇象形村综合大楼3楼,,,,27.834791,112.996389,
182,湘潭华海酒店(原华鸿大酒店),湘潭县,海棠中路与海鸥东路交汇处海天大厦1-5层,,,,27.762571,112.955902,
182,诚信宾馆(湘潭车站店),雨湖区,车站路237号,,,,27.865905,112.910697,
182,三湘大酒店(湘潭大道),岳塘区,芙蓉中路20号,,,,27.827621,112.935719,
182,湘潭意都宾馆,雨湖区,湘潭大学东门红旗村自力组鸿旭楼,,,,27.884125,112.870123,
182,长江宾馆(大鹏中路店),湘潭县,大鹏中路445号,,,,27.779215,112.953947,
182,湘潭华祥宾馆,岳塘区,建设南路12号工业品正门口A1栋,,,,27.828714,112.922393,
182,湘潭熙和宾馆,雨湖区,韶山西路汽车西站旁,,,,27.858237,112.885851,
183,佳圆宾馆(邵阳县汽车站店),邵阳县,宇通路金贝贝幼儿园西南50米处,,,,27.005392,111.310995,
183,栖遇·华悦酒店(邵东高铁站店),邵东市,宋家塘金龙大道855-861,,,,27.265459,111.741966,
183,洞口大酒店,洞口县,文昌北路18号,,,,27.060918,110.578685,
183,金源大酒店(邵东高铁站店),邵东市,兴和大道309号,,,,27.257918,111.743808,
183,民族宾馆(民族路),大祥区,西湖路民族一巷清真寺内,,,,27.234882,111.455004,
183,城步三和宾馆,城步苗族自治县,中心路汽车南站对面,,,,26.360671,110.311056,
183,尚橙酒店,邵阳县,塘渡口镇大木山振羽广场对面,,,,27.002888,111.302346,
183,金城宾馆(红岭路),邵东市,红岭路408号(邵东县政府旁),,,,27.259484,111.746614,
183,邵东时尚精品旅馆(邵东一中店),邵东市,邵东宋家塘金龙大道图书城7栋8-10号,,,,27.245148,111.735789,
183,武冈金都大酒店,武冈市,解放路47号湘运大厦,,,,26.729526,110.639584,
183,泓远时代酒店,邵东市,昭阳大道1299号,,,,27.264760,111.730943,
183,隆回君安宾馆(隆回汽车总站店),隆回县,二桥75号,,,,27.114618,111.008757,
183,隆回众和神龙国际酒店,隆回县,桃洪镇大桥路31号,,,,27.113069,111.029249,
183,宏腾国际大酒店(邵东店),邵东市,龙村花园北门东110米,,,,27.243843,111.732407,
183,新廉桥宾馆,邵东市,廉湘街238号,,,,27.324229,111.859623,
183,荣泰酒店(邵阳高铁站市中心医院店),大祥区,湘运汽车南站北门旁,,,,27.220479,111.453216,
183,新宁丹霞宾馆,新宁县,金石镇大兴路231号,,,,26.447457,110.850889,
183,洞口长信宾馆(雪峰广场店),洞口县,蔡锷路128号,,,,27.059768,110.591513,
183,金凤凰风尚宾馆,邵东市,金鸡路208号,,,,27.257555,111.741192,
183,邵阳都之都酒店,大祥区,邵水西路188号,,,,27.231518,111.473857,
183,大城小爱连锁酒店,大祥区,敏州东路诚信家园小区4号楼,,,,27.220912,111.464268,
183,邵阳县友谊宾馆,邵阳县,塘渡口镇邵新街(以纯旁边),,,,26.992619,111.276295,
183,柏顿大酒店,绥宁县,沿河东路49号,,,,26.579819,110.159829,
183,邵阳永康宾馆,大祥区,宝庆西路428号(宝庆中学对面),,,,27.230700,111.440827,
183,西苑酒店(敏州西路),大祥区,敏州西路政府斜对面(西苑公园傍),,,,27.220840,111.435927,
184,资兴红太阳酒店,资兴市,新区东江南路219-3号东江南路加油站对面,,,,25.959028,113.233320,
184,郴州金香主题宾馆,北湖区,北湖街道南岭大道238号17栋1单元,,,,25.756090,112.999515,
184,银河宾馆,永兴县,大桥路193号,,,,26.123950,113.118170,
184,鑫赋宾馆,北湖区,北湖街道劳动路与国庆北路交汇处,,,,25.810232,113.027399,
184,春天时尚酒店(郴州裕后街步步高新天地店),北湖区,国庆北路18号京东电器城市旗舰店郴州店F1层,,,,25.799657,113.030102,
184,新华泰宾馆,北湖区,升平路27号(火车站附近),,,,25.807911,113.029729,
184,芙蓉宾馆,临武县,舜峰镇解放北路17号,,,,25.280047,112.556051,
184,郴州枫情园宾馆,北湖区,龙泉路40号,,,,25.774797,113.024998,
184,郴州老兵商务宾馆,北湖区,升平路五交化小区6号楼(近火车站),,,,25.807791,113.030402,
184,高速路口的京珠宾馆(郴江中路分店),北湖区,郴江中路郴江街道梨树山村坝下组,,,,25.765627,113.056796,
184,郴州兴龙宾馆(郴州汽车总站店),北湖区,同心路高壁六组公交站旁,,,,25.796836,112.999035,
184,玉湖宾馆(万华路店),北湖区,开发区万华路15号滨湖大厦,,,,25.751715,112.991024,
184,如家公寓(高湾店),北湖区,五岭大道9号附近,,,,25.769423,113.015231,
184,郴州长野宾馆,北湖区,郴州大道槐树下五星新村2栋,,,,25.749438,113.037662,
184,潇湘宾馆(郴州火车站店),北湖区,解放路10号,,,,25.805979,113.033397,
184,郴州新鸿扬宾馆(裕后街店),北湖区,人民东路15号(近金雀大厦),,,,25.795322,113.034136,
184,锦和园宾馆(人民西路分店),北湖区,人民路街道人民西路2号郴州大厦6层,,,,25.795515,113.030134,
184,宜章汇民宾馆,宜章县,文明北路8号,,,,25.402268,112.952836,
184,桂阳蔡伦宾馆(桂阳步行街店),桂阳县,城北路37号,,,,25.738787,112.732556,
184,天华旅馆,北湖区,解放路5号,,,,25.806496,113.032925,
184,纺织品招待所(郴州火车站店),北湖区,升平路5-17号,,,,25.807532,113.030508,
184,安仁金诚大酒店,安仁县,五一中路粥王美食殿楼上,,,,26.710349,113.270887,
184,郴州市新天悦宾馆,北湖区,骆仙西路李家湾,,,,25.783014,113.006177,
184,嘉禾天福商务宾馆,嘉禾县,人民北路25号三楼,,,,25.587965,112.368320,
184,千禧大酒店,临武县,官山路98号,,,,25.278738,112.570452,
185,方明宾馆,荷塘区,红旗南路16号,,,,27.851653,113.174867,
185,意隆宾馆(省直中医院店),芦淞区,人民中路616号株洲意隆宾馆,,,,27.848718,113.145512,
185,株洲广士公寓,石峰区,天桥街487号,,,,27.887231,113.100156,
185,金鑫宾馆(响石广场店),石峰区,建设北路92号,,,,27.871924,113.111534,
185,醴陵红阳宾馆,醴陵市,立三路湘运汽车中心站后街,,,,27.643131,113.521831,
185,茶陵坤龙宾馆,茶陵县,炎帝中路摩托家电市场1号附近好的酒店住宿环境好宾馆推荐民宿客栈环境好的民宿推荐棋牌室推荐,,,,26.787614,113.542193,
185,醴陵凯悦酒店,醴陵市,市立三大道兴商路7号,,,,27.642633,113.521042,
185,株洲筑梦者太空舱酒店,芦淞区,人民南路金轮时代广场B座18楼1820室,,,,27.834289,113.155746,
185,炎陵新世纪宾馆(炎陵神农大道店),炎陵县,神农大道中心广场,,,,26.484682,113.769667,
185,株洲香缘精选酒店(中车研究所店),石峰区,时代路180号,,,,27.904136,113.131223,
185,攸县大中华宾馆,攸县,望云路180号,,,,27.000282,113.345233,
185,新世纪酒店,芦淞区,湘大路2号,,,,27.816036,113.173166,
185,株洲湘福楼酒店(天元区未来云店),天元区,天伦路79号(总工会对面),,,,27.825259,113.135391,
185,株洲华裕宾馆,荷塘区,湘运路125号,,,,27.855731,113.176063,
185,株洲金华宾馆,芦淞区,龙泉街道芦淞路132号(天鹰驾校旁),,,,27.817101,113.172851,
185,株洲南洋庐酒店,渌口区,渌口镇南江南路115号,,,,27.703054,113.142123,
185,攸县钓鱼岛山庄,攸县,官田村,,,,27.223112,113.615383,
185,攸县鸿源精选酒店,攸县,城关镇攸州大道54号(新汽车站斜对面),,,,27.003960,113.338485,
185,莫林风尚酒店(炎陵店),炎陵县,井岗中路6号,,,,26.490030,113.773673,
185,7天酒店(株洲红旗广场店),荷塘区,新华西路128号,,,,27.851206,113.169955,
185,玖天商务宾馆(株洲田心店),石峰区,田心东门中兴村56栋,,,,27.880376,113.132218,
185,香格里拉酒店(财富铭城南),醴陵市,立三大道43号(阳三广场),,,,27.650434,113.514249,
185,株洲国丰大酒店,天元区,长江南路285号,,,,27.816289,113.139481,
185,蓝海大酒店(醴陵市国土资源局城区中心所北),醴陵市,都汇城步行街都会城A座Z区1层,,,,27.658817,113.500156,
185,国富商务酒店,芦淞区,建设南路222号,,,,27.832551,113.154830,
186,衡阳立新宾馆(南华大学店),蒸湘区,立新大道与红湘路交汇处(红湘路口),,,,26.909626,112.592521,
186,凤彩皇庭酒店,衡山县,八里村衡山路,,,,27.236357,112.766551,
186,常宁发天宾馆,常宁市,文明南路1号,,,,26.587327,112.581712,
186,常宁五星宾馆,常宁市,水口山镇渡口南路4号五星商务宾馆,,,,26.585828,112.576737,
186,衡阳县望江旅馆,衡阳县,蒸阳大道162号,,,,26.965152,112.371433,
186,立新公寓(衡阳中心客运站店),蒸湘区,船山西路88号,,,,26.906548,112.582315,
186,泰盛宾馆(天马山路),雁峰区,天马山南路57号,,,,26.890253,112.604187,
186,耒阳璧珠宾馆,耒阳市,人民路133号,,,,26.405801,112.856811,
186,恒兴宾馆(帝龙时代广场店),衡阳县,西渡镇商业城第26栋(14-20号门面),,,,26.959879,112.379623,
186,瑞丰客房部,石鼓区,中山北路111号国家电网对面,,,,26.900773,112.612079,
186,蓝天宾馆(湖南帝煌大酒店西),常宁市,群英西路314号,,,,26.408883,112.376105,
186,紫林宾馆(师范学院店),珠晖区,酃湖新师院,,,,26.875316,112.680742,
186,天苑客房(衡阳站店),珠晖区,广东路23号3层,,,,26.887878,112.627480,
186,丰源宾馆(潇湘街店),石鼓区,潇湘街22号,,,,26.904334,112.611945,
186,逸家快捷酒店(体育北路店),耒阳市,体育北路281号(五环星城旁),,,,26.418694,112.841767,
186,鸿华酒店(信合大楼北),常宁市,S219常宁松柏汽车站西北侧约240米,,,,26.587943,112.574060,
186,新华宾馆(衡阳石鼓书院店),石鼓区,古汉大道26号,,,,26.907562,112.608563,
186,衡阳避塵居,南岳区,西街10号,,,,27.242198,112.734924,
186,虹桥商务宾馆(桥下街),衡山县,桥盛街179号(衡山湘江大桥旁),,,,27.236541,112.873006,
186,裕鑫假日酒店(常胜店),石鼓区,常胜中路向群里5号,,,,26.899790,112.607629,
186,源合宾馆,珠晖区,酃湖路今天酒店隔壁常德钵子菜,,,,26.875245,112.681370,
186,麦尚城市酒店(白沙洲店),雁峰区,黄白路18号2楼(近衡阳市八中、金钟时代城、船山实验小学),,,,26.851653,112.646509,
186,常宁有家宾馆,常宁市,水口山镇新园路9号,,,,26.573870,112.570883,
186,翠花家庭宾馆(衡阳高铁店),珠晖区,新园路王江社区8栋,,,,26.900747,112.705988,
186,衡阳太阳神之家客栈汇景花园客栈,蒸湘区,长丰大道28号汇景花园2栋1单元14层,,,,26.893932,112.568973,
187,安其居酒店(长沙县广电会展中心世界之窗店),长沙县,星沙经济开发区开元西路12号,,,,28.246228,113.063512,
187,88商务房(长沙站万家丽广场店),芙蓉区,嘉雨路新合四村10栋,,,,28.193210,113.034922,
187,宁乡怡宁酒店,宁乡市,城郊乡怡宁新村东侧8栋1号,,,,28.279137,112.589887,
187,兴佳酒店(浏阳经开区百乐广场店),浏阳市,洞阳镇牛泸路161号,,,,28.208495,113.408429,
187,长沙二月二公寓酒店,雨花区,万家丽中路喜盈门范城商业广场公寓B栋908室,,,,28.134383,113.034274,
187,缘份客栈(星沙汽车站店),长沙县,星沙街道六区七栋41-43号,,,,28.235102,113.082261,
187,佳苑公寓麓谷店(谷苑路分店),岳麓区,麓谷街道谷园路109号像素大厦2018室,,,,28.213568,112.892538,
187,玖沐屋轻奢民宿(长沙五一广场IFS国金中心店),芙蓉区,蔡锷南路139号鸿盛大厦A座22楼2204室,,,,28.191031,112.980012,
187,长沙湖湘驿国际青年旅舍岳麓山店,岳麓区,新民路50号,,,,28.192800,112.954183,
187,长沙兴怡商务酒店,望城区,星城镇中华岭村金甲小区A07栋,,,,28.284080,112.918616,
187,欣朝宾馆(长沙火车站朝阳村地铁站店),芙蓉区,朝阳路68号2层,,,,28.189393,113.007173,
187,长沙金湖宾馆(火车站店),芙蓉区,车站中路263号晓园大厦二楼,,,,28.195245,113.009980,
187,长沙四方坪鑫隆宾馆,开福区,四方坪商贸城A3栋,,,,28.234554,113.010093,
187,翔宇宾馆(观沙岭地铁站店),岳麓区,"观沙岭街道办事处岳北社区农民安置房D区一栋2,3楼",,,,28.229639,112.954555,
187,坤龙酒店(长沙梅溪湖东地铁站汽车西站店),岳麓区,麓景路湘华小区2栋1层(阳明山庄东门对面),,,,28.209562,112.906581,
187,长乐酒店(长沙火车站晓园公园店),芙蓉区,晓园路11号晓园公园西门正对面,,,,28.195288,113.006931,
187,宝升大酒店,浏阳市,牛泸路与柳冲路交汇处宝升大楼5-6层,,,,28.205604,113.410592,
187,小时光青年旅舍(长沙县黄花机场木马塅站店),长沙县,黄花机场盛地领航城9栋4层(黄花机场),,,,28.194833,113.210576,
187,晓园精选酒店,芙蓉区,车站中路263号(长沙火车站地铁站6口步行140米),,,,28.194535,113.010768,
187,青遇民宿(长沙岳麓山大学城店),岳麓区,麓山南路298号,,,,28.171699,112.944425,
187,东方酒店(远大一路),芙蓉区,远大一路1427号(步步高超市对面),,,,28.200924,113.054730,
187,长沙天天商务宾馆,芙蓉区,朝阳路108号,,,,28.189718,113.007256,
187,长沙县蜗居主题酒店(大众传媒学院店),长沙县,板仓路417号,,,,28.260494,113.076822,
187,7天优品酒店(长沙汽车西站梅溪湖东地铁站店),岳麓区,麓景路408号圣罗兰婚纱摄影旁,,,,28.206914,112.906714,
187,长沙怡莱精品酒店,雨花区,雨花区沙湾路大桥四区安置房1栋,,,,28.172287,113.044504,
188,沁园春大酒店(547乡道),桃江县,武潭镇,,,,28.521975,111.752012,
188,益阳汇源大酒店(益阳火车站中心医院高新院区店),赫山区,金山南路299号金山写字楼西栋一楼,,,,28.559999,112.342421,
188,520爱情公寓(安化大城店),安化县,吉祥路176号,,,,28.372793,111.236158,
188,安化晶鑫大酒店,安化县,沿江路23号,,,,28.375508,111.221936,
188,益阳新时代酒店,赫山区,桃花仑东路251号(万木春购物广场),,,,28.577787,112.373312,
188,安化经典宾馆,安化县,黑茶文化街(南田路店),,,,28.374790,111.240272,
188,安化如家商务宾馆,安化县,东坪镇南区莲城路教育局对面,,,,28.374523,111.235345,
188,益阳天和宾馆,赫山区,益阳火车站汇丰小区4栋,,,,28.539669,112.340708,
188,印象南天酒店(沅江琼湖店),沅江市,琼湖东路腾龙电器旁,,,,28.837516,112.373303,
188,安化锦兴商务宾馆,安化县,长塘镇长福路,,,,28.359916,111.776315,
188,益阳南县天都大酒店,南县,南洲镇南华北路,,,,29.370395,112.411523,
188,安化东方宾馆,安化县,东坪镇沿江路,,,,28.378185,111.226659,
188,五彩今天酒店(南县店),南县,南洲路576号(广播电视台旁),,,,29.369308,112.409507,
188,亿鑫宾馆,安化县,梅城镇车站路(老汽车站附近),,,,28.140634,111.650837,
188,富根连锁酒店(益阳同心店),赫山区,同心路18号,,,,28.575871,112.379581,
188,益阳俊宇公寓,赫山区,桃花仑街道环保路社区环保中路18号,,,,28.574989,112.357590,
188,安化大码头酒店,安化县,东坪镇解放路176号,,,,28.379135,111.226825,
188,南县华莹宾馆,南县,南州镇通运路63号,,,,29.374896,112.409381,
188,洞庭大酒店,沅江市,银光路1号,,,,28.838090,112.369438,
188,格林云天酒店(益阳店),赫山区,桃花仑街道环保路社区秀峰西路192号,,,,28.573359,112.353226,
188,安化白云大豪茶马驿馆,安化县,东坪镇大码头,,,,28.378905,111.226495,
188,南县罗文度假酒店,南县,湖南呈宝龟类繁养有限公司西侧130米,,,,29.343779,112.455995,
188,安化158宾馆,安化县,柳潭路64号,,,,28.367720,111.214744,
188,安化嘉福时尚酒店,安化县,"资江路嘉和资水名居二期3栋11层,12层(步步高后门)",,,,28.380521,111.230828,
188,君凯商务酒店,赫山区,佳宁娜商业街海洋城正对面,,,,28.564562,112.367840,
189,康英大酒店,屯昌县,屯城镇昌顺二路康英大酒店,,,,19.363689,110.103285,
189,佳捷精品酒店(屯昌汽车总站店),屯昌县,屯城镇昌盛二路(谢家烤王旁),,,,19.364454,110.103117,
189,屯昌紫京皇冠酒店,屯昌县,屯昌镇昌盛一路289号,,,,19.376125,110.102788,
189,元行商务酒店,屯昌县,昌盛南路生态区A街B221号,,,,19.344795,110.103948,
189,金乔假日宾馆,屯昌县,屯昌镇恒兴二路25号,,,,19.356371,110.098514,
189,屯昌杜宾民宿,屯昌县,环南路88号誉铖康骏尚品商业7号楼109铺面,,,,19.343990,110.095967,
189,屯昌金海宾馆,屯昌县,新建三路与大华路交叉口南80米路东,,,,19.362566,110.101703,
189,威斯顿酒店(屯昌中心商业广场店),屯昌县,屯城镇解放路13号,,,,19.357985,110.103824,
189,屯昌1号宾馆,屯昌县,解放路水务局旁,,,,19.358952,110.103199,
189,屯昌京豪宾馆,屯昌县,解放路114号雅苑大厦旁边,,,,19.359044,110.103183,
189,屯昌深蓝家庭旅馆,屯昌县,屯城镇新建路畜牧局对面(中国联通楼上),,,,19.370415,110.101779,
189,屯昌乐乐都大酒店,屯昌县,商贸二路与昌达路交汇处东南角,,,,19.364981,110.102638,
189,洪力商务酒店,屯昌县,环东一路与科技路交汇处东南角,,,,19.348586,110.108009,
189,瑞其曼公寓(屯昌氧立方店),屯昌县,屯城镇环东二路建文路29号(伟业氧立方)1栋3单元801室,,,,19.381316,110.108376,
189,兴隆宾馆(屯昌县妇幼保健院店),屯昌县,解放西路雅苑大厦北,,,,19.358559,110.103096,
189,屯昌鑫泰旅租,屯昌县,屯城镇生态路生态商住小区A1型4-5号,,,,19.344224,110.106496,
189,凯尚旅租,屯昌县,屯城镇环东一路博学北路3号,,,,19.373570,110.106104,
189,洪昌旅租,屯昌县,昌盛二路132号,,,,19.359345,110.104689,
189,屯昌禾年Hotel,屯昌县,屯城镇建才里昌盛一路1号,,,,19.377669,110.102528,
189,雅美春天酒店,屯昌县,昌盛路378号(紫京皇冠酒店正对面),,,,19.375986,110.101870,
189,屯昌嘉豪宾馆,屯昌县,屯城镇新建一路屯昌车站对面,,,,19.369716,110.101257,
189,屯昌雅苑电影宾馆,屯昌县,解放路36号,,,,19.358475,110.103330,
189,金宝玉智慧酒店(屯昌中心商业广场店),屯昌县,屯城镇昌盛三路8号,,,,19.357592,110.103956,
189,屯昌金穗智能宾馆(文化路店),屯昌县,屯城镇文化路8号,,,,19.358747,110.100858,
189,屯昌帝豪花园宾馆,屯昌县,昌盛二路,,,,19.359766,110.104589,
190,新怡园旅馆,白沙黎族自治县,牙叉中路县车站对面张耀超框架结构商住楼第四层401号房,,,,19.224365,109.447517,
190,白沙茶乡源商务大酒店,白沙黎族自治县,牙叉镇金沙路23号,,,,19.221671,109.441923,
190,白沙金都商务宾馆(白沙牙叉店),白沙黎族自治县,牙叉镇桥南路208号,,,,19.211456,109.444885,
190,金凯大酒店,白沙黎族自治县,桥北路2号,,,,19.222449,109.452120,
190,骏怡连锁酒店(白沙县桥南路店),白沙黎族自治县,牙叉镇南湖小区,,,,19.212328,109.445996,
190,慕莱喜智慧酒店(白沙县政府店),白沙黎族自治县,牙叉镇牙叉中路363号,,,,19.224269,109.442033,
190,隆华宾馆(白沙黎族自治县邦溪镇财政所北),白沙黎族自治县,邦溪镇仙鹿大道22号,,,,19.368509,109.105924,
190,天亿酒店(白沙县政府店),白沙黎族自治县,牙叉中路(公务员小区对面),,,,19.223709,109.440270,
190,途乐康养酒店,白沙黎族自治县,牙叉镇石油路华海凤凰城A1栋三层,,,,19.226401,109.450218,
190,铂瑞精品酒店,白沙黎族自治县,牙叉镇牙叉中路368号,,,,19.224355,109.441020,
190,雅斯特国际酒店(白沙县政府店),白沙黎族自治县,牙叉中路366号,,,,19.224285,109.441372,
190,白沙牙叉大溪地花园酒店,白沙黎族自治县,牙叉镇金沙西路1号大溪地住宅小区,,,,19.219529,109.441168,
190,格林豪泰酒店(白沙县民族博物馆店),白沙黎族自治县,桥南路163号二幢,,,,19.215449,109.448040,
190,城市便捷酒店(白沙黎族自治县汽车站店),白沙黎族自治县,牙叉镇牙叉中路191号,,,,19.223761,109.441230,
190,白沙归田民宿,白沙黎族自治县,青松乡拥处村民委员会内,,,,19.159013,109.290954,
190,甘溪大酒店,白沙黎族自治县,邦溪南路39号,,,,19.366349,109.108865,
190,麗枫酒店(白沙县政府店),白沙黎族自治县,牙叉中路346号,,,,19.224252,109.442577,
190,格盟酒店(白沙县政府店),白沙黎族自治县,金沙西路2号,,,,19.218581,109.442696,
190,白沙雅登大酒店,白沙黎族自治县,牙叉镇卫生路与牙叉东路交叉口处,,,,19.227001,109.455266,
190,鸿兴大酒店(白沙县政府店),白沙黎族自治县,牙叉镇牙叉中路336号永庆大厦,,,,19.224275,109.444337,
190,格丽酒店(白沙文化公园店),白沙黎族自治县,桥南路163号1幢,,,,19.215486,109.447898,
190,佳捷精品酒店(白沙县政府店),白沙黎族自治县,环城中路方亮新区(公务员小区前),,,,19.224345,109.440651,
190,柏金精品民宿,白沙黎族自治县,光雅西街60号,,,,19.297929,109.296339,
190,金湖汇旅租,白沙黎族自治县,金沙南路12号,,,,19.214547,109.445829,
190,思远休闲酒店,白沙黎族自治县,牙叉中路与310省道交叉口南150米食品药品监督管理局对面,,,,19.222911,109.440136,
191,琼中营根零公里酒店,琼中黎族苗族自治县,海榆路434号,,,,19.037874,109.844521,
191,银河宾馆(琼中黎族苗族自治县交通管理总站东北),琼中黎族苗族自治县,营根镇海榆路万家惠对面,,,,19.040297,109.846491,
191,琼中豪鑫商务酒店(琼中县三月三广场店),琼中黎族苗族自治县,营根镇二号新区海榆路2号,,,,19.051049,109.849982,
191,琼中三泰源隆商务酒店,琼中黎族苗族自治县,营根镇国兴大道琼中壹号广场,,,,19.055119,109.849779,
191,佳捷精品酒店(琼中汽车总站店),琼中黎族苗族自治县,营根镇海榆大道车站总站50米处,,,,19.050261,109.849772,
191,君海商务酒店,琼中黎族苗族自治县,营根镇营乘路18号,,,,19.036286,109.844264,
191,景恩商务酒店(琼中县政府店),琼中黎族苗族自治县,营根镇百花路3号,,,,19.033763,109.837613,
191,琼中晚枫林宾馆,琼中黎族苗族自治县,国兴大道215号,,,,19.050284,109.849050,
191,琼中逸米宾馆,琼中黎族苗族自治县,营根镇海榆路112号,,,,19.036524,109.835744,
191,琼中祥云宾馆(琼中教育局店),琼中黎族苗族自治县,营根镇海榆路297号,,,,19.043746,109.847018,
191,琼中蓝海酒店,琼中黎族苗族自治县,国兴大道三横路东侧2号,,,,19.048062,109.849231,
191,琼中万泉河客栈,琼中黎族苗族自治县,国营长征农场风情商业街A栋08一01商铺,,,,18.959446,109.885644,
191,琼中兴华宾馆,琼中黎族苗族自治县,海榆路500号,,,,19.040774,109.846889,
191,馨怡主题公寓,琼中黎族苗族自治县,琼中黎族苗族自治县县城北二号新区王国秀私宅,,,,19.049460,109.850172,
191,琼中缘来民宿,琼中黎族苗族自治县,红毛镇什寒村14号,,,,19.081211,109.650978,
191,琼中万泉宾馆,琼中黎族苗族自治县,和堑路1号,,,,18.898526,110.024417,
191,琼中石臼民宿,琼中黎族苗族自治县,和平镇和堑路3号,,,,18.899064,110.024164,
191,琼中金豪假日酒店,琼中黎族苗族自治县,营根镇海榆路东侧二号新区,,,,19.047441,109.850200,
191,琼皖24小时主题酒店,琼中黎族苗族自治县,营根镇海榆路新二区,,,,19.047336,109.850495,
191,琼中什寒民宿,琼中黎族苗族自治县,红毛镇什寒村,,,,19.078422,109.652303,
191,椰风商务酒店(琼中汽车站店),琼中黎族苗族自治县,224国道与国兴三横路交叉口东南角,,,,19.048046,109.848694,
191,嘉洪宾馆(琼中汽车站店),琼中黎族苗族自治县,海榆路浪漫100娱乐汇旁边,,,,19.049585,109.848899,
191,琼中润丰商务酒店,琼中黎族苗族自治县,215国道,,,,19.049969,109.849477,
191,琼中德润商务酒店(琼中汽车站三月三广场店),琼中黎族苗族自治县,海榆路,,,,19.054570,109.849924,
191,琼中奔哥内24小时连锁酒店,琼中黎族苗族自治县,营根镇兴教路瑞诚楼一栋,,,,19.039334,109.850439,
192,如家楼电竞酒店(鱼鳞洲风景区店),东方市,浪沙街19号,,,,19.111140,108.662412,
192,东方金鑫宾馆,东方市,东海路公园街1号金鑫大厦附近,,,,19.107709,108.659014,
192,东方南天商务宾馆,东方市,二环南路国土局对面,,,,19.103258,108.671066,
192,新正旺商务酒店(东方高铁站店),东方市,八所镇东方大道58号(交通规费征稽所隔壁),,,,19.105417,108.674970,
192,绿宝大酒店,东方市,东海路60号(近东方市财政局),,,,19.106616,108.658344,
192,金楠盛宾馆(八所中学店),东方市,解放西路70号,,,,19.099268,108.640692,
192,云天大酒店,东方市,东海路4号(近三角公园),,,,19.108614,108.658710,
192,佳捷精品酒店(东方高铁站体育馆店),东方市,东海路21-3号,,,,19.102587,108.655273,
192,东方裕华园,东方市,二横路西2巷1号,,,,19.090458,108.667749,
192,龙悦居旅租,东方市,二环南路21号,,,,19.093985,108.666100,
192,环岛乐骑驿站,东方市,琼西路西街59巷27号,,,,19.121407,108.664257,
192,四季优品旅租,东方市,二环南路60号,,,,19.094539,108.666446,
192,东方海金山客栈,东方市,八所镇二环北路西十一巷5号,,,,19.113096,108.670773,
192,东方城东素年锦时酒店,东方市,八所镇永安东路北侧(公务员小区对面),,,,19.092163,108.668729,
192,东方碧辉雅居酒店(东方高铁站店),东方市,八所镇东海路西17巷,,,,19.107006,108.657110,
192,东方候鸟帮办海景旅租,东方市,滨海北路18号,,,,19.132355,108.666391,
192,东方旅途海景度假公寓(海东方店),东方市,滨海北路18号海东方商铺1-1-11,,,,19.132295,108.666213,
192,东方阳光假日酒店,东方市,东海路西二十一巷3-1号,,,,19.108529,108.658117,
192,东方留夏海民宿,东方市,八所镇港门社区和平西路4号东方留夏海民宿,,,,19.152620,108.673855,
192,东方凯瑞商务宾馆,东方市,琼西路西三十七巷一号,,,,19.116460,108.663276,
192,东方忆海拾光客栈,东方市,滨海南路34号,,,,19.113310,108.648961,
192,东方永兴宾馆,东方市,岛西西路4号,,,,19.109957,108.663621,
192,东方龙庭花园酒店,东方市,三环路20号,,,,19.091855,108.674845,
192,东方银河商务宾馆,东方市,板桥家家乐超市隔壁,,,,18.799112,108.685675,
192,东方冠达商务酒店(二环南路店),东方市,二环南路东侧18号,,,,19.094873,108.666622,
193,乐东金龙商务酒店(乐祥路店),乐东黎族自治县,迎宾南路21号,,,,18.738731,109.181680,
193,乐东东晨民宿,乐东黎族自治县,九所镇九龙大道137号,,,,18.446025,108.920250,
193,乐东悦莱客栈(黄流车站店),乐东黎族自治县,黄流大道黄流居委会1队28号,,,,18.502452,108.796805,
193,尚优客精选酒店(乐东利国镇店),乐东黎族自治县,利国镇河东居委会三队14号,,,,18.466976,108.900126,
193,乐东鸿运公寓,乐东黎族自治县,佛罗镇佛罗中心大道(工商银行对面),,,,18.582768,108.732841,
193,乐东中庭酒店(黄流车站店),乐东黎族自治县,黄金路佛老村508号,,,,18.516102,108.786340,
193,乐东富华豪庭酒店(黄流店),乐东黎族自治县,黄流镇多二村委会多二村二队43号,,,,18.491055,108.817843,
193,乐东聚源精品酒店(九所店),乐东黎族自治县,九所镇九所新区东商住一横路43-44号,,,,18.455812,108.956832,
193,乐东金港酒店,乐东黎族自治县,九所新区一横路,,,,18.455811,108.955762,
193,尖峰岭天池避暑山庄民宿(尖峰岭店),乐东黎族自治县,尖峰岭森林公园内,,,,18.742025,108.848225,
193,乐东莺歌海有客民宿,乐东黎族自治县,莺歌海镇镇北五道东巷,,,,18.516139,108.700081,
193,顺隆旅租(九所店),乐东黎族自治县,一横路37号,,,,18.453984,108.950976,
193,乐东湘之南宾馆,乐东黎族自治县,迎宾北路41号,,,,18.740390,109.183625,
193,乐东仙境假日酒店,乐东黎族自治县,佛罗镇南方电网对面,,,,18.570765,108.744067,
193,乐东枫悦酒店(佛罗店),乐东黎族自治县,佛罗镇佛罗中心大道佛中村八队35号,,,,18.586095,108.730007,
193,乐东名城酒店(黄流车站店),乐东黎族自治县,黄流镇黄金路和平巷1号,,,,18.509627,108.789382,
193,璟枫智慧酒店(乐东利国店),乐东黎族自治县,海榆路125号,,,,18.469146,108.894399,
193,乐东阳光假日商务酒店,乐东黎族自治县,丹村村委会三队36号,,,,18.607383,108.718747,
193,格明酒店(乐东商业步行街店),乐东黎族自治县,感恩路28号(临近乐东步行街),,,,18.739016,109.182877,
193,嘉源精品酒店(鑫明华广场店),乐东黎族自治县,佛罗镇佛北村225国道工商银行楼3-7楼,,,,18.582413,108.732430,
193,乐东明悦酒店(佛罗中学店),乐东黎族自治县,佛罗镇明悦酒店,,,,18.575701,108.738040,
193,乐东御庭精品酒店(黄流车站店),乐东黎族自治县,黄流镇黄金大道41号,,,,18.506924,108.790576,
193,乐东金铂曼酒店(利国店),乐东黎族自治县,海榆路90号,,,,18.469478,108.895379,
193,海意酒店(旅业),乐东黎族自治县,尖峰镇岭头村,,,,18.678089,108.713000,
193,乐东君悦宾馆,乐东黎族自治县,尖峰岭林业局中心大道99号,,,,18.693689,108.801117,
194,怡园大酒店(新民路),陵水黎族自治县,新民路29号,,,,18.507310,110.033381,
194,丽斯花园酒店,陵水黎族自治县,陵城中心大道,,,,18.500851,110.035648,
194,陵水英州商务酒店,陵水黎族自治县,英海大道1号,,,,18.421390,109.858982,
194,陵水海韵檀风度假公寓,陵水黎族自治县,香水湾旅游渡假区B区富力湾B7幢16-19层(近海边),,,,18.514775,110.096475,
194,Q加·陵水香水湾遇见我的家海景公寓,陵水黎族自治县,香水湾旅游度假区红磡香水湾金缔度假村1号楼512A,,,,18.550920,110.125165,
194,陵水海洋之心酒店(清水湾店),陵水黎族自治县,清水湾大道蔚蓝高尔夫H2栋,,,,18.403992,109.846635,
194,陵水乐龄愉家度假酒店(海韵广场店),陵水黎族自治县,滨河南四横路(海韵陵河假日一期小区正门对面),,,,18.511432,110.032141,
194,陵水和泰商务酒店,陵水黎族自治县,花园西二横路24号,,,,18.504225,110.025146,
194,陵水铂美酒店(陵水火车站店),陵水黎族自治县,香榆大道87号,,,,18.546115,110.049737,
194,双洋酒店(清水湾店),陵水黎族自治县,英州镇人民政府南门西南50米,,,,18.426190,109.858761,
194,麒麟阁酒店(陵水汇丰广场店),陵水黎族自治县,椰林镇花园路99号,,,,18.501188,110.023789,
194,陵水春寓民宿,陵水黎族自治县,椰林镇兴旺北六巷245号,,,,18.506546,110.018979,
194,柏言雅筑酒店(清水湾大道店),陵水黎族自治县,英州英榆大路311号,,,,18.420344,109.853830,
194,陵水海尚居民宿,陵水黎族自治县,椰林镇滨河南二横路323号,,,,18.513505,110.021983,
194,疯旅青年旅舍,陵水黎族自治县,三才镇乐安村毛岭村王忠友屋居地,,,,18.482296,110.007892,
194,陵水启明之星青年客栈,陵水黎族自治县,西堤路附近,,,,18.388182,109.823392,
194,陵水百宫电竞酒店(海韵广场店),陵水黎族自治县,椰林镇文化路172号,,,,18.502192,110.030685,
194,万家酒店(清水湾店),陵水黎族自治县,英环东路369号,,,,18.427473,109.860502,
194,南湾星宿酒店(陵水新村镇猴岛码头店),陵水黎族自治县,新村镇中山路294号,,,,18.411244,109.970789,
194,金沙湾酒店(陵水店),陵水黎族自治县,花园路83号,,,,18.501735,110.024391,
194,陵水喜来商务宾馆(清水湾店),陵水黎族自治县,英海大道228号,,,,18.426769,109.858425,
194,陵水中强快捷宾馆(汇丰广场店),陵水黎族自治县,南榆路39号,,,,18.502473,110.024291,
194,陵水澜泊湾大酒店(清水湾店),陵水黎族自治县,自治县英州镇英海大道258号,,,,18.427844,109.858139,
194,润达宾馆,陵水黎族自治县,架场田东路44号,,,,18.504068,110.032682,
194,千岛大酒店,陵水黎族自治县,南榆路47号,,,,18.502397,110.024518,
196,文昌蓝域民宿(东郊椰林店),文昌市,椰林路东郊椰林风景名胜区东郊椰林壹号对面,,,,19.529518,110.854417,
196,文昌星晨旅馆,文昌市,清澜路3号,,,,19.563722,110.822945,
196,称意宾馆(文新路分店),文昌市,文昌城镇文新路82号,,,,19.617789,110.756913,
196,绿洲宾馆(昌华街店),文昌市,昌华街36号,,,,20.025527,110.582246,
196,凤凰城大酒店,文昌市,文城镇庆龄路8号,,,,19.618158,110.759355,
196,豪城商务酒店,文昌市,文城镇文建四横路,,,,19.602183,110.754035,
196,文昌泰华酒店,文昌市,东阁镇福龙新区东航路20号,,,,19.659170,110.859338,
196,文昌文城泰兴宾馆,文昌市,文城镇文新南里11号,,,,19.617415,110.756125,
196,蓝蝶望海大酒店(和平北路),文昌市,文城镇和平北路近21号(近车站),,,,19.609608,110.750883,
196,福林酒店(碧水南湾西南),文昌市,文城镇庆铃路176号(近文航路),,,,19.624968,110.765150,
196,称心宾馆(文建路),文昌市,文城镇文建路文中商业街(市林业局对面),,,,19.603022,110.757913,
196,文昌滨海楼宾馆,文昌市,青澜开发区文清大道409号同创碧海城北苑蓝色假日小区,,,,19.550082,110.806207,
196,文昌银字度假酒店,文昌市,文城镇城西路63号,,,,19.598159,110.755355,
196,文昌龙楼青年旅租,文昌市,龙楼镇文铜大道龙楼羽毛球馆对面,,,,19.649387,110.971520,
196,鸿兴宾馆(文昌公园店),文昌市,文城镇沿江路29号,,,,19.618666,110.760368,
196,文昌明悦莱宾馆,文昌市,文城镇文兴路52号,,,,19.619578,110.761244,
196,文昌金海湾智享酒店(文南老街孔庙店),文昌市,文兴路44号,,,,19.619437,110.760883,
196,文昌金福来酒店,文昌市,文城镇文兴路64号,,,,19.620117,110.762685,
196,文昌好时光宾馆,文昌市,文建路136号,,,,19.593378,110.758941,
196,文昌紫金阁酒店(文清大道),文昌市,文清大道397号澜心阁1号楼,,,,19.550253,110.803213,
196,海岸金城大酒店,文昌市,和平南路26号,,,,19.607548,110.749824,
196,文昌南开宾馆,文昌市,文新南里12号,,,,19.617456,110.756038,
196,金谷园宾馆(文昌火车站文南老街店),文昌市,文城镇文新路19号,,,,19.619249,110.752764,
196,文昌逸龙湾度假公寓,文昌市,高隆湾大道逸龙湾8号楼岗亭,,,,19.539311,110.819131,
196,海南蔻希曼公寓酒店,文昌市,海滨路,,,,19.781458,110.993549,
197,华瑞商务宾馆,临高县,礼贯北路碧桂园小城之春,,,,19.917654,109.695370,
197,地泰智慧酒店(临高汽车站店),临高县,临城镇沿江北路25号,,,,19.905437,109.687629,
197,临高金沙滩度假公寓,临高县,碧海大道碧桂园金沙滩温泉酒店C区3408,,,,19.961812,109.763448,
197,临高五行福泰宾馆(临高汽车站店),临高县,临城镇江南二环西路20号,,,,19.898588,109.693452,
197,临高若雅商务酒店,临高县,临城镇礼贯北路62号,,,,19.919907,109.692831,
197,维尔拉V主题酒店(临高文明东路店),临高县,文明东路80号,,,,19.915151,109.693017,
197,铂庭美宿,临高县,文明中路34号(文化公园旁),,,,19.909802,109.686076,
197,景豪商务酒店(临高县政府店),临高县,临城镇文明东路81号,,,,19.915457,109.693551,
197,临高江洲商务旅租,临高县,临城镇解放路西2号桥乐口福旁边,,,,19.906174,109.685381,
197,玉凯宾馆,临高县,临城镇解放路24号,,,,19.905957,109.685444,
197,临高森林城市客栈,临高县,海南省临高县临城镇二环路安置区一排38.39.40号,,,,19.906162,109.701014,
197,临高舒美芬芳酒店,临高县,文明中路155号,,,,19.911768,109.690805,
197,李伟强公寓(临高昌拱村店),临高县,临城镇昌拱村临昌路(长岛蓝湾小区),,,,20.004137,109.715745,
197,迪乐美民宿(体育公园店),临高县,临城镇文澜大道衍宏春天20栋411室,,,,19.938328,109.701679,
197,临高泓合酒店,临高县,临城镇文明东路党校小区对面,,,,19.917311,109.694319,
197,临高长青阁酒店,临高县,临城镇兰琴路139-140号,,,,19.922877,109.698293,
197,临高榕丰商务宾馆,临高县,文明路东侧49号,,,,19.914670,109.693116,
197,临高银河商务宾馆,临高县,临美路与二环路交叉口,,,,19.899643,109.695932,
197,福昌楼酒店(临高汽车站富罗天街店),临高县,临城镇新桥南路冬(临高法院旁),,,,19.899017,109.685968,
197,艺选安来S酒店(临高角县政府店),临高县,二环东路与文明中路交叉口东南200米,,,,19.917510,109.695406,
197,吉胜商务酒店(临高汽车站店),临高县,临城镇二环西路122号,,,,19.898196,109.693590,
197,耕读民宿,临高县,东英镇黎安村耕读民宿,,,,19.959346,109.657394,
197,温鑫商务酒店(临高文明东路店),临高县,文明东路小博士幼儿园东北110米,,,,19.915225,109.693380,
197,临高椰利亚酒店,临高县,临城镇文明东路100号,,,,19.914365,109.692559,
197,铂悦天成智慧酒店,临高县,滨江公园健康主题公园西出入口西南370米,,,,19.918953,109.699498,
198,亿点足迹青年旅舍,吉阳区,商品街十二巷4号对面桃子公寓里面2楼,,,,18.248988,109.513496,
198,三亚万吉度假公寓,天涯区,解放四路嘉盛花园2层万吉度假主题公寓(月川桥往农垦医院方向走100米),,,,18.265169,109.498362,
198,暖风居青年旅社,天涯区,友谊路39号面粉厂A2栋603,,,,18.263659,109.492484,
198,找商机青年旅舍(三亚湾椰梦长廊店),天涯区,解放路813号唐南大厦,,,,18.261879,109.500835,
198,三亚威阁大酒店,天涯区,解放路256号,,,,18.242421,109.506579,
198,鸿韵旅租(三亚湾店),天涯区,吉祥街鸿文巷1号,,,,18.259587,109.501112,
198,华利宾馆(亚龙湾路店),吉阳区,吉阳镇亚龙湾路28号,,,,18.281301,109.588427,
198,大东海海边度假公寓(榆亚路2号分店),吉阳区,榆海路11号,,,,18.222077,109.527907,
198,三亚德钰海景公寓,天涯区,三亚湾路昌达海景花园A区4单元7楼,,,,18.250645,109.500626,
198,呈祥酒店,吉阳区,"荔枝沟路122号,近琼州学院路口",,,,18.297881,109.532104,
198,三亚玉阙宾馆(三亚湾店),吉阳区,月川河东路456号党校路口,,,,18.270189,109.499951,
198,三亚金玛酒店(三亚千古情店),吉阳区,荔枝沟二组74号附近,,,,18.296737,109.526312,
198,三亚巴哥度假屋,天涯区,三亚湾路88号兰海花园一期B座CD单元3D房,,,,18.266784,109.488544,
198,三亚湾海忆时光海景公寓(三亚湾椰梦长廊店),天涯区,三亚湾路碧海蓝天B栋(海日阁)26FA7房,,,,18.266851,109.489845,
198,三亚海花度假公寓(大东海店),吉阳区,大东海海韵路9号蓝海豪苑B座10层,,,,18.221936,109.520809,
198,三亚科宝酒店(解放路步行街店),天涯区,解放二路316号科宝大厦1层,,,,18.244154,109.506271,
198,三亚湾顺鑫旅馆(三亚湾海月广场凤凰岛店),天涯区,三亚湾37号,,,,18.257516,109.496632,
198,赣江之星快捷酒店(千古情店),吉阳区,南新街221号,,,,18.295122,109.523957,
198,三亚南都商务酒店,吉阳区,商品街一巷18号,,,,18.245192,109.513911,
198,猪小弟海景度假公寓,吉阳区,大东海海花路金茂海景花园3栋409室,,,,18.222576,109.520029,
198,晨阳驿站(三亚天涯店),天涯区,天涯镇马岭社区东二街铁路二巷357号,,,,18.304414,109.334288,
198,三亚七色海民宿,吉阳区,大东海榆亚路66号,,,,18.224456,109.522201,
198,慢时光青年客栈(三亚湾人民医院店),天涯区,解放路535号阿里山美食城五楼,,,,18.252722,109.503896,
198,三亚林海海景公寓,天涯区,河西区街道三亚湾路37号昌达雅华香榭花园C栋二单元4楼,,,,18.257387,109.496873,
198,云合十里青年旅舍,吉阳区,下洋田社区大真岭巷7号,,,,18.229885,109.522339,
199,保亭迎宾馆,保亭黎族苗族自治县,新星路与文明北路交叉口西南20米,,,,18.641880,109.699351,
199,保亭快乐候鸟家庭旅馆,保亭黎族苗族自治县,保兴东路113号-114号星河大厦,,,,18.633342,109.705488,
199,保亭天艺精品酒店,保亭黎族苗族自治县,南环路与031乡道交汇处附近,,,,18.629335,109.700520,
199,金豪酒店,保亭黎族苗族自治县,响水镇金江一条街80号,,,,18.580936,109.622439,
199,保亭宝徕宾馆(红毛丹街店),保亭黎族苗族自治县,新民路红毛丹东街,,,,18.636533,109.701837,
199,保亭七仙山村客栈,保亭黎族苗族自治县,七仙岭康乐温泉宾馆西南300米,,,,18.699854,109.661947,
199,保亭二兴商务旅馆,保亭黎族苗族自治县,新兴西路96号,,,,18.636204,109.701285,
199,保亭雨林时光旅租,保亭黎族苗族自治县,保城镇桃源路与南环路交接处南国雨林营销中心4号楼一楼,,,,18.628094,109.712794,
199,保亭七仙家庭旅馆(保亭七仙岭店),保亭黎族苗族自治县,保城镇毛介村委会排寮村,,,,18.702468,109.675030,
199,保亭星都精品酒店(七仙广场店),保亭黎族苗族自治县,保城镇新兴路177号第四层五层,,,,18.636665,109.703366,
199,共享智能酒店(保亭县政府店),保亭黎族苗族自治县,新民路65号,,,,18.638151,109.701534,
199,柒月酒店(保亭七仙广场店),保亭黎族苗族自治县,保城镇保兴西路22号,,,,18.634606,109.700516,
199,保亭兴河精品酒店(七仙广场店),保亭黎族苗族自治县,保兴东路27号星河大厦,,,,18.633864,109.704946,
199,美丽之家宾馆,保亭黎族苗族自治县,保城镇新民路宝苑大楼2-4层,,,,18.638304,109.702041,
199,保亭海泰上观园假日酒店,保亭黎族苗族自治县,保城镇保兴东路上观园小区综合楼101室,,,,18.633046,109.704267,
199,保亭董家民宿,保亭黎族苗族自治县,三道镇甘什村委会什进村,,,,18.452168,109.676806,
199,潮源乡村旅租,保亭黎族苗族自治县,什玲镇什玲大道58号,,,,18.666170,109.782658,
199,保亭金洲度假休闲宾馆,保亭黎族苗族自治县,七仙大道保亭车站旁,,,,18.634956,109.710652,
199,董华民宿坊,保亭黎族苗族自治县,甘什村委会什进村1号,,,,18.453012,109.676446,
199,保亭合口书苑民宿,保亭黎族苗族自治县,响水镇合口村合口书苑(原合口小学),,,,18.565365,109.637506,
199,九九八智联商务酒店,保亭黎族苗族自治县,新政镇金博通产业园A栋1号,,,,18.552519,109.625765,
199,保亭保城汉亭智能酒店,保亭黎族苗族自治县,保城镇中国联通沿河北路营业厅北50米,,,,18.635522,109.702724,
199,保亭云端智能酒店(七仙文化广场店),保亭黎族苗族自治县,广东街74号,,,,18.634866,109.704917,
199,保亭三道镇黎家一宿民宿,保亭黎族苗族自治县,三道镇甘什村委会什进村14号,,,,18.453052,109.676817,
199,保亭川鸿智能酒店(七仙文化广场店),保亭黎族苗族自治县,沿河北路53号农技中心综合楼1至5层,,,,18.636252,109.700091,
200,五指山银都宾馆,五指山市,红旗路26号,,,,18.778039,109.514866,
200,五指山秋光宾馆,五指山市,三月三大道101号,,,,18.766512,109.522229,
200,五指山旅游山庄,五指山市,山庄路8号(山庄路与沿河北路交叉口),,,,18.782507,109.512981,
200,五指山一方酒店,五指山市,三月三大道南海家园268号,,,,18.762560,109.527173,
200,五指山旭日客栈,五指山市,三月三大道市国税局对面,,,,18.766819,109.522016,
200,金奥宾馆(三月三广场店),五指山市,山兰路80号幼儿园斜对面,,,,18.775769,109.517400,
200,宏洋宾馆(五指山市河南东社区卫生服务站西北),五指山市,三月三大道附近,,,,18.773222,109.518445,
200,五指山椰枫家园公寓,五指山市,理文路16号山水名城椰枫家园,,,,18.765052,109.520401,
200,五指山且行且栖民宿,五指山市,通什镇翡翠新区沿河东路10号圣河湾小区C栋,,,,18.770123,109.533623,
200,五指山水云山庄宾馆,五指山市,翡翠家园水云山庄5栋1号,,,,18.767891,109.526209,
200,吉昌宾馆,五指山市,海榆南路海南二中门口旁,,,,18.768807,109.520628,
200,红叶大酒店(雅蓄路),五指山市,农林路1号第三小学大转盘旁,,,,18.779180,109.521280,
200,五指山水满吧啦一家民宿,五指山市,水满乡新村村委会新村31号,,,,18.879114,109.665951,
200,瓦哎噜酒店(五指山三月三大道店),五指山市,三月三大道137号,,,,18.762423,109.528690,
200,五指山金源商务宾馆,五指山市,海榆路北17号,,,,18.780705,109.520164,
200,途窝假日酒店(五指山店),五指山市,通什镇酒吧一条街1栋201号,,,,18.768632,109.528566,
200,茶香满院民宿,五指山市,银山路新村村民委员会东侧50米,,,,18.878614,109.666336,
200,五指山天鹤峪岭旅居,五指山市,南圣镇蝶泉湾小区西门,,,,18.739860,109.569197,
200,五指山廉华宾馆,五指山市,奥雅二横路18号,,,,18.776346,109.515132,
200,五指山南国夏宫酒店,五指山市,甘工路118号太平山旅游风景区,,,,18.796898,109.529743,
200,五指山苗乡风情智慧民宿,五指山市,水满乡新村15号,,,,18.879463,109.665824,
200,国旅宾馆(五指山汽车站店),五指山市,三月三大道30-1号,,,,18.779120,109.520443,
200,花筑·五指山合和馆民宿,五指山市,通什镇南水路14号,,,,18.751188,109.550657,
200,雅啦咪山海情民宿,五指山市,银山路中共水满乡派出所党支部西南方100米,,,,18.879584,109.665181,
200,五指山水满园酒店,五指山市,金山路与共同路交叉口南80米,,,,18.882933,109.666928,
201,金生源酒店(昌江人民北路店),昌江黎族自治县,人民北路115号,,,,19.265685,109.052542,
201,昌江名典宾馆,昌江黎族自治县,石碌镇文明小区后门,,,,19.266048,109.052170,
201,昌江林林宾馆,昌江黎族自治县,石碌镇人民北路182号2栋107(南国超市对面),,,,19.268504,109.053924,
201,金兰岛商务宾馆,昌江黎族自治县,石碌镇人民北路123号105室,,,,19.267144,109.053108,
201,OYO昌江石碌永昇宾馆(农行北路恒基广场店),昌江黎族自治县,农行北路23号,,,,19.272522,109.056223,
201,湾沙地民宿,昌江黎族自治县,海尾镇中心大道北一巷38号附1号,,,,19.423260,108.822835,
201,家兴旅租屋,昌江黎族自治县,石碌镇人民北路计划办旁边,,,,19.275834,109.055293,
201,维尼斯主题宾馆,昌江黎族自治县,石禄镇惠民路12号,,,,19.269272,109.055573,
201,木棉铂金酒店,昌江黎族自治县,石碌镇环城东路1号兴业世纪广场1栋1号,,,,19.263679,109.062858,
201,昌江金赣宾馆,昌江黎族自治县,东风路7号饮食服务公司大楼3-4层,,,,19.260149,109.051577,
201,骏怡酒店(昌江人民北路店),昌江黎族自治县,人民北路112号,,,,19.268734,109.054091,
201,金日宾馆(昌江人民北路店),昌江黎族自治县,人民北路与人民北七巷交叉口北40米,,,,19.266540,109.052769,
201,昌江石碌鸿嘉裕迎宾大酒店,昌江黎族自治县,东风路25号,,,,19.260625,109.055025,
201,山海民宿,昌江黎族自治县,海尾镇沙地村,,,,19.375125,108.763225,
201,昌江常来民宿,昌江黎族自治县,海尾镇五联村委会新村104号,,,,19.436394,108.904907,
201,昌江老宾客栈(昌江核电站店),昌江黎族自治县,海尾镇三联村委会塘兴村13号,,,,19.435249,108.903980,
201,鑫马宾馆,昌江黎族自治县,石碌镇人民北路102号,,,,19.267874,109.053738,
201,昌江嘉华酒店,昌江黎族自治县,人民北路第三市场正对面,,,,19.267674,109.053563,
201,海忆民宿,昌江黎族自治县,海尾镇沙渔塘村二区29号,,,,19.379094,108.759163,
201,昌江丽景海岸旅馆,昌江黎族自治县,海丰街1号,,,,19.327015,108.680408,
201,富宇宾馆,昌江黎族自治县,人民北路123号101,,,,19.266273,109.052711,
201,昌江惠源宾馆(县人民医院店),昌江黎族自治县,惠民路8号,,,,19.269313,109.055314,
201,昌江裕恒商务宾馆,昌江黎族自治县,昌化镇昌城村东门,,,,19.310120,108.698419,
201,昌江成汉旅馆,昌江黎族自治县,昌盛道昌化工商所旁,,,,19.328112,108.686426,
201,昌江福梅宾馆,昌江黎族自治县,昌化镇昌盛路中心大道72号,,,,19.328557,108.682826,
202,老城迎宾馆,澄迈县,工业大道3号,,,,19.955781,110.127781,
202,铭艺长升酒店(文化北路店),澄迈县,金江镇文化北路95号,,,,19.738635,110.010142,
202,港德大酒店,澄迈县,老城镇老城快速干道南海大道71号南海阳光旁,,,,19.968889,110.139111,
202,福山侯臣咖啡民宿,澄迈县,福山镇海南环线高速,,,,19.872555,109.915294,
202,澄迈荣兴宾馆,澄迈县,金江镇文明路52号,,,,19.739153,110.004041,
202,澄迈皇轩宾馆,澄迈县,环城西路与金永路交叉口西行50米路北,,,,19.740179,110.002210,
202,格林豪泰智选酒店(澄迈老城店),澄迈县,南海大道72号,,,,19.973087,110.142519,
202,港丽湾民宿,澄迈县,武亭路14号,,,,19.954189,110.063686,
202,澄迈悦凯通酒店(老城镇软件园店),澄迈县,老城镇南海大道1167号,,,,19.950375,110.128773,
202,澄迈华之家宾馆,澄迈县,东桥路6号,,,,19.962279,110.133580,
202,澄迈翡丽智慧酒店,澄迈县,金江镇华兴路25号,,,,19.741557,110.004377,
202,骏群皇马宾馆,澄迈县,金江镇人民西路124号,,,,19.733401,110.006806,
202,澄迈兴达商务旅租,澄迈县,金江镇华兴路10号,,,,19.741087,110.004230,
202,澄迈晶铧商务宾馆,澄迈县,福山镇225国道财政局附近,,,,19.833325,109.931233,
202,天福体育酒店,澄迈县,墩茶互通与300县道交叉口东60米,,,,19.870568,109.915219,
202,澄迈老城天宇汇酒店(南海大道店),澄迈县,老城镇丽海阳光3号楼108号,,,,19.966942,110.137792,
202,V8plus欢临酒店(澄迈老城软件园店),澄迈县,老城镇南海大道1133号1层,,,,19.952389,110.128594,
202,澄迈青春主题客栈,澄迈县,金江镇文明路54号,,,,19.738994,110.004123,
202,华廷雲上酒店(澄迈老城软件园店),澄迈县,南海大道59号,,,,19.950733,110.127532,
202,澄迈金鸿星宾馆(澄迈县金江店),澄迈县,华兴路34号,,,,19.741384,110.005139,
202,澄迈泰福宾馆(文明路店),澄迈县,文明路82号,,,,19.737369,110.004876,
202,潭牛大酒店(澄迈金江客运站店),澄迈县,金江镇环城西路兴长巷1号,,,,19.739520,110.003337,
202,华夏旅居度假公寓(澄迈老城南海之滨店),澄迈县,老城镇老城经济开发区南海大道与南站出口路交汇处南海之滨A1号楼1单元101室,,,,19.971102,110.145501,
202,田园时光主题酒店,澄迈县,金江镇华兴路25号,,,,19.741585,110.004567,
202,格林豪泰酒店(澄迈软件园店),澄迈县,南海大道1132号,,,,19.943958,110.130633,
203,琼海森林湖大酒店,定安县,黄竹镇首创森林湖住宅公寓楼1号楼,,,,19.448753,110.444723,
203,春阳假日酒店,定安县,见龙大道602号,,,,19.682559,110.354322,
203,群星宾馆(沿江二路店),定安县,大众中路附近,,,,19.696653,110.326673,
203,定安汇隆大酒店,定安县,龙门镇吉龙路1号,,,,19.442229,110.328934,
203,椰利亚酒店(定安汽车站店),定安县,定城镇和平南路33号,,,,19.694644,110.330471,
203,定安乡村一号酒店,定安县,黄竹镇文明中路304号,,,,19.464132,110.446013,
203,定安兰亭季宾馆,定安县,定城镇岳崧路78号,,,,19.682619,110.347963,
203,定安燕山宾馆,定安县,沿江二路41号周六福珠宝旁,,,,19.698461,110.326241,
203,艺选安來酒店(定安车站店),定安县,人民南路20号,,,,19.695579,110.325122,
203,湘苑商务宾馆,定安县,定城镇塔岭开发区塔北路(国通快递对面),,,,19.683370,110.347514,
203,定安华盛智慧酒店(定安汽车站店),定安县,见龙大道252号,,,,19.696018,110.332216,
203,悠谷客栈(定安汽车站店),定安县,见龙大道172号,,,,19.696638,110.326019,
203,悉时智选酒店(海口定安汽车站店),定安县,定城镇回龙路23号,,,,19.698078,110.326328,
203,如家派柏·云酒店(见龙大道店),定安县,弘诲路1号烟草专卖局,,,,19.687960,110.346529,
203,定安梦幻主题酒店,定安县,鹏程超市旁边,,,,19.675447,110.374742,
203,新皇祺宾馆(定安汽车站店),定安县,定城镇文体路77号,,,,19.699530,110.327052,
203,定安皇华宾馆(定安汽车站店),定安县,定城镇和平南路27号,,,,19.694930,110.331243,
203,定安燕辉宾馆,定安县,和平南路,,,,19.696013,110.331737,
203,定安龙沁园宾馆,定安县,见龙大道与和平南路交叉口东南角,,,,19.695835,110.332057,
203,定安馨牡丹宾馆,定安县,定城镇塔北路67号,,,,19.681287,110.352107,
203,定安金迪宾馆,定安县,见龙大道536号,,,,19.687471,110.347178,
203,陶然里民宿(定安人民医院店),定安县,弘诲路29号,,,,19.686252,110.345825,
203,OYO燕鲸宾馆(太子神皇庙文体路店),定安县,定城镇见龙大道211号,,,,19.697093,110.326746,
203,都市花园酒店(定安汽车站店),定安县,见龙大道碧景阳光小区门面101号,,,,19.694149,110.335404,
203,定安莱希漫酒店(和平南路店),定安县,和平南路81号,,,,19.692297,110.328476,
204,海口翔海宾馆,琼山区,凤翔西路-大园路8号,,,,19.987724,110.350630,
204,海口流星宾馆,美兰区,海尚明居南门东60米,,,,20.039898,110.363002,
204,海口热潮青年旅舍,琼山区,凤翔街道凤翔西路30号金城大厦405室,,,,19.986613,110.343991,
204,海口和盛宾馆,美兰区,和平南路25号,,,,20.035558,110.352294,
204,鑫海公寓(海口城西路店),龙华区,城西路168号,,,,19.990068,110.335460,
204,海口福鑫宾馆(海大南门夜市店),美兰区,三西路肯德基斜对面1号楼3层,,,,20.051479,110.340890,
204,海口蓝天城宾馆,美兰区,昌洋路68号,,,,19.984652,110.476693,
204,海口九龙宾馆,美兰区,新风街17号,,,,19.879546,110.604882,
204,海口Banana巴纳纳国际青年旅舍,美兰区,海甸岛人民大道21号梨园小区6号别墅3-4栋,,,,20.053399,110.342156,
204,海口香灵酒店(灵山镇美兰机场店),美兰区,灵山镇琼文大道93号,,,,19.967664,110.437655,
204,海口舒雅旅馆,秀英区,秀英大道21号,,,,20.009143,110.281691,
204,曾戎民宿(海南工商职业学院琼台学院店),琼山区,滨江街道办府城镇东门耀华新村B型1号别墅,,,,20.005512,110.360474,
204,海口燕阳客房,龙华区,南沙路100号(省电视台对面),,,,20.001046,110.322133,
204,海口金裕宾馆,琼山区,凤翔东路2号(近师大、凤翔湿地公园),,,,19.986615,110.351409,
204,阳光天豪宾馆(海口东站海南医科大学店),龙华区,山高村163号,,,,19.985930,110.337115,
204,海口潇湘明珠民宿(美兰机场店),美兰区,演丰镇美兰墟机场六横路5号,,,,19.939799,110.496849,
204,海口福源宾馆(鹏晖广场店),美兰区,海甸岛海彤路12号,,,,20.054608,110.354093,
204,琼驿宾馆(凤翔东路店),琼山区,凤翔东路6号,,,,19.989633,110.375751,
204,万国酒店(海口骑楼老街友谊阳光城店),龙华区,大同路26号万国大都会B座L层1楼前台,,,,20.031573,110.339249,
204,海口秀英双拥招待所(海港学校店),秀英区,双拥路8号(距离海边1公里近海口汽车西站),,,,20.014195,110.279495,
204,海口金甸酒店(骑楼老街海南大学店),美兰区,海甸岛人民大道15号,,,,20.051654,110.341664,
204,宜品假日酒店(海口美兰国际机场店),美兰区,振兴路8号,,,,19.936084,110.493121,
204,海口乙歆旅店,美兰区,海甸岛人民西里277号,,,,20.050975,110.339725,
204,春都酒店(海口高铁东站南北水果批发市场店),琼山区,振发路16号(琼山侨中旁),,,,19.987142,110.366448,
204,海口湘南宾馆(海南师范大学店),琼山区,龙昆南路92号,,,,19.997516,110.340093,
205,椰风情宾馆(儋州汽车总站店),儋州市,东坡路2号,,,,19.519979,109.570527,
205,天涯时尚·酒店(儋州洋浦店),儋州市,洋浦经济开发区吉浦路(原利浦宾馆),,,,19.737046,109.208589,
205,儋州新连新旅馆(那大伏波中路店),儋州市,那大镇伏波中路168号,,,,19.528717,109.563549,
205,儋州海花岛云熙海景民宿,儋州市,白马井镇海花岛二号岛306栋,,,,19.676010,109.202439,
205,军创连锁酒店(儋州中兴大道汽车站店),儋州市,中兴大街X2-1号,,,,19.519142,109.574118,
205,儋州凯瑞精品酒店(白马井镇店),儋州市,白马井镇南海渔村住宅小区A17号,,,,19.698787,109.226604,
205,海花岛差不多海景美宿,儋州市,白马井镇海花岛二号岛澜湾社区3栋2017室,,,,19.673725,109.200894,
205,儋州恒心宾馆(那大汽车站店),儋州市,龙腾西路41号,,,,19.516936,109.566732,
205,卡尔曼公寓(海花岛店),儋州市,白马井镇滨海大道海花岛2号岛258栋113室,,,,19.677075,109.194236,
205,儋州海航新天地酒店,儋州市,那大镇中兴大道168号,,,,19.518602,109.589504,
205,儋州·不知冬来海景民宿(海花岛店),儋州市,白马井镇海花岛2号岛经八路263栋1605室,,,,19.673807,109.195886,
205,儋州兆元宾馆(那大夏日广场店),儋州市,那大镇兴隆路34号(新市委办公大楼北侧),,,,19.522132,109.580530,
205,旅居家公寓(儋州海花岛店),儋州市,白马井镇中国海南海花岛2号二期258栋114,,,,19.676917,109.194079,
205,蜜屿轻心海景民宿(海花岛店),儋州市,白马井镇海花岛二号岛267栋515室,,,,19.673887,109.196840,
205,儋州美林洲酒店,儋州市,那大镇中兴大街富龙小区A11号,,,,19.518272,109.568987,
205,顺龙·丽栖酒店(儋州那大夏日广场店),儋州市,中兴大街112-2号(近市政府、第二中学),,,,19.518946,109.584324,
205,儋州军创商务宾馆(汽车总站那恁路夜市店),儋州市,那凭路63号,,,,19.515914,109.569929,
205,怡佳精品酒店(儋州中兴大街汽车站店),儋州市,那大镇那恁路151号,,,,19.515423,109.565993,
205,汇金商务宾馆(人民医院店),儋州市,大通路与福通西街交叉口东50米,,,,19.506309,109.578340,
205,金碧物业悦享民宿(海花岛店),儋州市,白马井镇海花岛2号岛346栋A单元308房,,,,19.676598,109.202608,
205,儋州·海可以轻奢海景民宿(海花岛店),儋州市,白马井镇海花岛2号岛341栋204室,,,,19.684075,109.205075,
205,海棠边民宿,儋州市,白马井镇海花岛2号岛294栋101室,,,,19.677975,109.201025,
205,宜佳优品酒店公寓(白马井店),儋州市,白马井镇中九路交个朋友娱乐驿站对面,,,,19.702982,109.223668,
205,儋州蓝海湾商务宾馆,儋州市,白马井镇中九路,,,,19.703070,109.224619,
205,海花岛爱琴海民宿,儋州市,白马井镇恒大海花岛2号岛256栋126,,,,19.675890,109.194214,
206,万都大酒店(万宁高铁站店),万宁市,万城镇红专西路(中国移动通信对面),,,,18.790509,110.383018,
206,万宁佳佳商务酒店,万宁市,万城镇红专中路4号,,,,18.793888,110.393465,
206,东方花园温泉大酒店,万宁市,兴隆温泉旅游城温泉大道8号,,,,18.747820,110.215726,
206,万宁凯伦乐商务酒店(市中心店),万宁市,光明路,,,,18.794959,110.386586,
206,希尔悦万宁大酒店,万宁市,文明北街,,,,18.802259,110.390769,
206,广隆旅租(万宁兴隆店),万宁市,兴兴路42号,,,,18.749775,110.208975,
206,大洲岛度假山庄,万宁市,长丰镇马坡,,,,18.795155,110.348703,
206,ROOTSSHAREHOUSE民宿,万宁市,日月湾田新村委会黄土坵村五队0159号,,,,18.637037,110.211178,
206,乐园国际酒店(万宁高铁站店),万宁市,万城镇人民中路179号万宁地税局对面,,,,18.796534,110.384246,
206,百年酒店(万宁市中心店),万宁市,万城镇环市一路与文明北路交汇处,,,,18.802945,110.391278,
206,万宁椰林渔舍酒店,万宁市,223国道附近,,,,18.984065,110.518346,
206,NEXTDOOR后门青年旅社(万宁日月湾店),万宁市,南林农场前线队54号,,,,18.638330,110.215064,
206,印迹民宿国际青年旅舍(万宁神州站王府井免税港店),万宁市,礼记镇莲花村委会凤山村036号,,,,18.728833,110.303892,
206,万宁福源楼旅馆,万宁市,兴隆镇兴隆大道368号,,,,18.741000,110.209539,
206,万宁游蓝青旅(神州半岛店),万宁市,神州半岛旅游度假区岛屿路岛屿院A区B006栋,,,,18.679077,110.358570,
206,万宁永兴楼(南洋风味店),万宁市,兴兴路53号,,,,18.749769,110.208223,
206,云涧小筑青旅民宿(万宁石梅湾店),万宁市,礼纪镇石梅湾石村口359号,,,,18.665842,110.266358,
206,万宁泊雅酒店(华亚城高铁站店),万宁市,万城镇建设南路40号,,,,18.795067,110.381957,
206,万家惠商务酒店,万宁市,人民中路151号(人民中路92号)Xiecheng China,,,,18.797231,110.386360,
206,万宁聚贤庄度假酒店,万宁市,[],,,,18.794767,110.341859,
206,兴隆温泉金日酒店,万宁市,[],,,,18.748880,110.232292,
206,GAR'S猫窝民宿,万宁市,田新村委会外村四队,,,,18.632002,110.208130,
206,万宁兴隆隆泉楼,万宁市,兴隆农场兴兴路50号,,,,18.749825,110.208825,
206,登景城商务酒店,万宁市,万城镇环市一路,,,,18.802202,110.382445,
206,万宁铂鑫楼旅租(兴隆中心市场店),万宁市,兴隆镇兴兴路52号,,,,18.749891,110.208640,
207,博鳌榕夏青年旅舍(琼海大榕树店),琼海市,滨海大道与鳌翔路交叉口北420米,,,,19.179474,110.589558,
207,海丰电竞酒店(琼海人民医院店),琼海市,金山路6号,,,,19.250122,110.468627,
207,琼海广通大酒店,琼海市,富海路11号,,,,19.253728,110.475556,
207,琼海金星宾馆(爱华东路店),琼海市,爱华路276号嘉积桥头附近,,,,19.236799,110.460278,
207,琼海鸿锦宾馆(先锋商业城店),琼海市,兴海中路1号(浩丰饮食店旁边),,,,19.253506,110.475498,
207,七天酒店琼海琼海汽车站店(元亨街分店),琼海市,元亨街128号烟草大厦,,,,19.239700,110.468324,
207,旺角楼酒店(富港街),琼海市,博鳌潭门镇加潭街38号,,,,19.239603,110.615287,
207,贝壳酒店(博鳌海的故事店),琼海市,滨海大道177号,,,,19.165533,110.587825,
207,豪隆酒店(琼海店),琼海市,嘉积镇金海路161号,,,,19.257708,110.466505,
207,琼海好马商务酒店(银海杂粮街店),琼海市,嘉积镇银海路与金海路交叉口西约200米路北(琼海市消费者协会斜对面),,,,19.258508,110.463982,
207,泰和智能酒店,琼海市,富海路50号(人民医院急诊科斜对面),,,,19.249939,110.469284,
207,琼海嘉欣商务宾馆,琼海市,银海路(夜色酒吧旁),,,,19.257382,110.460533,
207,小雨滴民宿(博鳌海的故事店),琼海市,莲花街63号,,,,19.164063,110.586292,
207,悦百海景度假美宿,琼海市,潭门镇滨海大道8号融创金成博鳌金湾欢乐海岸E栋5A08,,,,19.226314,110.620147,
207,琼海一宿雅居旅租,琼海市,博鳌镇安置区西埇路,,,,19.169465,110.585137,
207,琼海川鳌宾馆(海桂学校店),琼海市,博鳌银海路春笋渔村后面,,,,19.259593,110.464458,
207,琼海企业家商务酒店,琼海市,元亨街65号(亮妆对面),,,,19.240144,110.471306,
207,琼海美格酒店,琼海市,海滨街161号,,,,19.164921,110.587072,
207,桔桔民宿,琼海市,莲花街65号,,,,19.164415,110.586516,
207,如意智慧酒店,琼海市,加积镇爱华东路(中国平安斜对面),,,,19.240445,110.479156,
207,悦茹海景度假民宿(琼海博鳌金湾店),琼海市,博鳌金湾蔚蓝海岸E栋307房,,,,19.227849,110.621231,
207,琼海博鳌畔海栖岸民宿,琼海市,莲花街30号,,,,19.162939,110.586310,
207,雨树美宿(琼海博鳌店),琼海市,博鳌镇锦绣街32号,,,,19.163187,110.585871,
207,琼海雅靓旅馆,琼海市,嘉积镇新民37号,,,,19.240958,110.464389,
207,彩虹24小时连锁酒店(琼海嘉积镇软件学院店),琼海市,嘉积镇德海东路34号,,,,19.254869,110.474069,
208,如皋海北宾馆,如皋市,如城镇文峰大世界河北88米,,,,32.401024,120.564179,
208,长风宾馆(教育路店),崇川区,教育路45号(紫东花苑北大门对面),,,,32.013537,120.904055,
208,星月宾馆(长江中路店),如皋市,长江镇春江花苑三期,,,,32.105699,120.584656,
208,拾宿酒店(水绘园店),如皋市,如城街道锦绣街32号,,,,32.389866,120.565129,
208,如东金鹰商务宾馆,如东县,海花路与友谊东路交汇处,,,,32.302012,121.184074,
208,南通联运宾馆,崇川区,青年中路229号(体育公园地铁站1号口步行330米),,,,32.003547,120.859094,
208,海安金典宾馆,海安市,通阳东路128号,,,,32.513339,120.392647,
208,启东花园宾馆,启东市,汇龙镇江海北路958号,,,,31.819088,121.664726,
208,春秋快捷酒店(总部直营店),海安市,通榆中路89号,,,,32.534871,120.484454,
208,如皋银河宾馆,如皋市,大华街20号,,,,32.387066,120.554132,
208,丽都宾馆(青园路),如东县,青园南路40-2号,,,,32.303641,121.180351,
208,乐家宾馆(南通大学附属医院店),崇川区,南大街218号信普大厦2层,,,,32.008363,120.867613,
208,如皋悦来宾馆,如皋市,长江东路春江花苑三期C楼09号,,,,32.105536,120.584198,
208,南通鑫源宾馆,崇川区,新开南路B段4号,,,,31.915959,120.939534,
208,99假日旅店(佰富华购物中心店),通州区,金沙街道市民广场东块B-8、9号二层向北,,,,32.085946,121.074423,
208,兴港宾馆,如皋市,长江镇长江东路289号,,,,32.102678,120.577024,
208,凌云商务宾馆(如皋正翔广场店),如皋市,益寿路588号,,,,32.388046,120.552190,
208,南通黄山宾馆,通州区,三余镇人民路80号(肯德基对面),,,,32.133673,121.287846,
208,南通市礼玥颐居酒店(南通火车站万象城店),崇川区,江海大道558号鸿鸣摩尔9号楼,,,,32.044965,120.856246,
208,五洲宾馆(邮电巷),启东市,邮电巷3号,,,,31.806708,121.665987,
208,广宏宾馆(国强路),崇川区,国强路86号(南通广宏船舶工程有限公司),,,,32.048327,120.893258,
208,如东好运来商务宾馆,如东县,掘港街道友谊路52-6号,,,,32.301982,121.183329,
208,海安温馨旅馆,海安市,鑫来路55号旅馆住宿,,,,32.540248,120.484650,
208,汇园宾馆(中兴街道社区卫生服务中心西南),崇川区,汇园小区12幢2层,,,,31.922424,120.927744,
208,丽都商务宾馆,如东县,洋口镇洋口大道东侧金地广场A1幢,,,,32.542102,121.021943,
209,连云港汇众旅馆,海州区,瀛洲路16号锦绣华庭a6号楼1单元,,,,34.594989,119.191062,
209,金华商务酒店(赣榆汽车南站店),赣榆区,青口镇华中南路36号赣榆汽车客运站,,,,34.826318,119.121490,
209,连云港海霞星苑酒店,赣榆区,黄海路62号,,,,34.839878,119.133357,
209,灌云金苑商务宾馆,灌云县,伊山南路202号(近灌云汽车站),,,,34.284425,119.254379,
209,连云港爱神宾馆,海州区,解放西路港利新城5号楼,,,,34.602405,119.167965,
209,安华精品酒店(连云港苍梧绿园店),海州区,郁洲南路绿东方花园B-54号,,,,34.594639,119.199938,
209,金秋快捷宾馆(学院路店),海州区,学院路28-29-2,,,,34.593326,119.226948,
209,锦江之星(连云港灌南县店),灌南县,人民中路5号新街口商贸城,,,,34.086375,119.320881,
209,维尼斯风尚酒店,赣榆区,青口镇黄海西路与义塘路交汇处18号威尼斯,,,,34.841327,119.114540,
209,都市118连锁酒店,灌云县,伊山镇振兴北路152号,,,,34.307289,119.266135,
209,都市118精选酒店(赣榆吾悦广场店),赣榆区,青口镇黄海路81号,,,,34.840418,119.140143,
209,金洋宾馆(海安路),赣榆区,海头镇海前村761号,,,,34.931450,119.174727,
209,江湾宾馆(南极南路店),海州区,南极南路5号,,,,34.594727,119.175854,
209,连云港华超酒店(在海一方嘉瑞宝店),连云区,墟沟东园路2-2号,,,,34.738886,119.368229,
209,海头宾馆,赣榆区,海头镇海前村,,,,34.933984,119.175610,
209,骏怡连锁酒店(连云港通灌路步行街店),海州区,通灌北路123-4号,,,,34.606146,119.181069,
209,格林豪泰酒店(灌南堆沟港镇店),灌南县,灌南县堆沟港镇新城商业街1号,,,,34.336228,119.720644,
209,尚客优快捷酒店(连云港海连中路店),海州区,海连中路104-2号,,,,34.595927,119.178613,
209,锦江之星酒店(连云港东海步行街高铁站店),东海县,牛山镇和平中路6号,,,,34.521927,118.763795,
209,格林豪泰智选酒店(灌南人民西路店)(拥军门店),灌南县,人民西路106-107号,,,,34.087484,119.325701,
209,速8精选酒店(苏宁广场大润发店),海州区,陇海东路77-1-160号(大润发超市对面),,,,34.609370,119.191914,
209,连云港南一电竞公寓,海州区,人民路9号名典公寓2楼206-210号,,,,34.609752,119.165992,
209,连云港金橘苑宾馆,海州区,汽车总站对面C楼3单元102室,,,,34.610395,119.169802,
209,如家酒店neo(东海牛山北路水晶城步行街店),东海县,牛山北路106-2-1-8号,,,,34.529620,118.767630,
209,怡苑宾馆(时代广场店),赣榆区,新东方市场南门对面怡苑宾馆,,,,34.836720,119.133077,
210,布丁酒店(南京仙林大学城店),栖霞区,仙林大道118号a-21,,,,32.094203,118.928144,
210,安雅旅馆(螃蟹一条街店),秦淮区,五老村街道羊皮巷15号1单元201室,,,,32.036100,118.786501,
210,登泰宾馆(小市地铁站店),鼓楼区,小市街188号(小市地铁站向东200米),,,,32.093959,118.789895,
210,宅小窝女生青年旅舍(南京新街口店),鼓楼区,汉中路8号金轮新天地购物中心F4层,,,,32.042532,118.779806,
210,九九聚家商务宾馆(南京站红山动物园店),玄武区,龙蟠路37-1号,,,,32.090028,118.789097,
210,南京金红旅社(延安北路店),六合区,薛营135号(方州广场地铁站2号口步行360米),,,,32.356626,118.848112,
210,星际青年旅舍(南京夫子庙秦淮河店),秦淮区,中华路363号中华园商住楼5层510室,,,,32.019225,118.783899,
210,蓝湾酒店,雨花台区,板桥街道雄风路303号,,,,31.912037,118.645187,
210,月光宝盒青年旅社(南京胜太路地铁站店),江宁区,双龙大道1390号1392号,,,,31.940332,118.821202,
210,南京仙林公寓,栖霞区,"文枢东路仙林新村南区31幢106室,近学思路",,,,32.095411,118.912634,
210,熙住·新青年旅舍(钟山风景区苜蓿园地铁站店),玄武区,中山门大街9号(苜蓿园地铁站2号口旁),,,,32.040121,118.833874,
210,新大新宾馆(镇北路店),高淳区,镇北路22号2层,,,,31.323950,118.868248,
210,美橙快捷酒店(南京大厂十村步行街店),六合区,葛关路93号(葛关路和旭东路十字东南方向),,,,32.224916,118.765612,
210,康迪快捷宾馆,秦淮区,文思巷建康路409号建康花苑2幢,,,,32.024903,118.796032,
210,7天连锁酒店(南京大厂步行街店),六合区,沿江工业开发区长冲步行街59号嘉泰大厦,,,,32.231385,118.763350,
210,南京尊华宾馆,栖霞区,迈皋桥万寿沁苑二村E幢5号,,,,32.123421,118.843379,
210,南京流苏自助公寓(仙林大道万达茂店),栖霞区,西岗街道仙林大道181号万达茂中心B座21楼2130室,,,,32.120967,118.988800,
210,泰和宾馆(南京诚信大道地铁站店),江宁区,双龙大道2222号(诚信大道地铁站3C口步行490米),,,,31.913924,118.827810,
210,都市驿家影院公寓(星火路地铁站店),浦口区,星火路地铁站3号口步行240米,,,,32.158341,118.694081,
210,易佰良品酒店(南京东南大学诚信大道地铁站店),江宁区,诚信大道988-8栋殷巷华润苏果超市4楼,,,,31.908806,118.831411,
210,猫仔屋青年旅社(南京夫子庙秦淮河风光带店),秦淮区,升州路183号,,,,32.025401,118.777528,
210,不舟女生青年旅舍(南京新街口夫子庙店),秦淮区,洪武路街道洪武路359号福鑫国际大厦西塔楼35层3504室,,,,32.029555,118.787056,
210,苏商宾馆(南京龙眠大道地铁站店),江宁区,天元东路783号(距离地铁龙眠大道站下来100米),,,,31.939423,118.871225,
210,枫之尚酒店(南京禄口机场金城学院店),江宁区,禄口街道铜山金城商业街6-027号,,,,31.701600,118.881941,
210,优百酒店(下马坊地铁站农业大学店),玄武区,卫岗21号10幢101室,,,,32.036893,118.842400,
211,都市118(苏州观前街拙政园店),姑苏区,临顿路西花桥巷1号(悬桥巷地铁站2号口步行380米),,,,31.317287,120.627875,
211,常熟商旅668宾馆,常熟市,红旗北路1号,,,,31.638122,120.745974,
211,昆山盛源宾馆,昆山市,富华路35号春风里野味馆旁,,,,31.355667,120.997329,
211,苏州银河宾馆,吴江区,舜新南路2169号,,,,30.898701,120.658736,
211,苏州阿三的青年旅舍,姑苏区,相门后庄80号5栋,,,,31.307666,120.645429,
211,苏州集源宾馆,姑苏区,书院巷32号(三元坊地铁站1号西南口步行210米),,,,31.297599,120.621113,
211,布丁严选酒店(苏州观前拙政园店),姑苏区,白塔西路79号,,,,31.317215,120.623856,
211,布丁酒店(苏州吴中汽车站店),吴中区,广建路10号(石湖东路地铁站2号口步行420米),,,,31.248591,120.630449,
211,苏州顺德旅社,吴中区,木渎镇香港街1号,,,,31.256130,120.512160,
211,苏州观中客栈,姑苏区,观前街洙泗巷48号(漂亮宝贝店旁),,,,31.312837,120.627372,
211,99旅馆连锁(苏州淮海街沙金桥地铁站店),虎丘区,玉山路78号华达大厦3层,,,,31.288693,120.564268,
211,不觉晓青年旅舍(山塘街石路地铁站店),姑苏区,广济南路18号石路小镇A区5-201,,,,31.306588,120.600970,
211,好艺家青年民宿(金枫路地铁站店),吴中区,木渎镇金枫南路289号枫华广场2栋913室,,,,31.270716,120.530494,
211,常熟为民旅馆,常熟市,招商城招商西路76号,,,,31.627331,120.739696,
211,东升宾馆(松陵店),吴江区,松陵镇交通南路3032号,,,,31.158022,120.651589,
211,昆山华亚宾馆(合丰公园店),昆山市,春阳路78号,,,,31.339738,121.002124,
211,张家港华昌宾馆,张家港市,长安中路512号,,,,31.875736,120.547311,
211,华港宾馆(火车站南广场店),姑苏区,平四路87号(苏州火车站南广场对面),,,,31.326487,120.613451,
211,苏州小雅青年旅舍,姑苏区,大新桥巷21-1号,,,,31.315437,120.635450,
211,苏州山水庭宾馆(苏州科技大学石湖校区店),虎丘区,横塘街道科锐路汇金新地9-123号,,,,31.254006,120.575740,
211,名山一家大酒店,吴中区,灵天路589号,,,,31.277322,120.504835,
211,雅乐宾馆(汽车南站店),姑苏区,迎春路430号(汽车南站出口向南约500米),,,,31.276436,120.638650,
211,昆山尚优宾馆,昆山市,陆家镇富荣北路331号,,,,31.317339,121.035583,
211,易佰良品酒店(观前街十梓街店),姑苏区,十梓街467号,,,,31.301354,120.628212,
211,苏州37度灰青年民宿,姑苏区,苏锦街道苏站路1398号喜临门商业广场4幢8018室,,,,31.333595,120.612819,
212,宿迁天伦宾馆(中央商场店),宿城区,东大街凤凰城B区101号,,,,33.952015,118.302503,
212,猿洲宾馆,泗洪县,泗州大街6号,,,,33.459430,118.210270,
212,泗洪宝得利宾馆(商贸广场店),泗洪县,青阳镇阳光世纪花城商业中心1段02号,,,,33.459394,118.191971,
212,宿迁富春商务宾馆(马陵河路店),宿城区,马陵河路38-9号,,,,33.957799,118.308082,
212,格林豪泰(宿迁泗洪人民南路步行街快捷酒店),泗洪县,人民南路和谐佳苑8号楼,,,,33.455519,118.217880,
212,王集新城大酒店,泗阳县,王集镇北京路镇政府东侧,,,,33.868069,118.741258,
212,沭阳宾馆,沭阳县,无锡东路19号,,,,34.130183,118.783064,
212,格林豪泰快捷酒店(宿迁项王东路宿豫教育局店),宿豫区,项王东路26号,,,,33.941302,118.336831,
212,佰易连锁旅店(宿迁泗洪步行街店),泗洪县,泗洪县步行街7幢(乐天玛特西100米),,,,33.457175,118.219775,
212,宜家商务宾馆(宿迁汽车站店),宿城区,西湖上城15-3商铺,,,,33.944636,118.269472,
212,尚客美精选酒店(泗洪双沟镇汽车站店),泗洪县,双沟镇建设路鑫泰广场2栋,,,,33.231584,118.185147,
212,宿迁玉苑宾馆(汽车客运站店),宿城区,开发区聚龙花园1幢楼109室,,,,33.945049,118.274203,
212,状元府大酒店(汴东路),泗洪县,汴河东路2号,,,,33.460769,118.224503,
212,7天连锁酒店(宿迁双庄汽配城店),宿城区,双庄汽配城南门西200米,,,,33.938048,118.241452,
212,龙腾精品酒店,泗洪县,青阳南路好旺角2号楼,,,,33.459042,118.222649,
212,布丁酒店(泗洪第一人民医院店),泗洪县,体育北路富园天郡东门23幢203-210,,,,33.469588,118.214250,
212,如家酒店·neo(宿迁西湖路汽车总站店),宿城区,西湖路133号,,,,33.950384,118.281938,
212,如家睿柏·云酒店(泗洪步行街店),泗洪县,青阳镇人民南路19号,,,,33.455931,118.217664,
212,花都假日宾馆(汽车站店),宿城区,西湖路328号城宇大厦13楼,,,,33.946292,118.274415,
212,天目虹枫大酒店(宿迁马陵公园店),宿城区,黄河路88号近洪泽湖路马陵公园北侧,,,,33.961933,118.295351,
212,沭阳金三角宾馆(中央商场店),沭阳县,上海中路金三角商城8号楼,,,,34.129052,118.780883,
212,布丁酒店(宿迁楚街荷花池店),宿城区,西楚农贸市场西大门向北50米,,,,33.952645,118.285185,
212,宿迁都市118连锁酒店(中央商场店),宿城区,西湖路58号(中央商场路北边),,,,33.951321,118.302597,
212,尚客优酒店(泗洪双沟镇东大街店),泗洪县,双沟镇东大街盛世华庭18号楼1-3层,,,,33.228641,118.189483,
212,绿洲酒店(宿迁沭阳高速出口店),沭阳县,迎宾大道776号,,,,34.105826,118.825371,
213,淮安华泰招待所,清江浦区,乐园步行街19幢1单元2层202,,,,33.598356,119.022358,
213,淮安锦航旅馆,淮阴区,杨井小区C区3排2号,,,,33.627238,119.058287,
213,遇程影音连锁酒店(淮阴师范学院第一人民医院店),淮阴区,威尼斯城市佳苑1号,,,,33.633190,119.018377,
213,涟水宾馆(北店),涟水县,红日路西11号(检察院对面),,,,33.780185,119.257774,
213,淮安淮北宾馆,淮阴区,王营镇台州商城3幢203号,,,,33.647067,119.029765,
213,淮安星光宾馆,淮阴区,北京北路524-30号,,,,33.625934,119.009461,
213,格林豪泰智选酒店(淮安一院淮阴师范北京北路店),淮阴区,北京北路528号,,,,33.627597,119.009361,
213,富轩宾馆,盱眙县,龙城新天地8号楼1-18号,,,,33.011569,118.524703,
213,淮安曙光大酒店,淮安区,曙光双语学校北侧,,,,33.476789,119.154888,
213,淮安红太阳宾馆,清江浦区,瑞祥花苑东北门旁,,,,33.604137,119.020523,
213,淮安龙城宾馆,淮安区,城西北路河下大桥向200米,,,,33.527873,119.129502,
213,格林豪泰智选酒店(淮阴工学院爱民路店),清江浦区,爱民路9号,,,,33.602681,119.014941,
213,宝莱宾馆(淮海中学店),淮阴区,承德北路营东开发区519号(洗浴一条街),,,,33.616376,119.032821,
213,盱眙怡家快捷宾馆(淮安市),盱眙县,五墩西路6号(电信大楼西侧),,,,32.996051,118.517713,
213,金湖金海岸宾馆,金湖县,健康路21号,,,,33.019370,119.017588,
213,格林豪泰(淮安健康西路工学院店),清江浦区,健康西路73-1号(健康西路与西安路交叉口),,,,33.607728,119.000513,
213,365快捷宾馆,淮安区,西门大街59号(文通中学斜对面),,,,33.508965,119.140989,
213,格林豪泰酒店(盱眙汽车站尅街店),盱眙县,金源北路32号,,,,33.007481,118.523874,
213,盱眙东方宾馆,盱眙县,东方商城I-32号,,,,32.997856,118.519133,
213,汉廷酒店(钵池山公园店),清江浦区,深圳路6号(悦活城南京银行旁),,,,33.588732,119.062635,
213,都市118酒店(淮安区车桥镇店),淮安区,车桥镇吕舍村一组239号,,,,33.464014,119.390127,
213,格林豪泰(洪泽湖店),洪泽区,大庆南路4号,,,,33.289148,118.845670,
213,格林豪泰(金湖西路八四广场店),金湖县,金湖西路101号,,,,33.013770,119.007894,
213,淮安楚源宾馆(东门美食街店),淮安区,东门大街411号(总理纪念馆附近),,,,33.510033,119.154213,
213,都市宾馆(荷湖新城店),淮安区,北门大街荷湖星城S7-17号,,,,33.526505,119.143634,
214,舒心宾馆,贾汪区,大泉路8号(近育才路),,,,34.421376,117.469635,
214,徐州泰山宾馆(师范大学店),铜山区,同盛路11号,,,,34.192140,117.181777,
214,徐州磊磊青年旅舍,泉山区,夹河前街36号(光荣巷小学西侧),,,,34.266173,117.177960,
214,睢宁金桥宾馆,睢宁县,新车站对面,,,,33.902323,117.984430,
214,三江旅社,鼓楼区,王大路33号(徐州火车站地铁站5号口步行440米),,,,34.265423,117.202478,
214,邳州金都快捷酒店,邳州市,铁富镇加油站东侧,,,,34.535150,118.037428,
214,金尚宾馆(邳州同盛广场店),邳州市,解放西路48号(同盛广场2栋),,,,34.315657,117.961249,
214,徐州桃园宾馆,鼓楼区,大马路68号民生大厦二楼,,,,34.267526,117.199206,
214,金利商务宾馆(汽车站店),丰县,支农南路58号,,,,34.692485,116.608229,
214,新生快捷宾馆,云龙区,民主南路190-2号,,,,34.253230,117.196303,
214,扬州宾馆,鼓楼区,淮海东路187号(徐州火车站地铁站5号口步行260米),,,,34.265199,117.203527,
214,王府精致酒店,铜山区,棠张镇,,,,34.138702,117.261390,
214,徐州工农旅社,泉山区,工农南路38号(工农路地铁站2号口步行290米),,,,34.257622,117.151076,
214,虹源宾馆(津浦西路店),云龙区,津浦西路9号(徐州火车站地铁站4号口步行270米),,,,34.269249,117.205582,
214,徐州九新宾馆,铜山区,长江西路15号九州大学对面,,,,34.186808,117.159854,
214,文苑旅社(江苏师范大学店),铜山区,"学院路667号,36路公交终点站对面近建筑学院",,,,34.201893,117.183112,
214,睢宁优家宾馆,睢宁县,元府中路时代商城南门,,,,33.898525,117.949036,
214,蓝天宾馆(大榆树街),邳州市,大榆树街14号,,,,34.314136,117.959816,
214,黄金海岸大酒店(邳州东方花园店),邳州市,花园路5号,,,,34.299799,117.969286,
214,新沂现代宾馆,新沂市,南京路3-1号,,,,34.379626,118.351048,
214,睢宁大西洋宾馆,睢宁县,元府西路256号农业局斜对面,,,,33.898734,117.935592,
214,锦江之星酒店(徐州沛县圆球店),沛县,徐沛路193号,,,,34.701909,116.951470,
214,文轩宾馆(柳新镇唐沟社区爱心医院东南),铜山区,迎宾路8号圆盘道东侧,,,,34.358493,117.103469,
214,锦江之星酒店(邳州碾庄店),邳州市,碾庄镇环镇南路佳美花苑西侧50米,,,,34.295493,117.769516,
214,徐州驿嘉园宾馆(矿大文昌校区地铁站店),泉山区,大学城17号楼三楼,,,,34.220595,117.191852,
215,常州金华旅社,金坛区,区薛埠镇盘古路14一5,,,,31.716960,119.378040,
215,常州市武进区东湖旅馆,武进区,湖塘镇鸣新中路65-1号,,,,31.673778,119.939647,
215,常州红星旅馆,武进区,湟里镇村西村委巷头村102号,,,,31.636542,119.719213,
215,常州金佳招待所,金坛区,金城镇焦园村25号,,,,31.749369,119.587860,
215,梅园大酒店,金坛区,西环一路2号,,,,31.749213,119.564598,
215,溧阳华丰宾馆,溧阳市,昆仑南路50号,,,,31.425016,119.500801,
215,常州南山旅馆,天宁区,新丰街西楼2栋(博爱路地铁站3号口步行70米),,,,31.782602,119.967634,
215,如归宾馆(北环西路店),金坛区,北环西路3号金沙大桥旁,,,,31.749039,119.577628,
215,常州兰庭宾馆,天宁区,乾盛兰庭13幢A3-1号,,,,31.762636,119.948612,
215,常州龙江旅馆,新北区,龙虎塘南街96号,,,,31.845124,119.985827,
215,常州馨兰宾馆,天宁区,兰陵北路522-3号,,,,31.761985,119.947511,
215,福缘大酒店(横林店),武进区,横林镇公园路8号,,,,31.686992,120.095358,
215,常州宏盛旅馆,武进区,湖塘镇鸣凰鸣新中路85-2号,,,,31.674968,119.938914,
215,常州月亮湾旅馆,武进区,鸣新中路77-5号,,,,31.674740,119.939023,
215,常州吉安旅馆(吾悦广场店),武进区,湖塘人民中路681号,,,,31.726584,119.945110,
215,金诚宾馆,武进区,中吴大道芳庄段20号,,,,31.710324,120.067643,
215,常州金盛宾馆(高铁北站店),新北区,新桥镇新立名园114号,,,,31.858290,119.960473,
215,常州锦东旅馆,天宁区,锦绣路37号锦绣东苑北区26号楼,,,,31.802578,119.971699,
215,奥园旅馆,新北区,奥园路68-10号,,,,31.853596,119.925371,
215,美怡宾馆,天宁区,朝阳桥南逸东仓桥弄2号,,,,31.764222,119.981470,
215,阳光宾馆(溧阳八佰伴店),溧阳市,平陵中路唐家村54号,,,,31.424589,119.482583,
215,常州星晨旅店,武进区,马杭光电路64号,,,,31.712901,119.985659,
215,芳华宾馆(永新路店),新北区,春江镇圩塘永新路183-185号,,,,31.934711,119.991662,
215,富顿宾馆,金坛区,北环东路558号,,,,31.747685,119.580648,
215,常州天利宾馆,新北区,龙虎塘盘龙苑21号,,,,31.851226,119.984260,
216,盐城慧龙宾馆,大丰区,人民南路102号,,,,33.197094,120.463452,
216,阜宁皇冠大酒店,阜宁县,向阳路国土局旁,,,,33.790745,119.791948,
216,蓝天宾馆(解放西路店),射阳县,解放西路文泽康城小区南大门12号楼8号门市,,,,33.763580,120.232217,
216,射阳南门宾馆,射阳县,解放路389号,,,,33.764253,120.256538,
216,盐城恒北梨园民宿,大丰区,大中街道恒北村,,,,33.160019,120.467559,
216,宏都宾馆(金鹰店),盐都区,解放南路盐都新区商城5号楼,,,,33.343050,120.159140,
216,弘立宾馆(健康西路新词广场店),大丰区,健康西路7-15号,,,,33.199012,120.454291,
216,东台海源商务宾馆(宁树路店),东台市,宁树路46号(中医院西北),,,,32.850211,120.303953,
216,龙泉宾馆(文港路店),亭湖区,文港路78号,,,,33.377597,120.165792,
216,响水公园宾馆,响水县,灌河大桥南首听潮阁公园,,,,34.208858,119.584192,
216,建湖上冈宾馆,建湖县,上冈兴冈路8号,,,,33.532866,120.020901,
216,云海宾馆(盐城开放大道店),亭湖区,开发区开放大道南路13号,,,,33.354509,120.176823,
216,金运楼宾馆,射阳县,红旗西路19号,,,,33.773252,120.237213,
216,盐城华凤宾馆,大丰区,经济开发区祥丰路1号汽车总站综合楼2号楼302室,,,,33.188425,120.415776,
216,天地缘酒店(盐城师范学院高铁站店),亭湖区,开放大道36号(东闸加油站对面),,,,33.380226,120.153562,
216,金海岸大酒店,阜宁县,阜城东大街506号,,,,33.780736,119.812872,
216,东台江南宾馆,东台市,唐洋镇新西街16号,,,,32.633488,120.695879,
216,星期8快捷酒店(盐城高铁站盐镇水街店),亭湖区,经济开发区商业街22号楼,,,,33.357590,120.181224,
216,响水田园宾馆(双园路),响水县,双园路51-2号,,,,34.200080,119.584194,
216,东台玉兰宾馆,东台市,范公中路42号,,,,32.842457,120.333635,
216,盐城吉航宾馆,亭湖区,建军中路22号,,,,33.384493,120.142226,
216,天由大酒店,滨海县,人民南路283号天由大厦F1层,,,,33.988681,119.828524,
216,盐城金港宾馆,大丰区,三龙镇斗龙小街育才路29号,,,,33.461730,120.585464,
216,盐城兴源旅社,亭湖区,育才路45号,,,,33.383781,120.163338,
216,众意宾馆(富康路),亭湖区,盐东开发区九组,,,,33.402340,120.181066,
217,泰州京宁宾馆,姜堰区,罗塘东路88号,,,,32.502439,120.143407,
217,泰州富贵旅馆,姜堰区,人民南路31号,,,,32.480046,120.157143,
217,泰州鑫港商务宾馆,高港区,江平中路15号,,,,32.300347,119.886055,
217,泰州华中旅社,海陵区,青年南路2号-8号,,,,32.445680,119.911250,
217,港湾宾馆,泰兴市,河失镇城黄西路五十号,,,,32.204905,120.140599,
217,泰州东升旅馆,海陵区,海姜大道114号,,,,32.499439,119.973884,
217,OYO田园假日酒店(城黄西路店),泰兴市,河失镇城黄西路60号,,,,32.204702,120.139256,
217,天一宾馆,靖江市,骥江西路468号,,,,32.021998,120.258997,
217,金波宾馆,高港区,春江路345号(近扬子江、大润发超市),,,,32.313114,119.875681,
217,尚客优连锁酒店(泰州汽车西站店),海陵区,扬州路115号,,,,32.498376,119.906301,
217,泰兴星河宾馆,泰兴市,星火路316号,,,,32.175505,120.049172,
217,靖江都市之星宾馆,靖江市,靖城街道骥江西路488号(近上海城、德诚广场),,,,32.022571,120.258001,
217,金悦宾馆,泰兴市,虹桥镇七圩祥福中街(农行对门),,,,32.021770,120.021338,
217,天鸿宾馆,海陵区,海陵南路599号,,,,32.483901,119.917189,
217,金秋快捷宾馆(靖江汽车站店),靖江市,新汽车站出口处,,,,32.002892,120.251826,
217,泰州999商务宾馆,姜堰区,中天新村西大门北侧3号,,,,32.498310,120.166885,
217,7天酒店(长途汽车客运总店),姜堰区,人民中路46-38号,,,,32.484025,120.155575,
217,泰州明明旅馆,海陵区,东方花园公建A-108号,,,,32.484177,119.944405,
217,兴化市金阳旅馆饭店,兴化市,开发区开发区经济开发区五里西路(车管所斜对面),,,,32.915989,119.821893,
217,天祥宾馆,海陵区,寺巷镇振兴路北侧1号,,,,32.416479,119.898507,
217,金钻大酒店(江平路),靖江市,靖城江平路5号,,,,32.012959,120.287259,
217,尚客优酒店(泰州姜堰步行街店),姜堰区,罗塘街道迎宾西路169号新市民广场2号楼308室,,,,32.505674,120.147164,
217,永兴宾馆(扬子江南路店),高港区,江平中路17号,,,,32.300347,119.886055,
217,东方之珠酒店(泰州凤凰东路大学城店),海陵区,凤凰东路6号(近江苏牧医学院),,,,32.455264,119.945893,
217,富海酒店(泰和吾悦广场靖江汽车客运站店),靖江市,南环路富海广场9栋9号,,,,32.001975,120.253286,
218,翠岗宾馆(文昌西路店),邗江区,文昌西路272号,,,,32.392186,119.398307,
218,宝应佳佳商务宾馆,宝应县,金宝巷闻莺新村148号,,,,33.238838,119.339992,
218,扬州忠强旅馆,江都区,新园路3巷24号,,,,32.425095,119.569123,
218,仪征万盛旅馆,仪征市,大通路桥机械有限公司,,,,32.282973,119.142791,
218,扬州缘梦旅馆,邗江区,汊河高桥(汇金谷治安岗亭南侧),,,,32.337166,119.393957,
218,扬州花瓶旅社(职大东门别墅店),邗江区,邗上街道七里甸花瓶苑北门301号,,,,32.395716,119.385980,
218,扬州旅社,广陵区,渡江路98号,,,,32.385806,119.441803,
218,梅园宾馆(扬州文昌西路店),邗江区,富达路宰庄小区91幢,,,,32.392068,119.412211,
218,扬州伊人旅馆,邗江区,四望亭路115号,,,,32.397348,119.426085,
218,仪征天扬旅馆,仪征市,大仪镇345国道边申华苑小区5号111号,,,,32.541131,119.244267,
218,扬州景和宾馆,广陵区,汶河北路24号,,,,32.397050,119.433514,
218,宝应豪都宾馆,宝应县,经济开发区汽车站广场西侧32-33号,,,,33.238453,119.371329,
218,凯瑞宾馆(叶挺东路店),宝应县,叶挺东路2一2幢,,,,33.240461,119.337601,
218,天意宾馆(扬州文昌阁店),广陵区,甘泉路246号,,,,32.388261,119.431567,
218,高邮瑞和宾馆,高邮市,文游中路197-40号,,,,32.776238,119.449367,
218,宝应丽都宾馆,宝应县,宝应大道69号,,,,33.239284,119.371393,
218,扬州天心阁假日酒店,邗江区,汊河街道银河路17号(帝翔大酒店向西100米),,,,32.342287,119.392129,
218,扬州鑫祥宾馆,邗江区,江海学院生活区向东40米,,,,32.327812,119.439304,
218,佳缘旅馆,邗江区,富康城8号,,,,32.337080,119.393635,
218,富华宾馆(扬州瘦西湖店),邗江区,四望亭路311号(近扬子江北路),,,,32.397135,119.414224,
218,华馨宾馆(汤汪北路店),广陵区,[],,,,32.376397,119.461467,
218,扬州金鑫宾馆(东关街店),广陵区,运河西路217号,,,,32.388399,119.461394,
218,速8酒店(扬州江都仙城北路店),江都区,仙城北路8号,,,,32.435723,119.565661,
218,扬州春园招待所,邗江区,文汇东路35号,,,,32.385160,119.427150,
218,扬州莱福宾馆,邗江区,邗江中路莱福花园C幢,,,,32.382287,119.399170,
219,丹阳乐为宾馆,丹阳市,云阳幼儿园南门旁,,,,31.988470,119.580023,
219,文胜宾馆(大润发店),句容市,北大街27-11号,,,,31.950451,119.170642,
219,扬中迎春旅社,扬中市,中勤路36号,,,,32.230502,119.834405,
219,镇江新运旅馆,京口区,谏壁镇越河街25号(交通技校旁),,,,32.171009,119.572680,
219,句容顺顺宾馆,句容市,华阳镇宁杭南路79号(崇明地铁站1号口步行110米),,,,31.944686,119.178294,
219,约克酒店(丹阳火车站店),丹阳市,开发区丹桂路99号,,,,32.011744,119.597449,
219,丹阳丽江宾馆,丹阳市,玉泉路142号,,,,32.001383,119.599578,
219,句容客运旅社(崇明地铁站店),句容市,崇明街道宁杭北路43号句容客运旅社二楼101室,,,,31.943755,119.178031,
219,丹阳静园旅馆(金鹰天地购物广场店),丹阳市,百合苑西南门西北80米,,,,31.994642,119.567582,
219,镇江西湖旅社,丹徒区,谷阳镇湖山路119号,,,,32.108203,119.492954,
219,丹阳市怡心宾馆,丹阳市,东门内大街千家乐园3号楼B区13-14号1楼,,,,31.987709,119.576007,
219,儒里大酒店,京口区,姚桥镇儒里路78号,,,,32.121361,119.770461,
219,丹阳明都大酒店(丹阳店),丹阳市,皇塘镇振兴南路68号,,,,31.778540,119.700483,
219,镇江东方宾馆(苏宁广场科技大学店),京口区,梦溪路江苏科技大学7幢1号,,,,32.198898,119.465150,
219,丹阳新概念公寓酒店,丹阳市,丹凤北路224号,,,,31.995602,119.581977,
219,尚客优酒店(镇江丹阳火车站吾悦广场店),丹阳市,[],,,,32.004776,119.611447,
219,镇江金山湖宾馆,润州区,长江路289号,,,,32.212016,119.412276,
219,格林豪泰(镇江中央大街大润发店),润州区,中山西路2号(电力路与中山西路交叉口),,,,32.203856,119.444011,
219,前程旅馆(跑马山路店),润州区,中山西路89号凯旋广场5栋,,,,32.198494,119.431135,
219,小天鹅宾馆(宝塔山公园店),京口区,学府路71号,,,,32.193046,119.474909,
219,经发精品酒店(吾悦广场店),京口区,丁卯开发区纬五路经发花苑7幢8幢,,,,32.181573,119.501189,
219,舒悦旅馆(镇江站店),润州区,镇江中山西路99号4幢1层2室,,,,32.199489,119.430431,
219,镇江金汇旅社,京口区,谏壁镇于山街53号,,,,32.168273,119.574025,
219,丹阳随缘宾馆,丹阳市,开发区曲园小区5-8号皮革城南大门河对面富丽华旁,,,,32.000880,119.598571,
219,镇江西园宾馆,润州区,朱方路199号,,,,32.204329,119.423590,
220,江阴兴欣宾馆,江阴市,青阳镇锡澄路1431号,,,,31.763063,120.262529,
220,白云酒店,江阴市,澄江中路26号,,,,31.917566,120.282154,
220,宾享旅馆,江阴市,春晖路245号(近人民东路与春晖路交叉口),,,,31.898427,120.292574,
220,江阴宏运招待所,江阴市,丰产巷54号,,,,31.912213,120.271802,
220,南桥客房(积庆街店),江阴市,祝塘镇中街一号,,,,31.766452,120.415589,
220,宏苑商务宾馆,江阴市,人民西路96号,,,,31.901451,120.253638,
220,车站旅馆(江阴璜塘店),江阴市,霞客镇璜塘环东路203号,,,,31.761043,120.346943,
220,无锡安笑客房客栈(2号店),梁溪区,中山路凤宾家园11-13号,,,,31.595890,120.283905,
220,千惠旅馆,惠山区,堰桥街道迎新路237号,,,,31.672169,120.353798,
220,宜兴舒雅宾馆,宜兴市,人民中路82号(交通银行南50米),,,,31.358127,119.815318,
220,江阴柏丽宾馆,江阴市,澄江镇延陵路318号,,,,31.906990,120.289019,
220,无锡长江宾馆,锡山区,新光中路25号,,,,31.585255,120.370333,
220,江阴永泰宾馆,江阴市,云亭街道环南路1号,,,,31.860363,120.347014,
220,无锡凯悦旅馆,锡山区,东亭镇友谊北路84号,,,,31.607294,120.374224,
220,布丁酒店(无锡五爱广场地铁站店),梁溪区,五爱北路8号(五爱广场地铁站3B口步行270米),,,,31.576193,120.291721,
220,无锡鑫达旅馆,锡山区,新光中路3号附近,,,,31.584274,120.370237,
220,无锡好家商务客房,梁溪区,梨花家园50-30-25号,,,,31.596007,120.297168,
220,恒鑫旅馆,江阴市,南闸镇东新街85号,,,,31.855814,120.244203,
220,OYO江阴富盛宾馆,江阴市,绮山路51号,,,,31.897115,120.286622,
220,无锡顺鑫宾馆,惠山区,玉祁镇镇中路26号(中行旁),,,,31.711725,120.183775,
220,江阴月亮湾时尚宾馆,江阴市,长泾镇步行街文化路28号,,,,31.747898,120.483247,
220,金华宾馆,江阴市,周庄镇云顾路411号,,,,31.803669,120.385196,
220,宜兴海滨旅社,宜兴市,阳羡西路金三角西区二号楼,,,,31.381454,119.810847,
220,江阴龙祥旅馆,江阴市,丰产巷6号,,,,31.911818,120.267924,
220,无锡金海宾馆,惠山区,农贸路与龙镇路交汇处,,,,31.643330,120.190499,
221,民和新世纪宾馆(海鸿国际广场店),民和回族土族自治县,川垣大街东源商城70号,,,,36.321270,102.826509,
221,化隆宾馆,化隆回族自治县,西大街,,,,36.097609,102.264233,
221,民和宾馆(西大街),民和回族土族自治县,南大街4号近川口镇人民政府,,,,36.328167,102.803590,
221,加州旅馆(西宁曹家堡机场店),平安区,高铁新区A2小区5号楼,,,,36.509010,102.049874,
221,鑫达假日酒店(平安驿站店),平安区,古驿大道134号(中国联通营业厅对面),,,,36.502128,102.116037,
221,海东康泰大酒店,乐都区,滨河南路1号(藏医院对面),,,,36.474125,102.404096,
221,互助宜家宾馆(海东州),互助土族自治县,新安路威远镇派出所向东100米,,,,36.836888,101.966797,
221,艺选安来酒店(西宁曹家堡机场分店),平安区,河湟新区C1小区(东门)601-606号铺(临近高铁西站),,,,36.508595,102.060572,
221,海东空港之星民宿,平安区,高铁新区下红庄路A1小区20号楼1单元3楼东,,,,36.507938,102.047128,
221,恒通宾馆,平安区,平安镇民和路51号,,,,36.498484,102.111671,
221,方圆宾馆(新乐大街店),乐都区,新乐大街储蓄所斜对面,,,,36.480008,102.402667,
221,银都商务宾馆,乐都区,滨河北路财政局西50米,,,,36.477622,102.406626,
221,海东鹏宇家庭宾馆,平安区,高铁新区F3小区19号楼1单元4楼东,,,,36.506234,102.038310,
221,友佳宾馆,化隆回族自治县,群科镇滩南村团结大道汽车美容中心东南方100米,,,,36.000779,102.027378,
221,化隆途游商务宾馆,化隆回族自治县,丹霞路065号,,,,36.008071,102.017851,
221,心悦商务宾馆,互助土族自治县,卡威段互助索兰卡民族工艺品有限公司向东20米,,,,36.819404,101.992988,
221,暑光宾馆(海东火车站店),平安区,平安大道229号(福盛源楼上、火车站南侧300米),,,,36.500441,102.107513,
221,华丰假日宾馆(海东州店),互助土族自治县,威远镇西大街7号,,,,36.837897,101.951438,
221,海东博客湾快捷酒店(西宁机场海东西站店),平安区,高铁新区古城崖路A6小区26-05号商铺,,,,36.503896,102.053571,
221,民和浠岸酒店(南大街店),民和回族土族自治县,民和南大街11号,,,,36.325808,102.803166,
221,海润宾馆,循化撒拉族自治县,白庄镇科哇路伊嘉乐超市旁,,,,35.716889,102.573866,
221,君悦宾馆,乐都区,碾伯镇秀水湾,,,,36.474935,102.406736,
221,民和星月招待所,民和回族土族自治县,川口镇南大街30号,,,,36.325599,102.802392,
221,互助仑威精品商务酒店,互助土族自治县,北环路万豪建材广场东门,,,,36.840189,101.967344,
221,唯品快捷酒店(西宁曹家堡机场店),平安区,高铁新区西村路C1小区10-03号商铺,,,,36.507945,102.060630,
222,高原红酒店,共和县,恰不恰镇环城东路127号,,,,36.281950,100.625841,
222,贵德古城宾馆,贵德县,栅门街与西大街交叉口西南130米,,,,36.042328,101.429486,
222,丹霞宾馆,贵德县,法院向南200米鼎盛花园,,,,36.039071,101.438246,
222,青海湖云海宾馆,共和县,黑马河路47号,,,,36.725517,99.781957,
222,措温布民宿,共和县,109国道2128公里加,,,,36.616748,100.278071,
222,共和永盛宾馆,共和县,文化街47号,,,,36.277619,100.616863,
222,贵德半岛假日酒店,贵德县,河阴镇南大街64号,,,,36.041145,101.431751,
222,青海湖行者驿站,共和县,石乃亥镇集镇东面市场,,,,36.992549,99.600280,
222,贵德家院宾馆,贵德县,迎宾西路3号,,,,36.039430,101.430581,
222,共和慕名假日宾馆,共和县,环城东路丁字路口45号,,,,36.283442,100.625726,
222,青海湖海天缘农家院,共和县,江西沟路241号,,,,36.617374,100.275588,
222,圣湖情农家驿站,共和县,江西沟镇大仓村,,,,36.615124,100.277129,
222,兴海青藏假日宾馆,兴海县,东大街,,,,35.588406,99.996113,
222,共和青海湖湖之畔驿站,共和县,江西沟中段835号,,,,36.616892,100.277844,
222,德吉宾馆,共和县,文化街与滨河东路交叉口东40米,,,,36.277346,100.616723,
222,良栖居民宿(青海湖店),共和县,江西沟镇大仓村(镇政府向南100米处),,,,36.616180,100.277734,
222,兴海恒俊商务宾馆,兴海县,子科滩镇南环一路鑫兴商店东南150米,,,,35.582947,99.987466,
222,共和博览商务酒店,共和县,恰不恰镇日月山路地王广场4楼,,,,36.281936,100.619982,
222,青海湖湖畔花海民俗酒店,共和县,江西沟镇大仓村8社-90号,,,,36.617302,100.276853,
222,鹏运宾馆,共和县,恰卜恰镇高尔夫假日宾馆对面,,,,36.288836,100.614708,
222,倒淌河海湖宾馆,共和县,共和路,,,,36.397746,100.971011,
222,海南童嘎民俗客栈(共和县店),共和县,环城东路176号,,,,36.282443,100.625373,
222,玉禾宾馆,共和县,恰卜恰镇共和东路142号,,,,36.283300,100.625120,
222,菩提叶宾馆,共和县,环城东路33号,,,,36.286575,100.626687,
222,宜家商务宾馆,贵德县,纵三路北延伸段联通公司南100米,,,,36.041756,101.436658,
223,格尔木祥和宾馆,格尔木市,格尔木火车站向西50米,,,,36.384475,94.905212,
223,金都宾馆(星南巷),格尔木市,星南巷与黄河西路交叉口东北40米,,,,36.390656,94.886546,
223,华东商务宾馆,格尔木市,江源中路63号,,,,36.405557,94.910633,
223,泰安宾馆,都兰县,香日德镇东小街,,,,35.998700,97.889382,
223,珠峰大厦,格尔木市,八一中路18号,,,,36.406778,94.907661,
223,格尔木玉湖商务宾馆,格尔木市,金峰路街道八一东路56号玉湖大厦,,,,36.406702,94.913610,
223,江南商务宾馆(昆仑南路),格尔木市,昆仑南路4号,,,,36.396910,94.902349,
223,格尔木水韵红院民宿,格尔木市,中山路42号,,,,36.396617,94.895325,
223,乌兰茶卡草原之家住宿,乌兰县,茶卡镇,,,,36.798139,99.081793,
223,晨祥客栈,乌兰县,茶卡镇茶卡村139号,,,,36.795763,99.078294,
223,乌兰鑫鑫宾馆(茶卡店),乌兰县,茶卡新村54号,,,,36.798119,99.081739,
223,落日星尘民宿(茶卡盐湖店),乌兰县,茶卡新村92号,,,,36.799306,99.079811,
223,德令哈蜀盛宾馆,德令哈市,祥和二期副街皇廷国会旁(汽车站附近),,,,37.373412,97.361893,
223,都兰森泰宾馆,都兰县,建设街中段,,,,36.299188,98.092410,
223,乌兰朋来宾馆,乌兰县,茶卡镇茶卡新村179号,,,,36.797330,99.078347,
223,乌兰心镜驿站,乌兰县,茶卡镇茶卡新村183号,,,,36.797478,99.078871,
223,格尔木八方逸家客栈,格尔木市,星南巷星南小区1302号,,,,36.392970,94.888021,
223,茶卡永兴客栈,乌兰县,茶卡镇新村81号,,,,36.798904,99.080135,
223,众鑫商务宾馆,乌兰县,茶卡镇市场109国道南侧,,,,36.790775,99.079268,
223,海西杰霞家庭公寓(幸福路分店),乌兰县,茶卡镇茶卡新村50号,,,,36.798125,99.080325,
223,乌兰途勒客栈(茶卡店),乌兰县,茶卡新村76,,,,36.798658,99.081389,
223,嘉美客栈(幸福路分店),乌兰县,茶卡镇幸福路茶卡新村48号,,,,36.797775,99.080525,
223,都市驿家(茶卡店),乌兰县,茶卡镇幸福路茶卡新村215号,,,,36.798833,99.078887,
223,乌兰柒沐生活民宿(茶卡店),乌兰县,茶卡镇巴音村35号,,,,36.796451,99.080204,
223,友联宾馆,德令哈市,黄河路6号,,,,37.349207,97.384643,
224,玉树格萨尔酒店,玉树市,胜利路双拥巷1号(市政府斜对面),,,,32.991613,97.007183,
224,玉树喜马拉雅大酒店,玉树市,结古寺手机城旁边,,,,32.997252,97.009565,
224,玉树宾馆,玉树市,民主路格萨拉康巷6号,,,,33.005409,97.007637,
224,金惠商务宾馆,玉树市,玉树藏族自治州民族中学东南门东北130米,,,,33.011536,97.026510,
224,杂多怡来酒店,杂多县,萨呼腾路第一民族完小南门西150米,,,,32.893815,95.303703,
224,玉树琼龙商务宾馆,玉树市,结古镇琼龙路94号,,,,33.008650,97.023168,
224,玉树太阳湖假日酒店,玉树市,红卫路然格通南巷71号,,,,33.001651,97.016707,
224,玉树尕觉悟酒店(玉树博物馆店),玉树市,结古街道曲格西巷2号,,,,33.003751,97.015872,
224,吉客家宾馆(扎西大通南巷店),玉树市,扎西大通南巷65号,,,,32.996821,97.005317,
224,葛拉民宿,囊谦县,夏哈达路,,,,32.198100,96.485451,
224,旺扎影视电竞酒店,囊谦县,瓦桑路十字路口观景台下面,,,,32.196318,96.474150,
224,麦田酒店(藏医院店),玉树市,琼龙路126号(百佳超市对面),,,,33.006886,97.021711,
224,囊谦森珠达泽酒店,囊谦县,香达南街,,,,32.195724,96.483391,
224,杂多宾馆(日历寺路店),杂多县,日历寺路与然子路交叉口西南80米,,,,32.892065,95.292074,
224,玉树州玉府商务宾馆(玉树市),玉树市,琼龙路州藏医院西,,,,33.003284,97.017014,
224,玉树亚洲时尚酒店(格萨尔王广场玉树州博物馆店),玉树市,然格通北巷22号,,,,33.003524,97.017840,
224,玉树诺布岭酒店,玉树市,结古镇扎西棱巷10号,,,,32.997999,97.005726,
224,巴塘宾馆,玉树市,结古镇然格通北巷40号,,,,33.002519,97.016273,
224,囊谦雲上影视酒店,囊谦县,214国道与北京路交叉口南80米,,,,32.206237,96.488154,
224,囊谦唐卡酒店,囊谦县,香达南街与南山路交叉口东180米,,,,32.198412,96.479905,
224,云玉民宿宾馆,玉树市,结古大道1号2楼,,,,32.999152,97.009938,
224,天府商务酒店,杂多县,温琼摊94号,,,,32.890725,95.316288,
224,赛康大酒店,玉树市,结古大道与真情路交叉口西南200米,,,,32.993667,97.006901,
224,次第花开·客栈(大阿育王塔店),囊谦县,香达镇格东涌社区大佛旁,,,,32.202713,96.454999,
224,玉树藏域堂大酒店,玉树市,寨街道新寨社区嘛呢通巷39-2号,,,,33.016644,97.059059,
225,同仁麦秀宾馆,同仁市,德合隆南路24号,,,,35.513998,102.017877,
225,同仁亚丁商务宾馆,同仁市,夏琼北路老马火锅城隔壁,,,,35.520764,102.017061,
225,热贡桑珠宾馆,同仁市,隆务镇阳光大道与热贡桥交汇处东北60米,,,,35.512490,102.023222,
225,新世纪宾馆(康乐南路店),同仁市,隆务镇中山市场,,,,35.515161,102.015730,
225,荣庆宾馆,尖扎县,商业西街31号,,,,35.938000,102.026416,
225,泽库泽哲宾馆,泽库县,建设南路恰科日华达有机畜牧产品有限公司西南40米,,,,35.029896,101.468006,
225,尖扎金城商务宾馆,尖扎县,人民街团结巷167-67,,,,35.935546,102.032317,
225,尖扎雪神宾馆,尖扎县,马克唐镇申宝路21号,,,,35.938996,102.023695,
225,同仁热贡永庆宾馆,同仁市,德合隆南路6号(热贡大桥对面),,,,35.514388,102.018141,
225,同仁隆务大寺贝尔邦旅游客栈,同仁市,雪莲东路教育局斜对面(步行街),,,,35.520160,102.021156,
225,尖扎温馨家庭宾馆,尖扎县,马克塘镇黄河路83号,,,,35.937572,102.034386,
225,河南蒙古族自治县吉颂顿珠酒店,河南蒙古族自治县,优干宁镇察罕丹津东大街人民医院旁,,,,34.734196,101.620793,
225,同仁如意宝大酒店,同仁市,年都乎乡,,,,35.536520,102.032323,
225,客来轩商务酒店(尖扎汽车站店),尖扎县,尖扎县藏医院东北门东南50米,,,,35.936504,102.018296,
225,同仁明珠宾馆,同仁市,203省道,,,,35.508141,102.018116,
225,同仁天珠酒店,同仁市,康乐北路,,,,35.529594,102.025418,
225,同仁富佳宾馆,同仁市,隆务镇德合隆南路,,,,35.513039,102.016545,
225,尖扎县心福宾馆,尖扎县,人民街199号,,,,35.934349,102.030333,
225,易嘉宾馆,尖扎县,商业西街35号,,,,35.937910,102.026423,
225,黄南尖扎假日宾馆,尖扎县,申宝路777号,,,,35.938047,102.022272,
225,泽库泽曲大酒店,泽库县,阿塞公路东侧,,,,35.038456,101.476075,
225,同仁官邸商务宾馆,同仁市,隆务镇夏琼中路20号,,,,35.518031,102.014992,
225,金煊大酒店,尖扎县,环城南路59号,,,,35.934493,102.033730,
225,善悦大酒店,泽库县,迎宾路84号,,,,35.036318,101.472576,
225,同仁嘉缘酒店,同仁市,隆务镇热贡路文化园区3号楼,,,,35.516395,102.017638,
226,四川甜城酒店(长江路店),久治县,长江路50号,,,,33.430887,101.484910,
226,玛沁岗坚平措宾馆,玛沁县,黄河路与交通支线交叉口东260米,,,,34.453460,100.270295,
226,久治察央酒店,久治县,G347(南环路),,,,33.426916,101.484765,
226,玛沁白顶鹤宾馆,玛沁县,环城南路,,,,34.458804,100.249154,
226,九寨商务酒店(久治店),久治县,智青松多镇南环路交警大队东南方向100米,,,,33.429047,101.491682,
226,爱尚窝窝酒店,久治县,南环路D24号,,,,33.426959,101.484899,
226,久治世家商务宾馆,久治县,南环路,,,,33.427449,101.485173,
226,久治西姆措大酒店,久治县,黄河路6号,,,,33.431333,101.489042,
226,久治小时光酒店,久治县,北环路10号,,,,33.433159,101.486206,
226,玛沁阿尼玛卿朝圣旅馆,玛沁县,X701(白下段),,,,34.981003,99.304601,
226,布迦仓酒店,玛沁县,雪山路县人民医院南20米,,,,34.480906,100.241965,
226,门堂金色宾馆,久治县,青松多镇黄河路久治汽车站东南侧约270米,,,,33.430147,101.491040,
226,东方商务宾馆(果洛藏族玛沁县店),玛沁县,达日路汽车站斜对面,,,,34.469776,100.238065,
226,久治九龍宾馆,久治县,玉则堂大药房楼顶,,,,33.426389,101.479433,
226,久治神湖假日酒店,久治县,南环路C016号,,,,33.428377,101.488192,
226,达日桑周虎顶大酒店,达日县,达隆福珠酒店南边,,,,33.758674,99.660534,
226,久治央克尔酒店,久治县,智青路与南环路交叉口西160米,,,,33.426136,101.479741,
226,久治三宜商务宾馆,久治县,智青松多镇南环路(阳光医院东200米),,,,33.426652,101.482572,
226,玛多星空酒店,玛多县,玛查理村中国石油加油站(玛多站)西北方约50米,,,,34.890031,98.213142,
226,玛多锦湖宾馆,玛多县,玛查理镇南大街畜牧科技局往北100米,,,,34.912674,98.211297,
226,玛沁高原宾馆,玛沁县,玛多路与环城西路交叉口北40米,,,,34.474070,100.234798,
226,甘德峨渠巢宗大酒店,甘德县,柯曲镇吾勤西路国家电网向西60米,,,,33.961741,99.897220,
226,扎西果芒酒店(玛沁县分店),玛沁县,环城西路俊草堂东南40米,,,,34.458121,100.249388,
226,班玛循化宾馆,班玛县,环城东路,,,,32.932998,100.741185,
226,善富家园客栈,久治县,南环路28号,,,,33.427347,101.484627,
227,祁连锦源宾馆,祁连县,"团结北路,县汽车站西侧",,,,38.180281,100.248092,
227,海晏大酒店,海晏县,西海大街海晏县公安局城关派出所警务室旁,,,,36.898079,100.992032,
227,海晏景翔宾馆,海晏县,西海镇刚察路49号,,,,36.962949,100.897327,
227,海晏西海郡宾馆,海晏县,宝平巷6号,,,,36.899621,100.993577,
227,祁连大酒店,祁连县,祁连新城区广场东路8号,,,,38.175854,100.255752,
227,嗳悦家庭宾馆(海晏铝厂家属楼店),海晏县,西海镇铝厂家属路1单元102室,,,,36.955175,100.900525,
227,佳源宾馆,海晏县,西海镇刚察路29号,,,,36.964057,100.896930,
227,海晏苏果家庭宾馆,海晏县,西海镇银滩路苏果超市,,,,36.955907,100.902205,
227,海晏鑫悦宾馆,海晏县,和平路57号,,,,36.899136,100.992694,
227,海晏五福宾馆,海晏县,海晏商业区A-61号,,,,36.898145,100.993626,
227,鑫源宾馆(海晏西海镇店),海晏县,西海镇祁连路72号,,,,36.962909,100.899865,
227,海华快捷酒店,海晏县,西海大街银滩路18号海华佳苑,,,,36.898098,100.988034,
227,祁连玉鹏农家客栈,祁连县,冰沟村菥芨口清真寺对面,,,,38.170938,100.206507,
227,润鑫宾馆,海晏县,同宝路221号,,,,36.897876,100.994433,
227,西海镇凯悦酒店,海晏县,西海镇原子路2号,,,,36.957583,100.900900,
227,祁连久佳意宾馆,祁连县,八宝镇八宝西路(原畜产公司西侧),,,,38.190076,100.235520,
227,海晏尚俭太空舱青年旅社,海晏县,西海镇刚察路16号楼3102室,,,,36.958329,100.895470,
227,海晏德都杭盖国际青年旅舍,海晏县,西海镇刚察路4号,,,,36.960075,100.897242,
227,富华宾馆,刚察县,国税局热水分局对面(204省道西富华超市隔壁),,,,37.594341,100.433213,
227,祁连金鑫宾馆,祁连县,八宝东路清真巷,,,,38.172811,100.252695,
227,瑞丰宾馆(美食街店),祁连县,八宝西路中庄(加油站斜对面),,,,38.182636,100.241969,
227,祁连瑞士度假山庄,祁连县,清真巷21号,,,,38.171394,100.252074,
227,祁连鸿泰宾馆,祁连县,八宝西路235号,,,,38.182424,100.242414,
227,祁连海龙宾馆,祁连县,八宝镇八宝西路新世纪购物中心,,,,38.178585,100.245695,
227,兄弟连家庭宾馆(海宴原子路店),海晏县,西海镇原子路居民巷11号楼1单元101室,,,,36.957593,100.896614,
228,大通鑫源宾馆,大通回族土族自治县,安门路360号(中汇花园北100米),,,,36.928790,101.681629,
228,西宁西山招待所,城西区,昆仑路37号,,,,36.624139,101.755917,
228,爱尊客公寓(西宁火车站店),城东区,建国南路66号新千国际广场20号楼24层,,,,36.607663,101.798823,
228,玉桥商务酒店(新千夜市店),城东区,大众街105号,,,,36.613294,101.802651,
228,豪龙宾馆,城东区,建国路17号(青藏铁路公司对面),,,,36.614771,101.809046,
228,西宁星鑫家庭民宿,城东区,建国北路和谐家园小区10号楼19楼2197室,,,,36.615001,101.811359,
228,西宁龙朝宾馆,城西区,园树巷14号(距南川西路客运站963米、青海大学附属医院768米),,,,36.618276,101.757266,
228,义龙宾馆(青海店),城中区,砖厂路122号(近青海艺校大门),,,,36.610357,101.759773,
228,泉城宾馆,城中区,饮马街街道东大街10号华翼大厦三楼,,,,36.619856,101.790064,
228,西宁百德宾馆,城北区,小桥大街107号,,,,36.649893,101.758569,
228,西宁金珠宾馆,湟中区,清泉路22号,,,,36.496227,101.565474,
228,湟源宏源宾馆,湟源县,县交警大队车管所东50米处,,,,36.687254,101.281911,
228,西宁永成宾馆(南山路店),城东区,南山路95号,,,,36.602921,101.789027,
228,民主宾馆,城中区,民主街7号,,,,36.619334,101.780989,
228,西宁绿叶商务宾馆(西宁站高铁站店),城东区,大众街105号,,,,36.613157,101.802859,
228,西宁乐亿商务宾馆(青海心脑血管医院店),城中区,南川西路10号,,,,36.607793,101.761809,
228,西宁文盛宾馆,城东区,东关大街3号,,,,36.614401,101.800564,
228,布丁酒店(西大街大十字店),城中区,民主街1号,,,,36.620521,101.781470,
228,西宁馥裕商务宾馆(青海大学附属医院力盟店),城西区,红房巷1号,,,,36.625108,101.762120,
228,西宁新宁假日宾馆,城北区,城北消防队斜对面,,,,36.661949,101.701516,
228,隆庆商务宾馆,城东区,西宁城东区韵家口305-1号,,,,36.587219,101.871503,
228,顺鑫招待所(互助路店),城东区,青海西宁城东区互助中路178号,,,,36.603479,101.823490,
228,西宁鑫皓商务宾馆,城西区,汇宁路16号,,,,36.632045,101.724306,
228,宁都假日宾馆(西宁小桥大街人民公园店),城北区,小桥大街22号,,,,36.645055,101.760435,
228,西宁和平宾馆,城东区,共和南路1号,,,,36.613233,101.799806,
229,平果99商务酒店,平果市,上马头街184号,,,,23.325675,107.572718,
229,假日宾馆,田东县,金穗路17号,,,,23.601813,107.128207,
229,百色欣欣宾馆,右江区,叙福小区东南门西南70米,,,,23.882322,106.660204,
229,田林华山酒店,田林县,乐里镇绕城路乐里林场生活区正对面,,,,24.291247,106.236279,
229,金都大酒店,右江区,城北一路29号(百色汽车站旁),,,,23.903475,106.616508,
229,军都智慧宾馆(百色田林汽车站店),田林县,马店大桥教育东路14号,,,,24.283904,106.239669,
229,凌云金都宾馆(五灵路店),凌云县,泗城镇新秀社区五指山小区244号,,,,24.343583,106.562340,
229,凌云阳光假日宾馆,凌云县,泗城镇西灵小区,,,,24.346213,106.557181,
229,田林阳光假日酒店,田林县,财富商城24米大道,,,,24.282629,106.241421,
229,北部湾便捷酒店(东合一路),右江区,东合一路80号(百色学院侧门旁边),,,,23.888598,106.608346,
229,百色福佳酒店,田阳区,红棉路(鸿兴宾馆旁),,,,23.737992,106.903463,
229,利方舟宾馆,田阳区,广场二路步行街1号,,,,23.737082,106.907872,
229,百色金鸿宾馆,右江区,百城街道中山二路附属医院对面金鸿宾馆3号楼8楼,,,,23.893720,106.611585,
229,百色宝程民宿,田阳区,红棉路二排38号,,,,23.738307,106.903807,
229,百色祥天商务酒店,右江区,向阳路8号,,,,23.902511,106.617303,
229,金牌大酒店(百色体育广场总店),右江区,中山一路与新兴路交叉口(新兴路体育广场旁),,,,23.897833,106.617625,
229,平果国际大酒店,平果市,马头镇教育路518号,,,,23.324143,107.591312,
229,皇冠假日商务酒店,田东县,金穗路,,,,23.604468,107.128200,
229,隆林四季金华宾馆,隆林各族自治县,迎宾路,,,,24.781704,105.344377,
229,恒升大酒店,右江区,新兴路23号恒升大厦1层,,,,23.895826,106.619444,
229,今日快捷酒店,德保县,南隆清水街185号,,,,23.322668,106.617468,
229,百色金海湾便捷商务酒店(右江民族医学院店),右江区,城乡路东旦中屯(方洲丽园小区大门正对面),,,,23.884191,106.608959,
229,华西国际大酒店,靖西市,城东路971号,,,,23.134313,106.423088,
229,德保国际大酒店,德保县,清水街115号,,,,23.322910,106.618445,
229,靖西大酒店,靖西市,城中路99号,,,,23.133179,106.412929,
230,钦州明阳宾馆(市人民医院店),钦南区,明阳街35-2号(第一医院正门斜对面),,,,21.962625,108.629726,
230,钦州168宾馆(鸿发夜市店),钦北区,"育才路62号,钦州外国语学校斜对面",,,,21.977781,108.631590,
230,7天酒店(钦州年年丰广场向阳街店),钦南区,向阳街16号(近年年丰广场、第一人民医院),,,,21.963771,108.627919,
230,精通酒店(钦州店),钦北区,钦州湾大道90号,,,,21.978339,108.628527,
230,江南商务酒店(江南路),灵山县,江南路100号(公安交警大队斜对面),,,,22.395703,109.274231,
230,颐豪大酒店,钦南区,钦州港3号路旁,,,,21.728841,108.602518,
230,欧雅宾馆(钦州港广场店),钦南区,兴港路10号,,,,21.737119,108.600517,
230,龙门岛民宿,钦南区,西华路海边饭店西南方向约50米处,,,,21.745631,108.543224,
230,钦季国际酒店(钦州老街中山公园店),钦南区,北部湾大道58号,,,,21.952408,108.611155,
230,钦州卡罗酒店公寓(年年丰广场店),钦南区,南珠西大街45号北部湾大厦A座12楼1207,,,,21.961275,108.624867,
230,力弘宾馆,钦北区,永福西大街育才路110号,,,,21.976110,108.632151,
230,阳光宾馆(钦州湾广场店),钦北区,三沿路15号,,,,21.974218,108.626065,
230,百利商务酒店,钦北区,百利华庭二区大门左侧,,,,22.009893,108.637887,
230,城市客栈(钦州港店),钦南区,兴港路钦州港广场国税局对面,,,,21.737200,108.600861,
230,盛元酒店,钦北区,永福西大街27号碧海盛世国际大厦,,,,21.974444,108.636171,
230,钦州市荣华民宿(第一人民医院店),钦南区,鸿福南一巷18号,,,,21.960748,108.628946,
230,灵山豪庭商务酒店(太平镇店),灵山县,太平镇三中路18号,,,,22.434619,108.810811,
230,步步高商务宾馆(文峰南路店),钦南区,文峰南路134号,,,,21.957370,108.616489,
230,海豚大酒店,钦南区,北部湾北大道68号(与凤翔街交汇处),,,,21.957372,108.611720,
230,浦北鑫园宾馆(浦北汽车站店),浦北县,泰禾大道附近,,,,22.265041,109.548427,
230,桃园商务宾馆,灵山县,江南路443号,,,,22.417217,109.298158,
230,铭诚宾馆(钦州店),浦北县,越秀路(公路局旁),,,,22.260054,109.545777,
230,鑫源商务宾馆(安州大道),钦南区,安州大道24号(妇幼保健院对面),,,,21.949436,108.629488,
230,钦州金钻宾馆,钦北区,银河街13号,,,,21.984387,108.631053,
230,三娘湾港湾酒店,钦南区,三娘湾海豚公园东面(临近中华白海豚研究基地),,,,21.619786,108.775837,
231,锦安宾馆(北海大道店),海城区,北海大道新阳小区一巷5号,,,,21.472912,109.137320,
231,佳园宾馆(北部湾西路店),海城区,北部湾西路8-1号,,,,21.471934,109.109904,
231,北海文美宾馆(侨港风情街店),银海区,金海岸大道金海苑小区16号,,,,21.427142,109.124701,
231,北海湘西宾馆(北部湾广场店),海城区,北部湾西路火烧床五巷25号,,,,21.470248,109.108784,
231,北海东方夏威夷酒店,银海区,银滩中路与上海路交叉口,,,,21.406359,109.150767,
231,逸海宾馆(上海路店),银海区,银新中四路4号,,,,21.417822,109.155629,
231,北海金煌旅馆(北部湾中路店),海城区,富贵路59号,,,,21.470880,109.109795,
231,金莱宾馆(夜市店),海城区,富贵路火烧床45号,,,,21.469457,109.109689,
231,女神酒店(北海老街海底世界店),海城区,北部湾东路国海大厦38号,,,,21.486257,109.135984,
231,北海旅友宾馆(北海站宁春城店),海城区,西南大道北侧天和花园E幢7号,,,,21.459300,109.128139,
231,北海君悦宾馆(和安商都店),海城区,中街街道长青路19号东南亚商贸中心1号楼7楼,,,,21.470596,109.115464,
231,地中海假日酒店,海城区,西南大道与贵州路交汇处往西200米,,,,21.452181,109.109892,
231,北海怡清园宾馆,海城区,火烧床五巷28号与北部湾西路交叉口东南50米,,,,21.470138,109.108579,
231,港峰快捷宾馆(北海高铁站店),海城区,涠洲岛风景区站北路4号南方明珠小区A1栋11号,,,,21.456236,109.131383,
231,北海海之梦宾馆(北海高铁站大润发店),海城区,长青东路西十六巷一号图书馆左侧对面,,,,21.471187,109.126103,
231,珍珠湾海景酒店,海城区,明珠路,,,,21.484327,109.109787,
231,北海浪坡商务酒店,海城区,上海路银屋花园前17号铺面,,,,21.479438,109.147394,
231,城市便捷酒店(北海北部湾广场店),海城区,贵州路32号北海国际商贸大厦,,,,21.469847,109.105666,
231,里巷乐途酒店,银海区,广东南路西边村55号,,,,21.413091,109.141497,
231,合浦海悦宾馆,合浦县,山口镇两广大道120号,,,,21.606099,109.743218,
231,马记东北王宾馆,海城区,北海大道186号真龙国际大酒店西门附近,,,,21.464881,109.105069,
231,农垦宾馆(贵州路),海城区,贵州路29号,,,,21.470001,109.106628,
231,李师傅自助公寓(银滩店),银海区,银滩大道3号路(明珠大酒店隔壁),,,,21.405761,109.155929,
231,北海体育宾馆,海城区,公园路25号,,,,21.476300,109.124490,
231,新世纪酒店,银海区,新世纪大道66号,,,,21.447199,109.132354,
232,半岛酒店(民政路),上思县,行政路上思中学对面,,,,22.154546,107.987484,
232,防城港长丰大酒店(一人民医院店),防城区,防钦路56号,,,,21.768614,108.364776,
232,阳光假日便捷酒店,港口区,凯乐路三街10号,,,,21.624447,108.354137,
232,东兴银源宾馆(万尾金滩店),东兴市,江平镇万尾村,,,,21.526718,108.163885,
232,华程之星酒店,港口区,四川路13号,,,,21.617516,108.354188,
232,丽景湾大酒店,港口区,四川路1号(近社会主义学院),,,,21.617297,108.354782,
232,上思金源商务宾馆,上思县,环城东路少年宫旁,,,,22.153673,107.985795,
232,祥源大酒店,东兴市,北仑大道80号,,,,21.540587,107.965801,
232,金西湾宾馆,港口区,富裕路1号,,,,21.605566,108.339304,
232,恒荣大酒店,港口区,四川路与渔澫路交叉口,,,,21.618958,108.351016,
232,华天便捷宾馆(防城港市中医院第三中学店),防城区,二桥东路123号,,,,21.751849,108.356025,
232,东兴桃园宾馆,东兴市,河堤路1号,,,,21.538267,107.976352,
232,恒泰酒店(友谊路店),港口区,友谊路5号,,,,21.607986,108.341963,
232,东兴桂源商务酒店(防城港),东兴市,兴东路369号,,,,21.550088,107.978879,
232,东兴鼎隆商务酒店,东兴市,兴东路383号,,,,21.550671,107.979634,
232,得月楼宾馆,防城区,人民路26号,,,,21.765557,108.360026,
232,防城港江山海景酒店,防城区,白浪滩景区,,,,21.537440,108.292263,
232,东兴金海大酒店(万尾金滩店),东兴市,京岛景区管理委员会东侧50米,,,,21.527135,108.160737,
232,意利便捷酒店(东兴国门景区口岸店),东兴市,教育路316号(北仑大道与教育西路交汇处),,,,21.539478,107.965548,
232,海德快捷酒店(防城港跨海大桥店),港口区,拥军路F20号,,,,21.632042,108.351872,
232,京族雅优酒店(东兴国门景区口岸店),东兴市,新华路260-3号,,,,21.548857,107.969165,
232,京华大酒店,东兴市,民族路83号,,,,21.545439,107.974746,
232,王秀荣M故里民宿(防城港站-港口汽车站店),港口区,港口海湾-1号2606,,,,21.662157,108.360677,
232,防城港神马快捷酒店(防城港行政中心店),港口区,港口区中心区永福路D18栋,,,,21.687045,108.366905,
232,维也纳酒店(防城港防城店),防城区,防城镇三官路95号,,,,21.777396,108.372744,
233,三友大酒店,融水苗族自治县,朝阳西路51号(靠近汽车站),,,,25.068917,109.249461,
233,艺佳明园宾馆,柳北区,跃进路东二巷16号,,,,24.330239,109.409756,
233,柳州大发旅社(燎原路小学店),鱼峰区,燎原路东一巷49号,,,,24.292433,109.439724,
233,柳州恒生宾馆(龙潭公园店),鱼峰区,柳石路119号,,,,24.287463,109.419053,
233,桂柳宾馆(马鞍山公园柳州职业技术学院店),鱼峰区,西江路16号,,,,24.303086,109.444045,
233,正和宾馆(中杨路西一巷),柳江区,南环路338号,,,,24.257153,109.371334,
233,柳州城南旅社(广西商业工艺美术学校店),鱼峰区,白莲街道一区39号城南旅社,,,,24.270544,109.437651,
233,益茂宾馆(柳州河东经济开发区凤凰岭大桥店),城中区,桂中大道89号,,,,24.368578,109.431251,
233,兴国宾馆,柳江区,基隆开发区兴国大道80号,,,,24.264911,109.376449,
233,柳州意通宾馆(广西机电技师学院店),鱼峰区,屏山大道287-7号,,,,24.303645,109.424841,
233,谷埠宾馆(柳州汽车总站店),鱼峰区,谷埠路11号,,,,24.300393,109.407670,
233,东化商务宾馆,鱼峰区,屏山大道413号,,,,24.302508,109.439378,
233,和贵宾馆(柳州五星步行街店),柳北区,八一路19号,,,,24.320458,109.408810,
233,延安大酒店,柳南区,飞鹅路79号,,,,24.305022,109.397625,
233,柳州祥兴明净酒店,柳江区,柳石路266号,,,,24.181264,109.430853,
233,馨平宾馆(柳州航银路店),柳南区,航银路45号临街1-5层,,,,24.278865,109.399476,
233,德镁宾馆(柳南万达店),柳南区,航一路5号2栋6号,,,,24.283978,109.395810,
233,柳州回家酒店(马鞍山公园谷埠街国际商城店),柳南区,文笔路18号兴业大厦F1层,,,,24.299789,109.407359,
233,闽居商务酒店(柳州五星步行街店),柳南区,飞鹅二路谷埠街国际商城K1 C区一层,,,,24.304039,109.407802,
233,天开假日酒店,鱼峰区,屏山大道339号金利达大厦1层,,,,24.304092,109.430446,
233,优程八桂酒店(柳州龙潭公园店),鱼峰区,柳石路330号,,,,24.293033,109.412437,
233,环美宾馆(柳州柳南万达广场店),柳南区,柳邕路224号A区7号,,,,24.285528,109.386099,
233,广华宾馆(莲花城东南),鱼峰区,柳石路莲花城一区114号楼,,,,24.270037,109.437296,
233,佳豪商务宾馆(柳州万达店),柳南区,航一路7-12号,,,,24.283959,109.395201,
233,银城时尚酒店(柳州柳南万达店),柳南区,柳邕路255号,,,,24.291061,109.394490,
234,来宾星晨旅馆,兴宾区,北江一路28号,,,,23.734779,109.226053,
234,来宾兴宾区大华宾馆,兴宾区,大桥路36-38号,,,,23.727709,109.222036,
234,金怡公寓(大桥路),兴宾区,大桥路98号,,,,23.726912,109.220390,
234,武宣兴源宾馆,武宣县,星湖路5号,,,,23.605350,109.669629,
234,兴宾商务宾馆,兴宾区,合山路61号,,,,23.726789,109.237236,
234,来宾宏都宾馆,兴宾区,振林路60号(亿家城市酒店旁边),,,,23.736271,109.225193,
234,OYO愉悦酒庄,忻城县,和平路与城中路交叉口南100米,,,,24.064550,108.665797,
234,艾乐时尚酒店,兴宾区,北江一路48号(皇家1号KTV东50米),,,,23.734834,109.225476,
234,景源精品酒店(体育休闲公园店),武宣县,武宣城东路29-31号,,,,23.598810,109.672150,
234,金潮时尚酒店,合山市,人民中路,,,,23.811336,108.888138,
234,象州美景便捷酒店,象州县,永安路A-29号(县政府旁),,,,23.973824,109.704016,
234,来宾宾馆,兴宾区,中南路118号,,,,23.728155,109.236519,
234,宝源商务酒店(维林大道),兴宾区,维林大道210号(维林大道与桂中大道交叉口),,,,23.737612,109.227113,
234,亿家城市酒店,兴宾区,振林路78-1号,,,,23.736320,109.224762,
234,东方宾馆,金秀瑶族自治县,323国道和307省道的交叉口附近,,,,24.331657,110.059847,
234,金长城商务宾馆,象州县,温泉大道297号锦福苑(汽车站旁),,,,23.967350,109.697199,
234,来宾武宣县万慧达度假酒店(武宣汽车站人民医院店),武宣县,宣城北路110号,,,,23.599577,109.660913,
234,来宾七彩红河酒店(合山市),合山市,人民南路57号,,,,23.805197,108.883865,
234,嘉信国际酒店,兴宾区,迎宾路443号,,,,23.753967,109.214899,
234,来宾青龙山酒店(来宾北站店),兴宾区,新兴北路263号,,,,23.737283,109.232435,
234,武宣凯旋商务酒店,武宣县,城北路522号,,,,23.614953,109.664111,
234,来宾国际大酒店,兴宾区,维林大道68号,,,,23.733956,109.227323,
234,城市便捷酒店(来宾北站政和步行街店),兴宾区,滨江北路88号,,,,23.734366,109.224842,
234,泰安宾馆,兴宾区,新兴北路244号,,,,23.737339,109.230899,
234,来宾恒业精品酒店(政和步行街店),兴宾区,北江一路27号,,,,23.734662,109.225498,
235,金辉商务宾馆,岑溪市,岑梧高速入口(岑溪汽车总站斜对面),,,,22.926433,111.002387,
235,梧州欣华宾馆,万秀区,富民二路36-38号,,,,23.487430,111.313255,
235,岑溪蓝天宾馆(探花汽车站店),岑溪市,岑城镇龙井社区葛井二组22号龙井转盘,,,,22.910886,111.006401,
235,银凯宾馆(南宁百货店),龙圩区,苍梧大道8号(南宁百货旁),,,,23.415516,111.253635,
235,梧州鸿祥旅店,万秀区,文澜路37号(旺城广场南门正对面),,,,23.475761,111.306290,
235,藤县陶源商务酒店,藤县,潭东陶瓷产业中和集中区综合商业街28-33号铺,,,,23.350564,111.003359,
235,红领宾馆,长洲区,舜帝大道5号,,,,23.485648,111.258610,
235,梧州蒲公英青年旅舍,万秀区,角嘴街道蝶山二路蝶山里一级2号湖光水岸C1幢302室,,,,23.474806,111.300958,
235,岑溪富丽华酒店,岑溪市,北环大道9号,,,,22.922999,111.002393,
235,岑溪华厦大酒店(探花汽车站店),岑溪市,义州大道客运中心斜对面,,,,22.907180,111.010813,
235,尚湾酒店(梧州三祺城火车站店),长洲区,舜帝大道5号金湾花园B区54号,,,,23.486930,111.256343,
235,梧州龙都大酒店(三祺城玫瑰湖公园店),长洲区,三龙大道龙新村委会大楼,,,,23.474811,111.249558,
235,梧州雄辉宾馆(骑楼城店),万秀区,河东城南街道南中路25号,,,,23.472367,111.317749,
235,梧州湘鑫宾馆,长洲区,梧州火车站出口右侧,,,,23.485026,111.239475,
235,梧州鑫华酒店,龙圩区,城城路150号林业大厦F1层,,,,23.407973,111.241945,
235,梧州泽民泽兴公寓,长洲区,红岭路7号福兴时代广场8号楼3层,,,,23.476569,111.257893,
235,梧东商务宾馆,万秀区,西江三路6号(梧州大酒店附近),,,,23.471667,111.326396,
235,藤县新苑宾馆,藤县,津南路99号,,,,23.370662,110.928795,
235,新宝石酒店(梧州万秀区旺城广场店),万秀区,西环路28号,,,,23.483080,111.293827,
235,梧州锦江宾馆(骑楼城桂东人民医院店),万秀区,河东西江四路22鸳江丽港10号,,,,23.471819,111.330529,
235,城市印象酒店(藤县妇幼店),藤县,藤州镇藤州大道298号,,,,23.373370,110.927081,
235,18精品酒店,万秀区,西江一路19号(文华中心斜对面),,,,23.470149,111.318104,
235,藤县文华大酒店,藤县,安泰四街1号,,,,23.370763,110.934933,
235,梧州金丰海岸酒店(市政广场店),长洲区,西堤三路68号,,,,23.472730,111.270839,
235,印象100时尚酒店(探花汽车站店),岑溪市,义州大道客远中心客运中心对面,,,,22.907790,111.008271,
236,鸿雁酒店(平南县中心购物广场店),平南县,二环路瑞雁广场64号,,,,23.536757,110.408664,
236,平南天天公寓,平南县,平南街道阳光小区阳光街82号,,,,23.540425,110.407679,
236,鸿润旅馆(平南中心广场店),平南县,平南街道燕湖小区24、25号,,,,23.543510,110.397337,
236,东南宾馆(港南区职业教育中心店),港南区,中山南路15号,,,,23.069063,109.613715,
236,龙安酒店,桂平市,郁江路(与中山南路交叉口往东50米),,,,23.369098,110.073287,
236,桂平宜居宾馆,桂平市,步行街二农贸市场路口(协和医院斜对面),,,,23.383141,110.075549,
236,桂平银花园宾馆,桂平市,人民路102号,,,,23.400968,110.069917,
236,金云阁大酒店,平南县,环城路721号,,,,23.551469,110.398561,
236,麦肯基商务酒店(桂平步行街店),桂平市,新天地步行街6号楼,,,,23.391562,110.076504,
236,城市便捷酒店(桂平西山店),桂平市,人民西路银花园二期A栋,,,,23.400312,110.069485,
236,城市便捷酒店(平南龚州中学店),平南县,朝阳大道2087号,,,,23.553123,110.374204,
236,桂平功德山庄,桂平市,西山风景区内,,,,23.394818,110.060405,
236,城市便捷酒店(平南汽车站江滨公园店),平南县,平南镇雅塘街146号,,,,23.535815,110.407285,
236,富源宾馆,平南县,平南镇思旺镇南街73号,,,,23.679635,110.308016,
236,嘉丽民宿(平南通泰广场步行街店),平南县,乌江路170号,,,,23.546670,110.391824,
236,云境酒店(平南中心购物广场县政府店),平南县,城湖路18号,,,,23.541003,110.394982,
236,万家安酒店(平南雄森动物大世界店),平南县,迎宾大道平南工业园东200米,,,,23.487236,110.395293,
236,贵港桂平雅安宾馆,桂平市,商贸城桂江中路10号,,,,23.372193,110.073531,
236,悦朋宾馆(贵港万达广场店),港北区,荷城路吉田花苑A09-1号,,,,23.110164,109.587080,
236,精通酒店(平南步行街中心广场店),平南县,朝阳路965号中心广场(新润城旁),,,,23.545454,110.395759,
236,平南悦顺宾馆(平南中心购物广场店),平南县,城湖路妇幼保健院斜对面,,,,23.544824,110.399692,
236,辰希酒店(平南中心广场店),平南县,平南街道朝阳大道1900号,,,,23.547241,110.393998,
236,常威公寓(平南东湖店),平南县,瑞雁大道大将东湖小区A11号,,,,23.538841,110.411011,
236,桂平港盛宾馆,桂平市,桂贵路农机大厦中国移动通讯旁,,,,23.391303,110.074728,
236,平南君宇公寓(人民医院店),平南县,瑞雁大道华鹏国际旁,,,,23.540104,110.413559,
237,容县和鑫商务宾馆,容县,城南大道,,,,22.839973,110.558341,
237,贝壳酒店(北流南站店),北流市,月塘路110号,,,,22.691819,110.356653,
237,博白艺华旅馆,博白县,人民南路6号大转盘往下100米,,,,22.258945,109.980981,
237,玉林玉加酒店(汽车总站店),玉州区,白石桥271号,,,,22.631853,110.141681,
237,天天便捷酒店(陆川店),陆川县,峨嵋街(陆川汽车总站西40米),,,,22.313254,110.260231,
237,嘉兴旅馆(南州南路店),博白县,南州南路158号,,,,22.265344,109.979398,
237,玉林德圆旅馆,玉州区,一环东路92号,,,,22.635334,110.169626,
237,玉林玉环旅馆(财经学校店),玉州区,一环北路4号(客运中心斜对面路口),,,,22.646895,110.167871,
237,祥云宾馆(玉林云天宫文化城大润发店),玉州区,民主中路7号,,,,22.624060,110.166918,
237,富丽华大酒店(二环西路),北流市,二环西路永丰广场斜对面,,,,22.693743,110.344720,
237,北流永安宾馆,北流市,城南一路0063号,,,,22.701495,110.350336,
237,玉林德馨宾馆,玉州区,人民东路243号,,,,22.638892,110.171646,
237,容县天泉湖温泉度假酒店,容县,黎村镇温泉村,,,,22.563079,110.726295,
237,精通酒店(城站店),玉州区,城站路57号,,,,22.608759,110.157485,
237,千景酒店(北流永丰店),北流市,二环西路165号(国税局附近),,,,22.694669,110.344565,
237,名景客栈(江岸路店),玉州区,江岸路55号,,,,22.641592,110.144256,
237,海德大酒店,博白县,南州南路,,,,22.268897,109.979740,
237,容县金瑞宾馆,容县,城南大道272号,,,,22.839991,110.558594,
237,金泰宾馆(北流汽车总站店),北流市,城西一路3号汽车总站大厦,,,,22.704683,110.347049,
237,天景酒店(北流汽车总站店),北流市,广西北流新松路10-5号,,,,22.704210,110.347995,
237,皇马酒店,玉州区,人民路123号,,,,22.624826,110.147425,
237,玉林永洲商务宾馆(妇幼医院店),玉州区,天心路127号(市妇幼保健院旁),,,,22.636741,110.142675,
237,容县江成宾馆,容县,新北街163号,,,,22.858415,110.550975,
237,风格宾馆,玉州区,城站路91-93号,,,,22.604476,110.157892,
237,玉林朝阳宾馆(一环北路店),玉州区,一环北路850号,,,,22.632226,110.137071,
238,福诚酒店,天等县,天福路32号,,,,23.084314,107.143304,
238,玉龙旅馆(江南路一巷店),江州区,太平镇沿山路313号,,,,22.399153,107.355943,
238,凭祥10+1宾馆,凭祥市,北大路261号,,,,22.113365,106.759060,
238,四季假日酒店,江州区,江南路1号,,,,22.403022,107.353875,
238,喜来得大酒店,江州区,沿山路168号(近旧汽车站),,,,22.400198,107.356871,
238,维也纳酒店(扶绥店),扶绥县,思贤路165号,,,,22.639607,107.915657,
238,扶绥龙泉大酒店,扶绥县,新宁镇新华路136号(汽车总站对面),,,,22.630696,107.911327,
238,海丰酒店(天椒广场店),天等县,天福大道74号,,,,23.085234,107.144350,
238,崇左德天大酒店,江州区,石林小区对面,,,,22.370051,107.368449,
238,喜相逢国际酒店,凭祥市,南大路346号,,,,22.078440,106.741721,
238,华途酒店(宁明荷城街店),宁明县,城中镇中华街19号(新华书店斜对面),,,,22.133081,107.069242,
238,天等海天酒店,天等县,天福二道105号,,,,23.085379,107.144027,
238,扶绥天鹅恋主题酒店,扶绥县,南密路458号(近利客隆超市),,,,22.618133,107.916544,
238,绿洲假日酒店,凭祥市,青山路2号(热林中心旁),,,,22.119165,106.748866,
238,宁明恒悦宾馆,宁明县,兴远街40号二楼(大工商银行往江边60米),,,,22.134979,107.070629,
238,祥兴国际大酒店(凭祥汽车总站美食街店),凭祥市,南大路7号,,,,22.099306,106.749379,
238,崇左新元宾馆,江州区,沿山路富丽佳园三栋1号,,,,22.399888,107.354748,
238,凭祥西贡大酒店,凭祥市,新华路99号,,,,22.106738,106.761087,
238,圣展酒店,江州区,山秀路中段东侧21号楼,,,,22.381948,107.382874,
238,安和商务酒店,扶绥县,永宁路278号,,,,22.632637,107.917673,
238,宁明明都大酒店,宁明县,兴宁大道汽车站旁边,,,,22.128048,107.070666,
238,扶绥凯旋宾馆,扶绥县,永安路98号,,,,22.636969,107.915577,
238,金和佳宾馆(德天大道店),大新县,德天大道119号,,,,22.828088,107.208779,
238,景顺国际大酒店,宁明县,城中镇兴宁大道中83号,,,,22.127706,107.070498,
238,大新县富莱宾馆,大新县,桃城镇养利路1-1号,,,,22.848161,107.191498,
239,红太阳宾馆(贺州学院店),八步区,八达西路509号,,,,24.416347,111.531362,
239,贺州雅之阁酒店(贺州灵峰广场店),八步区,八达西路48号(近灵峰广场),,,,24.416761,111.551566,
239,贺州今粤桂酒店,八步区,八达西路261号,,,,24.416506,111.541135,
239,阳光酒店(贺州学院店),平桂区,建设西路109号,,,,24.414989,111.519373,
239,贺州幸福民宿,八步区,贺街镇河西街城西路160-1号,,,,24.328540,111.659664,
239,晨光宾馆,钟山县,城西路34号,,,,24.522483,111.297741,
239,贺州长安精品酒店,八步区,信都镇梧八路(新联村17号),,,,23.994504,111.725582,
239,贺州帝景酒店,八步区,八达西路133号(近佰乐商店),,,,24.416454,111.545198,
239,粤都酒店,八步区,建设中路22号,,,,24.412924,111.555645,
239,四通酒店(城西路店),八步区,八达西路511号,,,,24.416725,111.531500,
239,黄姚大酒店(黄姚古镇店),昭平县,黄姚镇真武路98号,,,,24.246995,111.196682,
239,锦鑫酒店(宝泉巷),八步区,八达西路128号,,,,24.416796,111.548257,
239,凯悦酒店(富川古明城商业步行街店),富川瑶族自治县,新建路16号(风雨桥红绿灯路口),,,,24.817650,111.276405,
239,佳雨快捷宾馆,八步区,人民路1号,,,,24.409728,111.548001,
239,贺州八步鼎富宾馆,八步区,八步六路,,,,24.412620,111.536162,
239,千禧颐和大酒店,钟山县,北环东路164号,,,,24.536792,111.314029,
239,贺州八步金羽宾馆,八步区,八达西路241号,,,,24.416561,111.542328,
239,富川穗丰宾馆,富川瑶族自治县,凤凰路3-10号,,,,24.819878,111.276683,
239,贺州顺意旅馆,八步区,前进东路129号,,,,24.414638,111.545145,
239,先富酒店(贺州市政广场缤纷环球城店),八步区,平安西路155号,,,,24.405258,111.561057,
239,OYO天豪商务宾馆(贺江医院前进中路店),八步区,"前进中路108号(近火柴厂,贺江医院旁)",,,,24.414909,111.545348,
239,小金湾宾馆,八步区,平安西路216号(夜蒲酒吧正对面),,,,24.404624,111.561303,
239,贺州金港酒店,八步区,太白西路48号,,,,24.411750,111.570103,
239,贺州将军山大酒店,八步区,八步街道新惠街59号,,,,24.419161,111.574434,
239,钟山迎宾馆,钟山县,广场路17号,,,,24.526753,111.301463,
240,武鸣区锦华旅馆(南宁),武鸣区,五岭路85号,,,,23.159893,108.282213,
240,上林银泉宾馆,上林县,银泉路与智城路交汇处一桥客运站后门旁,,,,23.430568,108.598620,
240,南宁初见酒店(南宁北站康和城商业广场店),武鸣区,灵源路80号,,,,23.153106,108.277710,
240,银新宾馆(南宁东葛葛村路店),青秀区,东葛葛村路口(葛村路三巷26号),,,,22.823171,108.350666,
240,四季酒店(南宁广西大学东门店),西乡塘区,秀灵路71号,,,,22.844372,108.300597,
240,华超精品酒店,马山县,白山镇中学街357号,,,,23.709544,108.167152,
240,南宁美蓝太空舱青年公寓(广西大学店),西乡塘区,大学东路31号时代天骄A座20楼,,,,22.831756,108.288954,
240,南宁市武鸣区佳恒旅馆,武鸣区,城厢镇东鸣路345号,,,,23.163542,108.287024,
240,千星梵梵女生青年旅舍(广西大学店),西乡塘区,大学东路35号瀚林学府二期19栋B单元十四层1402号房,,,,22.831775,108.288075,
240,南宁锦都旅馆(武鸣东盟经济技术开发区店),武鸣区,人民路43号,,,,23.201226,108.167513,
240,南宁朝鑫宾馆(富德商业广场店),江南区,五一西路今朝大厦斜对面,,,,22.813378,108.263102,
240,南宁吉庆旅馆(江南客运站地铁站店),江南区,江南路烟墩岭22号,,,,22.766946,108.312869,
240,天华宾馆(中尧南路店),西乡塘区,中尧南路47号,,,,22.809850,108.290537,
240,万里行宾馆(马山县汽车总站店),马山县,白山镇同富街10号(原汽车站旁),,,,23.707903,108.164707,
240,天海宾馆(思贤路店),青秀区,思贤路5-2号(阳光100城市广场),,,,22.816989,108.339734,
240,金凯宾馆(广西国际职业技术学院医科大二附院店),西乡塘区,大学东路168号2层,,,,22.840419,108.258105,
240,雅阁商务宾馆(上林汽车总站店),上林县,明山路南段244号,,,,23.423123,108.605326,
240,鑫珑悦栖酒店(隆安县人民政府蝶城广场店),隆安县,蝶城路178号,,,,23.165504,107.694043,
240,联友宾馆(南宁火车站店),兴宁区,苏州路8号摩根国际大厦1层8-1-1号,,,,22.825939,108.318421,
240,马山雅馨宾馆,马山县,白山镇银峰大道6号,,,,23.709691,108.165111,
240,华鑫宾馆(五一路店),江南区,五一西路富德村111号,,,,22.817024,108.260449,
240,鑫海宾馆(西大南门店),西乡塘区,大学东路29号一号线地铁广西大学站K出口,,,,22.831311,108.290736,
240,马山春来宾馆,马山县,白山镇银峰大道58号,,,,23.709654,108.163037,
240,上林东方宾馆,上林县,明山路190号,,,,23.426683,108.605498,
240,宇通酒店(南宁朝阳火车站地铁站店),兴宁区,朝阳街道朝阳路72-1号新上海大厦12楼,,,,22.821943,108.318595,
241,银华商务酒店(广西现代职业技术学院店),金城江区,新建西路一巷18号,,,,24.690470,108.040304,
241,电都商务宾馆,天峨县,六排镇塘英大道006号,,,,24.990147,107.174282,
241,茂源商务宾馆(大洋购物广场店),宜州区,城中西路20-17号,,,,24.492822,108.652048,
241,大化电城宾都酒店,大化瑶族自治县,大化镇文昌东路19号,,,,23.739589,107.995425,
241,阿里山宾馆(解放南路店),金城江区,解放南路6号,,,,24.697867,108.066832,
241,南丹锦鸿酒店,南丹县,妇幼路2号,,,,24.979789,107.549231,
241,河池朴墅客栈,宜州区,龙岗路1-18号,,,,24.493242,108.652594,
241,印象四季酒店(金城江店),金城江区,金城中路262号,,,,24.695598,108.061174,
241,7天优品酒店(河池宜州火车站店),宜州区,山谷路84号,,,,24.496218,108.632484,
241,春江商务宾馆(白马街店),金城江区,朝阳路5号,,,,24.694874,108.062249,
241,万豪酒店,环江毛南族自治县,桥东路205号,,,,24.828844,108.258523,
241,河池盐业大酒店(车江路店),宜州区,车江路12号,,,,24.493094,108.647080,
241,龙江宾馆(河池总店),金城江区,解放中路2号,,,,24.696556,108.066252,
241,龙江宾馆(河池南新西路店),金城江区,南新西路149号,,,,24.691052,108.052441,
241,河池嘉艺大酒店(金城江白马步行街店),金城江区,文体路176号(文化广场旁),,,,24.692026,108.049009,
241,星美柠酒店,金城江区,金城中路351号,,,,24.693964,108.068309,
241,7天酒店(河池金城江火车站店),金城江区,江北东路26号,,,,24.697672,108.073834,
241,大化中意故里酒店,大化瑶族自治县,红河南路116号,,,,23.724563,107.995905,
241,俊美大化大酒店,大化瑶族自治县,大化镇建丰路1号,,,,23.732929,107.999329,
241,金城江运威大酒店,金城江区,西环路120号,,,,24.683748,108.045177,
241,优程酒店(宜州车江桥店),宜州区,"山谷路49号(运管局旁,福临门东旁)",,,,24.496377,108.645673,
241,河池顺泰大酒店(文化广场金城江公园店),金城江区,文体路108号,,,,24.691257,108.049375,
241,城市便捷酒店(河池金城江职教中心店),金城江区,城西大道35号,,,,24.686655,108.033916,
241,河池党校宾馆,金城江区,南新东路三巷50号,,,,24.683910,108.083901,
241,品道国际大酒店,罗城仫佬族自治县,一平路58号,,,,24.777129,108.902889,
242,龙胜天鹅宾馆,龙胜各族自治县,兴龙西路16号,,,,25.796452,110.006926,
242,一家宾馆(桂林电子科技大学金鸡岭校区店),七星区,金鸡路唐家里2号(电子科技大学正门对面),,,,25.281024,110.338435,
242,景瑞时尚酒店(桂林两江四湖象鼻山店),七星区,江东村69号(近象鼻山、两江四湖),,,,25.258813,110.304441,
242,龙胜新华大酒店,龙胜各族自治县,古龙街18号(新华书店隔壁),,,,25.796336,110.010545,
242,阳朔华源旅店(20元人民币风景区店),阳朔县,兴坪镇画山厄根底村漓江风景区内,,,,24.924422,110.512547,
242,桂林源丰宾馆(桂林理工大学屏风校区店),七星区,六合路上边村14号,,,,25.279016,110.323152,
242,兴安友谊宾馆,兴安县,兴桂路站前街31号,,,,25.615160,110.668170,
242,桂林德顺德宾馆(金水湾花园境界店),临桂区,金水路222号,,,,25.256946,110.223020,
242,桂林海岸酒店(火车北站店),叠彩区,江北街道金石一路埔顶村雅寄苑1号,,,,25.331155,110.303346,
242,宏发宾馆(桂林北站店),叠彩区,八里街广源南路32号,,,,25.331653,110.303876,
242,桂林凯旋门宾馆(火车北站店),叠彩区,定江镇盈丰路25号,,,,25.331880,110.303486,
242,桂林丰鑫时尚酒店(理工大学店),七星区,穿山街道六合路上边村12号,,,,25.278804,110.323056,
242,便捷宾馆(龙胜店),龙胜各族自治县,浔江北区长田路4号,,,,25.800650,110.009189,
242,君林宾馆(桂林电子科技大学店),七星区,金鸡路30号,,,,25.280630,110.335847,
242,海翔宾馆(桂林电子科技大学店),七星区,六合路92附近,,,,25.279027,110.332592,
242,桂林天景宾馆(七星公园店),七星区,建干里67号,,,,25.276974,110.312135,
242,福星宾馆(桂林临桂店),临桂区,榕山路17号,,,,25.247871,110.206844,
242,平乐星期八客栈(魔方大厦店),平乐县,环城街16号,,,,24.623202,110.661035,
242,幸福宾馆(昭州医院西),平乐县,新安街283号,,,,24.621574,110.667221,
242,桂林运达宾馆(穿山中学职教中心店),七星区,穿山村委7组68号,,,,25.259009,110.304494,
242,桂林君悦旅社,象山区,银锭路404号,,,,25.266846,110.282458,
242,爱琴海主题酒店,阳朔县,碧莲巷96号,,,,24.774687,110.485964,
242,阳朔鑫源酒店(阳朔西街千古情景区店),阳朔县,大村门开发区消防大队后面,,,,24.775847,110.479177,
242,全州东源宾馆,全州县,中心北路13号,,,,25.930812,111.071926,
242,桂林五丰宾馆(五里店果蔬批发市场店),七星区,五里店果蔬批发市场后门,,,,25.248231,110.329728,
243,石嘴山供贸宾馆,大武口区,游艺东街441号,,,,39.010986,106.384922,
243,四季阳光酒店,平罗县,鼓楼西街与萧公大街交叉口阳光城市花园B1综合楼4-5层,,,,38.903243,106.532118,
243,鲁能商务宾馆,大武口区,贺兰山南路2号,,,,39.012723,106.373909,
243,华祥酒店,惠农区,延安路212附近,,,,39.214893,106.771958,
243,茂祥商务宾馆,大武口区,南路100号(原朝阳派出所),,,,39.008968,106.375773,
243,银苑宾馆(胜利东街),大武口区,民乐小区西北1门西南270米,,,,39.021138,106.385828,
243,北秀宾馆,惠农区,北大街富强小区(西)停车场商业小二楼3号(美伊佳超市对面),,,,39.233215,106.776536,
243,万盛大酒店,大武口区,解放东街154号(距万达广场50米),,,,39.008137,106.374787,
243,林桥酒店,惠农区,北大街1号,,,,39.231213,106.776637,
243,利雅得宾馆,大武口区,大武口新世纪大道,,,,39.004481,106.391121,
243,平罗致家商务宾馆,平罗县,星海北苑20号楼5号,,,,38.910783,106.533662,
243,石嘴山君泰商务宾馆(光明中学店),大武口区,永康南路131号,,,,39.001453,106.378016,
243,平罗沙湖银舟宾馆,平罗县,沙湖新码头红绿灯向西,,,,38.832099,106.376151,
243,石嘴山宁夏枫华豪泰大酒店,大武口区,朝阳西街346号,,,,39.032312,106.357039,
243,德泓公寓酒店,平罗县,红崖子工业园区德泓馨和苑11号楼1-3层,,,,39.067894,106.911564,
243,舒美主题公寓酒店,大武口区,青山南路颐和名邸一号楼公寓楼14层,,,,39.013499,106.369953,
243,平罗天辰商务宾馆,平罗县,东方明珠B区A2-3号,,,,38.909752,106.558992,
243,安和园宾馆(石嘴山市第一中学店),惠农区,市第一人民医院后大门,,,,39.221281,106.768673,
243,乐嘉商务宾馆,惠农区,北大街2-10号,,,,39.232044,106.774410,
243,石嘴山电视商务宾馆,惠农区,清华街消防队旁边,,,,39.221229,106.769773,
243,石嘴山静心宾馆,大武口区,朝阳东街165号,,,,39.008544,106.382057,
243,平罗青鹿Ins.酒店(唐华丽景店),平罗县,唐华丽景小区北门向东20米,,,,38.919065,106.531370,
243,星和海酒店(大武口区宁夏理工学院店),大武口区,星海镇办事处山水大道2号,,,,38.978112,106.426935,
243,平罗云喜商务酒店(鼓楼店),平罗县,鼓楼南街15号,,,,38.903192,106.546511,
243,途窝假日酒店(平罗沙湖景区店),平罗县,前进农场文化路20号,,,,38.841153,106.373504,
244,隆德宾馆,隆德县,人民路123号,,,,35.618273,106.123967,
244,假日宾馆(六盘山路东),原州区,六盘山东路39号,,,,36.022511,106.288763,
244,永祥宾馆(文化西路),原州区,文化街164号(人民会堂旁),,,,36.007721,106.285351,
244,源峰宾馆,泾源县,龙潭街农业银行旁,,,,35.491664,106.337979,
244,西吉和泰商务酒店,西吉县,康泰路和309国道交叉口,,,,35.963913,105.747574,
244,泾源宾馆,泾源县,香水镇龙潭街35号,,,,35.491317,106.338912,
244,悦栖宾馆,彭阳县,兴彭大街872号,,,,35.849547,106.627600,
244,彭阳悦龙宾馆(兴彭大街店),彭阳县,白阳镇兴彭大街908号,,,,35.849870,106.626109,
244,固原大百明宾馆,原州区,固原新区汽车站东,,,,36.015961,106.234584,
244,固原雨轩快捷宾馆,原州区,萧关大道派胜世贸城营业房156号,,,,36.018233,106.233934,
244,固原兴明宾馆,原州区,新汽车站北邻,,,,36.016499,106.233618,
244,骏怡连锁酒店(固原彭阳县光明路店),彭阳县,兴彭大街与光明路交叉口东北20米,,,,35.849557,106.632622,
244,六盘山国际饭店,隆德县,人民路文化广场(近隆泉广场),,,,35.617869,106.125957,
244,固原乐季酒店,原州区,金丰街25号,,,,36.001194,106.210522,
244,六盘春假日酒店,泾源县,泾河路与香水街交叉口,,,,35.496780,106.331742,
244,固原优泊客商务宾馆,原州区,西关南路334号,,,,35.995336,106.274696,
244,瑞桥宾馆,隆德县,312国道象山园向西80米,,,,35.622324,106.124504,
244,西吉橙光酒店,西吉县,苏堡路95号,,,,35.967624,105.714276,
244,固原红星宾馆,原州区,南关街326号,,,,35.998826,106.289047,
244,固原福顺宾馆,原州区,古雁南街原州新街33号楼20号营业房,,,,35.995825,106.242625,
244,楠舍美宿公寓宁夏师范大学店(学院路2号分店),原州区,古雁街道学院路华祺公寓1号楼10楼1005室,,,,36.019704,106.238954,
244,原州快捷宾馆(固原三中店),原州区,人民街176号,,,,36.002523,106.289893,
244,固原市经济开发区畅原商务酒店(固原会展中心店),原州区,会展中心3楼,,,,36.000112,106.211587,
244,隆德福霖宾馆,隆德县,人民街66号,,,,35.622446,106.124679,
244,西吉客如意宾馆,西吉县,苏堡路口19号,,,,35.969856,105.715182,
245,大兴商务酒店(中卫火车站鼓楼店),沙坡头区,文昌北街邵桥头红绿灯处,,,,37.519580,105.194763,
245,中卫东来商务酒店,沙坡头区,二干渠东路9号,,,,37.520114,105.191303,
245,中卫丰茂源酒店,沙坡头区,长城东街019号,,,,37.519168,105.191042,
245,朝阳宾馆(鼓楼南街),沙坡头区,鼓楼南街朝阳巷2号,,,,37.514061,105.189763,
245,隆翔商务酒店(中卫中宁县店),中宁县,新堡北街煜基大厦208号,,,,37.480467,105.685403,
245,中卫鞠香园宾馆,沙坡头区,香山西街58号,,,,37.512759,105.186425,
245,香山宾馆(中卫香山东街店),沙坡头区,香山东街(七彩鸟广告北15米),,,,37.512485,105.194043,
245,中宁长鼎宾馆,中宁县,县东街时代万象C座(宁安一小斜对面),,,,37.486812,105.678936,
245,中卫长城大酒店,沙坡头区,鼓楼东街107号(三森家具旁边),,,,37.515565,105.196101,
245,中卫泽源宾馆,沙坡头区,邵桥巷43号,,,,37.520591,105.195051,
245,中卫兴拓酒店,沙坡头区,鼓楼东街251号,,,,37.515405,105.200785,
245,中卫西部大酒店,沙坡头区,人民广场西侧(中卫火车站西南50米),,,,37.520790,105.188911,
245,锦江酒店(中卫鼓楼店),沙坡头区,鼓楼东街30号(世和新天地对面),,,,37.515178,105.191629,
245,安泰宾馆(中卫火车站鼓楼店),沙坡头区,长城东街65号(距离火车站500米),,,,37.519336,105.192498,
245,中卫康桥酒店,沙坡头区,文昌南街中段鑫祥家园2号,,,,37.512027,105.194287,
245,海原宾馆,海原县,海城镇政府南街,,,,36.564587,105.646763,
245,7天酒店(中宁县政府人民广场店),中宁县,平安东街109复线,,,,37.493968,105.691683,
245,中宁婉庭春晓度假酒店,中宁县,平安西街中达家园小区,,,,37.485477,105.673379,
245,丽新酒店(中卫市海原县县政府店),海原县,海城镇建设北路海原宾馆南侧,,,,36.563713,105.646390,
245,西部宾馆,沙坡头区,中山南街中央大道北侧,,,,37.505481,105.187770,
245,怡生园宾馆,中宁县,宁安南街182号,,,,37.482699,105.678688,
245,中卫沙坡头童家大院民宿(沙坡头旅游景区分店),沙坡头区,迎水桥镇沙坡头村111号沙坡头旅游景区2公里处,,,,37.459415,105.024550,
245,荣升宾馆,海原县,广原路中合市场6号楼13号商铺,,,,36.371751,106.092897,
245,中卫大酒店,沙坡头区,长城东街与长城西街交汇处东南角,,,,37.518585,105.190858,
245,中宁舒欣宾馆,中宁县,北街红枸杞商贸综合楼11号,,,,37.495819,105.672833,
246,银川福锦酒店(新华街鼓楼店),兴庆区,居安巷46号,,,,38.463539,106.277119,
246,富鑫宾馆(欧语城邦小区东),贺兰县,习岗镇马家寨109国道居安苑西门,,,,38.557126,106.330470,
246,凯悦商务宾馆(宁源东路),灵武市,宁东中心区东方龙商业广场12-28号,,,,38.162693,106.588078,
246,银川凯悦宾馆,兴庆区,清和南街1356-13号,,,,38.424400,106.283621,
246,银川玫缘招待所,西夏区,同心北路同心苑小区26号楼营业房,,,,38.494123,106.123419,
246,银川都市商务宾馆,兴庆区,清和南街209号,,,,38.458104,106.288632,
246,银川天悦商务宾馆(西夏区店),西夏区,学知园西门19-7-8号,,,,38.499743,106.124782,
246,银川浮游国际青年旅舍(新华街鼓楼店),兴庆区,意志巷52号,,,,38.464153,106.282677,
246,骏怡连锁酒店(鼓楼玉皇阁北街店),兴庆区,玉皇阁北街80号,,,,38.468236,106.285198,
246,永宁县新兴兰大酒店(望远四季鲜店),永宁县,永宁县望远工业园区(109国道东侧)14幢3层,,,,38.389502,106.280036,
246,凯都宾馆(银川市第一人民医院店),兴庆区,长城东路315号(民族南街与长城东路交叉口),,,,38.457249,106.273562,
246,OYO鸿运宾馆(南门楼清河南街店),兴庆区,清河南街295号,,,,38.456740,106.288594,
246,贺兰宾馆,贺兰县,银河东路118号,,,,38.554391,106.348436,
246,阳光花园酒店(民族南街),兴庆区,利群东街4号,,,,38.461603,106.274928,
246,轻住·金月亮商务宾馆,兴庆区,兴庆区解放西街珠市巷1号(盛世春天对面),,,,38.468476,106.270385,
246,朝阳商务宾馆(中兴路),灵武市,中兴路乐祥国际家具汇展中心对面,,,,38.105279,106.337607,
246,银川昊辉宾馆,兴庆区,清和南街926号,,,,38.438097,106.285453,
246,银川吉运快捷酒店,金凤区,北京中路798号,,,,38.485021,106.180599,
246,如家派柏·云酒店(银川鼓楼步行街店),兴庆区,利群西街106号,,,,38.462552,106.271166,
246,鑫花花宾馆(银川南门广场店),兴庆区,胜利街223号,,,,38.451098,106.283043,
246,隆翔商务酒店(银川建发店),兴庆区,新华东街315号,,,,38.459671,106.290388,
246,青柚智能商务酒店(银川怀远夜市店),西夏区,同心南街嘉宝花园25号楼6号营业房,,,,38.482825,106.124375,
246,银川大自然公寓酒店,兴庆区,新华街街道东街290号建发公寓b座首层,,,,38.459855,106.289708,
246,银川微8快捷宾馆(西夏公园店),西夏区,怀远西路409号(西夏公园北门对面),,,,38.491280,106.119666,
246,隆宇酒店(北京东路吾悦广场店),兴庆区,北京东路790号,,,,38.469318,106.306478,
247,兰花桦酒店(利通万达广场店),利通区,利通北街237号,,,,37.989552,106.201538,
247,江南宾馆(吴忠店),利通区,友谊东路72号(盐环定扬水管理处隔壁),,,,37.973308,106.215094,
247,盐池万豪商务宾馆,盐池县,民族西街347号,,,,37.792555,107.401458,
247,朝阳宾馆(利通北街店),利通区,利通北街老汽车站旁边,,,,37.988621,106.201788,
247,OYO·迎宾宾馆(万达店),利通区,利通北街193号,,,,37.988434,106.201102,
247,吴忠圆梦宾馆(国贸大厦店),利通区,利通南街与友谊西路十字附近,,,,37.975113,106.198641,
247,同心宾馆(豫海北街),同心县,豫海北街20号,,,,36.981544,105.912127,
247,吴忠凤江宾馆(万达店),利通区,利宁北街178号,,,,37.989753,106.193891,
247,7天优品酒店(吴忠万达广场店),利通区,黎明路财满街万达广场向南800米,,,,37.987834,106.188584,
247,东方宾馆(民生街),同心县,民生南街,,,,36.978638,105.919379,
247,吴忠美客酒店,利通区,黄河路碧水明珠小区25号商网,,,,37.982810,106.165717,
247,吴忠大力宾馆,利通区,金星镇利通北街塞上明珠,,,,38.002642,106.209158,
247,伊清源宾馆,同心县,豫海镇银平西街176号,,,,36.976544,105.904626,
247,吴忠启航酒店(光耀美食街店),利通区,世纪大道宜人世家26栋401号,,,,38.002305,106.214072,
247,吴忠华翔商务宾馆,利通区,国税小区南门东60米,,,,37.989183,106.200699,
247,梦得瑞商务宾馆,盐池县,338国道惠安堡中心卫生院东南方向500米,,,,37.444758,106.672716,
247,盐州酒店,盐池县,民生西街43号,,,,37.786797,107.406062,
247,青铜峡希悦酒店,青铜峡市,小坝镇汉坝东街174号(青秀园南门对面),,,,38.022556,106.082834,
247,兰花桦酒店(吴忠中学店),利通区,明珠西路与利宁北街交叉口西120米,,,,37.998103,106.192175,
247,大十字宾馆,同心县,豫海镇长征西街031号,,,,36.979863,105.910071,
247,盐池名豪商务宾馆,盐池县,民族西街108号,,,,37.791071,107.404774,
247,鹏山商务宾馆(吴忠万达广场店),利通区,明珠西路392号,,,,37.998123,106.192550,
247,天泰商务宾馆(万达广场店),利通区,双拥路182号,,,,37.992879,106.197638,
247,兰亭宾馆(吴灵西路),利通区,吴灵西路137号,,,,37.990878,106.196537,
247,万豪商务宾馆(利宁北街店),利通区,利宁北街212号(利宁北街与吴灵西路交叉口工商银行南侧),,,,37.990405,106.193901,
248,舟山华亭宾馆,定海区,人民南路82号,,,,30.010990,122.107816,
248,南城旅馆(环城南路),定海区,"环城南路246号(三国公园以南50米,舟山水警区招待所西50米)",,,,30.009621,122.106186,
248,舟山海星宾馆,普陀区,沈家门街道兴建路590号,,,,29.941999,122.286512,
248,舟山锦绣海城宾馆,普陀区,东海中路805号,,,,29.944075,122.283074,
248,舟山迎宾小庄,定海区,环城南路242号,,,,30.009647,122.105966,
248,岱山一百宾馆,岱山县,人民路2号,,,,30.240667,122.202268,
248,岱山家禾宾馆,岱山县,剧院弄25-2号,,,,30.245055,122.204368,
248,香格商务宾馆,普陀区,东港街道,,,,29.963130,122.319787,
248,舟山乐惠小旅馆,定海区,人民南路122号,,,,30.009988,122.107530,
248,南苑商务宾馆(兴建路店),普陀区,兴建路89号,,,,29.943263,122.296227,
248,舟山远景宾馆(定海古城店),定海区,人民路108号,,,,30.010575,122.107769,
248,岱山天鸿旅馆,岱山县,高亭镇山外路87-2号(近高亭车渡码头),,,,30.237797,122.204788,
248,南山宾馆(白泉路店),定海区,白泉路42号,,,,30.064389,122.158341,
248,舟山东海青年旅舍,普陀区,朱家尖共建路4号,,,,29.915364,122.393570,
248,舟山红楼宾馆,定海区,人民中路182号,,,,30.019932,122.108147,
248,君豪商务宾馆(铭都花园西),普陀区,东港街道贸易城旅游品市场42-48号,,,,29.962759,122.319377,
248,舟山中天商务宾馆(沈家门半升洞码头店),普陀区,东河路90号,,,,29.945386,122.303464,
248,金叶宾馆(食品厂路店),普陀区,食品厂路81号,,,,29.944184,122.293513,
248,舟山芙蓉宾馆(芙蓉洲路店),定海区,芙蓉洲路16号,,,,30.016495,122.110254,
248,白云宾馆(环城南路店),定海区,环城南路65号,,,,30.010083,122.101573,
248,舟山银河宾馆,普陀区,外河口路12号,,,,29.944478,122.291945,
248,舟山颐桥商务宾馆(半升洞码头店),普陀区,滨港路406-407号,,,,29.944244,122.312032,
248,昌源大酒店,定海区,环南街道解放西路260号,,,,30.014811,122.096971,
248,海都宾馆(白虎山路),定海区,白虎山路130号(海山小学对面),,,,30.016292,122.094672,
248,舟山海之旅假日宾馆,定海区,环城南路341号,,,,30.009824,122.112493,
249,桐乡濮院新宾宾馆(永乐路店),桐乡市,濮院镇永乐路19号,,,,30.673047,120.633950,
249,桐乡银都宾馆,桐乡市,梧桐街道和平路181-187号,,,,30.626239,120.570245,
249,嘉兴华新旅馆,南湖区,建国南路633弄12号,,,,30.769283,120.752692,
249,嘉兴禾兴招待所,南湖区,禾兴北路西马桥540号,,,,30.782907,120.744572,
249,桐乡濮院华夏宾馆,桐乡市,濮院镇朝晖路28号,,,,30.674861,120.632039,
249,嘉善开源旅馆,嘉善县,魏塘街道体育北路236号,,,,30.850349,120.911296,
249,好苑宾馆(工人路店),海宁市,工人路187号,,,,30.528238,120.688330,
249,嘉兴道前宾馆,南湖区,道前街14号,,,,30.763237,120.751045,
249,嘉善再回首宾馆,嘉善县,炮台口外环西路华东建材市场南区,,,,30.851441,120.910654,
249,嘉兴嘉之园宾馆,南湖区,中山东路763号汇金大厦F1层,,,,30.761293,120.743925,
249,云顶宾馆(世纪大道),桐乡市,崇福镇工业区世纪大道南侧钱家埭村村委大楼,,,,30.535535,120.452515,
249,桐乡永胜宾馆,桐乡市,濮院镇永乐路25号,,,,30.673357,120.634012,
249,嘉善新乐旅馆,嘉善县,谈公北路879号,,,,30.861342,120.931910,
249,平湖新夏宾馆,平湖市,兴平一路138号,,,,30.705350,121.004333,
249,新阳光宾馆,桐乡市,濮院镇朝晖路15号(近羊毛衫市场),,,,30.674060,120.631625,
249,海宁欢乐旅馆,海宁市,修川路939号,,,,30.458889,120.444101,
249,桐乡朝阳楼客房,桐乡市,城河路38号,,,,30.633314,120.550034,
249,友谊宾馆(独广公路),平湖市,聚福村友谊路1号,,,,30.668386,121.157457,
249,嘉善嘉豪商务宾馆,嘉善县,姚庄镇新景南路160号,,,,30.909528,120.959985,
249,阳光精品酒店,秀洲区,同心路193号三楼,,,,30.787709,120.742480,
249,浅水湾宾馆(古城路),海盐县,新桥南路52号(秦山核电会堂对面),,,,30.511011,120.946317,
249,嘉兴金沙湾宾馆,南湖区,景湖路473号,,,,30.755516,120.772895,
249,海宁紫薇宾馆,海宁市,海宁勤俭路45号(近工人路),,,,30.528056,120.686101,
249,温州旅馆,桐乡市,濮院镇南纬路86号,,,,30.673010,120.629930,
249,嘉兴两港宾馆(秀州路店),南湖区,秀州北路186号,,,,30.763176,120.756506,
250,永昌宾馆(宁波溪口蒋氏故居店),奉化区,溪口镇武岭东路106号,,,,29.691121,121.288256,
250,宁波都会宾馆,北仑区,新碶街道长江路1000号,,,,29.904451,121.847322,
250,宁波奉化银河宾馆,奉化区,光明路32幢6号,,,,29.670411,121.414301,
250,宁波绿水宾馆,奉化区,溪口镇沿江北路5号,,,,29.691706,121.289604,
250,宁波鑫源宾馆,海曙区,北路一村东南1门旁,,,,29.829154,121.508046,
250,象山聚龙湾宾馆,象山县,新丰路209号,,,,29.465046,121.873722,
250,宁波天福宾馆,北仑区,大碶镇高田王街6号天福宾馆旁,,,,29.891022,121.794736,
250,宁波小南门宾馆,海曙区,新典路160号2层,,,,29.854491,121.527686,
250,宁波阿明宾馆,海曙区,卖鱼路79-1号(西门口地铁站B口步行480米),,,,29.878030,121.537896,
250,健乐旅馆,镇海区,骆驼街道慈海南路400号,,,,29.978515,121.584625,
250,奉化鑫苑宾馆,奉化区,中兴中路31号工贸城3段6号,,,,29.690363,121.287208,
250,永顺商务宾馆,鄞州区,朝阳路387号,,,,29.771055,121.498853,
250,雄风宾馆(会展中心桑田路店),鄞州区,桑田路314号(福民公园地铁站B3口步行480米),,,,29.872775,121.591608,
250,宁波阳光旅馆,鄞州区,钟公庙路108号(钟公庙地铁站B口步行460米),,,,29.821615,121.537623,
250,宁波狮山宾馆,鄞州区,姜山镇环镇北路54号,,,,29.768318,121.530319,
250,民泰民宿,海曙区,雅戈尔大道87号(轻纺城地铁站B口步行140米),,,,29.830449,121.512971,
250,如家派柏云酒店(北仑明州路店),北仑区,高凤路450号太平洋花园广场B座,,,,29.909408,121.852566,
250,瀛洲宾馆,象山县,宁波象山丹峰西路190号,,,,29.465369,121.873932,
250,宁波鄞南宾馆(南塘老街火车站店),海曙区,中国石化加油站正对面,,,,29.848613,121.531966,
250,宁波明鑫宾馆,江北区,慈城镇解放路新弄13号(农业银行对面弄内),,,,29.981236,121.448722,
250,余姚文山宾馆,余姚市,文山路24号,,,,30.062057,121.159195,
250,宁波金叶宾馆,海曙区,启运路礼嘉桥旁,,,,29.848412,121.504109,
250,余姚中奕精品酒店,余姚市,马渚镇东一路151号,,,,30.072366,121.056622,
250,桃园商务宾馆,海曙区,横街镇横街中路22号,,,,29.856309,121.401962,
250,宁波东海旅社,北仑区,大矸镇大路110号,,,,29.889622,121.804947,
251,台州侨宾旅馆,路桥区,南洋路194-196号,,,,28.569678,121.380600,
251,双江宾馆(五洞桥店),黄岩区,世纪大道玉兰新村15幢1号,,,,28.648412,121.250022,
251,玉环福康宾馆,玉环市,长康路191号,,,,28.123754,121.236222,
251,三门新城宾馆,三门县,海游镇朝晖路70-26号(金森伯兰西餐厅旁),,,,29.107389,121.392823,
251,台州台山宾馆,椒江区,市府大道137号,,,,28.650862,121.436437,
251,蓝天宾馆(横滨大道店),温岭市,横滨大道145号,,,,28.396154,121.519785,
251,玉环新世纪宾馆,玉环市,长兴路111号(城关劳动保障管理所东北),,,,28.127629,121.232241,
251,台州新康平宾馆,椒江区,康平路13号,,,,28.648325,121.429025,
251,阿拉丁商务宾馆,温岭市,城东街道曙光路443号,,,,28.397088,121.391196,
251,台州君悦商务酒店,黄岩区,东浦路8号,,,,28.652204,121.270226,
251,三门恒祥宾馆,三门县,六敖镇大墩路1号,,,,29.082918,121.595556,
251,金都小宾馆(楚门客运中心店),玉环市,新塘里1号,,,,28.218966,121.280343,
251,奥都宾馆(中大街),温岭市,石粘路319号,,,,28.440713,121.383648,
251,台州明华宾馆,椒江区,红旗新村186-187号,,,,28.672905,121.427988,
251,梦8商务宾馆(西路桥大道),路桥区,西路桥大道118号,,,,28.585256,121.368441,
251,波特·万豪宾馆(西路桥大道),路桥区,西路桥大道256号(近星光耀广场),,,,28.585687,121.364030,
251,台州仙人居宾馆,仙居县,永安街77号,,,,28.851449,120.742786,
251,黄岩东城康乐旅馆(东浦路辅路店),黄岩区,东城街道东浦路32号康乐旅馆,,,,28.652451,121.270570,
251,香江宾馆(玉环广陵路店),玉环市,广陵路240-252号,,,,28.122332,121.231163,
251,玉环楚门青年旅馆,玉环市,楚门镇中山村观潮路62号,,,,28.215384,121.280976,
251,临海八方宾馆,临海市,大田街道北达路238号(大田交警大队旁),,,,28.910353,121.203535,
251,府城轻居酒店,临海市,回浦路59号,,,,28.845475,121.121454,
251,华联宾馆(康平路店),椒江区,经济开发区康平路151-153号,,,,28.648995,121.426212,
251,三门县武汉宾馆,三门县,海游镇沧海路76号,,,,29.112572,121.386349,
251,一鑫商务宾馆,路桥区,东路桥大道3号(鑫都国际大酒店旁),,,,28.584732,121.373072,
252,德丰宾馆(塘北东路),苍南县,塘北东路144-145号,,,,27.507152,120.405600,
252,金山宾馆(柳青南路),乐清市,柳市镇柳青路1388号,,,,28.041269,120.894160,
252,泰顺金石宾馆,泰顺县,东大街92号,,,,27.556132,119.720125,
252,安泰宾馆(堡一村工业街),永嘉县,瓯北镇张堡工业街99号,,,,28.049283,120.617157,
252,温州迎春旅馆,龙湾区,平阳路43号,,,,27.969878,120.763618,
252,温州珊瑚宾馆,鹿城区,南汇街道温州大道国光大厦副楼201室,,,,27.982855,120.686580,
252,温州均益宾馆,龙湾区,蒲州括苍西路50号(新世纪大厦边上),,,,27.987628,120.724216,
252,乐清恒发旅馆,乐清市,柳市上园南路71弄18号,,,,28.046614,120.902070,
252,瑞安东云旅馆,瑞安市,飞云街道大桥东路27号,,,,27.761215,120.618655,
252,温州宝红宾馆,瓯海区,东瓯小区5幢6号,,,,27.980932,120.680070,
252,苍南银燕宾馆,苍南县,灵溪镇站东街11号,,,,27.507175,120.401176,
252,三都宾馆(广场西路),瑞安市,塘下镇陈宅旺村陈宅旺路87-89号,,,,27.827063,120.675259,
252,永嘉王朝宾馆,永嘉县,东城街道嘉兴街45号,,,,28.145881,120.694718,
252,塘川宾馆,瑞安市,塘下镇塘川北街156-158号,,,,27.832596,120.693007,
252,龙港天成宾馆,龙港市,沿河路256号,,,,27.579321,120.548757,
252,豪盛旅馆,瓯海区,潘桥镇马桥村高桐路1558号,,,,27.945136,120.569467,
252,温州迎兵宾馆(火车站店),瓯海区,东欧小区5栋一号单人间双人间大床房标准间优惠宾馆附近宾馆免费停车场,,,,27.980939,120.680308,
252,温州江南宾馆,鹿城区,南汇街道站西路鱼鳞浃9组团C幢202室,,,,27.983551,120.681424,
252,华夏宾馆(江北大街店),永嘉县,瓯北镇江北大街8-10号,,,,28.039140,120.637199,
252,华府公寓,苍南县,上江小区1-19幢,,,,27.520486,120.425039,
252,平阳新纪元宾馆,平阳县,永利路45附近,,,,27.607548,120.552539,
252,平阳大家族宾馆(中医院店),平阳县,兴鳌中路80号,,,,27.598969,120.549096,
252,乐清新西洋宾馆,乐清市,柳市镇西兴路41号,,,,28.051645,120.900286,
252,温州康华宾馆,鹿城区,江滨西路康华大厦3楼,,,,28.019911,120.665949,
252,温州顺福宾馆,鹿城区,鱼鳞浃安居5幢101号,,,,27.983600,120.683615,
253,缙云交通宾馆,缙云县,五云镇电力路62号,,,,28.648341,120.077447,
253,阳光商务宾馆,青田县,温溪镇安定东路320号,,,,28.161523,120.394985,
253,丽水美君宾馆,莲都区,莲都区火车站A5地块北侧1-2号,,,,28.443208,119.953498,
253,丽水金芒果电竞酒店,莲都区,中山路195号,,,,28.461074,119.912044,
253,青田丽江宾馆,青田县,江南大道139号(青田火车站进站口旁),,,,28.136959,120.280114,
253,缙云升升宾馆,缙云县,电力路59号,,,,28.647013,120.076356,
253,遂昌炭缘客栈,遂昌县,上江飞龙路58号中国竹炭博物馆内(近遂昌东高速出口),,,,28.621212,119.311587,
253,缙云品鑫宾馆,缙云县,新区仙都路24号,,,,28.657806,120.094487,
253,丽水江东宾馆(丽水高铁站),莲都区,东升北区14幢17号,,,,28.443582,119.954615,
253,景宁红太阳宾馆,景宁畲族自治县,鹤溪镇童弄街3弄2号,,,,27.972382,119.637533,
253,季纷新时代酒店(丽水宇雷路美食街店),莲都区,宇雷路618号,,,,28.444384,119.927723,
253,缙云小白鹅宾馆,缙云县,五云街道电力路69号,,,,28.647028,120.076465,
253,红楼丽舍精品酒店(丽水高铁站银泰城店),莲都区,宇雷路552-558号,,,,28.445561,119.927575,
253,金桥宾馆(丽水学院中山街店),莲都区,中山街131号(金桥街和交叉口近万地广场),,,,28.462398,119.912043,
253,丽水格林罗曼风情酒店(高铁站店),莲都区,宇雷路598-600号,,,,28.444823,119.927641,
253,豪丹宾馆(大洋路店),莲都区,丽东一村77号,,,,28.455437,119.919982,
253,学院新鑫宾馆(西城广场店),莲都区,"丽阳街173号(三岩寺路口西城广场,距离丽水学)",,,,28.452746,119.905244,
253,云和云都宾馆,云和县,云和镇吉祥路65号,,,,28.105671,119.577339,
253,丽水秋华宾馆,莲都区,"大洋路202号(大洋路与丽阳街交叉口,八仟客隔壁)",,,,28.456375,119.919388,
253,松阳现代宾馆,松阳县,长虹中路153号,,,,28.455601,119.487170,
253,山水商务酒店(龙泉市美丽乡村建设办公室北),龙泉市,环城东路201号,,,,28.076749,119.142758,
253,金都大酒店(电力路),缙云县,电力路40号,,,,28.647493,120.076653,
253,遂昌逸多宾馆,遂昌县,妙高镇县前街23号,,,,28.591179,119.277313,
253,遂昌魅溪民宿,遂昌县,石练镇换乘中心斜对面,,,,28.479255,119.060391,
253,仙都刘家铺子农家乐,缙云县,仙都街道鼎湖村笋川15号,,,,28.690698,120.139653,
254,舒馨旅馆(贺福中路店),江山市,贺村镇山前坂贺福中路473号,,,,28.661223,118.525373,
254,新新宾馆(松园菜场店),柯城区,石头坪西六弄1号,,,,28.946390,118.883578,
254,紫腾宾馆(江源路店),柯城区,江源路212号,,,,28.975079,118.862330,
254,世纪宾馆(衢州高铁站店),柯城区,世纪广场五环路335号,,,,28.940273,118.892407,
254,龙游春雅大酒店,龙游县,龙游汽车北站附近,,,,29.057348,119.172685,
254,衢州华洋宾馆,柯城区,荷五路298号,,,,28.930277,118.879864,
254,阳光宾馆(盈川店),柯城区,盈川小区3区153号,,,,28.988283,118.862960,
254,青苹果时尚宾馆(新宏东方广场店),柯城区,百汇路621号,,,,28.944673,118.897745,
254,荣峰宾馆(蝴蝶路),柯城区,蝴蝶路45-1号,,,,28.952485,118.876936,
254,黄山宾馆(交通桃源人家西北),开化县,桃溪路18号,,,,29.134517,118.401491,
254,江山鸿鑫宾馆,江山市,南山街32号,,,,28.722827,118.622029,
254,竹清宾馆(人民南路),龙游县,湖镇镇龙兰路432号,,,,29.055293,119.295793,
254,如家派柏云酒店(开化根博园汽车南站店),开化县,"芹南路42号(靠近桃溪路,根博园)",,,,29.132213,118.400977,
254,柯城宾馆(马站底店),柯城区,狮桥街13号,,,,28.953951,118.874603,
254,君悦大酒店(城中路),江山市,"解放路45号(与城中路交叉口,电信营业厅旁)",,,,28.733658,118.625663,
254,衢州瑞丽风尚酒店(衢州高铁站店),柯城区,百汇路188号(体育局旁),,,,28.944371,118.888151,
254,世外桃园大酒店,江山市,礼贤路,,,,28.757950,118.633931,
254,衢州军天宾馆,柯城区,三衢路251号,,,,28.942333,118.877199,
254,衢州拉菲宾馆,柯城区,荷五路665-669号,,,,28.929125,118.862075,
254,蓝庭薇阁精品酒店,衢江区,振兴中路10号,,,,28.968354,118.939730,
254,红船头酒店,龙游县,龙洲街道竹海路5号,,,,29.020202,119.163230,
254,江山雾山宾馆,江山市,廿八都镇枫岭路25号(廿八都古镇),,,,28.289789,118.484322,
254,再生方时尚酒店,龙游县,平政路116号,,,,29.038767,119.178501,
254,衢州曼可宾馆,柯城区,三衢路336号,,,,28.946278,118.883633,
254,江山悦华宾馆,江山市,南门路51号,,,,28.724187,118.620562,
255,磐安薇爱主题宾馆,磐安县,北镇街70号近客运中心,,,,29.056563,120.440889,
255,金华建文旅馆,婺城区,蒋农路102号,,,,29.062455,119.483573,
255,东阳望江宾馆,东阳市,望江北路3号,,,,29.270566,120.220182,
255,金华新城风尚宾馆(金华商城店),婺城区,东莱路莱福街32号,,,,29.074540,119.660499,
255,金华美和宾馆,婺城区,婺城区开发区秋滨街道美和路80号美和宾馆三人间两人间大床房宾馆住宿,,,,29.060803,119.629850,
255,金华高兴宾馆,婺城区,李渔路681号(八一南街地铁站B口步行140米),,,,29.081101,119.653371,
255,聚鑫宾馆(江南路店),东阳市,江南路216号,,,,29.153998,120.317798,
255,金华翼飞宾馆,婺城区,后城里街87号,,,,29.110697,119.643876,
255,东阳悦源宾馆,东阳市,东针路9号,,,,29.272387,120.216074,
255,磐安山河宾馆,磐安县,北镇街128号,,,,29.055116,120.439099,
255,永康金都旅馆,永康市,城北西路199号,,,,28.908546,120.023832,
255,永康白天鹅宾馆,永康市,永康金城路330弄1幢1号,,,,28.888736,120.052410,
255,顺安宾馆,永康市,东城街道金城路265号,,,,28.886254,120.054431,
255,东阳富豪宾馆,东阳市,人民南路1号,,,,29.102063,120.217243,
255,比亚宾馆,婺城区,新狮街道道院街12号,,,,29.120333,119.661913,
255,兰溪海龙宾馆,兰溪市,兰江街道丹溪大道191号,,,,29.212963,119.449447,
255,金华宏泰宾馆,婺城区,汽车西站倍熙街37-39号,,,,29.107881,119.632563,
255,金丹宾馆(金华八一南街地铁站店),婺城区,江南街道明伦街199号,,,,29.088967,119.656810,
255,华鑫宾馆(曹上线),金东区,澧浦镇和谐南街111号近苗木市场,,,,29.101216,119.812532,
255,义乌大丰旅馆,义乌市,稠城街道南城小区3栋1号,,,,29.318855,120.087775,
255,百度宾馆(永康国际会展中心店),永康市,五金北路348号(五金城二期市场北侧),,,,28.891452,120.056897,
255,义乌好客旅馆,义乌市,北苑街道春华路166号,,,,29.318381,120.048944,
255,新都旅馆(金城路店),永康市,金城路233号,,,,28.886956,120.053579,
255,义乌兴乐旅馆,义乌市,下西陶一区9号(西山下路口兴达彩印对面),,,,29.375547,120.120423,
255,横店海纳百川宾馆,东阳市,康庄北街96号,,,,29.159635,120.319394,
256,湖州杨家埠大酒店,吴兴区,杨家埠直街与104国道交叉口东南50米,,,,30.896923,120.036312,
256,湖州晶鼎大酒店,吴兴区,外环东路106号,,,,30.860326,120.114137,
256,安吉康乐旅馆(万象世界购物广场店),安吉县,昌硕街道大康路125号,,,,30.633045,119.687933,
256,宜家商务宾馆(县前东街店),长兴县,海陆新都汇7幢,,,,31.009640,119.927620,
256,新世纪宾馆(织里南路店),吴兴区,织里南路140号,,,,30.840709,120.259929,
256,南浔蓝天旅馆,南浔区,南浔镇泰安路564号,,,,30.874601,120.418088,
256,长兴迎朋大酒店,长兴县,槐坎商贸中心3幢,,,,31.067562,119.698425,
256,志新宾馆,长兴县,人民南路附近275号(金欢小区对面),,,,30.992764,119.908595,
256,小圆凌宾馆,吴兴区,织里北路290号,,,,30.859019,120.259075,
256,安吉金日宾馆,安吉县,昌硕街道天荒坪中路316号,,,,30.634306,119.686766,
256,湖州双双旅馆,吴兴区,商城路20号,,,,30.870405,120.259816,
256,神仙居宾馆(云鸿西路),安吉县,云鸿西路126号,,,,30.623293,119.681684,
256,湖州君来宾馆,吴兴区,织里镇织里北路19-20号,,,,30.870985,120.258984,
256,金悦宾馆(三里湾路店),德清县,新市镇湾仔超市旁边,,,,30.614077,120.281915,
256,好来屋宾馆(湖州练市镇店),南浔区,练市镇新街32号,,,,30.707157,120.406779,
256,得月楼宾馆(湖州府庙店),吴兴区,北街府庙商城7层,,,,30.866885,120.104786,
256,德清红房子宾馆,德清县,兴康南路296号,,,,30.528647,119.959133,
256,天天宾馆(人民路店),吴兴区,人民路201号四楼,,,,30.869050,120.102889,
256,南浔格瑞斯酒店,南浔区,万顺小区东南门西80米,,,,30.867255,120.421373,
256,湖州紫荆花宾馆,吴兴区,竹翠苑新华路三层187,,,,30.870279,120.113897,
256,湖州好来屋宾馆,吴兴区,杭长桥中路99-51号(近104国道),,,,30.861047,120.087228,
256,湖州南浔浔北旅馆,南浔区,栲栳湾路46号,,,,30.880267,120.431411,
256,南方大酒店,南浔区,泰安路365号,,,,30.876989,120.422692,
256,鑫汇商务宾馆(龙安花鸟城店),吴兴区,湖州花鸟市场二环西路789-791号,,,,30.860402,120.073567,
256,安吉芬芳宾馆(天荒坪中路店),安吉县,昌硕街道天荒坪中路330号,,,,30.633837,119.686759,
257,可见时光·望达斯旅舍(杭州西湖湖滨河坊街店),上城区,小井巷21号(吴山广场地铁站D口步行360米),,,,30.239811,120.168087,
257,杭州好运宾馆(萧山火车南站店),萧山区,萧绍路806号,,,,30.164906,120.281865,
257,亚琦商务酒店(西湖清泰街店),上城区,清泰街456-1号,,,,30.247756,120.174873,
257,时运商务酒店,拱墅区,丰庆路与灯彩街交叉口都市水乡水映苑38-5号,,,,30.328457,120.095786,
257,留恋旅馆(下沙电子科技大学店),钱塘区,高沙小区66号留恋旅馆,,,,30.314907,120.337834,
257,泰至宾馆(杭州桂花西路地铁站店),富阳区,富春街道春秋北路39-1号,,,,30.050746,119.944413,
257,蜂窝酒店(西湖南星桥地铁站店),上城区,秋涛路18号中针商务大厦3层,,,,30.216352,120.174923,
257,布丁严选酒店(杭州西湖湖滨河坊街店),上城区,高银街58号布丁严选酒店十竹斋艺术馆店,,,,30.240774,120.170263,
257,杭州杭泰假日酒店,上城区,西湖大道48号市三医院急诊旁边,,,,30.246129,120.176320,
257,杭州广汇酒店(大悦城和睦地铁站店),拱墅区,和东路8号三楼,,,,30.307888,120.125806,
257,富阳鸿鑫宾馆,富阳区,春秋北路181之11-13号(川德火锅对面),,,,30.057357,119.943494,
257,柠莱酒店(杭州店),钱塘区,文渊路295号文盛公寓,,,,30.319321,120.337429,
257,豪苑商务宾馆,萧山区,育才路269号(萧山客运总站西大门对面),,,,30.165828,120.279036,
257,杭州未见杉民宿(西湖青芝坞店),西湖区,青芝坞69号-2,,,,30.258130,120.120604,
257,舒家酒店(杭州站店),拱墅区,刀茅巷83号,,,,30.261472,120.185870,
257,万茂精品酒店(文泽路地铁站店),钱塘区,凌霄街108号,,,,30.302126,120.345032,
257,杭州果派酒店,拱墅区,灯彩路水映苑39-8号,,,,30.328177,120.094939,
257,杭州玖盛影院酒店(九堡客运中心店),上城区,九堡家苑二区3排12号,,,,30.312058,120.273368,
257,布丁严选酒店(杭州滨江高教园杨家墩地铁站店),滨江区,浦沿街道明德路727号杨家墩综合大楼1楼大厅,,,,30.170092,120.154950,
257,杭州富豪宾馆,临平区,乔司街道乔莫东路39号,,,,30.349438,120.294775,
257,海友酒店(杭州临安衣锦街店),临安区,衣锦街404号,,,,30.233596,119.724138,
257,記憶旅行酒店(西湖店),上城区,中山中路306号,,,,30.249940,120.170680,
257,杭州银州客房,拱墅区,"建国北路33号(五洋宾馆北面,浙一医院斜对面)",,,,30.259669,120.180437,
257,杭州黎明酒店(萧山国际机场永盛路地铁站店),萧山区,靖江镇申达路17-21号,,,,30.230242,120.469939,
257,杭州White lover青年旅舍,萧山区,钱江世纪城平澜路御金台国际中心1幢二单元5楼,,,,30.237953,120.242193,
258,天都宾馆,嵊州市,仙景路9弄9号,,,,29.582010,120.832054,
258,铭都酒店(诸暨小商品市场店),诸暨市,暨阳街道艮塔西路12-1号,,,,29.724326,120.233129,
258,森林宾馆(诸暨市商务综合行政执法大队西),诸暨市,浣东北路143弄3-1号,,,,29.711924,120.248649,
258,新昌梅苑宾馆,新昌县,东昌西路21-1号,,,,29.490833,120.919648,
258,诸暨美都宾馆(西施故里店),诸暨市,暨阳街道东兴路5号美都宾馆,,,,29.710722,120.253528,
258,诸暨友谊宾馆(大唐袜业城店),诸暨市,大唐开元西路236号,,,,29.689723,120.157023,
258,诸暨如祥宾馆,诸暨市,东二路71-2号,,,,29.705369,120.254634,
258,诸暨五星宾馆,诸暨市,暨东路20号(绍兴银行对面),,,,29.711388,120.254879,
258,家外之家宾馆(绍兴柯桥瓜渚湖公园店),柯桥区,耶溪路376号,,,,30.060858,120.514626,
258,诸暨华安大酒店,诸暨市,东兴支路104号,,,,29.710173,120.254969,
258,诸暨五泄泄源乡间别院农家乐,诸暨市,应店街镇丰周村9号,,,,29.739191,120.056464,
258,诸暨华力快捷大酒店,诸暨市,大唐镇商城路1-9号,,,,29.691426,120.160150,
258,梦都宾馆(诸暨市第二人民医院东北),诸暨市,步森大道304号,,,,29.793618,120.422512,
258,绍兴袍江金袍客栈,越城区,斗门镇汤公路61号,,,,30.088173,120.601622,
258,绍兴朗轩宾馆(前梅地铁站店),柯桥区,钱清镇永通国贸中心-3幢文化路307号,,,,30.128066,120.400675,
258,绍兴锦绣宾馆,柯桥区,金扬路225号,,,,30.074599,120.487090,
258,绍兴胜利宾馆(鲁迅故里度假区店),越城区,胜利西路771号胜利大桥旁,,,,30.004613,120.566698,
258,莫泰酒店(绍兴客运中心鲁迅故里店),越城区,中兴北路195号,,,,30.014875,120.593475,
258,达达客房,越城区,袍江育贤路135号天一小区2幢201,,,,30.071834,120.607885,
258,绍兴白玉公寓,上虞区,"迎宾大道259号(上虞国际大酒店斜对面,嘉年华娱乐城旁)",,,,30.031225,120.890590,
258,绍兴老台门鲁迅故里青年旅舍(鲁迅故里地铁站店),越城区,新建南路558号(鲁迅故里地铁站A2口步行320米),,,,29.991552,120.584056,
258,诸暨宏峰宾馆(诸暨宝龙广场西施篮球中心店),诸暨市,艮塔西路87号,,,,29.727245,120.221440,
258,绍兴供销旅馆,柯桥区,新世界大酒店旁,,,,30.066100,120.476690,
258,诸暨碧江旅馆,诸暨市,璜山镇璜山村凤凰路1号,,,,29.568817,120.332847,
258,兴隆宾馆(仙乐路店),嵊州市,三江街道兴隆街48弄15号,,,,29.582471,120.833401,
259,乐亭百盛宾馆,乐亭县,大钊路13号,,,,39.428512,118.890590,
259,鑫亿旅馆(曹雪芹西道店),丰润区,曹雪芹西道346号建源楼2号楼,,,,39.828239,118.121039,
259,幸福旅馆(站前南路店),路北区,站前路火车站东广场南150米,,,,39.622154,118.121267,
259,金豪宾馆(富强街),乐亭县,富强街148号,,,,39.419070,118.899067,
259,滦县永顺旅馆,滦州市,兴华路附近,,,,39.757008,118.707997,
259,易佰良品酒店(唐山会展中心大学道店),路北区,龙泽北路468号(与大学道交汇处北行200米路西),,,,39.677223,118.189561,
259,同福宾馆(滦县),滦州市,县城火车站站东侧200米,,,,39.757806,118.708128,
259,易居快捷宾馆(绿洲店),玉田县,无终西街(县教育局对面),,,,39.884595,117.739051,
259,唐山建国旅馆,路北区,火车站南侧300米路西,,,,39.622071,118.121243,
259,唐山金海旅馆,曹妃甸区,秋南街四农场场部,,,,39.231180,118.402800,
259,美辰酒店(唐山会展中心店),路北区,龙泽北路468号,,,,39.677382,118.189642,
259,宏光快捷宾馆,滦州市,滦州市火车站东宏光快捷宾馆,,,,39.757543,118.707401,
259,华通商务快捷酒店(火车站店),滦州市,滦州兴华路4-1号,,,,39.755910,118.707544,
259,唐山欣荣旅馆,丰南区,丰南镇欣荣街8号,,,,39.529119,118.101327,
259,唐山宏兴旅馆,曹妃甸区,开发区新苑小区,,,,39.244301,118.212935,
259,新城旅馆,丰润区,浭阳东大街11号,,,,39.802181,118.131322,
259,向日葵假日宾馆,玉田县,汽车站南门右行30米(城西大街18号),,,,39.882040,117.745635,
259,凯悦主题宾馆,曹妃甸区,光源路13号,,,,39.271169,118.457063,
259,遵化市遵工宾馆,遵化市,北环西路7号,,,,40.190869,117.963818,
259,凯悦宾馆(遵化人民公园店),遵化市,人民公园东门南140米,,,,40.192845,117.943410,
259,唐山车站旅馆,滦州市,燕山大街滦县站南出站口西,,,,39.757396,118.704743,
259,迁安市玉江旅馆,迁安市,102国道与平青乐线交叉口东140米,,,,39.866720,118.684681,
259,唐山乐家快捷宾馆,路北区,华岩北路66号,,,,39.667804,118.171868,
259,金泰宾馆,丰南区,青年路187号,,,,39.546315,118.103669,
259,唐山有家宾馆,路北区,华岩北路111号,,,,39.665719,118.172206,
260,秦皇岛悦如宾馆,海港区,开发区漓江道39号,,,,39.925033,119.541742,
260,青龙三鑫宾馆,青龙满族自治县,燕山路180号,,,,40.408549,118.967152,
260,聚鑫宾馆(鼓楼东街店),昌黎县,一街鼓楼东街8号,,,,39.711651,119.163661,
260,悦居宾馆,山海关区,江苏南路(渤海农贸市场旁),,,,39.995514,119.811205,
260,鼓楼宾馆(鼓楼西街),昌黎县,武装部斜对面,,,,39.710755,119.162065,
260,天翔宾馆(北环路),海港区,北环路街道565号(土台子站点对面),,,,39.959522,119.574941,
260,秦皇岛小时光客栈,北戴河区,葡萄园酒店南行50米,,,,39.867120,119.463484,
260,小楼昨夜宾馆(燕山大街店),海港区,燕山大街364之1-2,,,,39.953917,119.616261,
260,佳之星快捷酒店(和平大街店),海港区,和平大街96号,,,,39.935238,119.586236,
260,秦皇岛海舜宾馆,海港区,东山街综合楼5号(临近秦皇岛港口医院),,,,39.919394,119.623352,
260,北戴河亚地宾馆(刘庄夜市街店),北戴河区,刘庄北里8栋12号,,,,39.824504,119.506065,
260,华通宾馆(燕山大街),海港区,燕山大街372号,,,,39.953962,119.617272,
260,秦皇岛祥云旅店,海港区,西沙滩19栋,,,,39.930014,119.601622,
260,秦皇岛天峰宾馆(北戴河火车站店),北戴河区,火车站售票厅东50米,,,,39.851023,119.422423,
260,秦皇岛蓝图宾馆,海港区,杜庄镇10号(杜庄乡卫生院南10米路西),,,,40.017988,119.528731,
260,永平宾馆(卢龙县人口和计划生育局行政执法大队西北),卢龙县,永平大街1号,,,,39.892818,118.877540,
260,囍舍精品智能酒店,海港区,红旗路42号,,,,39.932159,119.588615,
260,季风之旅宾馆(粮臣燕大小吃街店),海港区,河北大街西段136号,,,,39.904830,119.545061,
260,东发宾馆(秦皇岛火车站万达广场店),海港区,红旗路319-2号,,,,39.954885,119.586568,
260,金灿商务酒店,海港区,江东路步行街南门西南80米,,,,39.930467,119.607854,
260,泰和宾馆(祖山路店),青龙满族自治县,祖山路183号,,,,40.404725,118.951348,
260,秦皇岛悦途快捷宾馆,海港区,巴山路13号,,,,39.921977,119.537542,
260,布丁酒店(秦皇岛开发区东北大学店),海港区,泰山路203号(东北大学北100米),,,,39.926051,119.557200,
260,创客之家宾馆,海港区,河北大街西段136号,,,,39.904083,119.545035,
260,铭扬快捷宾馆,海港区,红旗北路323号,,,,39.955182,119.586625,
261,育德快捷酒店,邯山区,滏河南大街369号,,,,36.578694,114.505933,
261,中华宾馆,魏县,魏都北大街81号,,,,36.363412,114.936673,
261,农机宾馆,曲周县,振兴路东段100号,,,,36.773863,114.964652,
261,邯郸6+1快捷酒店,邯山区,和平路269号,,,,36.603119,114.494940,
261,鸡泽汉都宾馆,鸡泽县,鸡泽镇汽车站西200米丁字路口,,,,36.920006,114.881430,
261,邯郸老常旅馆,邯山区,雪驰路邯郸县医院南门对面巷内南行100米路东,,,,36.593722,114.524038,
261,临漳中原宾馆,临漳县,建安路128号,,,,36.335901,114.605867,
261,邯郸丰美宾馆(永年广府古城店),永年区,区府镇东关新村游乐场旁边附近宾馆住宿酒店环境优美干净卫生大床房标间将来往农家乐宾馆方向提升停车非常方便,,,,36.698268,114.739855,
261,新宇宾馆(人民东路店),广平县,人民路中段海尔专卖店,,,,36.481149,114.955046,
261,车站宾馆(邯郸峰峰汽车站店),峰峰矿区,后马路,,,,36.425330,114.214423,
261,魏县平安宾馆,魏县,人民医院南门正对面,,,,36.360310,114.930860,
261,邯郸荣海旅馆,丛台区,邯钢金鹏大厦南门旁,,,,36.604050,114.481544,
261,非凡快捷酒店,邯山区,马头镇107国道邮局北侧5层,,,,36.475123,114.429952,
261,美嘉快捷宾馆(魏县商贸城店),魏县,魏城镇魏县商贸城,,,,36.343725,114.947877,
261,武安得意楼宾馆,武安市,富强手机城北行68米路西,,,,36.689959,114.186925,
261,比家美宾馆,武安市,中兴路武安市二中对过沧州银行后,,,,36.692823,114.207785,
261,邯郸桃园宾馆,邯山区,邯郸和平路矿山局职工医院西100米路南,,,,36.599185,114.534989,
261,来缘宾馆,邯山区,浴新南大街与渚河路交叉口西南80米,,,,36.587181,114.476848,
261,依嘉宾馆,丛台区,达康街22号,,,,36.627592,114.516770,
261,天福宾馆,武安市,庄子营中心街36号(新蓝天北50米),,,,36.693860,114.183868,
261,临漳康乐宾馆,临漳县,古城大道县汽车站北门西50米路南,,,,36.344579,114.599893,
261,大名天天宾馆,大名县,天雄路东段路北346号,,,,36.291035,115.172785,
261,汇友快捷宾馆,丛台区,邯临路与和谐大街交叉口东森家居3层,,,,36.654629,114.567207,
261,邯郸新悦快捷住宿,邯山区,陵园路34-4号,,,,36.599733,114.480302,
261,星光宾馆(午安广场店),武安市,体育路阳光小区斜对面,,,,36.689330,114.172662,
262,赵县业华旅馆,赵县,永通西路(汽车站北十字路口西北角),,,,37.754519,114.763462,
262,凌云楼宾馆,元氏县,蟠龙路26号县中医院东侧,,,,37.759052,114.540002,
262,深泽希伯商务快捷宾馆,深泽县,府前东路文庙东,,,,38.184443,115.205037,
262,优客家酒店,灵寿县,工业路与十字街交叉口东100米,,,,38.301010,114.398698,
262,尚客优酒店(石家庄平山县回舍镇店),平山县,行政西路与迎宾北街交叉口西60米,,,,38.267329,114.094684,
262,梦港宾馆(东方文化体育市场店),长安区,正东路33号东方文化体育市场5层,,,,38.046589,114.499074,
262,瀛洲酒店(辛集兴华路电视塔店),辛集市,兴华北路230号,,,,37.929897,115.215421,
262,东风旅馆,井陉矿区,矿市街(365生活超市往北100米),,,,38.070472,114.063610,
262,新乐泰华商务酒店,新乐市,南环路南侧美术学院动漫城正对面,,,,38.335608,114.712369,
262,石家庄矿区宾馆,井陉矿区,矿市南街西,,,,38.063511,114.062226,
262,东源宾馆,高邑县,高邑大街,,,,37.606618,114.598133,
262,星河宾馆(柏坡西路店),平山县,龙城花园北门西150米,,,,38.263214,114.189264,
262,正定如意旅馆,正定县,恒山西路93号,,,,38.153183,114.561716,
262,宏泰宾馆,晋州市,世纪花园小区东门东行80米新世纪商城北5区19号,,,,38.022678,115.063354,
262,灵寿华夏宾馆,灵寿县,人民东路93-2号,,,,38.309303,114.390776,
262,晋州金冠宾馆,晋州市,金世纪商城北区3排25号,,,,38.021935,115.063721,
262,天园酒店,行唐县,241省道附近,,,,38.599843,114.393151,
262,喜缤商务宾馆,晋州市,喜缤商务宾馆3楼,,,,38.020288,115.066009,
262,拉菲精品公寓(新火车站店),桥西区,新石中路36号水晶郦城1号楼1单元502室,,,,38.013077,114.480133,
262,石家庄鑫源家庭旅馆,桥西区,汇通街道胜利南街257号东丹庭院14号楼2单元102室,,,,38.007394,114.494568,
262,新乐爱家快捷宾馆(新乐市医院店),新乐市,育才街28号,,,,38.341346,114.677357,
262,宜居酒店(石家庄红旗大街汇华学院店),桥西区,"红旗大街388号(高教区市场南门旁,近祥隆泰超市)",,,,38.009719,114.458521,
262,榴莲小星快捷酒店,藁城区,廉东大街176号,,,,38.024185,114.859024,
262,宁皓宾馆,灵寿县,人民东路与正南南大街交叉口中山世纪商城,,,,38.308335,114.388334,
262,春诚之家(石家庄河北医科大学第四医院东院店),裕华区,留村南区22号楼,,,,38.035525,114.612275,
263,廊坊天意旅馆,广阳区,新华路华阳小区2号楼,,,,39.513011,116.707338,
263,三河梦享宾馆,三河市,燕郊燕灵路327号,,,,39.955609,116.798039,
263,大城慕嘉快捷宾馆,大城县,大城汽车站南门西80米,,,,38.694027,116.655223,
263,固安坤丰快捷宾馆,固安县,新昌街107号,,,,39.441665,116.298555,
263,大城津保旅馆,大城县,平舒镇老汽车站,,,,38.699624,116.633329,
263,廊坊金锐宾馆(新世纪步行街第八大街店),广阳区,第八大街西区北街馨境界小区南门106号,,,,39.532683,116.678760,
263,金福宾馆(人民医院店),永清县,永清镇医院对过,,,,39.316240,116.496172,
263,大方旅馆(新开街店),香河县,新开街65-4号,,,,39.754498,116.991279,
263,廊坊海逸宾馆(廊坊万达广场高铁站店),广阳区,建国道与建设路交汇处西南,,,,39.517936,116.715124,
263,星之河旅馆,安次区,常甫路长富吉第A5-5,,,,39.502715,116.708533,
263,廊坊学苑宾馆(永兴路店),安次区,永兴路廊坊市公安局安次区分局向北70米路东,,,,39.520333,116.683709,
263,三河贝美旅店,三河市,燕郊金燕大街金燕农贸市场对面,,,,39.961458,116.808357,
263,荣华和家宾馆,安次区,东马圈集贸市场东南方向200米,,,,39.440089,116.852850,
263,唯家宾馆,三河市,燕郊开发区燕灵路口与京榆大街交叉口西北角,,,,39.943927,116.801644,
263,廊坊顺华旅馆,广阳区,新华路4号,,,,39.512905,116.706931,
263,三河金廷宾馆,三河市,燕郊镇海油大街华北科技学院北门东200米,,,,39.958153,116.808962,
263,宝池旅馆,大城县,津保西路88号,,,,38.699228,116.633247,
263,华美旅馆(廊坊新华路店),广阳区,新华路6号服装一条街南1号,,,,39.514078,116.708771,
263,鑫宇宾馆(廊坊万向城店),广阳区,裕华路143号(华夏经典西门),,,,39.534664,116.686001,
263,固安华夏宾馆,固安县,新中街民得利超市对面门洞内,,,,39.437446,116.307095,
263,八亿宾馆,广阳区,正隆嘉园小区西门,,,,39.525264,116.692322,
263,顺安宾馆,香河县,淑阳镇新开街3-6号北广A座,,,,39.757286,117.020424,
263,三河德月宾馆,三河市,燕郊开发区燕灵路317号,,,,39.955303,116.798130,
263,凯歌宾馆,广阳区,开发区东方大学城一期张衡路51号,,,,39.598972,116.755072,
263,霸州福升旅馆,霸州市,益津中路126号(国土局南侧),,,,39.125307,116.388500,
264,保定紫烟公寓,莲池区,七一东路2861号园中苑小区东1号楼1单元403室,,,,38.879138,115.573958,
264,高阳古城宾馆,高阳县,北大街朝阳路大世界对面,,,,38.690988,115.782174,
264,白洋淀金龙宾馆,安新县,雁翎西路123号(地税局对面),,,,38.932694,115.927618,
264,高阳宏升旅馆,高阳县,三利大街与平安路交叉口南200米,,,,38.693976,115.778140,
264,和家快捷宾馆(红阳大街),莲池区,红阳路538号(红阳小区对面),,,,38.856175,115.523242,
264,华春宾馆(温泉路店),雄县,温泉路418号(温泉湖红绿灯北行300米路西),,,,38.988103,116.096292,
264,保定德森旅馆,莲池区,建华大街748号,,,,38.859409,115.480170,
264,聚源宾馆,涞源县,百泉路288号,,,,39.348623,114.694735,
264,高碑店商业宾馆,高碑店市,南大街99号,,,,39.324237,115.859124,
264,驿家365酒店(保定西大街直隶总督署店),莲池区,东关大街56号紧邻北国商城,,,,38.858901,115.509988,
264,保定佳辉旅馆,莲池区,西小庄村利民街豪飞美美超市东南50米(近保定物流中心),,,,38.823425,115.472725,
264,保定儒家公寓,莲池区,志学路七一东路2801大学城小区,,,,38.879978,115.572163,
264,诚信快捷旅馆,满城区,中山西路政府西侧胡同内,,,,38.949197,115.321613,
264,旭康宾馆,高碑店市,五一路266号,,,,39.130517,116.039460,
264,文昌泰旅馆,莲池区,东关街道七一东路2801号大学城小区1号楼1单元308,,,,38.879396,115.572661,
264,浩客宾馆,满城区,燕赵北街与春台东路交叉口南80米,,,,38.962793,115.327369,
264,欣欣旅馆(顺平顺兴中路城外诚店),顺平县,北市场水利局斜对面,,,,38.849240,115.132569,
264,顺平新悦宾馆,顺平县,桃源西大街与联谊路交叉口南50米路西(旧汽车站东10米路南),,,,38.850160,115.131697,
264,保定鸿翔旅馆,清苑区,迎宾街市场东口,,,,38.764800,115.496747,
264,涿州壹鼎尊旅馆,涿州市,清凉寺街道康复街27号2楼202室,,,,39.484155,115.993447,
264,涿州桥东招待所,涿州市,省华阳中路13号,,,,39.492588,115.998011,
264,阳光宾馆(望都汽车站店),望都县,阳光南大街26号,,,,38.703883,115.168410,
264,保定利源旅馆,莲池区,永华北大街596号2层,,,,38.876419,115.502708,
264,保定富康旅馆,莲池区,利民街西小庄村(蓝湖郡对面巷内东100米路南),,,,38.823309,115.472734,
264,涞水惠君宾馆,涞水县,冲之大街256号,,,,39.383787,115.713704,
265,怀安广安宾馆,怀安县,柴沟堡镇广安街怀远路供电公司斜对面,,,,40.678352,114.388812,
265,怀安金源宾馆,怀安县,职教中心底商西100米,,,,40.672098,114.390144,
265,鑫源宾馆(109乡道),怀安县,柴沟堡镇马王庙巷(109乡道县图书馆东100米),,,,40.673225,114.423722,
265,张家口云来快捷宾馆,桥东区,瑞麟轩小区底商48,,,,40.762923,114.898309,
265,睡吧宾馆,桥东区,纬二路府街庭院24号楼莲花楼底商,,,,40.766661,114.900578,
265,阳光假日民宿(高柳路店),桥东区,张家口桥东区盛华西大街北荣庆商贸街6号楼,,,,40.776695,114.887000,
265,沽源速发商务宾馆,沽源县,平定堡镇桥西富源住宅小区9幢118号商铺速发快捷宾馆,,,,41.659710,115.690534,
265,蔚县豪源宾馆(古城店),蔚县,康居南大街4号,,,,39.833256,114.601283,
265,张家口盛源商务宾馆,桥东区,经济开发区长城西大街新天地小区北门西50米,,,,40.766637,114.892886,
265,张家口鑫涛宾馆,桥东区,荣庆商贸街7号(纬一路万博大市场对面),,,,40.776926,114.886810,
265,明星宾馆(高柳路店),桥东区,纬一路荣庆商贸街,,,,40.776658,114.886802,
265,六街旅馆,蔚县,牌楼西街20号,,,,39.841446,114.570409,
265,张家口久又久宾馆,桥东区,胜利中路府街庭院13号底商,,,,40.766344,114.901033,
265,同顺旅馆(宣化火车站店),宣化区,南关西马道公交公司底商2号,,,,40.598960,115.059029,
265,张家口金汇宾馆,桥东区,纬一路万博斜对面旅馆一条街4号,,,,40.776517,114.887010,
265,亿豪酒店,桥东区,盛华西大街20号(万博市场对面),,,,40.776097,114.887494,
265,张家口鑫光大宾馆,宣化区,牌楼北街4号鑫光大商厦5层,,,,40.609917,115.062979,
265,百林宾馆,涿鹿县,光明街73号(光明街中段紧邻旧商业街东风街中心),,,,40.374476,115.220285,
265,张家口花园宾馆(新城街店),沽源县,新城街29号,,,,41.665719,115.680868,
265,明珠宾馆(东草市街店),宣化区,东草市街3号,,,,40.604292,115.065399,
265,嘉禧居酒店,怀来县,沙城镇顺城商贸街五街村委会西侧旁,,,,40.398350,115.517639,
265,张家口大众旅馆,下花园区,花园街21号,,,,40.488044,115.285117,
265,蔚县中盛宾馆,蔚县,建设南大街中国银行隔壁,,,,39.839177,114.591836,
265,六和宾馆(苗圃街),沽源县,苗圃西街,,,,41.664946,115.679078,
265,蔚县鑫源快捷宾馆(前进东路店),蔚县,馨怡园西北门西50米,,,,39.834364,114.593191,
266,邢台信都阳光旅馆,信都区,曹演庄新村43号(大洋百货北行20米路东即到),,,,37.063758,114.479966,
266,清河通达旅社,清河县,渤海路路西(火车站红绿灯向南150米路西),,,,37.062080,115.685078,
266,邢台宁晋豪客快捷酒店,宁晋县,河北省邢台市宁晋县凤凰路238号聚宝隆南行20米,,,,37.625850,114.917272,
266,沙河白塔新华旅馆,沙河市,白塔镇白塔市场102号、854乡道,,,,36.880631,114.298459,
266,国福旅馆(财满街区店),襄都区,财满街10号,,,,37.063899,114.495819,
266,西关宾馆(邢台火车站店),襄都区,西关街东口西关8米路北,,,,37.065966,114.497049,
266,任县胜通快捷酒店,任泽区,滏阳路53号,,,,37.127671,114.670335,
266,南宫友谊宾馆,南宫市,冀南路266号,,,,37.357811,115.395101,
266,宁晋光润宾馆,宁晋县,北环路德胜园南门东侧,,,,37.629126,114.916861,
266,邢台东新电竞酒店(火车站店),襄都区,大通街36号粮贸大厦西侧,,,,37.068263,114.494622,
266,邢台安康旅馆,信都区,大洋百货北200米,,,,37.063973,114.479994,
266,邢台星空电竞酒店(火车站店),襄都区,大通街2号综合楼,,,,37.068309,114.494627,
266,柏乡汉都快捷酒店,柏乡县,建设路交警队西行150米,,,,37.482703,114.675308,
266,邢台建华旅馆,襄都区,火车站广场东街18号,,,,37.070706,114.494705,
266,天顺招待所,清河县,渤海路13号(清河城站北广场北100米),,,,37.065204,115.686145,
266,隆尧兴源宾馆,隆尧县,太行路与昭庆街交叉口东行100米,,,,37.361241,114.779758,
266,迎宾宾馆,襄都区,邢台火车站,,,,37.070841,114.494806,
266,任县顺安快捷宾馆,任泽区,昌平路58号,,,,37.126679,114.695958,
266,平乡居家宾馆,平乡县,牌坊街中国工商银行平乡支行东侧约260米,,,,37.062346,115.026452,
266,华丰宾馆(新华北街),巨鹿县,新华北街3号(县政府对面),,,,37.221493,115.036820,
266,邢台炜馨旅馆(邢台学院店),襄都区,予豫让桥路2-5号,,,,37.090820,114.509982,
266,京华连锁酒店(邢台火车站店),襄都区,火车站广场东侧烟草大厦,,,,37.069920,114.494560,
266,易佰良品酒店(邢台火车站天一城店),襄都区,新华北路新华里188号底商,,,,37.069900,114.497721,
266,隆尧唯爱主题宾馆,隆尧县,唐尧商城北口东行10米平价三包鞋城东街南行50,,,,37.352110,114.773836,
266,摩登假日快捷酒店(邢台火车站店),襄都区,车站北路9号(邢台火车站北侧),,,,37.071203,114.493255,
267,东晨宾馆(瀑河桥路店),宽城满族自治县,瀑河桥路与育才路交叉口西北60米,,,,40.612717,118.494517,
267,承德佳福旅馆,双桥区,盛合园小区2号楼103号,,,,40.970913,117.933651,
267,承德盈佳旅馆,双桥区,石洞子沟街道广电路祥业2期2号楼1单元102室,,,,40.973428,117.934889,
267,聚贤楼宾馆(聚贤街),滦平县,聚贤路建设银行旁(北大街居委会),,,,40.935438,117.336960,
267,承德市德祥宾馆,双桥区,柴场胡同内兴业花园小区5-1(近避暑山庄),,,,40.979895,117.947922,
267,木兰围场东方宾馆,围场满族蒙古族自治县,围场镇木兰中路迎宾大厦5层508-509室,,,,41.939931,117.760579,
267,富豪商务酒店(林业街),围场满族蒙古族自治县,围场镇木兰中路移动公司北侧,,,,41.942224,117.760617,
267,心馨旅馆(承德火车站店),双桥区,站前路武阳花园二期16号楼109底商,,,,40.962894,117.952190,
267,承德翔通宾馆,双桥区,万华a区1号楼b座,,,,40.980643,117.930382,
267,承德福海旅馆,双桥区,"车站路241号,福隆小区3号楼5号底商",,,,40.962580,117.954809,
267,御堡轩宾馆,滦平县,西街火车桥西侧,,,,40.925338,117.316068,
267,时尚睡吧快捷宾馆(避暑山庄店),双桥区,翠桥西路2号安业大厦4层,,,,40.968353,117.936151,
267,顺天河宾馆(避暑山庄店),双桥区,武烈路1号,,,,40.977346,117.944472,
267,承德福旺居旅馆,双桥区,世纪城二期18号楼底商,,,,40.956549,117.966565,
267,承德舒安客栈,双桥区,承德市高新技术开发区阳光四季城桃李苑1号-102铺,,,,40.888656,117.974689,
267,承德燕青快捷酒店,双桥区,老西营村福星园小区对面,,,,41.040251,117.952219,
267,海天假日酒店,平泉市,榆洲南路111号,,,,40.999975,118.688157,
267,丰宁宏江商务酒店,丰宁满族自治县,大阁镇宁丰路215号(近长途汽车站),,,,41.211973,116.646499,
267,承德超越山庄,双桥区,赵家沟水泉沟村西行500米路北,,,,41.000147,117.899850,
267,承德馨尚主题酒店(避暑山庄店),双桥区,"丽正门大街火神庙新华保险旁,近避暑山庄",,,,40.980791,117.938420,
267,承德华富商务酒店(避暑山庄火车站店),双桥区,铁路福隆B座13号,,,,40.962527,117.956395,
267,承德凤之蓝宾馆,双桥区,石洞沟盛和园小区2号楼101室,,,,40.970975,117.933548,
267,尚客优精选酒店(丰宁新丰北路店),丰宁满族自治县,新丰北路96-1号,,,,41.213729,116.641517,
267,承德乐家宾馆(避暑山庄二仙居商业街店),双桥区,南营子大街文化大厦北塔20层,,,,40.976001,117.936743,
267,鸿雁宾馆(板城大街),承德县,板城大街邮政局4楼内,,,,40.767353,118.172803,
268,衡水顺利宾馆,桃城区,火车站广场西侧,,,,37.743112,115.689164,
268,衡水站前宾馆,桃城区,中心街汇龙公寓5-6号,,,,37.742745,115.689041,
268,光明宾馆(衡水火车站店),桃城区,站前街,,,,37.742670,115.689017,
268,衡水凯盛宾馆,冀州区,兴华大街与冀新路交叉口西南角,,,,37.549864,115.584433,
268,燕春宾馆(阜城阜百商厦店),阜城县,阜城镇阜兴北大街,,,,37.869645,116.165571,
268,景县白天鹅宾馆,景县,景安大街159号,,,,37.692239,116.279719,
268,景县龙华东城宾馆,景县,龙华镇火车站东行20米路北,,,,37.610956,116.022710,
268,衡水丽景苑日租房,桃城区,丽景名苑,,,,37.736557,115.659507,
268,衡水鑫阳光宾馆,桃城区,和平西路727号德隆写字楼4层,,,,37.745199,115.666813,
268,安平和谐宾馆,安平县,中心路南段274号,,,,38.222179,115.517631,
268,衡水祥泰宾馆,桃城区,站前东路与站前西路交口南行30米路西,,,,37.740799,115.691646,
268,故城惠贤宾馆,故城县,故城县故城康宁路与体育街交叉口北行50米路东,,,,37.347530,115.968075,
268,东都宾馆(宝云大街店),桃城区,宝云大街东团马综合楼33号,,,,37.731764,115.648664,
268,驿家365酒店(枣强汽车站店),枣强县,人民东街136号,,,,37.504903,115.730123,
268,老衡西宾馆(衡水站店),桃城区,中心大街与站前西路交叉口西北150米,,,,37.742841,115.689074,
268,东升宾馆(人民西路),阜城县,人民东路5号,,,,37.873640,116.166532,
268,北方宾馆(衡水火车站店),桃城区,新火车站广场八号1幢,,,,37.742976,115.691990,
268,晟安宾馆(站前东路店),桃城区,广平胡同5号,,,,37.741132,115.691762,
268,亚特商务酒店,武强县,振兴路中段,,,,38.036980,115.963737,
268,滨河宾馆(衡水万达店),桃城区,[],,,,37.727859,115.676820,
268,衡水尚美宾馆(火车站店),桃城区,中心大街5号(火车站广场西侧汇龙公寓3幢),,,,37.742855,115.689162,
268,衡水天成酒店,桃城区,站前东路156号3栋2-3层,,,,37.742387,115.693617,
268,景县舒雅旅馆,景县,周亚夫路121号,,,,37.702457,116.256565,
268,康姐复式loft日租公寓(汇中广场哈院店),桃城区,人民东路与红旗大街交口西北角汇中广场5号楼1单元(无接待室),,,,37.733630,115.693903,
268,饶阳君悦酒店,饶阳县,喜奥南大街161号,,,,38.225345,115.726660,
269,河间笑和旅馆,河间市,城垣中路163号,,,,38.439694,116.104972,
269,献县泰康便捷宾馆,献县,水源街与燕京大道交叉口东100米,,,,38.184625,116.114444,
269,北环精品酒店(迎宾中大街店),南皮县,迎宾中大街3号,,,,38.044704,116.707799,
269,瀛州国际酒店,河间市,瀛州镇赢州国际酒店对面京南名邸工地北门,,,,38.455381,116.091378,
269,金桥宾馆(海天线店),泊头市,富镇139号,,,,38.028631,116.142060,
269,沧州莱宾客旅馆,运河区,新华西路金永KTV对过,,,,38.314480,116.834656,
269,沧州白家快捷宾馆,新华区,永济东路与长芦北大道交叉口东180米,,,,38.315669,116.899300,
269,紫金城宾馆(站前一路),吴桥县,吴桥华山道与站前一路交叉口西行100米路南,,,,37.626891,116.388579,
269,沧州开源旅馆,运河区,小王庄镇运河区沧州西客站新华西路东行400米路北,,,,38.314806,116.821134,
269,沧州金庄旅馆,运河区,小金庄浮阳北大道与军民北路交叉口南行路东,,,,38.331741,116.846342,
269,青县王丹旅馆,青县,清州镇青县王丹旅馆鼎一首府,,,,38.578456,116.831528,
269,沧州沧县大业宾馆,沧县,姚官屯乡东花园村国道104号京福燃气加气站西南方向200米,,,,38.373791,116.895835,
269,任丘金都商务酒店,任丘市,北环路73号,,,,38.732110,116.091649,
269,黄骅禾轩酒店,黄骅市,北平路附近,,,,38.349771,117.338929,
269,沧州安顺旅馆,运河区,新华西路与开元大道交叉口安庄子村主街道208号,,,,38.316834,116.821389,
269,沧州华逸旅馆,运河区,白官屯39号,,,,38.312831,116.841057,
269,友谊宾馆(龙海路店),盐山县,龙海西路493号,,,,38.064647,117.222553,
269,任丘赛一招待所,任丘市,会战道与东风西路交口西侧(世纪商贸城内),,,,38.690482,116.096130,
269,沧州华顺旅馆,运河区,师范学院南200米张庄子村东,,,,38.280564,116.785415,
269,青县福鑫旅馆,青县,京福南大街与会川路交叉口南60米,,,,38.571606,116.837020,
269,沧州杰建宾馆,新华区,十三化建路口东300米永济东路炮团对过,,,,38.315630,116.901702,
269,孟村大富豪宾馆,孟村回族自治县,团结路95号,,,,38.054933,117.109405,
269,7天酒店(泊头火车站店),泊头市,车站北街8号,,,,38.062422,116.586437,
269,轻住酒店·迎宾商务(沧州火车站店),新华区,新华东路37号,,,,38.310200,116.873181,
269,青县海滨宾馆,青县,会川路与乾宁南大街交汇处西北角(华亿超级商场西行150米),,,,38.572301,116.813342,
270,薄荷糖纯女生青年旅舍,北区,新康街47号,,,,22.502027,114.133535,
270,梨山阁,北区,军地龙马路88号山丽苑D座梨山阁,,,,22.500682,114.165833,
270,沙头角龙记饭店,北区,沙头角顺隆街23号,,,,22.541821,114.229778,
270,山丽苑杏山阁,北区,香港军地龙马路,,,,22.500569,114.165337,
270,好来登酒店,北区,香港文锦渡,,,,22.532339,114.129677,
270,Sheung Shui Park&Ride Public Car Park,北区,"Hong Kong,彩园路",,,,22.499800,114.130922,
270,7 Days Inn Shenzhen Luohu Chunfeng Road Branch,北区,"11 Jiangbei Rd,Man Kam To,China",,,,22.534054,114.129229,
270,新燃楼,北区,"沙头角沙头角公路石涌凹段190号,Sun Yin Lau",,,,22.542511,114.227241,
270,Hak Pai Tsai Tsuen,北区,香港军地Kun Lung Gate Tower,,,,22.501851,114.156051,
270,香格里拉大酒店咖啡苑自助餐,北区,"Shangri-La Hotel Shenzhen,Closed Area,China",,,,22.530882,114.123209,
270,周田村,北区,沙头角莲麻坑路,,,,22.547895,114.186326,
270,大头岭村156号,北区,"Tai Tau Lan,香港",,,,22.498617,114.128239,
270,郑苑,北区,坑头路105号,,,,22.491421,114.109034,
270,松柏塱A32,北区,香港上水,,,,22.501198,114.125490,
270,Golf View Garden,北区,"Hang Tau Village,101号,Kwu Tung,香港",,,,22.490650,114.108384,
270,香格里拉酒店多功能厅,北区,"Shangri-La Hotel Shenzhen,Closed Area,China",,,,22.530925,114.123487,
270,新屋仔200号,北区,香港香港坪輋HK新界粉岭粉岭丹竹坑新屋仔村村口,,,,22.506497,114.183778,
270,观海亭Sea View Pavilion,北区,香港吉澳,,,,22.541756,114.295448,
270,Chalet Beas River Country Club,北区,香港古洞金钱路,,,,22.492546,114.109915,
270,Kwu Tung North Neighbourhood古洞北社区,北区,香港古洞,,,,22.504956,114.101978,
270,Cheung lek village,北区,香港长沥村,,,,22.479647,114.105778,
270,138 San Wai,北区,"San Wai,香港",,,,22.505006,114.153736,
270,料壆村95号,北区,香港禁区,,,,22.524790,114.111350,
270,KK,北区,香港HK新界大埔船湾00323,,,,22.505240,114.255757,
270,富轩居,北区,"Kwu Tung,香港",,,,22.489228,114.108119,
271,四季宾馆,油尖旺区,弥敦道36-44号重庆大厦14层,,,,22.293767,114.177925,
271,城景国际,油尖旺区,"1/F,The Cityview,23 Waterloo Road,Yau Ma Tei,ฮ่องกง",,,,22.311019,114.176507,
271,百合宾馆,油尖旺区,"5/F,恒隆大厦,弥敦道578-580号,570-580 Nathan Rd,Yau Ma Tei,Hong Kong",,,,22.312519,114.175433,
271,香港尖沙咀皇悦酒店,油尖旺区,尖沙咀金巴利道62号,,,,22.298238,114.180075,
271,三十六酒店,油尖旺区,九龙旺角界限街36号,,,,22.323550,114.172106,
271,香港伟晴轩,油尖旺区,九龙油麻地伟晴街39号,,,,22.304108,114.172852,
271,阳光酒店,油尖旺区,砵兰街211号华美大厦B座4字楼,,,,22.314489,114.173917,
271,香港怡家宾馆,油尖旺区,弥敦道731-733振宜大厦10层AC,,,,22.318681,114.173630,
271,香港旺角旅馆(旺角新兴大厦店),油尖旺区,弥敦道603-609A新兴大厦1101室,,,,22.314101,114.174498,
271,丽都宾馆(美丽都大厦店),油尖旺区,尖沙咀弥敦道54-64B美丽都大厦10楼A9,,,,22.294536,114.177398,
271,香港合意宾馆,油尖旺区,尖沙咀弥敦道54-64号美丽都大厦A座5层(地铁尖沙咀D1出口),,,,22.294592,114.177450,
271,香港时尚酒店(尖沙咀店),油尖旺区,尖沙咀金巴利道27-33号永利大厦六楼D,,,,22.297998,114.178349,
271,Pandora Hotel,油尖旺区,"佐敦弥敦道321号金汉大厦九楼,近南京街(佐敦地铁A出口)",,,,22.303568,114.176252,
271,香港海景丝丽酒店,油尖旺区,"油麻地上海街268号(268 Shanghai Street,Yau Ma Tei,Kowloon)",,,,22.307568,114.175036,
271,豪源酒店(砵兰街),油尖旺区,奶路臣街11号远东发展旺角大厦11楼,,,,22.315809,114.174016,
271,M1 Hotel,油尖旺区,九龙油麻地砵兰街28号,,,,22.309760,114.175276,
271,汉口酒店,油尖旺区,汉口道35-37号恕园大厦3字楼,,,,22.294681,114.175852,
271,Wonderful Inn,油尖旺区,弥敦道66-70号金冠大厦5层,,,,22.295153,114.177362,
271,如家快捷酒店(尖沙咀),油尖旺区,尖沙咀(B2出口)金马伦道29-29A 7楼,,,,22.296605,114.179687,
271,香港熊猫旅馆·一刻馆(家庭旅馆),油尖旺区,漆咸道南与赫德道交叉口西南20米,,,,22.295182,114.180372,
271,香港利园宾馆,油尖旺区,金马伦道34-36福侨大厦8层,,,,22.296277,114.179481,
271,香港连锁酒店(尖沙咀地铁站店),油尖旺区,尖沙咀加连威老道16号2字楼,,,,22.296120,114.179074,
271,香港星彩旅馆(家庭旅馆),油尖旺区,旺角弥顿道739号10字楼金轮大厦,,,,22.318954,114.173688,
271,香港安达宾馆(近旺角地铁站E1出口),油尖旺区,弥敦道603-609A新兴大厦2303室,,,,22.314131,114.174499,
271,米易商务宾馆,油尖旺区,晏架街南50米,,,,22.314163,114.174651,
272,九龙东帝苑酒店,西贡区,将军澳唐德街3号,,,,22.305353,114.264917,
272,洲至奢选香港WM酒店,西贡区,惠民路28号,,,,22.383018,114.280650,
272,香港九龙东智选假日酒店,西贡区,将军澳唐德街3号Tower 4,,,,22.305499,114.264201,
272,星峰荟,西贡区,将军澳唐德街3号,,,,22.305213,114.264150,
272,Li Dak Sum Yip Yio Chin Kenneth Li Conference Lodge(HKUST),西贡区,亚公湾路与清水湾道交叉口东北420米,,,,22.329332,114.271265,
272,Hong Kong Heritage Pork|香港家猪,西贡区,"调景岭彩明街1号彩明商场1楼,彩明街市T-CM36号铺,Tseung Kwan O,香港",,,,22.303369,114.257227,
272,The Capri House 9,西贡区,香港西贡大网仔路221号,,,,22.389475,114.303436,
272,No.37 Pan Long Wan,西贡区,清水湾槟榔湾路38号,,,,22.311763,114.289845,
272,香港小童群益会白普理营,西贡区,"BGCA Bradbury Camp,DD 257,Lot 642,Wong Yi Chau,Sai Kung,香港",,,,22.388579,114.323305,
272,Tseung Kwan O Plaza Tower 5,西贡区,将军澳唐德街1号,,,,22.305622,114.266954,
272,青年会黄宜洲青年营,西贡区,[],,,,22.381929,114.320826,
272,大浪渔农文化村庄,西贡区,香港西贡大浪村大围1A,,,,22.413934,114.376885,
272,Le Magasin Sai Kung,西贡区,"Ground Floor,12 Sai Kung Hoi Pong St,Sai Kung,香港",,,,22.376369,114.276037,
272,北港230号,西贡区,"Sai Kung,香港",,,,22.374633,114.263356,
272,马游塘村8号,西贡区,宝琳路与安达臣道交叉口东南40米,,,,22.317795,114.248434,
272,温家庄,西贡区,清水湾大埔仔村304号,,,,22.335812,114.264648,
272,海富别墅A座,西贡区,"对面海海富别墅A座地下,Sai Kung,香港",,,,22.373683,114.276786,
272,住宅,西贡区,香港日出康城康城路Lohas Park Phase 1 The Capitol Tower 3 Milan,,,,22.293372,114.276854,
272,Park Central Tower 6,西贡区,"将军澳唐德街9号,Park Central",,,,22.303751,114.261186,
272,日出康城首都第一座班芙,西贡区,香港日出康城Capitol Path,,,,22.292644,114.276508,
272,Po Lam Estate Block 5 Po Chi House,西贡区,将军澳宝琳北路18号,,,,22.323855,114.261144,
272,海瑅湾,西贡区,"Lohas Park,香港",,,,22.292388,114.272213,
272,海富别墅C座,西贡区,"对面海海富别墅A座地下,Sai Kung,香港",,,,22.373648,114.276676,
272,Blue Eaves,西贡区,清水湾清水湾道708号,,,,22.325194,114.269224,
272,142 Tai Po Tsai Village,西贡区,"Tai Po Tsai Village,香港",,,,22.334452,114.265109,
273,香港嘉里酒店(香格里拉集团),九龙城区,红鸾道红磡湾38号,,,,22.298633,114.193727,
273,8度海逸酒店,九龙城区,土瓜湾九龙城道199号(近木厂街与九龙城道交界处),,,,22.320134,114.195584,
273,香港九龙维景酒店,九龙城区,旺角窝打老道75号,,,,22.316740,114.180735,
273,九龙海逸君绰酒店,九龙城区,红磡黄埔花园德丰街20号,,,,22.299819,114.197011,
273,香港奥斯酒店,九龙城区,土瓜湾九龙城道42-46号,,,,22.314077,114.193383,
273,启德帝盛酒店,九龙城区,承启道43号,,,,22.320321,114.200726,
273,香港麻雀客栈,九龙城区,九龙土瓜湾北帝街10-16号北帝大厦1楼,,,,22.317241,114.192847,
273,峰景轩,九龙城区,文福道五号(须有女仕登记入住),,,,22.316197,114.181297,
273,香港旺角红酒店,九龙城区,旺角黑布街92号,,,,22.323989,114.186730,
273,城木酒店(红磡),九龙城区,香港九龙红磡机利士南路69号,,,,22.305468,114.190015,
273,红茶馆酒店(机利士南路),九龙城区,九龙红磡芜湖街84-86号,,,,22.305416,114.190034,
273,香港盛庭LIVING酒店公寓(近何文田站B1口),九龙城区,红磡宝其利街179-181 Bulkeley Street,,,,22.305595,114.188477,
273,香港红茶馆酒店(红磡机利士南路),九龙城区,宋皇台道14-18号,,,,22.304955,114.189537,
273,香港益丰宾馆,九龙城区,土瓜湾土瓜湾道237号1楼215-217室I-feng Mansion Block B,,,,22.312796,114.194062,
273,雅仕宾馆,九龙城区,土瓜湾土瓜湾道237-239号益丰大厦A座2楼A301,,,,22.312527,114.193805,
273,桃园宾馆(太子道西店),九龙城区,九龙城太子道西362号,,,,22.324868,114.192553,
273,圣匠宾馆,九龙城区,红磡戴亚街1号,,,,22.304414,114.192589,
273,陶庭商务酒店,九龙城区,九龙塘罗福道10号10号地下-1字楼,,,,22.332244,114.181896,
273,Oootopia Kai Tak活托邦启德,九龙城区,土瓜湾宋皇台道18号,,,,22.321375,114.194328,
273,捌自助洗衣店,九龙城区,"九龙城联合道8号,6-8 Junction Road,号地下",,,,22.325104,114.191968,
273,漫春天精品酒店,九龙城区,九龙塘律伦街1号,,,,22.330215,114.183003,
273,55 Maidstone Road HEREIN LIVING,九龙城区,土瓜湾美善同道55号,,,,22.315542,114.191944,
273,明爱宾馆,九龙城区,界限街134号明爱中心A座,,,,22.323990,114.182774,
273,福来酒店,九龙城区,罗福道与添福道交叉口西南40米,,,,22.332279,114.182325,
273,名人酒店,九龙城区,九龙塘金巴伦道37号,,,,22.327456,114.181815,
274,帝都酒店,沙田区,"沙田白鹤汀街8号,连接沙田港铁站新城市广场旁",,,,22.376964,114.193448,
274,香港沙田凯悦酒店,沙田区,香港新界沙田新界沙田泽祥街18号,,,,22.408727,114.216106,
274,丽豪酒店,沙田区,大涌桥路34-36号丽豪酒店地下,,,,22.379562,114.201294,
274,香港沙田万怡酒店,沙田区,安平街1号,,,,22.388153,114.211400,
274,香港帝逸酒店,沙田区,源康街1号,,,,22.380735,114.213193,
274,海澄轩海景酒店,沙田区,马鞍山鞍骏街29号,,,,22.423466,114.232177,
274,荟晴,沙田区,马鞍山恒光街15号,,,,22.419748,114.233134,
274,Courtyard By Marriott Sha Tin,沙田区,安平街与安丽街交叉口东北80米,,,,22.388062,114.211575,
274,天宇海十五号独立屋,沙田区,马鞍山保泰街18号,,,,22.412654,114.229138,
274,blossom era,沙田区,"Tai Shui Hung,Ma On Shan,香港",,,,22.403499,114.229452,
274,常乐士多,沙田区,香港大围显径上径口村150号地下A铺,,,,22.361096,114.178991,
274,世界花园紫荆阁,沙田区,世界花园龙柏街13号,,,,22.361069,114.184438,
274,Mantex Villa,沙田区,大围恒乐里7号,,,,22.376375,114.187549,
274,OpenHouse绘本公馆,沙田区,"Unit 812,华顺广场11 On Sum St,Sha Tin,ฮ่องกง",,,,22.388317,114.214011,
274,香港沙田丽豪酒店乐乐酷,沙田区,九龙大涌桥路34-36号,,,,22.379310,114.201436,
274,CT American Country Harley Davidson Style Theme Room,沙田区,香港大围,,,,22.362759,114.180634,
274,刘哥万事屋,沙田区,"Tai Po Mei Tsuen,香港",,,,22.419478,114.204176,
274,Centra Horizon Block 10,沙田区,白石角创新路18号,,,,22.426170,114.212159,
274,大輋村53号,沙田区,"Tai Che,香港",,,,22.378975,114.224591,
274,逸珑湾1期,沙田区,白石角科进路23号,,,,22.428440,114.210719,
274,多石村39A,沙田区,沙田多石街,,,,22.373962,114.207074,
274,St Martin Phase 1 Tower 3,沙田区,香港科学园科进路12号,,,,22.427632,114.208596,
274,Natasha Au Yeung,沙田区,"香港Sha Tin,樟树滩路18号",,,,22.422697,114.206332,
274,Shui Chuen O Estate Block 1 Ching Chuen House,沙田区,"Sha Tin,香港",,,,22.370056,114.202865,
274,St.Martin Tower 2,沙田区,白石角科进路12号,,,,22.427102,114.209256,
275,YHA白普理赛马会大美督青年旅舍(大埔),大埔区,船湾大美督路66号,,,,22.466017,114.238305,
275,西贡-白沙澳青年旅舍,大埔区,香港西贡白沙澳海下路,,,,22.447928,114.326876,
275,大埔旅店,大埔区,运头角里6号美枫大厦1楼,,,,22.444363,114.173972,
275,白普理堂(赤径)青年旅舍,大埔区,新界西贡赤径口渡轮码头旁,,,,22.421696,114.359358,
275,大埔宾馆,大埔区,广福道21-25号,,,,22.446587,114.170637,
275,The Mangrove H30,大埔区,大埔公路大埔滘段The Mangrove,,,,22.432395,114.193078,
275,The Melo,大埔区,怀义街6号,,,,22.444924,114.170171,
275,Fu Shin Estate Block 4 Shin Tsui House,大埔区,"Fu Shin Estate Shin Tsui House,12 On Po Rd,Tai Po,Hong Kong",,,,22.451117,114.181335,
275,Tai Wo Estate Block 10 Fook Wo House,大埔区,福和路与启和路交叉口西80米,,,,22.449549,114.166066,
275,Deu Jutt,大埔区,瑞安街23号,,,,22.446105,114.168733,
275,Tak Nga Court Block 6,大埔区,晓运路2号,,,,22.438039,114.170720,
275,凤园61A,大埔区,[],,,,22.463620,114.185447,
275,211 Ha Hang Tsuen下坑村211,大埔区,汀庆路与汀角路交叉口东北160米,,,,22.460748,114.192392,
275,大尾笃政府渡假9号屋,大埔区,船湾美湖路Tai Mei Tuk Government Holiday Bungalows,,,,22.470970,114.241275,
275,水围村218号,大埔区,大埔公路-大窝段与大埔太和路交叉口西北60米,,,,22.449814,114.163171,
275,芦慈田127号,大埔区,山南路与山寮路交叉口东北380米,,,,22.471070,114.229921,
275,芦慈田8F,大埔区,香港大尾笃村芦慈田村8F,,,,22.472717,114.229974,
275,Sai O 161,大埔区,马鞍山Sai O161号,,,,22.426213,114.259805,
275,布心排村258号,大埔区,汀角路与洞梓路交叉口北320米,,,,22.468022,114.213688,
275,汀庆路340号,大埔区,汀庆路与汀角路交叉口北140米,,,,22.460767,114.191938,
275,11A-D 11th Street Hong Lok Yuen,大埔区,"Hong Lok Yuen,香港",,,,22.459915,114.160559,
275,大尾笃政府渡假7号屋,大埔区,船湾美湖路Tai Mei Tuk Government Holiday Bungalows,,,,22.470473,114.241012,
275,楼盘,大埔区,马窝路43号,,,,22.440122,114.165192,
275,好时华廷50座,大埔区,香港林村Blossom Villas Phase II Block 18,,,,22.470155,114.155181,
275,牛栏窝,大埔区,林村梧桐寨,,,,22.435490,114.129194,
276,黄金海岸酒店,屯门区,屯门黄金海岸青山公路1号,,,,22.368895,113.994568,
276,香港屯门贝尔特酒店,屯门区,香港屯门震寰路6号,,,,22.392721,113.976799,
276,Hydrospark X Company,屯门区,"香港屯门建群街3号,Winfield Industrial Building,H8,Unit H,8/F",,,,22.393299,113.973890,
276,JP-Australia,屯门区,屯门建发街13号1楼2室,,,,22.396435,113.972800,
276,Tomocado Limited,屯门区,"Unit C,10/F,Wellpoint IndBldg,2 Kin Wing Ln,Tuen Mun,香港",,,,22.393502,113.973368,
276,晋朗台Chun Long Terrace,屯门区,"Lam Tei,香港",,,,22.421618,113.988213,
276,Fuk Hang Villa,屯门区,"Hong Kong,Fuk Hang Tsuen,屯门59-61号福亨阁",,,,22.414147,113.994017,
276,Wo Hei House Wo Tin Estate(Block 1),屯门区,"35号Hing Kwai St,Tuen Mun,Hong Kong",,,,22.411080,113.973750,
276,优品360度(屯门站店),屯门区,"18号铺,港铁站TUM16,Tuen Mun,香港",,,,22.392754,113.978881,
276,家之乐住家餸,屯门区,"Melody Garden Block 3,2 Wu Chui Rd,Tuen Mun,香港",,,,22.371401,113.965705,
276,小榄简约公屋,屯门区,香港屯门,,,,22.359427,114.006225,
276,Coo Residence,屯门区,启发径8号,,,,22.392415,113.980792,
276,Ocean Camino Tower 5A,屯门区,管翠路与扫管笏路交叉口南280米,,,,22.369252,114.006164,
276,业旺村业德楼Yip Wong Estate Yip Tak House,屯门区,香港屯门天后路21号,,,,22.384465,113.974539,
276,丰连2座,屯门区,屯门门良德街3号,,,,22.406019,113.973019,
276,珀岸1B座,屯门区,屯门青山公路-青山湾段18号,,,,22.371782,113.993673,
276,帝御岚天7座,屯门区,扫管笏青山公路-青山湾段8号,,,,22.371416,113.996118,
276,Rmh pak liong,屯门区,"三圣商场,6号三圣街屯门香港",,,,22.378805,113.983100,
276,Hong Kong Budget Sea Condo For Long term rent,屯门区,青龙路与瑜翠街交叉口西480米,,,,22.362921,113.995375,
276,KwunTsing 2,屯门区,"扫管笏管翠路1号,Avignon Tower 11",,,,22.372348,114.004042,
276,Home temp,屯门区,"地下,华都商场,7号铺,Tuen Lee St,Tuen Mun,香港",,,,22.389602,113.982842,
276,康丽花园2座11B,屯门区,屯门屯门乡事会路153号,,,,22.395897,113.979990,
276,住家,屯门区,香港屯门鸣琴路99号,,,,22.405909,113.971762,
276,到,屯门区,香港屯门美乐里,,,,22.370347,113.968025,
276,厚成园,屯门区,香港屯门二皇墩,,,,22.374561,114.002290,
277,香港城汇精品,深水埗区,深水埗荔枝角道307号至309号地下至天台,,,,22.325670,114.165453,
277,泛达太子轩,深水埗区,大南街156-158号(近金文楼/太子地铁站),,,,22.323871,114.169242,
277,饶宗颐文化馆-翠雅山房,深水埗区,青山道800号,,,,22.336105,114.147173,
277,阳光宾馆,深水埗区,中国香港深水埗桂林街42-44号恒诚大厦2楼(近深水埗地铁站D2出口)邮政编码,,,,22.329025,114.167694,
277,王子公馆,深水埗区,南昌街21-23号,,,,22.324121,114.165877,
277,香港四海商务宾馆,深水埗区,深水埗南昌街123号(深水埗地铁A2出口),,,,22.326375,114.167909,
277,黄金酒店,深水埗区,深水埗钦州街98号-1层,,,,22.329921,114.167011,
277,豪景宾馆,深水埗区,福荣街,,,,22.327091,114.170099,
277,好景酒店,深水埗区,深水埗汝州街179号1层,,,,22.325825,114.168035,
277,晶都宾馆,深水埗区,青山道与发祥街交叉口东南20米,,,,22.334925,114.162218,
277,城堡宾馆,深水埗区,香港塘尾黄竹街27号,,,,22.326473,114.170726,
277,利星宾馆,深水埗区,深水埗区基隆街255号附近,,,,22.326085,114.166895,
277,Kactus Hotel,深水埗区,深水埗海坛街164号,,,,22.324261,114.165756,
277,泰好住,深水埗区,香港苏屋顺宁道The Sorentino,,,,22.337185,114.160140,
277,华都别墅,深水埗区,九龙深水埗元州街54-56号1楼,,,,22.329910,114.167964,
277,香港新名都宾馆(capital house),深水埗区,南昌街与汝州街交叉口北40米,,,,22.326400,114.167914,
277,简悦酒店(香港太子店),深水埗区,"油尖旺弥敦道182号,2-13楼(尖沙咀)",,,,22.325664,114.169523,
277,世运台酒店,深水埗区,九龙深水涉通州街256号,,,,22.324874,114.163960,
277,石硖尾1号m2,深水埗区,深水埗石硖尾街1号M号,,,,22.324962,114.168201,
277,回忆客栈,深水埗区,"长沙湾保安道405号,Cheung Fai Building,地下",,,,22.338026,114.159865,
277,瑞雯阁,深水埗区,又一村高槐路10号,,,,22.328599,114.178370,
277,Kowloon tong,深水埗区,"Yau Yat Chuen,香港",,,,22.329705,114.180187,
277,新明阳休闲中心,深水埗区,罗湖和平路1043号华侨大厦,,,,22.326437,114.171804,
277,NAET南氏脱敏治疗-桐心整全疗法中心,深水埗区,荔枝角道与大南西街交叉口东北40米,,,,22.333659,114.155177,
277,Lai Ching House,深水埗区,钦州街与汝州街交叉口西北120米,,,,22.328730,114.164083,
278,观塘帝盛酒店,观塘区,鸿图道84号,,,,22.305122,114.229040,
278,香港君立酒店,观塘区,九龙湾宏光道15号,,,,22.320935,114.210612,
278,香港悦品海景酒店,观塘区,九龙官塘伟业街163号(近观塘码头),,,,22.309351,114.224513,
278,九龙东如心酒店,观塘区,创业街38号,,,,22.311511,114.224030,
278,香港九龙CBD2智选假日酒店,观塘区,"巧明街97号,近观塘道",,,,22.309926,114.227918,
278,雅仕宾馆,观塘区,牛头角康宁道41号,,,,22.312033,114.228410,
278,康柏苑D座瑞柏阁,观塘区,蓝田碧云道139号,,,,22.299263,114.244454,
278,安泰村第9座盛泰楼,观塘区,安秀道20号,,,,22.323615,114.234450,
278,丽港城第二期花园,观塘区,"12 e,丽港城二期花园Laguna St E,Laguna City,香港",,,,22.304009,114.234278,
278,La Vigna Limited(Italian Red White Sparkling Dessert wine Tasting Wholesale Retail Shop),观塘区,"观塘成业街19-21号,Shing Yip Industrial Building,14楼19室",,,,22.307163,114.231917,
278,GL Furniture(Asia)Ltd,观塘区,观塘海滨道167号,,,,22.307776,114.224498,
278,嘉华建材,观塘区,"九龙湾宏光道39号,Skyline Tower",,,,22.323644,114.210435,
278,Time for Italian Wine,观塘区,崇信街与四山街交叉口北40米,,,,22.289715,114.242375,
278,3c earth,观塘区,"9栋,Kwun Tong,香港",,,,22.307535,114.227542,
278,RUNWAY 1331 GATE 2,观塘区,香港启德,,,,22.305756,114.218653,
278,홍콩住宿,观塘区,伟业街与荣业街交叉口北60米,,,,22.304982,114.228494,
278,启航(1331-2号门),观塘区,香港启德,,,,22.305551,114.218697,
278,启航(13312号门),观塘区,"Kai Tak,香港",,,,22.305587,114.218736,
278,Good house best,观塘区,鲤鱼门径与崇信街交叉口东南80米,,,,22.289402,114.243486,
278,WiFi Hotspot On Tai Training Centre and Hostel,观塘区,观塘安秀道23号安泰村服务设施大楼1楼,,,,22.322746,114.235907,
278,Sau Mau Ping South Estate Block 4 Sau Hou House,观塘区,秀茂坪Sau Mau Ping South Estate Sau Ho House,,,,22.313444,114.239598,
278,花园喵购,观塘区,"观塘牛头角道Garden Estate Yin Chee Lau,玉莲台商场地下2号铺",,,,22.314746,114.222909,
278,Kwun Tong Home,观塘区,平成里与月华街交叉口东200米,,,,22.313806,114.233652,
278,康丽园,观塘区,牛头角康宁道147号,,,,22.316296,114.227462,
278,Laguna City Block 3,观塘区,"丽港城丽港街33号号,Laguna City Block 3",,,,22.304595,114.232536,
279,富丽宫宾馆,黄大仙区,九龙新蒲岗崇龄街80号如意楼1/F,,,,22.331527,114.200629,
279,钻石山站,黄大仙区,香港大磡村,,,,22.337204,114.206582,
279,六合19酒店,黄大仙区,"香港九龙城19 Luk Hop Street,San Po Kong",,,,22.334436,114.204635,
279,日新舍Sunny House,黄大仙区,九龙新蒲岗六合街19号,,,,22.334367,114.204623,
279,Shuffle,黄大仙区,竹园龙翔道黄大仙上,,,,22.339287,114.195746,
279,采颐花园二座第4座,黄大仙区,"新蒲岗彩虹道242号,Rhythm Garden Block 4",,,,22.333252,114.208122,
279,启钻苑第4座启涛阁,黄大仙区,钻石山彩虹道235号,,,,22.336238,114.206095,
279,Wang Kei House Wang Tau Hom Estate,黄大仙区,"Fu Mei St,Wang Tau Hom,Hong Kong",,,,22.336959,114.193671,
279,横头磡村:第18座(宏伟楼),黄大仙区,横头磡富美街,,,,22.338242,114.190895,
279,钻岭Aspen Crest,黄大仙区,竹园环凤街68号,,,,22.342124,114.203512,
279,横头磡村:(宏德楼),黄大仙区,"横头磡富美街17号,Wang Tau Hom Estate Wang Tak House,地下16号",,,,22.336302,114.193777,
279,Wang Tau Hom Estate Wang Kwong House,黄大仙区,"横头磡富美街17号,Wang Tau Hom Estate Wang Kwong House",,,,22.337184,114.191341,
279,龙福楼,黄大仙区,正德街101号,,,,22.336718,114.196386,
279,Enkel Limited,黄大仙区,新蒲岗大有街32号16楼09室,,,,22.334191,114.202534,
279,永定道消防已婚人员宿舍,黄大仙区,牛池湾永定道22号,,,,22.333083,114.214321,
279,Wong Tai Sin,黄大仙区,竹园鸣凤街36号,,,,22.341511,114.201549,
279,住宅,黄大仙区,慈云山Tsz Oi Court Block 1 Oi Ning House,,,,22.347261,114.202960,
279,Hammax(Hong Kong)Limited,黄大仙区,景福街与三祝街交叉口东80米,,,,22.332174,114.204395,
279,意大利Be3防晒,黄大仙区,三祝街与双喜街交叉口南60米,,,,22.333366,114.201687,
279,毓逸琚,黄大仙区,"Tsz Wan Shan,香港",,,,22.343903,114.207455,
279,金联咖啡有限公司,黄大仙区,新蒲岗彩虹道4楼B室(五芳街入口嘉荣工厂大厦214-216号),,,,22.335464,114.204947,
279,Tin Wai Telecom Engineering Limited(KLN-E),黄大仙区,大有街与三祝街交叉口东20米,,,,22.333518,114.202455,
279,Dreams Odyssey,黄大仙区,景福街与爵禄街交叉口东南20米,,,,22.331714,114.203210,
279,Firstone Corporate Limited,黄大仙区,"新蒲岗三祝街15-17号,Kai Yip Factory Building,4/F",,,,22.333413,114.202750,
279,Days Inn Business Place Yinchuan,黄大仙区,新蒲岗康强街31号,,,,22.331756,114.202078,
280,香港中港旅店,东区,"北角七姊妹道25-31号,Scala Mansion",,,,22.288065,114.206407,
280,香港东隅酒店,东区,香港港岛东太古城道29号,,,,22.283193,114.220951,
280,香港富荟炮台山酒店,东区,香港北角麦连街18号,,,,22.284495,114.197248,
280,北角海逸酒店,东区,北角英皇道665号,,,,22.288769,114.213538,
280,铜锣湾如心酒店,东区,铜锣湾英皇道18号,,,,22.280446,114.197750,
280,港岛海逸君绰酒店,东区,油街二十三号(港鐡炮台山站-A出口),,,,22.286195,114.196571,
280,雅高宜必思香港北角酒店,东区,马宝道61-63号附近,,,,22.289462,114.205593,
280,Little Tai Hang酒店及服务式公寓,东区,铜锣湾道98号,,,,22.276988,114.197386,
280,香港第二十一威菲路酒店,东区,"香港湾仔威菲路道21号,近玻璃街",,,,22.283272,114.195704,
280,香港维港凯悦尚萃酒店,东区,北角村里1号,,,,22.289953,114.204239,
280,香港紫亭,东区,永兴街19号,,,,22.282671,114.197065,
280,历山酒店,东区,城市花园道32号 (港铁炮台山站B出口),,,,22.286851,114.197841,
280,香港TUVE酒店,东区,铜锣湾清风街16号,,,,22.281858,114.197195,
280,香港盛捷维园公寓酒店,东区,"电气道118号,近电气道,永兴街交界",,,,22.282573,114.196665,
280,香港颐庭酒店(铜锣湾店),东区,铜锣湾水星街15号,,,,22.282920,114.197134,
280,China Rich Oriental Hotel,东区,筲箕湾道225号,,,,22.277600,114.229965,
280,香港北角M1酒店,东区,春秧街112号,,,,22.288419,114.203016,
280,香港铜锣湾皇悦酒店,东区,铜锣湾永兴街8号,,,,22.282362,114.196995,
280,悦思公寓,东区,香港炮台山英皇道294号五洲大厦,,,,22.287103,114.200325,
280,香港莎玛港岛北酒店,东区,炮台山英皇道310号,,,,22.287157,114.200751,
280,灏美连锁式旅舍,东区,英皇道375号成明阁2-13楼,,,,22.288141,114.202994,
280,Y旅舍,东区,柴湾道238号青年广场12楼,,,,22.260251,114.241554,
280,春天酒店式住宅,东区,北角春秧街112号,,,,22.288340,114.202755,
280,香港华大海景酒店,东区,春秧街94-96号附近,,,,22.288334,114.202483,
280,金都旅游宾馆,东区,英皇道294五洲大厦16字楼C座,,,,22.287103,114.200325,
281,迪士尼好莱坞酒店,离岛区,大屿山竹篙湾香港迪士尼乐园,,,,22.305925,114.041770,
281,富豪机场酒店,离岛区,畅达路9号,,,,22.315829,113.939097,
281,迪士尼探索家度假酒店,离岛区,大屿山迪士尼乐园度假区,,,,22.304924,114.043491,
281,香港迪士尼乐园酒店,离岛区,大屿山香港迪士尼乐园度假区,,,,22.305432,114.048967,
281,香港愉景湾酒店,离岛区,大屿山愉景湾海澄湖畔路88号,,,,22.304525,114.022090,
281,长洲华威酒店,离岛区,长洲岛东湾黑排路与长洲体育路交口东南角,,,,22.205037,114.037364,
281,香港天际万豪酒店,离岛区,"赤鱲角航天城东路1号,Hong Kong Skycity Marriott Hotel",,,,22.316253,113.948399,
281,诺富特东荟城酒店,离岛区,达东路20号东荟城名店仓L2层L2-Novotel Citygate Hong Kong,,,,22.288164,113.947057,
281,香港银矿湾渡假酒店,离岛区,大屿山梅窝银矿湾DD.2地段648号,,,,22.265423,114.002851,
281,香港银樾雅高美憬阁精选酒店,离岛区,达东路16号,,,,22.287045,113.945910,
281,香港东涌世茂喜来登酒店,离岛区,中国香港新界大屿山东涌怡东路9号,,,,22.292352,113.951061,
281,丽豪航天城酒店(富豪酒店集团旗下),离岛区,赤鱲角香港国际机场航展道8号,,,,22.316173,113.946949,
281,香港东涌福朋喜来登酒店,离岛区,怡东路9号新界,,,,22.291993,113.951403,
281,碧涛轩,离岛区,南丫岛榕树湾洪圣爷湾29号,,,,22.216748,114.124669,
281,Re.Lamma,离岛区,"Lamma Island,香港",,,,22.217544,114.124555,
281,海景度假屋,离岛区,"长洲国民路东堤小筑13座地下至3楼C,D室",,,,22.208799,114.034229,
281,梅窝酒店,离岛区,大屿山梅窝东湾头路14号,,,,22.268828,114.004722,
281,Lychee Sunset Hotel Cheung Chau(Phase 1),离岛区,长洲荔枝园94-95号,,,,22.205173,114.035073,
281,兰涛度假屋,离岛区,"中国,香港,香港,大屿山水口村47A号2楼",,,,22.217969,113.919106,
281,满东村第1座满和楼,离岛区,东涌松满路7号满东村,,,,22.274766,113.937933,
281,文丽华度假屋,离岛区,南丫岛榕树湾宝华园2号,,,,22.224341,114.115264,
281,客家好栈,离岛区,迎康街6号东环商场1楼103-104号铺,,,,22.292170,113.954070,
281,模达新村,离岛区,"Mo Tat Wan,香港",,,,22.204098,114.150589,
281,香港维多利亚山庄,离岛区,山贝澳芝麻湾22号,,,,22.238238,113.983027,
281,新乐度假屋,离岛区,大屿山(东侧),,,,22.236309,113.987352,
282,The Upper House奕居,中西区,金钟道88号太古广场L4层,,,,22.274791,114.171281,
282,香港置地文华东方酒店(Landmark皇后大道中15号),中西区,中环皇后大道中15号置地广场,,,,22.278221,114.162646,
282,香港四季酒店,中西区,中环金融街8号,,,,22.283532,114.161929,
282,香港JW万豪酒店,中西区,金钟道88号太古广场,,,,22.274796,114.171284,
282,港岛香格里拉大酒店,中西区,中区法院道太古广场,,,,22.274421,114.169339,
282,香港万怡酒店,中西区,干诺道西167号,,,,22.285225,114.143895,
282,尼依格罗香港美利酒店,中西区,香港中西区红棉路22号(近花园道),,,,22.275357,114.165082,
282,丽富酒店,中西区,上环德辅道西89号,,,,22.285263,114.150481,
282,香港中环石板街酒店,中西区,香港中西区中环皇后大道中74号(与士丹利街21号交叉口),,,,22.280037,114.160440,
282,灏美中环酒店,中西区,上环永乐街105号,,,,22.283420,114.156597,
282,香港港丽酒店,中西区,金钟道88号,,,,22.274151,114.170309,
282,颐庭酒店上环,中西区,西营盘德辅道西156-160号(近港铁西营盘站A2出口),,,,22.284927,114.149203,
282,香港居舍,中西区,金钟道88号太古广场,,,,22.274744,114.171369,
282,雅高宜必思香港中上环酒店,中西区,德辅道西28号,,,,22.284877,114.152626,
282,香港富荟上环酒店,中西区,香港上环文咸东街138号,,,,22.283631,114.154286,
282,香港尚圜服务公寓,中西区,香港上环苏杭街29号,,,,22.282357,114.157068,
282,尚豪酒店(链居酒店集团),中西区,香港中西区上环文咸东街139-141号,,,,22.283732,114.153961,
282,香港宏基国际宾馆,中西区,香港中西区中环罗便臣道4号,,,,22.275890,114.158370,
282,晋逸精品酒店中环,中西区,香港中西区中环威灵顿街122号,,,,22.280866,114.158962,
282,香港园景轩,中西区,半山麦当劳道1号,,,,22.273557,114.160921,
282,香港华大盛品酒店,中西区,西环德辅道西308号,,,,22.284580,114.144108,
282,富荟尚乘上环酒店,中西区,文咸西街5号,,,,22.284016,114.154287,
282,香港辉豪酒店,中西区,西环坚尼地城厚和街2号(厚和街与士美菲路交叉口),,,,22.280134,114.133070,
282,YHA赛马会摩星岭青年旅舍(香港岛),中西区,"香港Pok Fu Lam,摩星岭径123号",,,,22.274638,114.127315,
282,迷你中环,中西区,中环雪厂街38号,,,,22.277781,114.161294,
283,数码港艾美酒店,南区,薄扶林数码港道100号数码港,,,,22.259285,114.134552,
283,香港明爱张奥伟国际宾馆,南区,香港南区香港香港仔田湾街二十号,,,,22.247074,114.154455,
283,雅格酒店,南区,黄竹坑香叶道43号,,,,22.245004,114.167805,
283,南湾如心酒店,南区,香港仔黄竹坑道55号,,,,22.247064,114.173077,
283,香港富丽敦海洋公园酒店,南区,香港香港仔海洋径3号,,,,22.234000,114.170635,
283,香港海洋公园万豪酒店,南区,黄竹坑道180号,,,,22.244747,114.180643,
283,奥华精选・南岸,南区,香港仔黄竹坑道64号,,,,22.246929,114.173972,
283,香港奥华行旅(香港仔),南区,香港香港仔石排湾道100号,,,,22.246054,114.154155,
283,城木酒店-鸭脷洲,南区,香港南区鸭脷洲新市街29号,,,,22.241374,114.161751,
283,香港红茶馆酒店(鸭脷洲大街店),南区,香港南区鸭脷洲惠风街19号,,,,22.241019,114.160182,
283,Southside by Ovolo,南区,香港仔黄竹坑道64号,,,,22.246896,114.174030,
283,港岛南岸二期扬海 La Marina,南区,黄竹坑香叶道11号,,,,22.243242,114.172087,
283,赤柱滩道6号3号屋,南区,赤柱赤柱滩道6号,,,,22.220089,114.218654,
283,Ocean Bay House C,南区,舂坎角海天径15号,,,,22.216475,114.207860,
283,大潭笃啤酒之友,南区,"Tuk Beer Club,Tai Tam,香港",,,,22.239144,114.228621,
283,Coffee Farm Limited,南区,"ฮ่องกงYip Fat St,Gee Luen Hing Industrial Building,工业大楼",,,,22.245639,114.172532,
283,L'Harmonie,南区,"香港赤柱赤柱岗道3号,L'harmonie Block E",,,,22.218292,114.217547,
283,香港仔中心港富阁,南区,香港香港仔南宁街23号,,,,22.246483,114.159171,
283,维璧别墅D座,南区,"赤柱村道66号,Stanley Green Block D",,,,22.218152,114.217126,
283,M.Place,南区,万事昌集团大厦,,,,22.246373,114.173187,
283,Double Bay Block 6,南区,"Double Bay Block 6,46 Island Rd,Deep Water Bay,香港",,,,22.235530,114.193417,
283,Hong Kong Island Wong Chuk Hang high-end residential area recruits 2 children for boarding(Second bedroom),南区,黄竹坑,,,,22.244171,114.173367,
283,HUNG HOME,南区,田湾田湾街Tin Wan Court,,,,22.247319,114.154386,
283,Cypresswaver Villas Block C,南区,舂坎角环角道32号,,,,22.214658,114.211536,
283,Residence Bel-Air Phase 6 Tower 1,南区,数码港道与域多利道交叉口西南140米,,,,22.253365,114.138189,
284,嘉湖海逸酒店,元朗区,天水围天恩路18号,,,,22.454540,114.009284,
284,新港酒店,元朗区,凹头元朗东成里路1号,,,,22.441888,114.048201,
284,多维公寓(裕亨路分店),元朗区,广东深圳米埔桂花路5号13楼加福广场华尔登府邸A座邮政编码,,,,22.508048,114.067286,
284,大道村骏峦,元朗区,大道村青山公路屏山段125号,,,,22.432723,114.007081,
284,元朗宾馆,元朗区,裕景坊15,,,,22.441004,114.032984,
284,离宫宾馆,元朗区,康景街23号2层A、C、D,,,,22.440620,114.032770,
284,主恩轩,元朗区,"Shek Wu Tong,香港",,,,22.423357,114.074840,
284,锦田宾馆,元朗区,香港锦田锦田市街6号,,,,22.438003,114.066442,
284,屏欣苑C座屏泰阁,元朗区,屏厦路65号,,,,22.442431,114.008228,
284,同心村,元朗区,山贝路,,,,22.448989,114.038098,
284,Lion Rock Vet Hospital,元朗区,"香港元朗俊贤坊Shiu Yat Building,K号铺",,,,22.444130,114.028208,
284,嘉湖海逸酒店第1期,元朗区,天恩路12号嘉湖海逸酒店,,,,22.455555,114.007973,
284,银宫酒店,元朗区,击壤路12号,,,,22.442919,114.030570,
284,杨屋村嘉乐园,元朗区,"十八乡元朗东成里路89A号,Yeung Uk Tsuen Karen Court Block A",,,,22.439507,114.047998,
284,顺丰围399号,元朗区,青山公路-蓝地段与顺达街交叉口南300米,,,,22.420963,113.993226,
284,崇正新村267A,元朗区,大棠路248号,,,,22.426388,114.035029,
284,上輋村村口,元朗区,"Sheung Che Village,香港",,,,22.446566,114.102169,
284,下輋160A,元朗区,粉锦公路与竹坑道交叉口西北420米,,,,22.447923,114.098518,
284,马鞍岗村418号,元朗区,"Ma On Kong,香港",,,,22.412603,114.069693,
284,康峦,元朗区,"Pat Heung,香港",,,,22.444032,114.100982,
284,八乡田心村642号,元朗区,香港石岗,,,,22.420906,114.075685,
284,虾尾新村路256号,元朗区,香港元朗虾尾新村路256号,,,,22.449493,114.018107,
284,朗杏阁,元朗区,青山公路-屏山段130号,,,,22.433128,114.006798,
284,石埗村330C号,元朗区,香港石埗村,,,,22.436424,114.001563,
284,Long yuen hotel,元朗区,元朗青山公路-元朗段75号,,,,22.441848,114.034849,
285,悦来酒店,荃湾区,荃华街3号,,,,22.366337,114.125809,
285,远东丝丽酒店,荃湾区,青山公路(荃湾段)135-143号(荃湾港铁站B出口),,,,22.368289,114.124367,
285,荃湾西如心酒店,荃湾区,香港荃湾杨屋道8号,,,,22.365802,114.117994,
285,帝景酒店,荃湾区,汀九青山公路353号,,,,22.365909,114.083210,
285,香港挪亚方舟度假酒店,荃湾区,临近大屿山新界马湾珀欣路33号,,,,22.345550,114.066793,
285,东亚花园,荃湾区,荃湾德士古道,,,,22.365753,114.126969,
285,马湾1868临海度假屋,荃湾区,马湾大街36号,,,,22.345566,114.062132,
285,豪景花园第7座,荃湾区,"青龙头青山公路-大榄段100号,Hong Kong Garden Block 7 Carmel Heights",,,,22.360160,114.048607,
285,荷李活时钟酒店,荃湾区,新界沙咀道243-245号2层,,,,22.367432,114.121335,
285,永兴楼,荃湾区,荃湾海坝街Fuk Loi Estate Wing Hing House,,,,22.371249,114.118346,
285,珀丽湾3座,荃湾区,马湾珀丽路8号,,,,22.350948,114.067626,
285,Woflat小窝,荃湾区,杨屋道8号如心广场1901,,,,22.365619,114.117635,
285,香港校园旅舍,荃湾区,"油柑头青山公路123号,近悠丽路汀兰居附近",,,,22.364938,114.097220,
285,名都酒店,荃湾区,新界荃湾沙咀道242-244号1字楼距荃湾西站446米,,,,22.367601,114.120595,
285,友成家居专门店-众安街,荃湾区,荃湾众安街114号号地下,,,,22.366349,114.121531,
285,Memphis Electronic Hong Kong Ltd.,荃湾区,"6 Sha Tsui Rd,Tsuen Wan,Hong Kong",,,,22.372384,114.112344,
285,Ho Fai Garden Block 2,荃湾区,"号,222 Sai Lau Kok Rd,香港",,,,22.367867,114.126333,
285,Tsuen Wan West Station,荃湾区,香港荃湾,,,,22.365755,114.114805,
285,小岛山丘Island Hideout,荃湾区,"1868,House 32,Hilltop,Ma Wan,香港",,,,22.346907,114.060535,
285,Pe母居住地,荃湾区,老围老围城门道DD455号,,,,22.380569,114.145828,
285,Yan Chai Residence,荃湾区,"15号Hoi Hing Rd,Tsuen Wan,Hong Kong",,,,22.369171,114.111579,
285,豪景花园第28座,荃湾区,青龙头青山公路-大榄段,,,,22.358238,114.045350,
285,银都酒店(禾笛街店),荃湾区,"1/F,23-25 Wo Tik St,Tsuen Wan,香港",,,,22.367070,114.119577,
285,Mahal ko mansion,荃湾区,葵涌石围角路Shek Wai Kok Estate Shek Tsui House,,,,22.375392,114.131193,
285,荃湾享成街8号香城大厦阁楼3B室,荃湾区,荃湾享成街8号,,,,22.369713,114.116166,
286,香港青逸酒店,葵青区,青衣青衣路1号蓝澄湾1座,,,,22.339485,114.115337,
286,华逸酒店,葵青区,香港青衣青衣路一号(葵芳地铁站),,,,22.340932,114.115907,
286,香港荃湾丝丽酒店,葵青区,和宜合道119号,,,,22.366182,114.144030,
286,旭逸酒店·荃湾,葵青区,圳边街15-19号,,,,22.365645,114.142363,
286,盛逸酒店,葵青区,青衣路1号,,,,22.340086,114.115581,
286,香港永伦800酒店,葵青区,香港青衣青衣路1号,,,,22.340082,114.115621,
286,Chaman limited,葵青区,葵涌国瑞路,,,,22.367548,114.137532,
286,Kwai Hing,葵青区,"MTR Kwai Hing Station,Kwai Chung,Hong Kong",,,,22.360362,114.136299,
286,Tsing Yi Fishermen Village,葵青区,香港青衣,,,,22.355381,114.109780,
286,FOREVER MALL(HK)LIMITED,葵青区,打砖坪街68号和丰工业中心2217室,,,,22.365037,114.142211,
286,Caly components Co.Limited,葵青区,"02楼B02室,26-38号Kwai Cheong Rd,Kwai Chung,香港",,,,22.361855,114.138062,
286,Mc Pet Hotel,葵青区,"Chung Mei Road 74G Chung Mei Tsuen,Tsing Yi,香港",,,,22.348801,114.109321,
286,Bonda Engineering Limited百利达工程有限公司,葵青区,葵涌和宜合道Kingsway Industrial Building,,,,22.368661,114.141276,
286,合泊(香港)照明电器有限公司,葵青区,葵涌健康街Favor Industrial Centre,,,,22.366928,114.135541,
286,旭日花苑,葵青区,葵涌国瑞路Kwan Mun Hau Tsuen,,,,22.369576,114.129832,
286,彩峰宛,葵青区,葵涌荔景山路葵涌道荔景村,,,,22.350223,114.132729,
286,Feel At Home-CAUSEWAY BAY-CITY CENTER,葵青区,香港葵涌,,,,22.339291,114.136755,
286,Avance International Company Limited,葵青区,"华星街1-7号Unit A2,4/F Mai Wah Industrial Building",,,,22.357373,114.137275,
286,葵青区,葵青区,葵涌大厦街大窝口村富强楼,,,,22.364951,114.128780,
286,好味饺子店,葵青区,"葵联路80号,Kwai Luen Estate Luen Yan House",,,,22.359596,114.130154,
286,葵蓉苑2座,葵青区,"葵涌石头街8号,Kwai Yung Court Block 2",,,,22.363840,114.128746,
286,葵涌村旭映葵楼,葵青区,上角街13号,,,,22.366910,114.132471,
286,郎峰阁,葵青区,香港石荫梨木道,,,,22.367936,114.142814,
286,葵蓉苑1座,葵青区,"葵涌石头街8号,Kwai Yung Court Block 1",,,,22.363542,114.128087,
286,二号设施,葵青区,打砖坪街54-56号,,,,22.364926,114.141638,
287,香港万丽海景酒店,湾仔区,湾仔港湾道1号,,,,22.278475,114.178654,
287,香港苹果旅馆,湾仔区,利园山道54-70号凤鸣大厦1楼AB&C室,,,,22.275619,114.188880,
287,香港君悦酒店,湾仔区,港湾道1号,,,,22.278334,114.177072,
287,香港卓轩旅舍,湾仔区,香港湾仔轩尼诗道269-273号光华大厦2楼,,,,22.275464,114.181910,
287,香港逸兰铜锣湾酒店,湾仔区,"礼顿道133号,近伊荣街圣保禄学校",,,,22.275914,114.191678,
287,香港铜锣湾利景酒店,湾仔区,湾仔道209-219号,,,,22.274944,114.184042,
287,芬名酒店,湾仔区,菲林明道41号,,,,22.276230,114.179766,
287,珀丽酒店,湾仔区,铜锣湾信德街8号,,,,22.276462,114.193252,
287,粤海华美湾际酒店,湾仔区,骆克道57-73号,,,,22.275601,114.176055,
287,香港瑞吉酒店,湾仔区,香港湾仔港湾径 1 号,,,,22.277469,114.179840,
287,香港湾仔帝盛酒店,湾仔区,香港湾仔皇后大道东387-397号(近港铁铜锣湾站A出口),,,,22.271796,114.183899,
287,香港湾仔睿景酒店,湾仔区,轩尼诗道41-49号,,,,22.275103,114.175525,
287,富豪香港酒店,湾仔区,"香港怡和街88号,近伊荣街礼顿道交界",,,,22.276360,114.191748,
287,香港铜锣湾皇冠假日酒店,湾仔区,"礼顿道八号,黄泥涌道、礼顿道交界",,,,22.274213,114.187540,
287,六国酒店,湾仔区,告士打道72号,,,,22.276139,114.177243,
287,英皇骏景酒店,湾仔区,",湾仔,香港湾仔皇后大道东373号",,,,22.272081,114.183137,
287,诺富特世纪香港酒店,湾仔区,谢斐道238号,,,,22.276065,114.181316,
287,香港旅馆-恋恋时光,湾仔区,告士打道275号海都大厦3楼i室,,,,22.278970,114.188375,
287,香港华丽铜锣湾酒店,湾仔区,铜锣湾坚拿道西祥和里(铜锣湾宝灵顿道38号)(3楼办理入住),,,,22.274437,114.185627,
287,丽悦酒店,湾仔区,皇后大道东375-377号,,,,22.271914,114.183281,
287,杏花小筑,湾仔区,谢菲道404-406号文石大厦1楼及2楼(顺丰快递左手边👈楼梯上去),,,,22.277309,114.185125,
287,南洋酒店,湾仔区,摩理臣山道23号(近港铁铜锣湾站A出口),,,,22.274659,114.185289,
287,铜锣湾迷你精品酒店,湾仔区,香港铜锣湾新会道8号,,,,22.274951,114.189670,
287,星酷商务精品酒店,湾仔区,香港湾仔骆克道366号,,,,22.276419,114.184214,
287,香港港岛英迪格酒店,湾仔区,香港湾仔皇后大道东246号,,,,22.272036,114.178221,
288,澳门皇冠假日酒店,花地玛堂区,东方明珠街君悦湾第7座(近友谊桥大马路),,,,22.209116,113.562598,
288,澳门维多利亚酒店,花地玛堂区,花地玛堂区黑沙环拱形马路118号,,,,22.207034,113.553670,
288,锦江之星澳门关口酒店,花地玛堂区,菜园涌北街128-136号(澳门大厦A座旁),,,,22.211119,113.550334,
288,绿悠旅舍,花地玛堂区,花地玛堂区澳门拱形马路21号,,,,22.207354,113.553060,
288,澳门泰佛屋ThaiHouse,花地玛堂区,澳门筷子基和乐坊第二街78号宏泰工业大厦地下M铺,,,,22.207145,113.548612,
288,望厦迎宾馆,花地玛堂区,望厦山,,,,22.203516,113.553903,
288,我们这一家,花地玛堂区,和乐大马路120号,,,,22.206271,113.548486,
288,泉喜花园,花地玛堂区,"鸭涌巷68-108号,Chun Hei Garden",,,,22.209505,113.544801,
288,寰宇之家,花地玛堂区,花地玛堂区关闸广场新宝花园第一座地下Y座-284号,,,,22.211457,113.555578,
288,望厦社屋(望善楼II),花地玛堂区,区神父街,,,,22.203517,113.556899,
288,Zigui Hostel,花地玛堂区,台山中街与苏沙医生街交叉口西60米,,,,22.208512,113.550105,
288,the pavillion shenzhen,花地玛堂区,"Largo do Terminal Maritimo,Macao",,,,22.194764,113.565340,
288,Metropolo jinjiang hotels at Zhuhai International Convention and Exhibition Center,花地玛堂区,"中国澳门Street,湾仔花地玛堂区南湾南路6004号",,,,22.207053,113.543178,
288,乐安楼,花地玛堂区,永乐街Edificio Lok On,,,,22.206972,113.556916,
288,hap si lau,花地玛堂区,黑沙环马路,,,,22.205123,113.554890,
288,翠怡花园(怡晖阁),花地玛堂区,"亚马喇土腰15号,I Fai Kok",,,,22.207607,113.553086,
288,乐平楼,花地玛堂区,永康街Edificio Lok Ping,,,,22.207118,113.556672,
288,澳门,花地玛堂区,"涌河新街215号,Edificio U Wa(bloco 4)",,,,22.205960,113.560120,
288,八达新村(瑞安楼),花地玛堂区,慕拉士大马路194号,,,,22.203215,113.557724,
288,美居商场-新胜阁,花地玛堂区,"青洲大马路501号,Edificio Mei Kui Kuong Cheong",,,,22.207785,113.547637,
288,(3.Fase)-Edf.Mayfair Garden(Bloco 1),花地玛堂区,和乐大马路(3Fase)-edfMayfair Garden(bloco 1),,,,22.207319,113.548266,
288,佑升大厦第2座,花地玛堂区,黑沙环街Edificio Yau Seng Bloco 2,,,,22.204025,113.554756,
288,莲德大厦第2座,花地玛堂区,"MacaoTvdo Templo Lin-Fong,14b号号",,,,22.204384,113.554478,
288,Casa De Cha Va Luen,花地玛堂区,"72 RNova do Patane,Macao",,,,22.204261,113.549044,
288,澳卓物业管理清洁有限公司,花地玛堂区,东北大马路170号,,,,22.203492,113.560238,
289,皇都酒店,望德堂区,得胜马路2-4号,,,,22.193155,113.552310,
289,东望洋酒店,望德堂区,澳门澳门半岛松山马路1-5号,,,,22.192981,113.553668,
289,澳门假期酒店,望德堂区,镜湖马路,,,,22.194691,113.548731,
289,澳门天丽宾馆,望德堂区,澳门半岛贾伯乐提督街77-A号1-4楼,,,,22.196845,113.550774,
289,玉珠公寓,望德堂区,美副将大马路7号,,,,22.199808,113.556505,
289,楹峰叠翠,望德堂区,士多鸟拜斯大马路47号,,,,22.198381,113.556235,
289,尚寓Seong U,望德堂区,"NO.109A,109A号肥利喇亚美打大马路澳门",,,,22.198705,113.554355,
289,Hospitality,望德堂区,新胜街与贾伯乐提督圆形地交叉口东南20米,,,,22.195083,113.548744,
289,Hotel,望德堂区,"文第士街5号,Edificio Hang Fat",,,,22.197297,113.554471,
289,Romantic Double Room with Private Bath,望德堂区,"Edificio Lun On7,Rdo Monte,澳门",,,,22.196006,113.557978,
289,The Arch,望德堂区,"Freguesia da Se,Península de,中国",,,,22.196775,113.551483,
289,Blue apple hotel,望德堂区,"文第士街34-36号,Mayfair Garden",,,,22.198904,113.556169,
289,Ruins of St.Paul’s Twin Bed Room with bathroom Share living room and kitchen,望德堂区,"5HX3+J6H,Edificio Lun On,Rdo Monte,中国",,,,22.196114,113.558192,
289,Warm 2 bedroom 2 bathroom 1 hall,望德堂区,"Edificio Lun On7 Rdo Monte,澳门",,,,22.195759,113.557888,
289,Rua do Volong Freguesia de São Lázaro Macau,望德堂区,澳门疯堂斜巷4-2号,,,,22.193881,113.550306,
289,胜利别墅,望德堂区,美副将大马路7-A,,,,22.199938,113.556370,
289,圆鸿大厦,望德堂区,"19A,Edificio Yuen Hung,19东望洋街澳门",,,,22.194047,113.551609,
289,Edf.Mei Chi Yun,望德堂区,疯堂中斜巷,,,,22.194236,113.548988,
289,Tester Musxe,望德堂区,厚望街12号,,,,22.195830,113.551372,
289,永和大厦,望德堂区,"文第士围1号,Edificio Yungho",,,,22.199260,113.556516,
289,49 Av.do Conselheiro Ferreira de Almeida,望德堂区,"49 Avdo Conselheiro Ferreira de Almeida,Macao",,,,22.193975,113.550710,
289,保利大厦,望德堂区,沙嘉都喇贾罢丽街6号,,,,22.195996,113.552521,
289,Abdhi Febriant,望德堂区,"Rde Sacadura Cabral,Macao",,,,22.196746,113.551416,
289,CooLiving Macau,望德堂区,"文第士街13号,Nantong Quarters",,,,22.197997,113.554905,
289,广胜汇,望德堂区,得胜马路28B号,,,,22.195464,113.554546,
290,澳门竹湾酒店,圣方济各堂区,澳门路环竹湾海滩旁,,,,22.111121,113.566846,
290,Grand Coloane Beach Resort,圣方济各堂区,圣方济各堂区澳门路环黑沙马路1918号,,,,22.122960,113.581987,
290,澳门十三皇宫,圣方济各堂区,路环岛榕树街350十三皇宫,,,,22.126309,113.563303,
290,澳门黑沙青年旅舍,圣方济各堂区,"中国,澳门,澳门,离岛路环海滨路黑沙龙爪角(近黑沙海滩)",,,,22.112955,113.574764,
290,Youbo Four Seasons Apartment,圣方济各堂区,"15,9海河街圣方济各堂区香洲区珠海市广东省中国",,,,22.117057,113.565056,
290,Shangdushe Apartment,圣方济各堂区,竹湾马路与圣方济各街交叉口东60米,,,,22.115122,113.560516,
290,hey mango hotel for zhuhai hengqin,圣方济各堂区,"Baozhong Road,圣方济各堂区No.19,珠海市广东省中国",,,,22.115635,113.560950,
290,Nam Ming Wai,圣方济各堂区,"625鹭环海天渡假洒店,房",,,,22.122344,113.581782,
290,Dream Theme Apartment,圣方济各堂区,"4H72+835,Yongxing Street,圣方济各堂区No.40,香洲区珠海市广东省中国",,,,22.110332,113.555305,
290,Jinlong Apartment,圣方济各堂区,中国横琴新区圣方济各堂区南角街23号邮政编码,,,,22.114360,113.561529,
290,mu xiang hotel,圣方济各堂区,广东省珠海市香洲区圣方济各堂区Baoxing RoadNo.83号,,,,22.111052,113.554810,
290,Orange Hotel,圣方济各堂区,广东省珠海市横琴镇圣方济各堂区海河街33号,,,,22.114372,113.559439,
290,Zhuhai Luomansi Hotel,圣方济各堂区,乡村马路与谭公庙前地交叉口南160米,,,,22.110026,113.555164,
290,Landiao Hotel,圣方济各堂区,"No,1宝兴路中国",,,,22.114505,113.562458,
290,Zhuhai Doorway Homestay,圣方济各堂区,"Hengqin Town,Room 301,Floor 3,No,13德政街珠海市广东省中国",,,,22.111068,113.554959,
290,Tailai Resort Hotel,圣方济各堂区,联生海滨路与桉树街交叉口东北20米,,,,22.124068,113.556886,
290,"PENSÃO""COLOANE№1""",圣方济各堂区,计单奴街45-47号,,,,22.113382,113.556406,
290,home,圣方济各堂区,乐居大马路与蝴蝶谷大马路交叉口北80米,,,,22.126735,113.566306,
290,裕泰居,圣方济各堂区,船人街108-120号,,,,22.116143,113.555152,
290,金峰名汇峰汇Sky Oasis-Residence O(第十三座),圣方济各堂区,"澳门棕榈圆形地123,151号",,,,22.125273,113.561391,
290,海涛湾畔,圣方济各堂区,"船铺街129-135号,Baia Da Brisa",,,,22.112683,113.556009,
290,龙辉半岛(第三座),圣方济各堂区,黑沙龙爪角海滨路A Peninsula,,,,22.112785,113.575584,
290,龙辉半岛(第一座),圣方济各堂区,黑沙龙爪角海滨路A Peninsula,,,,22.112805,113.575166,
290,路环村,圣方济各堂区,菜园巷,,,,22.112427,113.556205,
290,Zhuhai Hengqin 12 r Fashion inn,圣方济各堂区,中国路环圣方济各堂区德政街12号,,,,22.117365,113.560946,
291,澳门高士德别墅,花王堂区,高士德大马路11-D号高运大厦2层D,,,,22.198981,113.552632,
291,澳门家欣宾馆(美基街店),花王堂区,美基街15A号,,,,22.194226,113.542314,
291,澳门卡尔酒店,花王堂区,半岛圣安多尼堂区海边新街96-126号,,,,22.195046,113.542395,
291,澳门港湾大酒店,花王堂区,澳门半岛林茂巷8号,,,,22.199648,113.542710,
291,澳门豪华宾馆,花王堂区,沙梨头海边街86-D2层,,,,22.199814,113.544729,
291,澳门富华酒店,花王堂区,澳门澳门半岛俾利喇街98-102号,,,,22.199367,113.551902,
291,澳门怡富酒店,花王堂区,澳门半岛燕主教街8号,,,,22.194452,113.542419,
291,珠海海洋王国度假酒店,花王堂区,澳门半岛横琴,,,,22.198233,113.550954,
291,澳门家圆宾馆,花王堂区,鱼鳞巷12-12A ,,,,22.198624,113.542916,
291,New Golden Gate,花王堂区,雅廉访大马路76号一楼C1和二楼E2及F2金门大厦,,,,22.201824,113.552072,
291,雅景花园,花王堂区,"Edificio Nga Keng,EdfNga Keng,Macau,10A号花王堂街澳门",,,,22.195341,113.544515,
291,丰裕大厦,花王堂区,澳门渡船台no.2-22号,,,,22.199647,113.549583,
291,基达大厦,花王堂区,海边新街Edificio Kei Tat,,,,22.195994,113.542293,
291,Aparente Mae an,花王堂区,"5GXV+GH2,Macao",,,,22.195820,113.548996,
291,အိမ်住宿,花王堂区,澳门街阉鸡39号,,,,22.199265,113.547186,
291,马可菠萝酒店,花王堂区,亚丰素雅布基街与连胜马路交叉口南20米,,,,22.197545,113.549149,
291,宜尚酒店,花王堂区,西河街道嘉福大厦5楼,,,,22.192734,113.546145,
291,唐庭宾馆,花王堂区,大庆路938号志明楼,,,,22.195595,113.546309,
291,Family Inn,花王堂区,"Rua de Miguel Aires,No.15A,澳门",,,,22.194331,113.542238,
291,Iron building in Macao,花王堂区,"5GXP+7WX,Inner Harbour,澳门",,,,22.195307,113.542467,
291,Perfect Family Inn,花王堂区,沙梨头海边街32号,,,,22.199649,113.543954,
291,安栈号,花王堂区,"97 Rde Cinco de Outubro,澳门",,,,22.194755,113.542899,
291,利发大厦,花王堂区,"122B,no.122镜湖马路澳门",,,,22.200805,113.547982,
291,Rumah macau,花王堂区,"镜湖马路127号,Edificio Son Keng",,,,22.200270,113.547769,
291,Kost,花王堂区,道咩卑利士街60号,,,,22.201816,113.548927,
292,澳门范思哲酒店,路氹填海区,溜冰路116号,,,,22.140504,113.578210,
292,永利皇宫,路氹填海区,澳门路氹体育馆大马路西50米,,,,22.144773,113.576099,
292,澳门四季酒店,路氹填海区,望德圣母湾大马路以南地段1第7区,,,,22.142602,113.566827,
292,澳门康莱德酒店,路氹填海区,路凼连贯公路澳门伦敦人购物中心L1层,,,,22.143558,113.57021,
292,澳门伦敦人酒店,路氹填海区,路凼连贯公路澳门伦敦人购物中心L4层,,,,22.143882,113.571296,
292,伦敦人御园,路氹填海区,澳门路氹连贯公路伦敦人四楼及五楼,,,,22.144618,113.571282,
292,葡京人酒店-LINE FRIENDS PRESENTS CASA DE AMIGO,路氹填海区,溜冰路,,,,22.137398,113.578003,
292,澳门新濠影汇W酒店,路氹填海区,莲花海滨大马路e1010铺,,,,22.138381,113.564025,
292,君乐皇府公寓式酒店,路氹填海区,黄牛P图新增百老汇旁,,,,22.146108,113.555910,
292,澳门皇庭海景酒店,路氹填海区,氹仔南部路填海区莲花海滨路,,,,22.146719,113.555664,
292,澳门伦敦人名汇豪华精选酒店,路氹填海区,"澳门路氹连贯公路s/n,Cotai The Londoner Macao",,,,22.141689,113.569727,
292,澳门新濠天地-摩珀斯,路氹填海区,澳门科技大学南门旁侧新濠天地,,,,22.146884,113.571588,
292,葡京人酒店-欧舒丹主题住宿,路氹填海区,溜冰路,,,,22.137974,113.577817,
292,澳门美狮美高梅酒店,路氹填海区,体育馆大马路,,,,22.142839,113.572997,
292,永利皇宫酒店,路氹填海区,澳门路氹体育馆大马路永利皇宫,,,,22.144073,113.575610,
292,新濠天地-澳门颐居,路氹填海区,路凼连贯公路,,,,22.146906,113.570289,
292,卡尔拉格斐酒店,路氹填海区,射击路南150米,,,,22.140993,113.580058,
292,澳门瑞吉酒店,路氹填海区,澳门路氹连贯公路澳门伦敦人,,,,22.144520,113.570488,
292,澳门君悦酒店,路氹填海区,氹仔路氹连贯公路新濠天地,,,,22.145832,113.573386,
292,新濠影汇,路氹填海区,澳门路氹连贯公路,,,,22.138208,113.567197,
292,英伦游艇会酒店,路氹填海区,氹仔澳门氹仔莲花海滨大马路,,,,22.146073,113.555271,
292,澳门葡京人,路氹填海区,澳门路凼溜冰路澳门东亚运动会体育馆的对面,,,,22.137914,113.577954,
292,澳门范思哲豪华酒店大楼,路氹填海区,澳门路氹射击路,,,,22.142213,113.577042,
292,LINE家族礼物朋友之家酒店,路氹填海区,澳门路氹溜冰路澳门葡京人,,,,22.138518,113.577939,
292,澳门威尼斯人,路氹填海区,望德圣母湾大马路s/n号,,,,22.144416,113.565505,
293,艺居酒店,嘉模堂区,孙逸仙博士大马路586-598号,,,,22.158429,113.561480,
293,丽景湾艺术酒店,嘉模堂区,史伯泰海军将军马路2号,,,,22.159239,113.558735,
293,金宝来酒店,嘉模堂区,澳门国际机场出境大厅对面,,,,22.155019,113.578515,
293,金皇冠中国大酒店,嘉模堂区,氹仔鸡颈马路澳门国际机场对面,,,,22.155496,113.579019,
293,君怡酒店,嘉模堂区,氹仔柯维纳马路142号,,,,22.154269,113.557076,
293,澳门骏龙酒店,嘉模堂区,沙维斯街36-58号,,,,22.154647,113.556029,
293,YOHO荷里活罗斯福酒店,嘉模堂区,凼仔东亚运大马路924-998号,,,,22.152103,113.548858,
293,澳门亚洲精品旅馆,嘉模堂区,澳门氹仔告丽雅施利华街146号新陶陶居斜对面,,,,22.149820,113.561959,
293,澳门盛世酒店,嘉模堂区,"澳门特别行政区嘉模堂区凼仔嘉乐庇总督大马路822号,近美副将马路",,,,22.153580,113.565471,
293,新濠锋酒店,嘉模堂区,澳门广东大马路MO Altira,,,,22.158729,113.560086,
293,Windsor Arch,嘉模堂区,柯维纳马路,,,,22.154799,113.551072,
293,Happy Garden,嘉模堂区,老虎巷19号,,,,22.151124,113.562974,
293,Edificio Sun Hing Jardim,嘉模堂区,嘉路士米耶马路,,,,22.150221,113.563328,
293,太子花城第二座(丽亮阁),嘉模堂区,"5H54+3R7,Rua de Nam Keng,澳门",,,,22.154708,113.562108,
293,澳门格兰酒店Best Western Hotel Taipa Macau,嘉模堂区,澳门仔嘉乐庇总督大马路822号,,,,22.153522,113.565445,
293,Li Jing Aprt,嘉模堂区,"Ocean Garden,Avenida dos Jardins do Oceano Macau,澳门",,,,22.162259,113.560819,
293,Home Away Home Max,嘉模堂区,"5H84+37F,Ocean Garden,Avenida dos Jardins do Oceano,中国",,,,22.162234,113.560756,
293,定山溪,嘉模堂区,"Nova Taipa Gardens,Macao",,,,22.155601,113.558757,
293,Pulled Pork Paradise Hotel,嘉模堂区,基马拉斯大马路15号,,,,22.154048,113.558811,
293,Bed Eng Resorts,嘉模堂区,菜园路84号,,,,22.157783,113.564092,
293,酒店,嘉模堂区,沙维斯街3-11号,,,,22.154741,113.555289,
293,Asia Boutique Inn.,嘉模堂区,"告利雅施利华街21号,Edificio Yu Cheong",,,,22.149803,113.561840,
293,호텔住宿,嘉模堂区,美副将马路Hovione Macau Sociedade Quimica Lda,,,,22.154588,113.566597,
293,MGM SHUTTLE BUS STATION TAIPA FERRY,嘉模堂区,北安大马路,,,,22.161722,113.577825,
293,Azalea Court紫鹃苑,嘉模堂区,"花园街102号,Jardins Do Oceano(azalea Court)",,,,22.158471,113.548227,
294,澳门金沙酒店,大堂区,",澳门半岛,蒙地卡罗前地203号",,,,22.188699,113.559930,
294,新中央酒店,大堂区,澳门半岛亚美打利庇卢大马路270号,,,,22.191281,113.544252,
294,澳门美高梅酒店,大堂区,"澳门外港新填海区孙逸仙大马路,近城市日大马路",,,,22.182944,113.552980,
294,城市客栈,大堂区,澳门半岛十月初五日街126-130号,,,,22.193629,113.542662,
294,澳门文华东方酒店,大堂区,澳门外港新填海区孙逸仙大马路,,,,22.181498,113.552264,
294,英皇娱乐酒店,大堂区,澳门半岛商业大马路288号,,,,22.187581,113.546000,
294,澳门维景酒店,大堂区,澳门半岛新口岸北京街199号,,,,22.189265,113.553377,
294,富豪酒店,大堂区,罗理基博士大马路70-106号,,,,22.188092,113.550833,
294,永利澳门酒店,大堂区,外港填海区仙德丽街(近友谊大马路葡京酒店对面),,,,22.185066,113.551594,
294,澳门铧龙酒店,大堂区,澳门南湾大马路936-944号,,,,22.188984,113.548892,
294,澳门新丽华酒店,大堂区,约翰四世大马路58-62号,,,,22.188094,113.546531,
294,财神酒店,大堂区,广州街63号,,,,22.187521,113.551145,
294,澳门莱斯酒店,大堂区,孙逸仙大马路澳门渔人码头(东南角),,,,22.186938,113.563124,
294,澳门城悦酒店,大堂区,新口岸厦门街59号(高美士街230号),,,,22.190169,113.557050,
294,澳门家欣宾馆(草堆街店),大堂区,澳门半岛草堆街46-50号·手肘里1号,,,,22.193403,113.544010,
294,澳门新口岸智选假日酒店,大堂区,罗理基博士大马路338-362B,,,,22.189492,113.552915,
294,YOHO名胜世界酒店,大堂区,亚马喇前地附近,,,,22.184156,113.547858,
294,澳门励宫酒店,大堂区,友谊大马路1315-1339号,,,,22.192311,113.561163,
294,澳门十六浦索菲特大酒店,大堂区,巴素打尔古街内港12A号-20号码头之间,,,,22.194259,113.541088,
294,利澳酒店,大堂区,新口岸高美士街33号,,,,22.189851,113.554963,
294,皇家金堡酒店,大堂区,澳门半岛罗理基博士大马路1118号,,,,22.193744,113.558742,
294,金龙酒店,大堂区,马六甲街17、35、43、83、89及103号,,,,22.192367,113.559572,
294,澳门家欣宾馆(庇山耶街店),大堂区,庇山耶街11号-13号及陈家里2号,,,,22.193146,113.544372,
294,葡京酒店,大堂区,葡京路2-4号,,,,22.186785,113.549525,
294,澳门国际酒店,大堂区,亚美打利庇卢大马路612号,,,,22.193413,113.541860,
295,澳门圣地牙哥古堡酒店,风顺堂区,西湾民国大马路,,,,22.179721,113.535797,
295,彼寓旅居,风顺堂区,河边新街44-48号,,,,22.188793,113.539201,
295,濠璟酒店,风顺堂区,风顺堂区高可宁绅士街7-13号,,,,22.183297,113.540368,
295,澳门康泰酒店,风顺堂区,十月初五日街177-179号,,,,22.192640,113.541981,
295,京都酒店,风顺堂区,南湾大马路493-501号,,,,22.189323,113.545379,
295,澳门东京宾馆,风顺堂区,广东省珠海市金湾区福隆新巷澳门市政厅10号3层,,,,22.191746,113.542321,
295,英京酒店,风顺堂区,柯邦迪前地4-6号,,,,22.190773,113.541338,
295,澳门万事发酒店,风顺堂区,火船头街162号,,,,22.191947,113.540821,
295,濠江酒店,风顺堂区,道德巷1号(岐关车站侧)河边新街,,,,22.192073,113.541436,
295,澳门大利迎宾馆,风顺堂区,清平巷1(澳门澳门半岛福隆新街73号地下),,,,22.191924,113.542491,
295,澳门文华酒店,风顺堂区,澳门半岛白眼塘横街30-32-34号,,,,22.192242,113.542179,
295,澳门高华酒店,风顺堂区,福隆新街71号3楼,,,,22.191866,113.542493,
295,澳门澳莱大三元酒店,风顺堂区,澳门澳门半岛白眼塘横街(福隆下街)43-45号,,,,22.192201,113.542533,
295,澳门富城宾馆,风顺堂区,澳门半岛新马路579/583号,,,,22.193099,113.541930,
295,澳门家颖宾馆,风顺堂区,龙嵩正街4A号,,,,22.189592,113.544832,
295,和平大旅店,风顺堂区,蓬莱新巷32-38号32号,,,,22.192345,113.542421,
295,澳门之家,风顺堂区,"群兴新街4号二楼A,B和C",,,,22.190413,113.541531,
295,东京别墅,风顺堂区,福隆新巷10号清平大楼3楼,,,,22.191789,113.542354,
295,宝记东方旅店,风顺堂区,广东省珠海市金湾区福隆新巷澳门市政厅11,,,,22.191593,113.542368,
295,利成大厦,风顺堂区,"高楼街39A号,Edificio Lei Seng",,,,22.186164,113.540692,
295,Macau Hotel 8,风顺堂区,三巴仔横街74号辉星大厦,,,,22.189564,113.542036,
295,曼谷宾馆,风顺堂区,火船头街no.31-37号2o andar,,,,22.191412,113.540901,
295,粤通大厦半岛酒店,风顺堂区,火船头街,,,,22.192981,113.541213,
295,Lavande Hotel,风顺堂区,"中国广东省,珠海市,香洲区,风顺堂区南湾南路5002号",,,,22.186998,113.537653,
295,Apartment macau,风顺堂区,河边新街50号,,,,22.188939,113.539299,
296,嘉峪关鑫红太阳招待所,嘉峪关市,兰新东路8号,,,,39.790816,98.277506,
296,意丰宾馆,嘉峪关市,兰新东路277号,,,,39.791217,98.278470,
296,华电宾馆(长城东路),嘉峪关市,新华北路20号(方特二期附近),,,,39.804597,98.267779,
296,金泰宾馆(嘉峪关雄关广场店),嘉峪关市,新华南路389号(金花超市公交站点正对面),,,,39.781571,98.280471,
296,印象雄关概念酒店,嘉峪关市,嘉峪关迎宾西路工商大厦12号(迎宾湖南门对面)近工商银行,,,,39.770104,98.271060,
296,畅春园客栈(嘉峪关关城北路店),嘉峪关市,嘉峪关乡,,,,39.812370,98.225732,
296,嘉峪关天安快捷宾馆,嘉峪关市,胜利中路24号,,,,39.785825,98.272863,
296,硬石艺术主题酒店,嘉峪关市,兰新西路附近,,,,39.791450,98.272939,
296,酒钢宾馆,嘉峪关市,雄关西路2号,,,,39.798667,98.267621,
296,嘉峪关宾馆,嘉峪关市,新华北路1号,,,,39.799069,98.269748,
296,汉廷酒店(方特丝路神话乐园店),嘉峪关市,雄关西路30号,,,,39.795320,98.259342,
296,嘉峪关嘉乐宾馆,嘉峪关市,兰新西路13号(汽车站旁边),,,,39.791640,98.270301,
296,嘉峪关鸿福宾馆(中核四〇四医院店),嘉峪关市,312国道紫竹园C3,,,,39.768106,98.270057,
296,悦盛宾馆,嘉峪关市,文化南路1659号,,,,39.767817,98.277770,
296,尚客优酒店(嘉峪关大唐美食街机场路店),嘉峪关市,"兰新东路3176号机场路口加气站,加油站对面",,,,39.785358,98.311632,
296,陇上行客栈(嘉峪关白鹿仓店),嘉峪关市,玉门关路小康住宅区16栋5号,,,,39.813139,98.230002,
296,大戈壁特色青旅民宿(方特丝路神话店),嘉峪关市,玉泉路399E-108号二楼大戈壁民宿,,,,39.791861,98.256134,
296,嘉峪关泰和大酒店,嘉峪关市,迎宾东路726-1号,,,,39.777551,98.293102,
296,东方宾馆(雍平街店),嘉峪关市,迎宾西路355号,,,,39.774360,98.280716,
296,崯宏宾馆(嘉峪关雄关广场大唐美食街店),嘉峪关市,迎宾东路426号(易都摩尔对面),,,,39.776459,98.289431,
296,璞居商务宾馆,嘉峪关市,新华中路1269号,,,,39.795223,98.272597,
296,艺选酒店(嘉峪关诚信广场店),嘉峪关市,兰新东路638号,,,,39.790097,98.282256,
296,子涵招待所(嘉峪关汽车站店),嘉峪关市,嘉峪关雄关区文化中路995-6号,,,,39.789762,98.265411,
296,旅途旅馆(嘉峪关南站店),嘉峪关市,文殊镇河口村三组44号,,,,39.719148,98.314014,
296,汇通客栈(嘉峪关富强市场酒钢水上欢乐园店),嘉峪关市,新华北路358号,,,,39.802781,98.272353,
297,敦煌新华客栈,敦煌市,沙洲镇新敦巷25号(近小吃街、敦煌夜市),,,,40.138937,94.663638,
297,酒泉华盛宾馆,肃州区,雄关路9号(紫藤家园),,,,39.743644,98.498409,
297,金都宾馆,金塔县,新华街151号,,,,39.986341,98.901793,
297,酒泉福星宾馆,肃州区,西文化街9号,,,,39.741669,98.506795,
297,凯悦商务宾馆(向阳路),玉门市,向阳路162号,,,,40.279982,97.028905,
297,玉海快捷商务宾馆(瓜州夜市店),瓜州县,瓜州大道287号鑫利达商厦3层,,,,40.517744,95.778368,
297,酒泉新华宾馆(汉唐美食街店),肃州区,南大街1号,,,,39.743717,98.509943,
297,同福源宾馆,瓜州县,215国道柳园镇5公里加气站南,,,,41.072144,95.464826,
297,西北宾馆(盘旋中路),肃州区,西南街道盘旋中路3号,,,,39.737369,98.505776,
297,如家华驿酒店(酒泉市政府博物馆店),肃州区,玉门东路6-2号,,,,39.733647,98.497029,
297,瓜州榆林快捷宾馆,瓜州县,瓜州大道84-6号,,,,40.520012,95.778109,
297,玉门新城宾馆,玉门市,新市区中石油加油站对面,,,,40.283881,97.032791,
297,OYO农垦宾馆,肃州区,"南环东路31号(南关加油站东侧,酒泉一中对面)",,,,39.736795,98.516086,
297,速8酒店(盘旋东路店),肃州区,盘旋东路8号电视台旁,,,,39.735942,98.511331,
297,环宇宾馆(玉门),玉门市,兰新东路,,,,40.284168,97.032629,
297,瓜州鸿云快捷宾馆,瓜州县,柳园镇南大街1-3-62号,,,,41.104520,95.503606,
297,敦煌月下客栈(鸣沙山月牙泉景区店),敦煌市,月牙泉村二组48号付一号,,,,40.097577,94.668085,
297,柳园宾馆,瓜州县,柳园镇南大街11号,,,,41.104956,95.504598,
297,福华快捷酒店(南环西路),肃州区,雄关路7A号(西关汽车站向南200米红绿灯处),,,,39.741198,98.500363,
297,敦煌金龙精品酒店(敦煌夜市店),敦煌市,党河北路1号,,,,40.142308,94.658411,
297,金山宾馆(阳关中路店),敦煌市,阳关中路29号,,,,40.140881,94.657539,
297,汗王大酒店,金塔县,酒航路红绿灯向南100米(幸福家园西侧),,,,39.985833,98.893551,
297,正祥商务宾馆,敦煌市,[],,,,40.138206,94.676605,
297,天骄智选酒店(酒泉鼓楼汉唐美食街店),肃州区,东北街街道鼓楼南文化广场东北侧平等巷19号,,,,39.741656,98.511422,
297,东方国际大酒店,肃州区,仓门街6号,,,,39.747617,98.508747,
298,兰州云海宾馆(欣大购物广场店),城关区,雁西路799号,,,,36.064912,103.869897,
298,陇源宾馆,城关区,雁北路3124号(新港城B区对面宋家滩村委会旁),,,,36.071384,103.869788,
298,兰州喜洋洋宾馆,城关区,雁北路2587号,,,,36.071251,103.866943,
298,鑫盛宾馆(兰州正宁路店),城关区,甘南路885号,,,,36.052114,103.821680,
298,红星宾馆(兰州雁北路店),城关区,雁北路海龙花园对面,,,,36.071301,103.868035,
298,兰州泰丰宾馆,城关区,雁西路159号,,,,36.060633,103.870211,
298,兰州东部金点宾馆,城关区,焦家湾街道东岗东路1023号2楼,,,,36.039241,103.892954,
298,顺源商务宾馆,城关区,刘家滩309号(雁滩科教城斜对面雁东路小学旁),,,,36.055837,103.897598,
298,兰州鑫瑞宾馆,城关区,刘家滩246-1号,,,,36.055990,103.898883,
298,鑫盛商务宾馆(国贸大厦店),城关区,庆阳路250号,,,,36.054944,103.830143,
298,兰州明辉宾馆,城关区,人民中路575号民基大楼3层,,,,36.063632,103.857810,
298,兰州大碗家青年旅舍,城关区,天水南路51号华金商业广场1单元9层901室,,,,36.038365,103.852130,
298,兰州万顺宾馆,城关区,郑家台10号,,,,36.049347,103.840918,
298,兰州约克商务宾馆,城关区,天水北路1170号1-5,,,,36.071468,103.865585,
298,东悦小筑酒店(兰州财经大学鱼池口店),城关区,段家滩路765号,,,,36.044715,103.887355,
298,汇丰宾馆(兰州正宁路夜市店),城关区,白银路427号,,,,36.052552,103.815685,
298,兰州温舒商务宾馆,城关区,刘家滩505号(刘家滩菜市场斜对面),,,,36.057184,103.899348,
298,海通宾馆(北面滩新村店),城关区,北面滩村374号(雁白大桥地铁站F口步行450米),,,,36.067961,103.890055,
298,禧来商务宾馆(兰州国际会展中心店),城关区,盐场路386号,,,,36.077076,103.852058,
298,金星商务宾馆(天水北路店),城关区,天水路北口(高速路出口处雁滩大桥底下),,,,36.072469,103.865113,
298,兰州新鑫飞住宿,城关区,天水北路1252号-1,,,,36.072669,103.865658,
298,兰州锦润宾馆(财经大学店),城关区,段家滩路965号,,,,36.048034,103.880544,
298,兴隆宾馆(北辰路),皋兰县,北辰路282号,,,,36.334451,103.946992,
298,轻宿酒店(兰州西站高铁站店),七里河区,西津西路239号(高铁站以西220米),,,,36.072675,103.743225,
298,兰州辰源电竞民宿,城关区,甘南路87号,,,,36.047570,103.844439,
299,旅客之家(火车站店),崆峒区,柳湖东路南侧3号,,,,35.541476,106.702217,
299,坤逸精品酒店(平凉新民路店),崆峒区,新民中路7号,,,,35.538278,106.690903,
299,鑫城宾馆,庄浪县,新徐西路88号,,,,35.206181,106.036462,
299,7天优品酒店(静宁店),静宁县,八里工业园区(原大红碗门口),,,,35.538183,105.724448,
299,阳光精品酒店(西环路),静宁县,城关镇西环路(中国建设银行对面),,,,35.524732,105.728385,
299,如意旅馆,崆峒区,崆峒东路114号,,,,35.535658,106.701881,
299,泾川宾馆,泾川县,安定街16号,,,,35.331053,107.365207,
299,格林豪泰酒店(平凉静宁客运站店),静宁县,滨河路客运站第2-4层,,,,35.518496,105.714003,
299,皇甫宾馆(文化街店),崆峒区,文化街4号(近新湖花园),,,,35.543803,106.670713,
299,华亭宾馆,华亭市,滨河北路25号,,,,35.212408,106.653826,
299,华砚宾馆,华亭市,东华镇仪州大道中段人民检察院对面,,,,35.209090,106.641553,
299,甘肃平凉杜鹃民宿,崆峒区,崆峒镇半坡农家乐集中区顶层,,,,35.552042,106.559294,
299,平凉鸿万达宾馆,崆峒区,西大街122号糖酒大厦斜对面,,,,35.542500,106.668285,
299,灵台宾馆,灵台县,东大街15号,,,,35.064760,107.619711,
299,崆峒星月民宿(平泾路店),崆峒区,平泾路878号,,,,35.546853,106.588862,
299,静宁欣叶国际大酒店,静宁县,工业园区次二路欣叶大厦,,,,35.532895,105.722310,
299,灵台和扬宾馆,灵台县,东大街367号,,,,35.066147,107.629566,
299,平凉金玺宾馆,崆峒区,船舱街49号,,,,35.537679,106.687604,
299,陇鑫大酒店,庄浪县,水洛镇二李村,,,,35.187275,106.031976,
299,庄浪双宝宾馆,庄浪县,水洛镇中川村东大街紫荆中学东北方向150米,,,,35.216910,106.058735,
299,昌顺商务宾馆,崆峒区,平泾路宜佳超市向东60米,,,,35.546979,106.606629,
299,平凉东站宾馆,崆峒区,解放路146号,,,,35.541408,106.700764,
299,辰龙宾馆(平凉汽车站店),崆峒区,甘肃省平凉市崆峒区西郊街道崆峒大道中路1130号(诚信志远果业天馨路店隔壁),,,,35.548714,106.661707,
299,平凉云上花开民宿(崆峒古镇店),崆峒区,古镇朝那路66号,,,,35.550236,106.582135,
299,华亭优客壹家酒店,华亭市,西华镇上亭社区李家庄,,,,35.206908,106.622958,
300,金昌天悦商务宾馆,金川区,金川路16号,,,,38.516636,102.202782,
300,金昌八八如家酒店,金川区,北京路154号,,,,38.507893,102.178463,
300,永昌好久不见主题客栈,永昌县,永昌南大街石头人西南角长途汽车站东侧,,,,38.241273,101.967558,
300,金达宾馆(昌荣巷),金川区,昌荣巷与新华路交叉口向北66米,,,,38.520813,102.178847,
300,华奥酒店(中共永昌县教育局委员会东),永昌县,城关镇北街十字,,,,38.248968,101.972815,
300,永昌北海泉宾馆,永昌县,城关镇北环路与北街交叉口,,,,38.252602,101.973606,
300,金昌绿客酒店,金川区,金川路7号,,,,38.518032,102.204939,
300,金昌饭店,金川区,新华路84号,,,,38.521173,102.185803,
300,金昌曙光商务宾馆,金川区,宁远堡镇公园西路1号,,,,38.508222,102.177097,
300,金昌润佳缘宾馆,金川区,金川路94号供销公司对面(近北京路),,,,38.505512,102.183948,
300,金昌广兴商务宾馆(金川路店),金川区,金川西路9号,,,,38.502752,102.178656,
300,金昌海鑫商务宾馆,金川区,金川路加油站旁,,,,38.518506,102.204531,
300,金昌88商务快捷酒店,金川区,金三角北京路155号,,,,38.509670,102.175698,
300,思家公寓酒店,永昌县,永昌一中后门十字路向南100米,,,,38.243477,101.965977,
300,尚客优酒店(金昌河雅路店),金川区,河雅路宝品里24号,,,,38.528815,102.222889,
300,金川宾馆(兰州路店),金川区,北京路35号(近华联超市),,,,38.499289,102.185280,
300,永昌简爱智慧酒店,永昌县,城关镇南龙苑社区武当路2号附15号商铺,,,,38.245973,101.959302,
300,金昌汉庭宾馆,金川区,世纪家具城旁(地球鞋业楼上),,,,38.508922,102.176401,
300,金昌恒悦商务宾馆,金川区,北京路10号,,,,38.500522,102.184747,
300,金昌沁园宾馆(金川路店),金川区,金川路6号(鑫宏达汽车养护右),,,,38.518675,102.204675,
300,云居宾馆(河雅路店),永昌县,聚鑫旺招待所东南门旁,,,,38.368633,102.072626,
300,永昌福锦宾馆,永昌县,城关镇御山庭院B区,,,,38.247113,101.963836,
300,锦丰大酒店,永昌县,武当路7号,,,,38.252442,101.961995,
300,金昌大信酒店,金川区,金昌开发区汽修城,,,,38.522521,102.227178,
300,富翔酒店(永昌钟鼓楼店),永昌县,武当路清潭花园8号楼3-6号商铺,,,,38.252849,101.962343,
301,天水恒盛招待所,麦积区,二马路(道南派出所斜对面),,,,34.564140,105.895520,
301,阳光宾馆(解放北路店),秦安县,解放北路与220省道交叉口南240米,,,,34.864269,105.674812,
301,秦安海棠宾馆,秦安县,秦安广慈康复医院东门旁,,,,34.857399,105.670813,
301,天水富辉旅馆,秦州区,大众中路亲睦里8号,,,,34.577396,105.720824,
301,天水鑫荣招待所,麦积区,道南小学西100米,,,,34.561736,105.899408,
301,信龙商务宾馆(解放路店),秦安县,兴国镇汽车北站对面解放路218号院,,,,34.863937,105.674295,
301,天水同福快捷宾馆,秦州区,永生博爱居北门旁,,,,34.566471,105.701465,
301,甘谷像山快捷宾馆,甘谷县,大像山镇像山西路西大街18号,,,,34.737437,105.329958,
301,天水宏盛快捷宾馆(兰天城市广场店),秦州区,解放路126号,,,,34.579369,105.718087,
301,东安快捷酒店,麦积区,隆昌路9号火车站出站口东斜对面,,,,34.564005,105.899280,
301,天水大酒店,秦州区,大众南路1号(广场南侧),,,,34.579013,105.721676,
301,天水优莱客酒店,秦州区,怡乐园5-106,,,,34.567354,105.657629,
301,友谊宾馆(天水古城兰天城市广场店),秦州区,光明巷1号,,,,34.578067,105.722779,
301,速8酒店(天水伏羲路店),秦州区,伏羲路坚家河花鸟市场A座2层,,,,34.577485,105.701553,
301,天水秦晋宾馆,秦州区,迎宾路1号,,,,34.579052,105.750385,
301,锦苑宾馆,秦安县,莲花镇莲花村(兴盛粮油店旁),,,,35.064875,105.797277,
301,甘谷新城国际大酒店,甘谷县,康庄西路新城国际小区16幢,,,,34.745596,105.304291,
301,天泽宾馆(琥珀路),麦积区,兴陇路与琥珀路交叉口西50米路南(近天水站、盛达广场),,,,34.553680,105.910013,
301,天水福来客商务宾馆,秦州区,永生博爱居北门旁,,,,34.566514,105.701271,
301,秦安成纪宾馆,秦安县,兴国镇解放路37号,,,,34.860726,105.674888,
301,天水利安宾馆(古城店),秦州区,解放路与大同路交叉口南180米,,,,34.577558,105.718862,
301,天水天安快捷宾馆,秦州区,坚家河伏羲路鑫源小区3号商住楼2楼,,,,34.577163,105.700189,
301,天水雲晓宾馆,秦州区,羲皇大道中路东十里小学东50米,,,,34.571133,105.783941,
301,天水南苑青年旅舍,秦州区,莲亭路81号,,,,34.565545,105.702247,
301,天水四季春天宾馆(天河南路店),麦积区,桥南天河南路盛源新区103号,,,,34.555744,105.900645,
302,景泰悦宾楼客栈,景泰县,中泉乡中泉乡黄河石林龙湾村1组304号,,,,36.895749,104.322009,
302,白银锦利源宾馆,白银区,兰包路8号,,,,36.533225,104.179784,
302,白银东宏商务快捷旅馆,白银区,公园路96号,,,,36.534401,104.177216,
302,白银景园宾馆,白银区,兰包路134号,,,,36.536789,104.187805,
302,铜城大酒店,白银区,五一街2号,,,,36.546834,104.171010,
302,乌兰宾馆,靖远县,东大街6号,,,,36.563012,104.684658,
302,华谊大酒店,白银区,北京路488号,,,,36.546666,104.142295,
302,速8酒店(景泰广场店),景泰县,一条山镇705路广场南口,,,,37.192170,104.059989,
302,万家宾馆(四龙路),白银区,四龙路501号粮贸大厦1/5-8楼,,,,36.549801,104.173709,
302,速8酒店(白银铜城店),白银区,中心街66号,,,,36.545822,104.175765,
302,白银会客楼宾馆,白银区,天津路217号,,,,36.540511,104.148612,
302,白银长征宾馆,平川区,长征火车站广场西口,,,,36.722979,104.847515,
302,红太阳宾馆(四龙路),白银区,二十一冶俱乐部,,,,36.551508,104.183442,
302,红鹭宾馆,白银区,友好路16号,,,,36.553568,104.179698,
302,虹桥商务酒店(天津路),白银区,天津路白银区人民法院斜对面,,,,36.538472,104.147910,
302,会宁西雁国际大酒店,会宁县,柴家门镇,,,,35.711806,105.018572,
302,会宁南河沿招待所,会宁县,会师镇南河沿92号,,,,35.686695,105.059377,
302,鑫鸿智慧宾馆,平川区,平唐路51号,,,,36.722525,104.828375,
302,如意阳光酒店,平川区,盘旋路北侧兴平北路二号,,,,36.729781,104.817751,
302,靖远汉唐大酒店,靖远县,乌兰镇北辰科靖路9号,,,,36.573093,104.678133,
302,万洲大酒店,白银区,王岘东路60号(银光十字东北角),,,,36.535528,104.185755,
302,白银五一宾馆(五一街店),白银区,五一街市场内,,,,36.547152,104.171210,
302,会宁欣达宾馆,会宁县,长征南路南26号,,,,35.688290,105.060256,
302,白银顺源宾馆(白银汽车站第十中学店),白银区,红星路114号(万盛花园小区对面),,,,36.543951,104.182450,
302,尚宜智能宾馆(人民文化广场景泰站店),景泰县,一条山镇昌林路83号,,,,37.195038,104.061108,
303,西苑招待所(公园路店),凉州区,公园路12号,,,,37.928243,102.620022,
303,武威威龙宾馆,凉州区,和平镇民勤路爱华育新学校对面,,,,37.918886,102.614656,
303,武威全圣大酒店,凉州区,南关西路24号,,,,37.920907,102.631477,
303,红柳宾馆(武威步行街店),凉州区,民族街70号,,,,37.929101,102.628799,
303,天马宾馆,凉州区,西大街西小什字区,,,,37.928656,102.629770,
303,建安宾馆(武威八中九中店),凉州区,海藏路68号再就业建安大厦1层,,,,37.935862,102.628877,
303,武威宗泰宾馆,凉州区,建设路21号,,,,37.919080,102.629169,
303,尚客优酒店(武威凉州区凤凰路店),凉州区,凤凰路64号,,,,37.924602,102.629494,
303,华辰宾馆,凉州区,南大街89号,,,,37.926000,102.636817,
303,华丰宾馆(武威商业步行街店),凉州区,武威步行街西门东南60米,,,,37.927957,102.629935,
303,亚欧宾馆(南关西路),凉州区,南关西路5号(南关建材市场北侧),,,,37.921834,102.634183,
303,世纪宾馆(武威客运中心店),凉州区,7天连锁酒店(武威火车站店)西北,,,,37.907723,102.629267,
303,鑫豪宾馆,天祝藏族自治县,团结路南段(县医院对面),,,,36.968104,103.142415,
303,尚客优酒店(武威凉州区民勤路店),凉州区,西关中路378号,,,,37.924489,102.615445,
303,万嘉国际酒店(武威步行街星光购物中心店),凉州区,万嘉国际广场A区1栋,,,,37.943907,102.595890,
303,阳光假日大酒店,凉州区,民勤路458号,,,,37.927307,102.615656,
303,汉武国际酒店,凉州区,北关西路36号,,,,37.934862,102.622043,
303,格林豪泰(武威雷台景区店),凉州区,北关东路嘉祥大厦1层,,,,37.933636,102.640463,
303,玉红大酒店,古浪县,昌灵路181号,,,,37.472660,102.898836,
303,天祝萬豪苑招待所,天祝藏族自治县,建行巷原建行院子,,,,36.974072,103.137962,
303,京湖宾馆,凉州区,二环南路南侧市委党校对面,,,,37.912402,102.642278,
303,雅盛商务宾馆,天祝藏族自治县,祝贡南路163号,,,,36.967961,103.140178,
303,武威天琪缘招待所,凉州区,南城门广场明清街西口(6号综合楼2楼),,,,37.922575,102.635929,
303,武威西凉北宾馆,凉州区,西关北路西凉市场10号楼2层,,,,37.933900,102.620813,
303,武威九泓客栈,凉州区,和平街98号,,,,37.930966,102.640816,
304,张掖丝路行者青年旅舍,甘州区,长寿街特色小吃城内新乐超市东100米,,,,38.933908,100.462575,
304,甘州区晶富便利酒店,甘州区,鸿宇广场鸿宇东街50号,,,,38.918069,100.475382,
304,张掖至尊宾馆,甘州区,西关汽车站斜对面,,,,38.937244,100.445261,
304,东晨宾馆,甘州区,南环路73号(近高速公路出入口河西建材市场对面),,,,38.927634,100.466993,
304,阳光宾馆(东大街),山丹县,东大街41号,,,,38.782925,101.095588,
304,甘州银海宾馆,甘州区,青年西街176号(市中心幼儿园东侧),,,,38.933783,100.451034,
304,河西宾馆(大佛寺钟鼓楼店),甘州区,东环路257号,,,,38.936347,100.468172,
304,高台宾馆,高台县,城关镇人民东路社区县府东街215号,,,,39.377242,99.818429,
304,张掖粮贸宾馆,甘州区,东大街376号,,,,38.937936,100.463077,
304,张掖饭店,甘州区,县府街161号(靠近西大街),,,,38.934964,100.452082,
304,张掖长明商务宾馆(甘州巷子店),甘州区,南大街河西大厦南门4层(国芳百货对面),,,,38.934541,100.458149,
304,张掖鑫盛招待所,甘州区,西环路红绿灯什字德生堂药店旁边125号面粉厂综合楼3楼,,,,38.933191,100.446236,
304,金鼎宾馆(青年东街店),甘州区,青年东街32号,,,,38.935715,100.467530,
304,张掖铂悦精选酒店,甘州区,南环路228号(金牛商场西侧),,,,38.927560,100.460306,
304,张掖鸿宇快捷酒店,甘州区,鸿宇广场D1号楼鸿宇南二环路11号,,,,38.918958,100.476493,
304,鸿天宾馆(丹霞口文旅小镇店),临泽县,甘肃省张掖市临泽县倪家营镇梨园新村别墅区,,,,38.989334,100.088059,
304,辛悦尚品酒店(高铁西站大佛寺店),甘州区,张掖西街延伸段玉关路215号(地震局旁边),,,,38.934837,100.441157,
304,桔子民宿(张掖钟鼓楼店),甘州区,南大街20号,,,,38.935796,100.458122,
304,邮电宾馆,甘州区,北环路54号,,,,38.945366,100.455842,
304,民乐九州假日酒店,民乐县,民乐县妇幼保健院十字路口东,,,,38.445382,100.812493,
304,保源民宿(张掖客运中心站店),甘州区,迎恩街5-8号,,,,38.913419,100.483910,
304,龙林农家宾馆,甘州区,高速路口与迎宾大道向北800米,,,,38.914375,100.489525,
304,山丹天玥精品酒店,山丹县,山丹汽车站西门南50米,,,,38.780772,101.099598,
304,张掖馨源商务宾馆,甘州区,下安四社35号,,,,38.938376,100.483530,
304,共裕宾馆,甘州区,人民南路123号,,,,38.925775,100.458305,
305,泰和宾馆(陇西站店),陇西县,文峰开发区(文峰幼儿园对面),,,,34.951165,104.697351,
305,临洮北辰商务宾馆,临洮县,文峰南路与瑞新路交叉口东北40米,,,,35.382929,103.860832,
305,定西育红招待所,安定区,民主街32号,,,,35.591002,104.622635,
305,定西隆锦宾馆,安定区,交通路266号(汽车站斜对面),,,,35.580010,104.631905,
305,定西陇欣宾馆,安定区,解放路33号,,,,35.579288,104.626030,
305,定西翔云宾馆,安定区,交通路386号(秋实宾馆旁边巷内100米右侧),,,,35.600550,104.618749,
305,国宁宾馆(解放路),安定区,解放路10号,,,,35.580371,104.629029,
305,强生大酒店,安定区,永定中路42号,,,,35.574089,104.619543,
305,亨泰精品酒店,陇西县,东大街附近,,,,35.002212,104.639382,
305,凤城大酒店(交通路店),安定区,交通路279号,,,,35.580540,104.630943,
305,临洮华城大酒店,临洮县,洮阳镇华城大道3号楼(华城国际),,,,35.384566,103.871045,
305,通渭金三角宾馆,通渭县,天巉公路通渭收费站旁,,,,35.209738,105.252375,
305,临洮金临宾馆,临洮县,粮食市11号,,,,35.375145,103.857040,
305,定西宾馆,安定区,中华路47号,,,,35.583385,104.624808,
305,毛家旅馆,陇西县,巩昌镇南城壕17号,,,,34.999306,104.633981,
305,华住快捷宾馆(定西高铁北站店),安定区,凤翔镇十八里铺柏林村3号,,,,35.630021,104.597186,
305,东方大酒店,临洮县,灰盐市7号,,,,35.373965,103.857840,
305,金当归大酒店,岷县,岷阳镇中华街181号,,,,34.433626,104.045037,
305,陇西交通商务宾馆(陇西客运站钟鼓楼店),陇西县,客运站附近,,,,34.999204,104.632315,
305,嘉和云商务宾馆,临洮县,嘉和苑B区,,,,35.380458,103.867605,
305,岷县雅阁快捷宾馆,岷县,和平街1号(城关中学斜对面),,,,34.438947,104.041974,
305,隆锦宾馆(定西火车站店),安定区,民主路18号(邮政局对面),,,,35.591310,104.623400,
305,嘉润宾馆,安定区,永定西路226号,,,,35.571110,104.610414,
305,临洮顺鑫主题宾馆,临洮县,洮水明珠西北门南230米,,,,35.388763,103.848581,
305,洮河酒店,临洮县,瑞新路6号,,,,35.381248,103.862626,
306,华辰宾馆,合作市,念钦街30号,,,,34.991307,102.907521,
306,宝马宾馆(夏河一部),夏河县,人民西街77号,,,,35.196679,102.514446,
306,临潭冶海大酒店,临潭县,甘南冶力关镇文化广场对面(冶木河大桥右侧),,,,34.961820,103.662656,
306,合作兴海宾馆,合作市,舟曲东路与当周街交叉口东160米,,,,34.986820,102.912200,
306,华侨饭店(扎西奇街),夏河县,扎西奇街006号,,,,35.195948,102.514242,
306,阳光宾馆(卓玛路),合作市,通钦街中段,,,,34.974193,102.911952,
306,迭部县达颂民宿,迭部县,电尕镇蔬菜村052号,,,,34.058480,103.206155,
306,卓尼县金烨旅馆,卓尼县,卓尼县县医院后面金烨旅馆,,,,34.585448,103.494772,
306,合作宝马宾馆,合作市,伊合昂街道念钦街123附47号201室,,,,34.992147,102.906727,
306,秀峰宾馆(郎木寺景区店),碌曲县,郎木寺镇,,,,34.089315,102.637069,
306,迭部麻古尕让民宿,迭部县,电尕镇拉路行政村麻古自然村2号,,,,34.045433,103.250426,
306,夏河悦客民宿,夏河县,拉卜楞镇麻莲滩村供电公司生产综合楼东200米处,,,,35.202405,102.554087,
306,迭部知子印祥康庄民宿,迭部县,益哇镇知子行政村知子自然村13号,,,,34.108125,103.170192,
306,拉德藏家民宿(桑科草原景区店),夏河县,九甲乡九甲行政村昂去乎自然村08号,,,,35.162458,102.482143,
306,夏河云汇宾馆,夏河县,人民东街249-1号,,,,35.205140,102.534195,
306,迭部扎西东主民宿,迭部县,电尕镇拉路村33号,,,,34.045185,103.255895,
306,迭部牙古十七号民宿,迭部县,电尕镇亚古村,,,,34.046601,103.244086,
306,锦才宾馆,卓尼县,木耳镇叶儿村260号,,,,34.588057,103.489299,
306,自然之庭民宿(甘南藏族自治州店),卓尼县,扎古录镇麻路村龙多自然村31号,,,,34.650048,103.196078,
306,天和商务宾馆,玛曲县,忠干路22号,,,,34.000123,102.077206,
306,合作塞纳生态饭店,合作市,绍玛路与东一路十字路口东南角,,,,34.991333,102.917047,
306,兴荣宾馆(禅定寺店),卓尼县,贡保茨那路81号,,,,34.578209,103.513079,
306,冶力关洪家楼旅游度假村,临潭县,北滨河路与滨河南路交叉口东320米,,,,34.963849,103.638150,
306,迭部和平宾馆,迭部县,林海西路101号,,,,34.054338,103.211519,
306,伊佳客栈(郎木寺景区店),碌曲县,郎木寺镇郎木寺西路35号,,,,34.089137,102.635765,
307,正宁金叶宾馆,正宁县,南大街与西大街交汇处南80米路西,,,,35.490465,108.362378,
307,宁县大酒店,宁县,农贸路18号,,,,35.502771,107.921113,
307,庆阳正宁宾馆,正宁县,西街6号,,,,35.490498,108.360920,
307,新兴宾馆(育才西路),西峰区,广场路16号,,,,35.724893,107.639858,
307,帝豪商务宾馆,环县,台州商业街万佳超市3层,,,,36.566968,107.312524,
307,嘉馨国际饭店,西峰区,西大街12号,,,,35.734810,107.640016,
307,庆阳开鸿商务宾馆,西峰区,南大街交通局综合大楼,,,,35.722097,107.643594,
307,宁县宁州宾馆,宁县,九龙路2号,,,,35.500896,107.921436,
307,庆阳新港湾大酒店,西峰区,长庆南路陇东建材市场西门对面,,,,35.722342,107.634184,
307,中大远景商务宾馆,西峰区,东仓巷108号(美食街北端与解放东路交汇处),,,,35.742288,107.645317,
307,环县海天假日酒店,环县,环江大道,,,,36.579092,107.292598,
307,庆阳温莎宾馆,西峰区,解放西路187号,,,,35.740976,107.635894,
307,阳光国际大酒店,庆城县,庆城镇北开发区庆华路(县人民法院对门),,,,36.017220,107.887136,
307,金鑫双益宾馆,合水县,西华南街210号(汽车站对面),,,,35.811448,108.018412,
307,环县宾馆,环县,环城镇北关社区环州路38号,,,,36.570597,107.306962,
307,宏德宾馆(岐黄大道),西峰区,岐黄大道6号,,,,35.715538,107.645214,
307,熙和金村大酒店,西峰区,庆州西路市政府西侧,,,,35.708063,107.641218,
307,客鸿招待所(三鑫商厦店),西峰区,解放东路3号三鑫商厦2楼,,,,35.742480,107.642029,
307,庆城雅居乐宾馆,庆城县,朝阳路与兴庆路交叉口东40米,,,,36.010742,107.884635,
307,浩阳宾馆,环县,毛井镇胶海线新健汽东南方向100米,,,,36.464539,106.602936,
307,庆阳蓝阁宾馆,西峰区,育才西路4号,,,,35.722701,107.641578,
307,庆阳安易宾馆,西峰区,解放西路238号,,,,35.738978,107.627482,
307,三力宾馆,西峰区,兰州路45号(庆阳客运中心汽车站南站隔壁),,,,35.720458,107.659894,
307,镇原宾馆(镇原县教育体育局东),镇原县,城关镇北茹河东路13号,,,,35.671287,107.212049,
307,庆城金龙商务宾馆,庆城县,北开发区广场西侧,,,,36.012954,107.884282,
308,天河宾馆(前河沿东路),临夏市,前河沿东路与解放南路交叉口处东北100米,,,,35.590028,103.215347,
308,临夏东悦宾馆,临夏市,红园新村红园商厦对面,,,,35.594319,103.204273,
308,滨河饭店,临夏市,新大桥以南300米,,,,35.573717,103.212042,
308,临夏宾馆(北滨河路),临夏市,解放南路92号,,,,35.586103,103.218350,
308,河州饭店,临夏市,南滨河路1号鸿兴世纪广场,,,,35.584150,103.220558,
308,民族宾馆(前河沿东路),临夏市,解放路12号(三道桥广场东北侧),,,,35.590102,103.214266,
308,康乐维纳宾馆,康乐县,附城镇仿古街康凤路,,,,35.369717,103.712444,
308,南龙宾馆(环城南路),临夏市,南龙东路2号,,,,35.579580,103.227033,
308,瑞祥商务宾馆(兰磨线店),临夏县,西林特花园瑞祥宾馆,,,,35.480739,103.039358,
308,康乐永鑫宾馆,康乐县,莲花路晨曦幼儿园对面,,,,35.365281,103.711349,
308,临夏南部商务宾馆,临夏市,解放南路6号(近临夏州博爱医院),,,,35.586278,103.217542,
308,康乐南桥宾馆,康乐县,附城镇新集街33号,,,,35.368155,103.707713,
308,临夏恒生宾馆,临夏市,解放路2号,,,,35.594438,103.213503,
308,临夏友谊宾馆,临夏市,北大街32号,,,,35.594585,103.209428,
308,临夏朝晖宾馆,临夏市,环城西路70号(环球汽车销售有限公司),,,,35.587555,103.194799,
308,临夏萬隆大酒店,临夏市,陈方花园C区转角,,,,35.601683,103.219196,
308,临夏金苹果酒店(百益时代广场新生路店),临夏市,新生路1号,,,,35.606667,103.213472,
308,艾森·威尔酒店,临夏市,小什字延伸段天元静村1号楼(光华东路),,,,35.599665,103.222650,
308,江南商务宾馆,永靖县,福门城市广场商业步行街(锦绣嘉园对面),,,,35.956250,103.282707,
308,云泊公寓(三甲集店),广河县,三甲集镇农村信用社对面,,,,35.562430,103.753446,
308,东街宾馆(银川路店),积石山保安族东乡族撒拉族自治县,吹麻滩镇银川路积石山希望小学西约60米,,,,35.714928,102.884790,
308,文兴宾馆,永靖县,川南路与兴华路交叉口东40米,,,,35.934530,103.317391,
308,临夏山水宾馆,临夏县,双城新区滨河路盛和家苑东南侧约220米,,,,35.474639,103.040222,
308,锦河宾馆(王寺街),临夏市,前河沿路27号,,,,35.589304,103.212969,
308,临夏博雅酒店,临夏县,双城新区振华路,,,,35.479365,103.039699,
309,豪田大酒店,礼县,城关镇西大街行政广场,,,,34.189023,105.178457,
309,礼县千友宾馆(会展中心店),礼县,城关镇三多街6号,,,,34.187789,105.178862,
309,贝壳酒店(环城东路店),礼县,环城东路8号,,,,34.190421,105.183645,
309,西和西美国际大酒店,西和县,新光大道西50米西美国际购物中心,,,,34.001223,105.302082,
309,成县英皇商务酒店,成县,东大街34号,,,,33.739915,105.731957,
309,陇南饭店,武都区,北山东路新润发斜对面,,,,33.385382,104.934411,
309,天嘉大酒店(礼县东大街店),礼县,东大街1号,,,,34.188616,105.183135,
309,明珠大酒店(南桥路),武都区,盘旋路街心花园西侧(近武都汽车东站50米),,,,33.385184,104.931459,
309,蓝天大酒店(陇南中路),成县,陇南中路中段20号(近205省道),,,,33.749673,105.743210,
309,陇南天泽假日酒店,武都区,长江大道世纪新城B区1号楼1号,,,,33.389699,104.920451,
309,礼县北苑宾馆,礼县,城关镇北关100号,,,,34.191630,105.181229,
309,天琦宾馆,武都区,城关镇钟楼滩汽车西站旁边,,,,33.400102,104.918038,
309,凯莱大酒店(东新南路),礼县,东新南路2号,,,,34.185476,105.191079,
309,百灵宾馆(南关夜市店),礼县,城关镇南关路百灵宾馆,,,,34.185314,105.181187,
309,陇南白龙江饭店,武都区,滨江路城关新村东口(武都体育场对面),,,,33.388488,104.924030,
309,东辰宾馆(陇南火车站店),武都区,东江三号路祁山街322号,,,,33.373634,104.945939,
309,徽县银泰宾馆,徽县,城关镇滨河路中段93号,,,,33.758552,106.088725,
309,成县聚仁宾馆,成县,江武路,,,,33.741114,105.740931,
309,礼县鑫梧宾馆,礼县,大南街口老夜市旁,,,,34.186231,105.180629,
309,陇南江锦商务宾馆(市人民医院店),武都区,东江五号路市医院西门对面第三个巷子,,,,33.372811,104.947214,
309,礼县天腾宾馆,礼县,关镇北关街38号,,,,34.192812,105.181442,
309,陇南丰元宾馆,武都区,东江龙吟水郡2期北门西80米,,,,33.371747,104.951061,
309,稻香酒店,武都区,清水沟大桥公交站东北方向30米,,,,33.401825,104.925525,
309,三合酒店(陇南钟楼市场店),武都区,钟楼滩花椒市场十字路口,,,,33.400075,104.917375,
309,礼县朋悦宾馆,礼县,城关镇南关夜市向南50米,,,,34.185216,105.180801,
310,苍溪现代宾馆,苍溪县,解放路西段431号近电影院,,,,31.732959,105.937604,
310,三鑫宾馆,利州区,东坝利州东路二段1号广牧大厦三楼,,,,32.434170,105.846771,
310,7天酒店(广元市政府高铁站店),利州区,利州东路一段东坝平桥街71号,,,,32.437026,105.836348,
310,苍溪星豪宾馆,苍溪县,兴贤街60号,,,,31.731597,105.936009,
310,旺苍福苑宾馆,旺苍县,环城西路122号,,,,32.224340,106.284628,
310,苍溪九龙宾馆,苍溪县,解放路东段228号,,,,31.733554,105.947156,
310,广元速捌宾馆(南河汽车站店),利州区,滨河南路247号,,,,32.428135,105.824359,
310,广元华宝山庄,利州区,南河街道接官亭社区广龙路南山电视信号下,,,,32.402562,105.818235,
310,广元中子商务宾馆,朝天区,中子镇川陕街121号,,,,32.689352,106.039470,
310,广元文化宫宾馆,利州区,蜀门北路一段424号,,,,32.439582,105.825651,
310,广元皇冠酒店(高铁站店),利州区,北街210号,,,,32.441246,105.823955,
310,七福精选酒店(广元高铁站店),利州区,利州东路81号,,,,32.433118,105.826102,
310,宏源宾馆(金轮北路店),利州区,"金轮北路32号,上西火车站长途汽车站旁",,,,32.450993,105.824263,
310,宏缘公寓,利州区,汇商巷47号文化大厦公寓F4层,,,,32.439348,105.823174,
310,迎宾宾馆(方维街店),青川县,方维街3号,,,,32.587912,105.237494,
310,回龙河酒店,利州区,回龙医院东北30米,,,,32.430185,105.784265,
310,天利商务酒店(东坝社区卫生服务中心北),利州区,东坝兴安路434号(车管所前方50米),,,,32.434003,105.860488,
310,紫荆酒店,苍溪县,解放路下段330号,,,,31.733847,105.955470,
310,天籁酒店,利州区,转盘路海壕街北段1号(利川西路与蜀门北路交汇处),,,,32.432702,105.823709,
310,华庭酒店(广元万达广场澳源体育中心店),利州区,利州东路三段442号港湾国际,,,,32.427468,105.881407,
310,正洋商务酒店,利州区,北街255号,,,,32.442604,105.824326,
310,广元隆达酒店(南河汽车站店),利州区,蜀门南路262号(新华书店),,,,32.423047,105.828178,
310,剑阁紫金大酒店(剑门关店),剑阁县,下寺镇沙溪坝剑门大厦西侧2栋,,,,32.281926,105.517338,
310,苍溪元生商务酒店(税务总局店),苍溪县,解放路270号(地税局旁),,,,31.733590,105.948867,
310,广元红缘宾馆(高铁站店),利州区,望江路北段163号,,,,32.449240,105.830175,
311,南充爱民旅馆,顺庆区,文化路68号,,,,30.792628,106.086698,
311,奥斯卡艺术酒店(阆中古城店),阆中市,张飞南路350号4层,,,,31.578325,105.978675,
311,南充兴印商务宾馆(1227购物广场店),顺庆区,人民南路294号(南充市烟草局对面),,,,30.785130,106.081222,
311,仁和快捷商务酒店(南充长征店),顺庆区,长征路8号,,,,30.800682,106.092465,
311,朝阳大酒店(人民路),仪陇县,人民路43号,,,,31.274102,106.294239,
311,蓬安东方红商务宾馆,蓬安县,建设南路86号,,,,31.024691,106.414122,
311,西华师大宾馆(莲池路店),顺庆区,莲池路30号西华师大北门旁,,,,30.799149,106.086254,
311,南部东方红商务宾馆,南部县,东风路224号东方红小区(客运站附近),,,,31.348259,106.063520,
311,仪陇洪福旅馆,仪陇县,新政镇解放一安置区19号楼(仪陇汽车站对面),,,,31.257143,106.301227,
311,新建宾馆(西充鸿运店),西充县,鸿运步行街106号,,,,30.995112,105.891891,
311,香格里拉新酒店,顺庆区,人民中路75号,,,,30.793076,106.088487,
311,营山渝满春旅馆,营山县,景阳大道264号(烟草公司隔壁),,,,31.067329,106.568418,
311,家缘酒店(南充五星花园1227购物广场店),顺庆区,人民南路296-298号,,,,30.785086,106.081172,
311,嘉远假日酒店(南充火车站五星花园店),顺庆区,模范街183号,,,,30.787840,106.091066,
311,仪陇悦熙元酒店,仪陇县,滨江大道三段33号,,,,31.269652,106.289635,
311,金华宾馆(巴巴寺街店),阆中市,巴巴寺街11号(汇通快递对面),,,,31.587217,105.975285,
311,五星大酒店(人民中路辅路),顺庆区,人民中路2号五星大厦1层,,,,30.790106,106.087232,
311,南充休闲宾馆,嘉陵区,耀目路二段82号,,,,30.759364,106.065624,
311,南充嘉顺酒店,嘉陵区,火花路19号,,,,30.764336,106.064812,
311,龙门宾馆,高坪区,福龙街69号,,,,30.865688,106.185474,
311,明峪大酒店,蓬安县,建设南路249号,,,,31.022316,106.418616,
311,嘉州商务宾馆,嘉陵区,长宁街18号嘉禾苑1幢2层,,,,30.762002,106.063566,
311,阆中古戏台客栈,阆中市,下沙河街阆水中路276号,,,,31.570687,105.976300,
311,帝豪宾馆(丰乐巷),营山县,翠屏西路176号,,,,31.073454,106.561073,
311,天龙国际大酒店,顺庆区,金鱼岭路292号(正阳路与金鱼岭路交叉口南行约400米),,,,30.806937,106.095445,
312,亨通宾馆,通江县,诺江中路839号(执法大队楼下),,,,31.917192,107.237536,
312,南泉宾馆,巴州区,西城街道南泉寺街9号,,,,31.852145,106.763979,
312,7天连锁酒店(巴中南池南路凤凰城店),巴州区,南池南路522号(城西医院旁),,,,31.848761,106.756093,
312,江北之星商务酒店,巴州区,江北大道中段77号,,,,31.859077,106.752885,
312,平昌江口宾馆,平昌县,新平街东段6号,,,,31.562971,107.101633,
312,南江明珠假日酒店,南江县,光雾山大道朝阳段江南明珠4楼,,,,32.342592,106.826920,
312,交擎宾馆,巴州区,江北大道西段127号,,,,31.867761,106.744161,
312,巴中中联商务酒店,巴州区,八角楼街143号(原47队老车站),,,,31.852439,106.760963,
312,鸿运·千禧酒店(新市街店),巴州区,新市街59号(近南龛石窟、烈士陵园),,,,31.849621,106.765125,
312,交通商务宾馆(八角楼街),巴州区,八角楼街71号,,,,31.852108,106.762495,
312,家园酒店(江北二环路),巴州区,望王路西段388号,,,,31.862053,106.751891,
312,巴中秦巴客栈,巴州区,江北大道西段碧水云天2号楼7层,,,,31.868680,106.742364,
312,金来福宾馆(巴中万达广场店),巴州区,东方鑫村D4栋2楼,,,,31.850405,106.776916,
312,金泰酒店(滨河路),巴州区,云台街33号,,,,31.861012,106.747260,
312,千祥宾馆(红军北路中段店),通江县,红军北路108号,,,,31.918247,107.236706,
312,巴中西通商务宾馆,巴州区,西华街151号3层,,,,31.849540,106.754744,
312,巴中华龙宾馆,恩阳区,义阳大道131号,,,,31.789822,106.636744,
312,巴中星辰商务宾馆,巴州区,商业街江南帝都29楼,,,,31.850806,106.758882,
312,通江维尔康酒店,通江县,诺江中路455号,,,,31.913535,107.243883,
312,巴中云上鹤宾馆,恩阳区,登科街道办事处义阳一街北巷65-67号,,,,31.790698,106.635244,
312,巴中龙泉之星商务宾馆,巴州区,望王路450号,,,,31.860621,106.764026,
312,巴中运达商务宾馆,巴州区,红军路403号,,,,31.854043,106.751803,
312,巴中时代酒店,巴州区,西湖名都东南门旁,,,,31.856582,106.726972,
312,巴中恩粮宾馆,恩阳区,新场街12号,,,,31.790053,106.634088,
312,巴中海伦宾馆,巴州区,小东门街蓝湾国际小区B9幢11楼2、3号,,,,31.850418,106.770638,
313,跃发宾馆(宇隆万安商业步行街店),罗江区,万安北路1-152号,,,,31.303971,104.509525,
313,悦华住宿,绵竹市,剑南镇安国横街42号,,,,31.333393,104.202777,
313,广汉园中缘客栈,广汉市,南昌路四段民航飞行学院家属区对门,,,,30.955772,104.308034,
313,德阳溢州商务宾馆,旌阳区,天山南路一段45号,,,,31.123685,104.406933,
313,中江春江宾馆,中江县,凯江镇伍城北路157号门面,,,,31.042951,104.680855,
313,豪盛商务酒店(中江城北客运站店),中江县,凯江镇一环路北段497号,,,,31.047652,104.681052,
313,中江怡园酒店,中江县,荷花东街19号,,,,31.039906,104.681962,
313,绵竹全鑫商务宾馆,绵竹市,安新街151号,,,,31.330827,104.203000,
313,广汉幸福佳苑旅舍,广汉市,南昌路四段金帝一条街,,,,30.955648,104.307781,
313,美家商务宾馆(苏兴横街),绵竹市,苏兴横街41-13号,,,,31.343206,104.205344,
313,什邡星月旅馆,什邡市,雍城北路什绵路口(北郡对面),,,,31.138505,104.170375,
313,金轩庭商务酒店,旌阳区,耐火厂金山街333号,,,,31.107852,104.356660,
313,锦宏海漫宾馆,什邡市,蓥峰北路49号亭江西路51号,,,,31.125233,104.168192,
313,广汉小汉宾馆,广汉市,广德路34号,,,,31.053829,104.340822,
313,绵竹新鑫旅馆,绵竹市,安新街137号,,,,31.331026,104.203127,
313,广汉新龙门客栈,广汉市,高坪镇古镇,,,,31.047361,104.224126,
313,中江健鑫宾馆,中江县,贸发路100号,,,,30.870024,104.596099,
313,四季源酒店,罗江区,团结路金山镇人民政府西侧,,,,31.388522,104.543447,
313,连发酒店(中江人民西路黄继光纪念馆店),中江县,人民西路46号,,,,31.036819,104.674256,
313,7天酒店(绵竹中学龙岭华府店),绵竹市,紫岩街道月亮社区南京大道二段龙岭华府1D幢6-14层,,,,31.333361,104.216992,
313,速8酒店(德阳文庙店),旌阳区,旌阳街道晋江街92号,,,,31.128243,104.379272,
313,德阳吉宏宾馆,旌阳区,岷山路2段943号(近四川建院北门),,,,31.090655,104.381730,
313,好心情商务宾馆,什邡市,金河西路22号,,,,31.127067,104.161841,
313,德阳亿东连锁酒店,旌阳区,岷江东路399号,,,,31.119815,104.418165,
313,中江中领旅社,中江县,伍城北路118号,,,,31.045367,104.680399,
314,绵阳洞天宾馆,涪城区,一环路南段32附38号洞天公园旁,,,,31.453125,104.733625,
314,绵阳宜家宾馆,涪城区,"永兴镇顺祥街45号(绵阳师范学院旁,紧临绵阳南收费站)",,,,31.448817,104.604018,
314,三台宏源酒店,三台县,后北街中段168号,,,,31.091363,105.088058,
314,凯南商务酒店,涪城区,长虹大道中段115号(近人民公园、绵阳中学),,,,31.463804,104.737818,
314,绵阳九源宾馆,涪城区,南北干道附近,,,,31.564925,104.690246,
314,桃园宾馆(群文街),涪城区,群文街5号,,,,31.398766,104.793153,
314,绵阳新城商务宾馆,涪城区,荷花东街22号花园五队,,,,31.453613,104.714696,
314,枫林宾馆(西山东路),涪城区,西山东路18号,,,,31.478736,104.733642,
314,绵阳帝虹港商务宾馆,涪城区,高水南街93号平政九队旁(平政汽车站附近),,,,31.488736,104.733027,
314,绵阳商务旅社,安州区,大南街与文苑路中段交叉口北40米,,,,31.538570,104.560462,
314,绵阳鸿运宾馆,涪城区,南湖街257号附81号,,,,31.429424,104.774537,
314,江油迎宾招待所,江油市,"中坝镇东三巷7号(距距沃尔玛商场70米,老汽车站对面)",,,,31.782900,104.747652,
314,绵阳豪都商务宾馆,涪城区,涪城区高新区普明北路东段526-46号,,,,31.464148,104.698994,
314,鑫怡商务宾馆,梓潼县,金牛大道中段11-19号,,,,31.635916,105.168973,
314,绵阳涌泉宾馆,涪城区,剑南路西段111-2号,,,,31.470314,104.727719,
314,绵阳春阳宾馆,涪城区,通安巷11号,,,,31.462130,104.741200,
314,绵阳跃进商务宾馆(五一广场店),涪城区,跃进路58号,,,,31.477984,104.741332,
314,绵阳御园商务宾馆,涪城区,御南街16-2号,,,,31.446484,104.746552,
314,华瑞酒店,三台县,新西街潼川镇社区卫生服务站旁,,,,31.088098,105.087543,
314,绵阳欣悦宾馆(西南科技大学店),涪城区,科大路352号(近篮球场),,,,31.540156,104.701497,
314,三台清泉瑞缘宾馆,三台县,银泰花园南1门旁,,,,31.092323,105.096869,
314,绵阳缘梦宾馆,涪城区,六一堂路626号附124号,,,,31.422372,104.764841,
314,绵阳万宝宾馆,涪城区,长虹大道北段30-6号,,,,31.484260,104.739893,
314,平武雄豪大酒店,平武县,龙安镇红星街北段14号,,,,32.408459,104.527278,
314,绵阳仁和宾馆(平政汽车店),涪城区,一环路北段40号附124号,,,,31.485605,104.735265,
315,POSHPACKER拖板鞋青年旅舍旅行民宿(成都太古里春熙路地铁站店),锦江区,东升街98号3楼(春熙路地铁站E2口步行350米),,,,30.650365,104.078001,
315,城市便捷酒店(成都西华店),郫都区,广场路北一段205号,,,,30.782065,103.950998,
315,POSHPACKER驴友记.蝉舍禅风小院(成都文殊院店),金牛区,"星辉西路任家湾23号(近金牛万达广场,文殊院附近)",,,,30.678897,104.073806,
315,OYO七里香大酒店(站北东街店),成华区,站北东街1号,,,,30.700679,104.079094,
315,成都万兴宾馆,郫都区,犀浦镇犀池五街13号,,,,30.751057,103.963974,
315,凯宾连锁酒店(成都青白江万达店),青白江区,青江中路288号,,,,30.877340,104.250737,
315,逆时光公寓(成都东站店),成华区,嘉陵江路68号12栋3单元,,,,30.628947,104.146965,
315,成都乐浮青年旅舍(文殊院太升南路地铁站店),青羊区,太升北路10号(太升南路地铁站C口步行490米),,,,30.668637,104.079744,
315,奥林酒店(建设中路),简阳市,简城镇建设中路245号,,,,30.385691,104.544703,
315,成都青柚共享酒店(文殊院骡马市地铁站店),青羊区,西玉龙街小福建营巷5号(骡马市地铁站F口步行180米),,,,30.668427,104.066920,
315,成都缤纷酒店(成都医学院新都校区店),新都区,兴乐北路88号2幢112号(汉嘉国际对面),,,,30.810018,104.193807,
315,温江凯丽酒店(成都财大北门店),温江区,柳台大道东段249金强·大学城商业广场4层,,,,30.686914,103.821013,
315,尚客优酒店(师大现代花园店),龙泉驿区,青台山路839号,,,,30.574316,104.198799,
315,成都半岛清风酒店,新都区,正因北街西六巷33号,,,,30.826653,104.188577,
315,壹周酒店,龙泉驿区,十陵镇友谊路103号(舞东风超市东100米),,,,30.656828,104.183089,
315,宏鼎商务酒店(菁华路),青白江区,菁华路47号,,,,30.884108,104.269170,
315,成都君庭酒店,金牛区,五福桥东路九号龙湖北城天街一期九栋10楼,,,,30.711634,104.067277,
315,邛崃富宏大酒店(邛崃第一中学高铁站店),邛崃市,东星大道476号(邛崃市旅游汽车站旁),,,,30.403191,103.480962,
315,嘉兰城市酒店(成都温江南熏大道地铁站店),温江区,文化路1号繁华时代商业广场9号楼,,,,30.699120,103.845306,
315,1休·上城酒店(和平街地铁站店),郫都区,郫筒镇一里阳光街396号1号楼,,,,30.805210,103.896955,
315,成来大酒店,新都区,大丰镇蓉北路一段178号,,,,30.755017,104.055495,
315,成都诗语酒店(传媒学院店),郫都区,团结镇学院街69号6栋附3号,,,,30.823035,103.982886,
315,成都宜佳快捷酒店(珠江路地铁站店),双流区,西航港街道顺风路38号(大麦当劳空港店对面),,,,30.568570,104.010461,
315,成都名都公寓,双流区,西航港大道中二段333号3栋附19号,,,,30.567598,103.971872,
315,成都新欧尚商务酒店(郫县西站店),郫都区,成灌西路695号,,,,30.822578,103.883063,
316,武胜蓝天宾馆,武胜县,武胜汽车站旁,,,,30.337978,106.296264,
316,华蓥川峰商务宾馆,华蓥市,广华大道111号(鸿阳医院对面),,,,30.367401,106.769638,
316,广安宏达宾馆(建安南路店),广安区,建安南路127号(三楼125附302),,,,30.450639,106.627625,
316,武胜鑫鑫宾馆,武胜县,弘武大道东段30号(靠近嘉美琪购物),,,,30.342763,106.295197,
316,悦来商务宾馆(蓥光路店),华蓥市,蓥光路181号,,,,30.378946,106.780695,
316,邻水新鸿旅馆,邻水县,万兴南路水果市场,,,,30.322624,106.926187,
316,华蓥渠成商务宾馆,华蓥市,滨河东路染水路综合楼2楼,,,,30.380052,106.778945,
316,武胜龙景商务酒店(石桥路店),武胜县,龙女街220号,,,,30.339049,106.293368,
316,广安苹果商务酒店,广安区,玉兔路101号,,,,30.454762,106.623098,
316,宜家商务宾馆,岳池县,九龙大街老干局2层,,,,30.535267,106.446784,
316,岳池万福宾馆,岳池县,九龙镇园田路下段667号(九龙小广场旁),,,,30.527438,106.442551,
316,岳池金牛宾馆,岳池县,九龙大街733号,,,,30.528504,106.444776,
316,新星宾馆(渠江北路),广安区,北辰街道渠江北路12号,,,,30.476288,106.643544,
316,广安鼎兴宾馆,广安区,新南门南新街48号,,,,30.469281,106.641339,
316,岳池京都宾馆,岳池县,园田路579号(近九龙广场、岳池一中),,,,30.529150,106.442977,
316,武胜皇城宾馆,武胜县,石桥路与印山街交叉口西南角,,,,30.341087,106.291698,
316,新世纪酒店(振兴路),武胜县,沿口镇弘武大道振兴路126号,,,,30.342426,106.286663,
316,华蓥御景商务宾馆,华蓥市,御景花园广场,,,,30.393625,106.780714,
316,丰源宾馆(洪洲大道),广安区,洪洲大道东段2-9号(北辰办事处对面二楼),,,,30.481646,106.643209,
316,惠忠旅馆,前锋区,商贸街160号,,,,30.495424,106.894485,
316,风情假日酒店(广安南站店),广安区,枣山万贯桃园路2幢4楼,,,,30.449214,106.598796,
316,广安腾飞酒店(广安思源广场店),广安区,兴安下街118号,,,,30.455492,106.639100,
316,广安富民小宾馆,广安区,富民街(汽车南站旁),,,,30.450152,106.629209,
316,随心酒店(广安城南店),广安区,五福南路228号,,,,30.446328,106.629896,
316,好客连锁酒店(广安城北店),广安区,龙头街8号,,,,30.470356,106.641049,
317,玲珑山庄招待所,渠县,东大街文峰路790号,,,,30.831304,106.988730,
317,鑫海宾馆(大竹客运站店),大竹县,一环路北段95号,,,,30.738028,107.205368,
317,金华招待所(戛云路店),达川区,南滨路三段547号,,,,31.211004,107.491149,
317,红楼商务宾馆(北大街),大竹县,白塔街道新生街235号,,,,30.740238,107.210142,
317,达州鸿通宾馆一店,达川区,汽车南站出站口,,,,31.191864,107.515948,
317,达州滨都宾馆,达川区,达州紫荆妇产医院旁边,,,,31.206715,107.507435,
317,金海旅馆(大竹县出租汽车管理办公室东北),大竹县,沙桥路96号,,,,30.741383,107.212707,
317,宣汉南山宾馆,宣汉县,圣墩东路147号,,,,31.362023,108.012892,
317,达州都市壹壹八酒店(达州火车站店),通川区,朝阳西路459号,,,,31.202552,107.461459,
317,华洲大酒店,通川区,朝阳东路416号,,,,31.216480,107.495321,
317,同福客栈(大竹县职业中学店),大竹县,建设路,,,,30.738372,107.217083,
317,京奥电竞酒店(达州火车站店),通川区,阳平路17号,,,,31.203675,107.460611,
317,北城酒店(大竹县煌歌广场店),大竹县,竹海路西段108号附5号,,,,30.741374,107.212485,
317,达州兴茂住宿,通川区,通惠路38号2幢3单元1号,,,,31.219575,107.512825,
317,蓝天酒店(大竹中学本部煌歌广场店),大竹县,竹阳南路576号,,,,30.731526,107.210427,
317,达州鑫隆宾馆,通川区,金山顺街113号,,,,31.198824,107.455182,
317,YOYO优优酒店(达州市罗浮广场火车站店),通川区,朝阳西路458号国粮大厦F1层,,,,31.203062,107.461067,
317,如家酒店(达州中心广场老达一中店),通川区,朝凤北路5号(靠近朝阳东路摩尔百货马路对面),,,,31.216329,107.501989,
317,达州御珑宾馆(南客站店),达川区,达川区三里坪街道麻柳大道680号,,,,31.194709,107.516345,
317,途麦·丽晟酒店(达州城市中心广场店),通川区,大西街19号,,,,31.209526,107.498626,
317,宣汉八仙楼宾馆,宣汉县,解放北路2号(县人民医院对面),,,,31.356188,107.723519,
317,尚客优精选酒店(达州火车站店),通川区,火车站广场出口处,,,,31.197968,107.454664,
317,渠县比家美商务宾馆,渠县,万兴广场万乐苑,,,,30.830769,106.965816,
317,金豪商务宾馆(龙泉路),通川区,西外龙泉路209号(蓉泰加油站对面),,,,31.220631,107.462368,
317,开江新世纪酒店,开江县,双河叉街81号,,,,31.090907,107.863496,
318,遂宁时代梦缘酒店,船山区,南津北路299号,,,,30.490484,105.591414,
318,遂宁龙王井商务宾馆,船山区,明霞路4号,,,,30.494430,105.588380,
318,射洪时代金宇酒店,射洪市,美丰大道中段32号,,,,30.850662,105.378325,
318,星之月宾馆,射洪市,曾家湾2巷9号,,,,30.850496,105.371244,
318,明园宾馆(遂州中路店),船山区,遂州中路1055号,,,,30.524357,105.566456,
318,蓬溪仁和商务宾馆,蓬溪县,学苑路289号蓬溪中学对面,,,,30.755326,105.699062,
318,为民旅馆(开善路店),船山区,遂州南路23号,,,,30.495105,105.584734,
318,蓬溪金樽大酒店,蓬溪县,赤城镇蜀北中路639号,,,,30.763941,105.704579,
318,金帝宾馆(中河街店),蓬溪县,中河街77号,,,,30.776602,105.711729,
318,阳光国际酒店(环城路店),大英县,环城路296号,,,,30.594953,105.234972,
318,遂宁凯南宾馆,船山区,凯旋下路28号,,,,30.495527,105.585500,
318,遂宁鸿发宾馆,船山区,遂州北路130号,,,,30.528101,105.566695,
318,遂宁百嘉快捷酒店,船山区,河东新区慈航路441号二楼,,,,30.519473,105.608446,
318,凤凰大酒店(明月路店),船山区,明月路19号,,,,30.528863,105.564745,
318,遂宁天宫宾馆,船山区,遂宁天宫庙村二社186号,,,,30.494179,105.593732,
318,尚客优连锁酒店(遂州南路店),船山区,遂州南路27号南转盘(南门店),,,,30.495000,105.585000,
318,雅乐轩大酒店(政府街),大英县,金元街69号,,,,30.592103,105.236704,
318,射洪子昂园宾馆,射洪市,太和镇金宸路70号,,,,30.858594,105.376569,
318,遂宁三杰新华酒店(中央商务区步行街店),船山区,遂州中路29号,,,,30.504115,105.578856,
318,遂宁雅舍非凡生活家旅行酒店(遂宁湿地公园店),船山区,滨江北路1339号,,,,30.549075,105.566575,
318,大英河畔假日酒店,大英县,死海前街3号,,,,30.601078,105.245945,
318,速8酒店(遂宁西山路高铁站店),船山区,西山北路235号新瑞山水花园,,,,30.509948,105.565515,
318,南方宾馆(太和大道南段),射洪市,太和大道南段696-698,,,,30.851174,105.378931,
318,漫州国际酒店(太和店),射洪市,太和镇虹桥路口太和大道中段2号,,,,30.874215,105.383697,
318,布丁酒店(遂宁高铁站店),船山区,嘉禾西路1号,,,,30.525200,105.565436,
319,安岳长宏宾馆,安岳县,岳城街道解放街王家坝环形桥旁三楼,,,,30.104061,105.341259,
319,荣发旅馆,雁江区,雁北路巷61号附7号,,,,30.120711,104.658667,
319,乐至水木缘宾馆(乐至客运站店),乐至县,川鄂东路(四川省汽车运输第六十对附近),,,,30.278125,105.030285,
319,资阳源通商务宾馆,雁江区,车城大道中桥巷9号,,,,30.126249,104.638484,
319,乐至温馨家园旅馆,乐至县,金穗路81号,,,,30.284905,105.024203,
319,亚克兰宾馆(资阳火车站店),雁江区,九曲路11号,,,,30.114981,104.646863,
319,金锄头大酒店,乐至县,天池镇川鄂西路3号,,,,30.284294,105.023037,
319,车城酒店(和平北路),雁江区,和平北路66号(近新华书店),,,,30.119682,104.650737,
319,皇佳宾馆,雁江区,和平北路86号,,,,30.118765,104.650237,
319,宏扬宾馆,乐至县,东街161号(近陈毅广场、陈毅纪念馆),,,,30.276853,105.029831,
319,钟楼宾馆(建设东路),雁江区,建设东路3号(北门汽车站旁),,,,30.119589,104.657260,
319,聚源商务宾馆(奎星路),安岳县,奎星路78号,,,,30.099294,105.339160,
319,日月鑫宾馆,雁江区,和平南路南段(卫生局旁),,,,30.114798,104.649584,
319,柠都大酒店,安岳县,建设街116号(近柠都广场),,,,30.099040,105.336509,
319,资阳财旺平安旅社,雁江区,北门菜市场对面(双虎家私旁),,,,30.120217,104.659686,
319,安岳柠檬树主题酒店,安岳县,东大街209号,,,,30.102650,105.344711,
319,安岳南门旅社,安岳县,岳城街道顺城街16号,,,,30.095698,105.334406,
319,安岳宾馆,安岳县,正北街117号,,,,30.096509,105.337123,
319,资阳瑞宏宾馆(雁江七小店),雁江区,西门铁路桥,,,,30.125478,104.638869,
319,资阳佳悦商务宾馆,雁江区,车城大道二段155号好又来水果副食超市楼上,,,,30.134445,104.635085,
319,金城逸林酒店(资阳滨江大道店),雁江区,政府东路423号,,,,30.115361,104.661794,
319,概念酒店,雁江区,中国工商银行对面,,,,30.122241,104.641717,
319,乐至鑫源宾馆,乐至县,县西街148号,,,,30.281090,105.022021,
319,雅豪宾馆,雁江区,沱江新城沱三桥旁,,,,30.117528,104.662731,
319,资阳美驿嘉酒店式公寓,雁江区,娇子大道120号SOHO公寓B座F10层,,,,30.127216,104.620372,
320,眉山红星旅馆,东坡区,红星东路119号,,,,30.049535,103.842380,
320,先锋商务宾馆(三苏祠店),东坡区,"诗书路南段270号(西门牌坊红绿灯处,利民超市对面)",,,,30.040424,103.819794,
320,仁寿祥和旅社,仁寿县,文林镇金马路一段通达巷98号,,,,29.992132,104.143623,
320,东坡湖宾馆,东坡区,苏湖路120号,,,,30.036780,103.843488,
320,眉山学院旅馆,彭山区,勤学路52号,,,,30.212457,103.875832,
320,眉山祥云智能酒店,彭山区,彭祖广场郭家巷25号,,,,30.190207,103.876892,
320,眉山东顺旅馆(彭祖广场店),彭山区,望江下街67号,,,,30.191991,103.876686,
320,眉山兴欣宾馆,东坡区,大雅街134号(金顿小镇斜对面处),,,,30.079405,103.844000,
320,眉山同新宾馆,东坡区,石堰街95号,,,,30.046399,103.829519,
320,怡丰商务酒店,仁寿县,文林镇书院路碧海街11号(三联公司斜对面),,,,30.010743,104.149666,
320,天府龙行驿站(建设路店),彭山区,青龙镇建设路89号,,,,30.314304,103.868138,
320,中港大酒店,东坡区,诗书路中段382号(近赤壁东路),,,,30.047830,103.831800,
320,华凌大酒店,仁寿县,文林镇奎星街72号,,,,29.993620,104.139277,
320,高峰酒店,洪雅县,止戈镇青衣路134号,,,,29.899782,103.369892,
320,眉山驿传酒店(远景楼店),东坡区,裴城路381号附近,,,,30.056666,103.842838,
320,泰安旅社,仁寿县,光明路二段240号,,,,29.994470,104.151542,
320,天府绿洲商务酒店(眉山东站店),东坡区,金象大道198号,,,,30.046092,103.820931,
320,眉山红房子酒店(彭山站店),彭山区,彭祖大道三段503号,,,,30.183030,103.867959,
320,眉山金旺角宾馆,东坡区,明星北路88号眉山数码城4层,,,,30.056030,103.838421,
320,眉山金荷花酒店(眉山东站义乌商贸城店),东坡区,环湖路118号(义乌商贸城内),,,,30.045596,103.848302,
320,金路湾酒店,东坡区,赤壁东路36号,,,,30.048135,103.831236,
320,眉山龙腾宾馆,彭山区,勤学路72号,,,,30.212377,103.876246,
320,眉山雅豪宾馆(眉山市人民医院东坡院区店),东坡区,旭光小区西门3号,,,,30.066185,103.851304,
320,眉山金梦智能酒店(彭祖广场店),彭山区,中岷江路9号,,,,30.190505,103.878294,
320,眉山金江宾馆(赤壁东路店),东坡区,赤壁东路6号,,,,30.047920,103.831305,
321,泉鑫宾馆(市二医院店),东兴区,东兴镇农校街一巷90号,,,,29.589743,105.076594,
321,威远雄风宾馆,威远县,龙会镇兴隆街456号,,,,29.523592,104.770313,
321,内江源来宾馆(汉安大道店),东兴区,汉安大道759号幸福小区,,,,29.603636,105.069496,
321,内江美之佳宾馆,市中区,双苏路123号,,,,29.576649,105.037547,
321,威远明园宾馆,威远县,严陵镇中心街32号,,,,29.526765,104.663813,
321,威远信合宾馆,威远县,严陵镇杉树坳街北段122号信合大厦,,,,29.522269,104.664661,
321,博尔商务酒店(内江北站店),市中区,北街2号楼,,,,29.588349,105.066948,
321,资中七贤宾馆,资中县,北街98号(县房管局对面),,,,29.777951,104.853236,
321,多浪宾馆,资中县,"苌弘路120号-,近五陵大道路口,建兴市场二期门口20米,工商银行对面",,,,29.770403,104.844188,
321,星震宾馆(大洲广场店),市中区,大西街132号,,,,29.586360,105.063130,
321,尚品商务宾馆,市中区,交通路264号,,,,29.576704,105.068254,
321,内江佳镁宾馆,市中区,和平街255号(内江电视台指示牌楼上),,,,29.578190,105.064095,
321,圣尔时尚酒店,市中区,小东街38号(近内江市水利农机局),,,,29.586153,105.068667,
321,内江宾馆,市中区,中区玉带街84号,,,,29.580006,105.060020,
321,内江甜城湖商务宾馆,市中区,虹桥中路72号附1-4号,,,,29.586311,105.060346,
321,行运宾馆(大西街店),市中区,桂湖街250号,,,,29.586304,105.062913,
321,内江红泰商务宾馆,市中区,内壕路127号二楼,,,,29.579830,105.048450,
321,鑫宏大酒店,威远县,严陵镇兰草街189号,,,,29.526413,104.664437,
321,凯斯商务宾馆(重龙镇店),资中县,重龙镇南街32号附16号,,,,29.774455,104.852838,
321,隆昌花园商务酒店,隆昌市,游园路7号,,,,29.340962,105.290904,
321,隆昌宾馆,隆昌市,顺河街59号,,,,29.337610,105.288824,
321,金华府酒店,隆昌市,古湖街道人民中路一段36号,,,,29.347713,105.290993,
321,民生宾馆(中东街),资中县,重龙镇中东街62号,,,,29.775742,104.854395,
321,内江馨缘商务宾馆(高铁北站店),东兴区,平安路235号,,,,29.601909,105.076073,
321,诚泰酒店(内江四方块店),市中区,中央路44号(工商银行旁),,,,29.585068,105.067866,
322,夹江安顺商务酒店,夹江县,漹城镇牌坊路318号,,,,29.737372,103.583278,
322,天和大酒店,峨眉山市,名山东路433号,,,,29.595718,103.502525,
322,乐山信业商务宾馆,五通桥区,双江路116号,,,,29.407555,103.814832,
322,峨眉山布拉格春天酒店,峨眉山市,"黄湾镇报国村四组12号,天下名山牌坊上行",,,,29.567282,103.452619,
322,乐山黄家山宾馆,市中区,人民南路海棠湾巷49号,,,,29.559673,103.763421,
322,乐山美梦宾馆(嘉兴路美食街店),市中区,清风街333号(金都宾馆旁边),,,,29.587057,103.751568,
322,峨眉山安康居,峨眉山市,名山东路,,,,29.596453,103.496008,
322,沐川竹苑宾馆,沐川县,沐溪镇竹林巷2号,,,,28.957387,103.904988,
322,乐山九丰客栈(乐山大佛景区店),市中区,九峰镇九峰街5组164号,,,,29.536607,103.778453,
322,京东宾馆(龙游路西段),市中区,嘉祥路1555号(通江路口),,,,29.602724,103.745826,
322,乐山岷江宾馆,市中区,通江街155号,,,,29.611568,103.749657,
322,乐山中北旅社,市中区,龙游路宝马巷9号(联运车站加油站旁边),,,,29.597390,103.756796,
322,君豪宾馆,市中区,万人小区互联超市、辛巴达网吧侧面,,,,29.603350,103.753336,
322,沐川大酒店,沐川县,沐溪镇交通街904号,,,,28.958210,103.904237,
322,山神酒店(报国寺旅游车站店),峨眉山市,报国寺景区报国村4组52号,,,,29.566295,103.451699,
322,乐山西行客栈(张公桥上中顺美食街店),市中区,皇华台23-25号,,,,29.558308,103.769130,
322,井研宾馆,井研县,和平街85号,,,,29.645852,104.073299,
322,金叶江畔酒店(乐山张公桥好吃街店),市中区,滨江路南段706号,,,,29.562294,103.768937,
322,峨眉山红佛商务大酒店,峨眉山市,大佛南路19号附1号,,,,29.595374,103.493783,
322,峨眉山雅洁商务旅社,峨眉山市,绥山镇金顶北路中段53号2层,,,,29.603723,103.490371,
322,峨眉山泰迪熊精品酒店,峨眉山市,黄湾乡报国村四组(报国寺景区),,,,29.566592,103.451019,
322,乐山皇华台宾馆(张公桥美食街大佛店),市中区,兴发街107号(北街口处衣邦汇对面),,,,29.561029,103.768668,
322,宏远大酒店,市中区,龙游路375号,,,,29.597743,103.757737,
322,乐山海豚商务酒店,市中区,佛光路1500号名城左岸商铺(近滨江路、佛光湖景区),,,,29.599970,103.771322,
322,乐山香都商务酒店(嘉兴路美食街店),市中区,通悦路33号莱佛士B栋3层,,,,29.598988,103.755808,
323,自贡万达商务宾馆,自流井区,自由路104号自由大厦F2层,,,,29.351951,104.766258,
323,自贡天缘宾馆,自流井区,丹桂大街300号,,,,29.332335,104.776796,
323,自贡玉华宾馆,自流井区,东兴寺街道丹桂大街自贡汽车客运总站旁,,,,29.327732,104.777083,
323,自贡丽源宾馆,自流井区,自流井区高新区燕子路81号,,,,29.325337,104.755808,
323,尚客优酒店(自贡五星街彩灯公园店),自流井区,五星街52号3层,,,,29.357205,104.771104,
323,自贡华琳旅馆,贡井区,东风路37栋,,,,29.347885,104.718730,
323,阳光宾馆(汇兴路分店),自流井区,汇兴路自贡阳光宾馆听雨家苑,,,,29.335893,104.765167,
323,富顺顺心宾馆,富顺县,县富世镇西苑街21号,,,,29.179575,104.963425,
323,自贡雅居民宿,沿滩区,新城龙湖雅居号1栋10楼39号,,,,29.324935,104.796178,
323,富顺白云才子宾馆,富顺县,釜江大道中段104号,,,,29.180253,104.976798,
323,自贡汇信商务宾馆,自流井区,高新区丹桂大街115号,,,,29.344580,104.777426,
323,富顺祥富宾馆,富顺县,釜江大道西段116号,,,,29.180772,104.965291,
323,江南春大酒店(恐龙大道店),大安区,恐龙大道88号,,,,29.394601,104.824617,
323,维景阳光酒店(自贡汽车客运总站第四人民医院店),自流井区,汇东路东段19号(久大盐业旁),,,,29.347051,104.780430,
323,自贡学苑宾馆,自流井区,汇兴路806号,,,,29.336622,104.763684,
323,佳豪宾馆,自流井区,高新区一对山老车站斜对面汇东路与学院街交汇处旁边,,,,29.341468,104.764944,
323,富顺华诚宾馆,富顺县,釜江大道西段53号,,,,29.180159,104.966846,
323,檀香印象酒店,自流井区,檀木林大街中段252号,,,,29.355434,104.774653,
323,信德宾馆(解放路),自流井区,竹棚子路53号,,,,29.350529,104.773330,
323,幸福宾馆(汇东路店),自流井区,汇东路661号,,,,29.343795,104.772221,
323,紫藤酒店(四川轻化工大学店),自流井区,汇兴路紫藤佳苑3楼,,,,29.336208,104.764615,
323,四方宾馆,自流井区,丹桂大街524号,,,,29.328031,104.775797,
323,荣县月亮弯酒店,荣县,旭阳镇观斗山村10组,,,,29.436788,104.431598,
323,7天优品酒店(自贡汽车总站店),自流井区,汇东新区丹桂大街428号华昊盈佳大厦川南机电市场,,,,29.329665,104.776346,
323,桔朵酒店(双溪水库店),荣县,旭阳镇环城西路33号3栋,,,,29.456365,104.414762,
324,合江荔都宾馆,合江县,建设路中段12号,,,,28.806237,105.834941,
324,泸州蓝翔宾馆,纳溪区,丙灵路63号,,,,28.771234,105.376015,
324,泸州天天短租公寓,龙马潭区,云腾路6号4幢3层1单元7号,,,,28.908884,105.418830,
324,久联快捷酒店,江阳区,堰塘湾7号,,,,28.872005,105.445303,
324,龙城宾馆(泸州西南商贸城步步高新天地店),龙马潭区,大通路12号佳乐龙城大厦,,,,28.896617,105.429621,
324,合江东方宾馆,合江县,符阳路192号门市,,,,28.817221,105.826369,
324,泸州千叶酒店(水井沟步行街店),江阳区,广凤路兴新4号(长南城派出所院内),,,,28.882548,105.450140,
324,泸州景豪酒店(水井沟迎晖路店),江阳区,东门口1号楼(东门江边近迎晖路大世界电影城),,,,28.892884,105.453287,
324,添龙商务宾馆,龙马潭区,迎宾大道77号-7号门市,,,,28.910019,105.443492,
324,鑫源招待所(玉蟾大道店),泸县,明星路35号(客运站对面),,,,29.151626,105.369611,
324,泸州巴厘诺酒店(西南医科大学城北校区店),龙马潭区,新民街44号,,,,28.897651,105.433236,
324,合江忆豪宾馆,合江县,兴教街121号合江县汽车客运站旁边,,,,28.812331,105.827985,
324,合江天鹅宾馆,合江县,新华中路653门市,,,,28.814161,105.831458,
324,胜利商务宾馆,叙永县,环城南路277号,,,,28.160028,105.438662,
324,泸州惠晶宾馆,龙马潭区,向阳路24号,,,,28.898138,105.441659,
324,古蔺皇宫楼客栈(天立酒街店),古蔺县,古蔺镇天立酒街9号楼,,,,28.041945,105.798426,
324,四季朝阳大酒店,泸县,玉蟾大道625号,,,,29.152454,105.373537,
324,雪梨树主题酒店,江阳区,江阳中路37号楼,,,,28.879497,105.451038,
324,沄栖酒店(泸州高铁站店),龙马潭区,安宁大道2号25栋,,,,28.926768,105.449363,
324,半岛酒店(慈善路),江阳区,慈善路94号,,,,28.889290,105.453857,
324,新华宾馆(泸州市政府警察学院店),江阳区,飞跃街171号,,,,28.874792,105.435745,
324,泸县馨天诚酒店,泸县,玉蟾大道西段219号,,,,29.149058,105.351852,
324,泸州平安夜商务酒店(天远广场店),江阳区,蓝田镇蓝安中路2号(蓝田客运站上行100米),,,,28.851562,105.436100,
324,龙城大酒店(志城街),泸县,福集镇志城街,,,,29.149644,105.379006,
324,天河酒店(春雨路),龙马潭区,龙马大道二段45号楼22号,,,,28.910380,105.435936,
325,泰源旅馆(宜宾学院店),翠屏区,致富路12号,,,,28.793414,104.607398,
325,西部商务宾馆,筠连县,真武路165号,,,,28.160416,104.502019,
325,兴文怡家宾馆,兴文县,石海西路167号,,,,28.304103,105.228657,
325,金沙·时代酒店,叙州区,翠柏大道495号,,,,28.699089,104.545142,
325,宜宾永成快捷商务酒店(翠屏山大观楼店),翠屏区,西郊路59号,,,,28.760648,104.610989,
325,秀元宾馆,长宁县,竹海大道一段255号,,,,28.580202,104.912873,
325,泰升宾馆(宜宾大观楼冠英古街店),翠屏区,小北街57号,,,,28.768352,104.627074,
325,江安竹香精品酒店,江安县,建设路24号,,,,28.726217,105.069129,
325,三江苑宾馆,叙州区,柏溪翠柏路532号,,,,28.699627,104.547096,
325,筠连明珠宾馆,筠连县,银丰商城5栋外1-2号,,,,28.163425,104.509025,
325,宜宾·金苑|StayMellowElegantCalmWMLux酒店(翠屏区大观楼店),翠屏区,慈善路128号,,,,28.760863,104.614056,
325,江安竹苑宾馆,江安县,竹海大道297号,,,,28.725913,105.072275,
325,兴文蓝月星宾馆,兴文县,[],,,,28.303610,105.230239,
325,仙原商务宾馆,南溪区,长江大道西段301号,,,,28.836788,104.969849,
325,天下翠商务酒店,长宁县,永通路181号,,,,28.584371,104.918514,
325,宜宾汇源商务酒店(大观楼店),翠屏区,慈善路36号,,,,28.760806,104.615622,
325,经贸酒店,翠屏区,民主路108号,,,,28.766135,104.623398,
325,李庄古镇旅馆,翠屏区,奎星路64号,,,,28.804009,104.805860,
325,天一宾馆(长江大道中段),叙州区,南岸街道长江大道中段46号,,,,28.758651,104.629700,
325,宜宾港都酒店(大观楼店),翠屏区,西郊路17号,,,,28.760086,104.610336,
325,岷江酒店,翠屏区,北城街道北正街80号都市名园3栋,,,,28.771644,104.620351,
325,蜀南竹海碧湖酒店,长宁县,青龙湖景区停车场旁,,,,28.497842,105.056949,
325,珙县蓉鑫商务宾馆,珙县,茨梨村二社58号,,,,28.446141,104.715285,
325,凯凡商务酒店,翠屏区,栈房街24号,,,,28.763043,104.626854,
325,VALATOMS梵拉图酒店(宜宾大观楼合江门店),翠屏区,中山街15号,,,,28.768361,104.626143,
326,德昌鑫源旅馆,德昌县,蔑市街29号,,,,27.400699,102.182740,
326,西昌似家快捷酒店(火把广场月亮湖湿地公园店),西昌市,龙眼井街282号(一环路廊桥工商银行旁),,,,27.881315,102.256757,
326,荣新酒店(西昌旅游集散中心店),西昌市,长安兴盛路28号,,,,27.894592,102.230094,
326,西昌梦之旅商务宾馆(旅游集散中心),西昌市,长安西路州一医院长安分院旁阳光巷,,,,27.894288,102.230338,
326,西昌英豪宾馆,西昌市,健康一环路51号,,,,27.878524,102.262582,
326,冕宁金玉商务酒店,冕宁县,小东和步行街群裕路,,,,28.553540,102.173891,
326,西昌天仁宾馆,西昌市,吉祥一环路张家屯二组,,,,27.884332,102.248105,
326,西昌盛和宾馆,西昌市,长安西路阳光巷,,,,27.894517,102.230264,
326,家乐旅馆,西昌市,文汇北路张家巷44号,,,,27.893174,102.255723,
326,西昌泉顺大酒店(凉山第一人民医院店),西昌市,长安西路99号,,,,27.893030,102.230755,
326,甘洛阳光宾馆,甘洛县,新市坝镇团结北街254号,,,,28.972787,102.774857,
326,西昌宏祥商务宾馆,西昌市,佑君镇佑君路3号,,,,27.738963,102.160460,
326,兴兴旅社精品民宿,会理市,守府街135号,,,,26.655084,102.248550,
326,永丰宾馆,西昌市,花园路169号,,,,27.870837,102.261827,
326,西昌丽豪假日酒店(沃尔玛时代广场店),西昌市,吉祥路中段(向明假日酒店隔壁),,,,27.884276,102.248218,
326,派酒店(航天大道吉祥路店),西昌市,张家屯村二组吉祥路中段,,,,27.884033,102.247389,
326,古城客栈(上翔街店),德昌县,上翔街61号(钟鼓楼旁),,,,27.406149,102.181527,
326,318汽车旅馆(西昌店),西昌市,张家屯2组吉祥路,,,,27.883186,102.246719,
326,惠君宾馆,西昌市,长安西路172号,,,,27.894237,102.229097,
326,金色稻城酒店,西昌市,文汇二环路国家电网背后,,,,27.882752,102.247469,
326,会东宾馆,会东县,鲹鱼河镇人和东街29号,,,,26.632724,102.577037,
326,名轩商务酒店(西昌月亮湖湿地公园店),西昌市,康乐路18号,,,,27.882605,102.238922,
326,瑞尔商务酒店,西昌市,商业街三段55号,,,,27.891745,102.256836,
326,西昌珠峰酒店(建昌古城店),西昌市,顺河路48号,,,,27.885503,102.267513,
326,紫金石酒店(西昌旅游集散中心西客站店),西昌市,海河路5号,,,,27.883153,102.238764,
327,攀枝花福源旅馆,仁和区,宝兴南街89号(三嫂子火锅旁),,,,26.495622,101.738052,
327,攀枝花紫荆山宾馆,东区,攀枝花大道东段鸿福巷1号附1号,,,,26.574212,101.728603,
327,攀枝花大河旅社,仁和区,仁和街96号,,,,26.494837,101.740016,
327,(特)攀枝花福光招待所,东区,攀枝花大道东段369号,,,,26.574411,101.726842,
327,金沙宾馆(攀枝花大道中段),东区,攀枝花大道中段248号,,,,26.555124,101.701005,
327,攀枝花银河宾馆(攀枝花市中心医院店),东区,攀枝花大道中段678号附近,,,,26.542608,101.708859,
327,攀枝花忆佳商务宾馆,仁和区,宝兴北街63号(仁和广场旁),,,,26.498426,101.733932,
327,攀枝花虎豪商务宾馆,东区,攀枝花大道中段347号国贸大厦F2层,,,,26.544124,101.705560,
327,九龙酒店(攀枝花中心医院店),东区,攀枝花大道中段493号,,,,26.543158,101.709022,
327,攀枝花凯帝康养酒店,东区,密地街道飞马巷29号,,,,26.574309,101.752251,
327,三合商务宾馆,西区,弄弄坪西路531号,,,,26.595831,101.643238,
327,天天宾馆(弄弄坪中路),东区,弄弄坪中路69号,,,,26.568492,101.696631,
327,攀枝花有家商务宾馆(仁和广场银泰店),仁和区,攀枝花大道南段1153号浩远兰庭附15号,,,,26.503675,101.730875,
327,向家宾馆(中西医结合医院店),东区,民生路海岸生活广场2栋(西海岸市场旁),,,,26.583352,101.721346,
327,攀枝花逸达宾馆,东区,攀枝花大道东段983号,,,,26.574510,101.710266,
327,锦听连锁南山映象大酒店(攀枝花仁和店),仁和区,迤沙拉大道633号,,,,26.527138,101.711171,
327,金龙宾馆(城中街),米易县,攀莲镇城中街2号,,,,26.885152,102.111797,
327,都市酒店(攀枝花中心医院店),东区,攀枝花大道中段752号,,,,26.538767,101.710949,
327,川惠大酒店,东区,人民街394号,,,,26.578759,101.709447,
327,聚龙酒店(攀枝花火车南站仁和广场店),仁和区,正商街4号(妇幼保健院斜对面),,,,26.494277,101.731803,
327,玲珑雅居精品酒店(攀枝花南站仁和广场店),仁和区,弯庄村下湾庄组正商街30号,,,,26.494055,101.732398,
327,锦江之星酒店(攀枝花东区政府店),东区,攀枝花大道中段474号,,,,26.545088,101.704202,
327,新视窗酒店(盐边店),盐边县,西环南路71号(近月潭公园),,,,26.672112,101.846921,
327,米易攀丰宾馆,米易县,攀莲镇顺墙南街17号(客运中心旁),,,,26.883961,102.111136,
327,OYO金河来商务宾馆(西路小学正商街店),仁和区,渡仁西线西路小学前行100米,,,,26.490503,101.734259,
328,海冰·精品酒店(泸定磨西古镇店),泸定县,神鹰路8号,,,,29.639224,102.127247,
328,中路藏寨田园酒店,丹巴县,中路乡基卡依村二组,,,,30.888263,101.929979,
328,康定木雅背包客栈,康定市,新都桥镇新二村18号,,,,30.038052,101.506397,
328,丹巴美人谷宾馆,丹巴县,光明路23号,,,,30.877261,101.886871,
328,海螺沟渝都商务酒店,泸定县,海螺沟景区磨西镇海螺沟大道418号,,,,29.646035,102.124393,
328,泸定县海螺沟睿琪酒店,泸定县,海螺沟景区磨西镇民俗风情小区红叶巷,,,,29.639816,102.128616,
328,丹巴金牦牛宾馆,丹巴县,章谷镇西河北路12号,,,,30.877783,101.879368,
328,鱼子西央措林民宿,康定市,新都桥镇鱼子西二村一组19号,,,,30.102242,101.562437,
328,沁玉酒店(康定中学店),康定市,炉城街道木雅路(康定中学旁),,,,30.021679,101.961533,
328,泸定宾朋酒店,泸定县,安乐坝瑞金路,,,,29.898437,102.226579,
328,雅江龙啸祥瑞酒店,雅江县,电梯公寓1层,,,,30.031274,101.017171,
328,竹哇仓民宿酒店,巴塘县,夏邛镇茶雪村1组21号附33号,,,,29.974002,99.087591,
328,丹巴拉姆藏家民宿,丹巴县,墨尔多山镇克格依村1组15号,,,,30.896325,101.942025,
328,泸定骑迹客栈,泸定县,瑞金路186号,,,,29.893812,102.224347,
328,不羁青年旅舍,康定市,郭达街10号,,,,30.054772,101.975441,
328,道孚渝鑫宾馆,道孚县,八美镇八美中路64-2号,,,,30.484935,101.478038,
328,巴塘幸福圆梦民宿,巴塘县,茶雪村1组21号附30号,,,,29.974200,99.087951,
328,云游日记民宿(新都桥一店),康定市,新都桥镇新一村12号,,,,30.040758,101.489627,
328,玛荣仓民宿,甘孜县,东大街11号,,,,31.618111,99.992648,
328,海螺沟木屋人家,泸定县,杉树坪村1组10号,,,,29.611727,102.108418,
328,理塘邂逅客栈,理塘县,幸福东路360号,,,,29.989375,100.278596,
328,稻城亚丁旅影酒店,稻城县,香格里拉镇呷拥社区30号,,,,28.558753,100.350788,
328,布中藏宅温泉民宿,巴塘县,夏邛镇茶雪村1组21号附12号,,,,29.975820,99.089083,
328,雅江大酒店,雅江县,解放街169号,,,,30.030253,101.014215,
328,海螺沟金樽大酒店,泸定县,古镇海螺沟大道227号,,,,29.643132,102.126429,
329,雅安美家客栈(快铁站店),雨城区,汉阙路1号汉都华府1-3,,,,30.023352,103.051682,
329,正兴宾馆(穆坪中街),宝兴县,穆坪中街16号(十字街口),,,,30.368132,102.813831,
329,雅安雅城商务酒店,雨城区,沿江北路110号,,,,29.994079,102.995327,
329,雅安顺溜宾馆,雨城区,货运站西南大市场3栋12号,,,,29.998454,102.991879,
329,雅安上古中心酒店(上里古镇店),雨城区,上里学校西北门东480米,,,,30.176221,103.075423,
329,红恒商务宾馆,雨城区,挺进路63号,,,,29.991101,103.004476,
329,雅安尚都酒店,雨城区,挺进路69号(近第二人民医院),,,,29.990830,103.004766,
329,红星宾馆,雨城区,碧峰峡路265号,,,,30.007050,103.010429,
329,汉源四海酒店,汉源县,富林大道二段55号(汉源汽车站前100米),,,,29.349223,102.642516,
329,雅安森林花语酒店,雨城区,碧峰峡风景区碧峰峡镇碧峰村4组19号(熊猫基地对面),,,,30.067562,102.990112,
329,雅安鑫禧苑宾馆,雨城区,康藏路495号,,,,29.998401,102.992175,
329,天全二郎山一号客栈(喇叭河店),天全县,318国道西侧,,,,29.921088,102.384735,
329,雅安毅豪商务宾馆,雨城区,少宁宫路72号,,,,29.982962,103.008430,
329,雅安舒雅宾馆,名山区,茶都大道246号,,,,30.074393,103.109419,
329,佳驿商务宾馆,雨城区,"陇西路191号(雅安北高速路出口处,西康乌木市场旁)",,,,30.012734,103.010570,
329,紫金山宾馆(人民路店),石棉县,人民路一段106号,,,,29.237065,102.362897,
329,宝兴喜洋洋商务酒店,宝兴县,灵关南路19号,,,,30.247739,102.830527,
329,汉源梨城宾馆,汉源县,九襄镇商业广场一街2号,,,,29.498167,102.626120,
329,美客美家酒店(汉源滨湖路店),汉源县,富林镇滨湖大道136号,,,,29.346349,102.656841,
329,石棉凤翔浪琴湾主题酒店,石棉县,滨河路四段586号,,,,29.228685,102.362487,
329,荥经阳光商务酒店,荥经县,严道镇同心下街66号,,,,29.798835,102.848425,
329,山川宾馆(文化路一段),石棉县,文化路4号,,,,29.236037,102.361847,
329,石棉金禾源主题酒店,石棉县,"河北路三段338号(水天名城2幢)通往康定海螺沟及西昌必经之地,近高速出口",,,,29.243053,102.366322,
329,石棉世纪商务酒店,石棉县,青年路238号世纪广场左侧,,,,29.226684,102.361045,
329,田园印象酒店,雨城区,上坝路太阳巷15号,,,,29.977079,103.014556,
330,若尔盖郎木宾馆,若尔盖县,达扎寺镇麦溪路49号,,,,33.582480,102.951910,
330,汶川水磨镇迎宾客栈,汶川县,水磨镇禅寿老街万年台旁,,,,30.930515,103.420829,
330,郎木寺锦源宾馆,若尔盖县,郎木寺回民村75号,,,,34.089287,102.630219,
330,松潘小欧洲青年旅舍,松潘县,[],,,,32.644547,103.600573,
330,若尔盖红星商务宾馆,若尔盖县,213国道与248国道交叉口东南200米,,,,34.099176,102.733093,
330,川主寺黄龙宾馆(金星路店),松潘县,川主寺镇金星路8号,,,,32.783847,103.628600,
330,九寨沟瀚林阳光酒店,九寨沟县,九寨大道38号永丰花园二期,,,,33.242441,104.249177,
330,川主寺鹏程酒店(黄龙九寨站),松潘县,川主寺镇中心主街红星路24号,,,,32.779173,103.627090,
330,若尔盖扎西宾馆,若尔盖县,达扎寺镇园丁街63号,,,,33.572715,102.962119,
330,松潘川主寺义德大酒店,松潘县,川主寺旅游集散区金星路S301号省道旁,,,,32.783019,103.629241,
330,新如家商务酒店,汶川县,较场街博物馆旁,,,,31.472636,103.581162,
330,黑水彩林第一寨客栈,黑水县,[],,,,32.118591,102.933098,
330,汶川平安旅店,汶川县,汶川县图书馆南门旁,,,,31.472292,103.580816,
330,汶川山水苑客栈,汶川县,卧龙镇足木山村花红树组19号,,,,31.026723,103.180898,
330,黄浦大酒店,九寨沟县,永乐镇一号桥头,,,,33.249915,104.247013,
330,松潘逸雅民宿,松潘县,镇江关村2组163号附1号,,,,32.325363,103.721967,
330,小金县溪山墅民宿,小金县,新桥乡北马村5组19号,,,,31.034125,102.321975,
330,汶川广营宾馆,汶川县,映秀镇秀坪路71号,,,,31.053783,103.486837,
330,沙拉小院(长坪沟旅游路1号分店),小金县,四姑娘山长坪村金字街38号,,,,31.002459,102.850408,
330,汶川雨霏客栈,汶川县,映秀镇映月东路76号,,,,31.054995,103.491219,
330,初见·小筑Villa半山全景别院(四姑娘山店),小金县,四姑娘山镇人民政府东南门东420米,,,,30.994092,102.834282,
330,四姑娘山九月山间艺术酒店,小金县,四姑娘山镇长坪村金字街56号(近长坪沟景区售票处),,,,30.999800,102.847079,
330,元安商务宾馆,松潘县,进安镇金坑坝新区,,,,32.648079,103.603079,
330,九寨沟彭丰大酒店,九寨沟县,彭丰村,,,,33.269675,103.908875,
330,黑水金宝大酒店,黑水县,彩林路113号,,,,32.081336,102.980579,
332,阳泉正达宾馆,城区,南大街157号,,,,37.854470,113.588824,
332,阳泉市郊区镇中酒店,郊区,荫营镇政府对面,,,,37.939120,113.572688,
332,盂县天惠酒店,盂县,秀水西街95号,,,,38.086387,113.409169,
332,阳泉梅子酒店,城区,安康家园南门东南70米,,,,37.864523,113.596226,
332,阳泉景泓宾馆,城区,南山南路198号(4路汽车站旁),,,,37.845721,113.576104,
332,天和道一快捷酒店,城区,福寿街17号(百纺购物中心对面),,,,37.861432,113.587601,
332,桃园宾馆(桃园路店),盂县,秀水东街桃园路6号(人民银行向东100米),,,,38.084560,113.422611,
332,汇通商务会馆,郊区,"阳泉+郊区+李荫路黄砂岩路段+,近广汽本田福银店",,,,37.918887,113.572490,
332,阳泉海悦大酒店,城区,德胜东街310号,,,,37.855143,113.595890,
332,盂县盛世梅园酒店,盂县,金龙街十字路口,,,,38.090960,113.429318,
332,盂县学府商务酒店,盂县,金龙东街中段(近二中),,,,38.091826,113.425989,
332,阳泉小利快捷宾馆,城区,新建街320号(阳泉盐业公司)西10米,,,,37.858458,113.595105,
332,东兴酒店,盂县,秀水东街18号,,,,38.083848,113.417954,
332,盂县天圆公寓,盂县,秀水西街11号,,,,38.085672,113.411959,
332,盂县佳人旅馆,盂县,中医院往东旧街300米右边胡同,,,,38.090437,113.461764,
332,阳泉泉美快捷酒店,矿区,桃北中路106号(距天利购物中心300米、阳煤集团500米),,,,37.867031,113.559894,
332,娘子关宾馆,平定县,315省道附近娘子关镇,,,,37.963702,113.875294,
332,阳泉金鼎电竞民宿,城区,兴隆步行街日日新购物广场楼上,,,,37.861512,113.586132,
332,盂县鸿玫桂旅馆,盂县,孙家庄镇交孙线中国农业银行西100米,,,,38.090363,113.461421,
332,如家酒店(阳泉平定广阳路冠山景区店),平定县,西外环路冠山逸城转盘口往西50米,,,,37.805756,113.606562,
332,朋悦宾馆,平定县,冠山镇东大街东关物流中心东方驾校旁001号商铺,,,,37.788767,113.643405,
332,阳泉多多假日酒店,郊区,平坦镇桃林沟村果蔬市场6号库房1号仓库,,,,37.889582,113.552252,
332,如家华驿精选酒店(阳泉火车站店),城区,如家旗下-华驿精选酒店火车站店,,,,37.856331,113.597670,
332,平定九九乐快捷酒店,平定县,东大街15号,,,,37.798026,113.632190,
332,紫轩国际,盂县,金龙街延伸线第四中学对面,,,,38.093233,113.387034,
333,花正开青年旅舍,平城区,新华街道花园里北街104号,,,,40.105139,113.286245,
333,荟聚青年旅舍,平城区,延昌路E家公寓5层,,,,40.050701,113.284706,
333,须尽欢青年旅舍(大同古城火车站店),平城区,武定北路173号二楼,,,,40.110006,113.302257,
333,大同宏源旅店,平城区,新建北路50号,,,,40.116708,113.297561,
333,古都青年旅舍,平城区,[],,,,40.084719,113.283285,
333,自然醒全女青年旅舍(大同古城永泰门店),平城区,迎宾街桐城中央商务公寓20层,,,,40.075612,113.300956,
333,浪漫满屋主题宾馆,云冈区,恒安新区Q2区西南角20号,,,,40.016199,113.233696,
333,广灵延陵宾馆,广灵县,延陵路中段武装部南20米路东,,,,39.761267,114.281454,
333,大同三和民宿(大同火车站店),平城区,新华街三和小区3号楼三单元2号商铺,,,,40.119212,113.299387,
333,大同东关家庭宾馆,平城区,兴和路119号龙升园小区4号楼一单元11层,,,,40.099860,113.318044,
333,站北快捷宾馆(大同火车站店),平城区,新华街道火车站站北街3号,,,,40.121600,113.302489,
333,浑源忠义旅馆,浑源县,红卫旅馆附近,,,,39.700393,113.697291,
333,大同左邻右舍快捷酒店,平城区,昌宁街491号东信广场小区1号楼1单元3层,,,,40.051736,113.290698,
333,大同泽然旅店,平城区,长青街御北园南商铺5号,,,,40.096984,113.322579,
333,大同元太旅馆,平城区,魏都大道东风里福园小区1-10号,,,,40.114955,113.294701,
333,大同红东宾馆,平城区,东风后街与东风西街交叉口南50米,,,,40.114356,113.290969,
333,金有宾馆,平城区,西环路1013号,,,,40.078486,113.268894,
333,大同桥西浴园酒店,平城区,拥军北路桥西浴园,,,,40.116731,113.281522,
333,大同龙盛宾馆,平城区,云中路181号,,,,40.100344,113.282631,
333,大同夏阳宾馆,云冈区,泉辉街旁新五区博贸小区往南200米平泉集贸市场旁,,,,40.016942,113.178869,
333,大同慢时光太空舱公寓,平城区,永泰街道永泰南路格兰云天E座1015室,,,,40.070787,113.303020,
333,豪达商务酒店(大同绿洲店),平城区,铁牛里金色水岸绿洲12号楼,,,,40.106025,113.321130,
333,大同同顺快捷旅店(大同古城墙东门店),平城区,新旺乡御北苑南商24号,,,,40.096999,113.320766,
333,大同悦客宾馆,平城区,城区魏都大道金湖国际B座501室,,,,40.118798,113.300240,
333,大同幸福公寓,平城区,北关街道魏都大道红卫里小区7号楼5单元1号,,,,40.116281,113.298647,
334,谷丰宾馆(府南路),孝义市,府南路42号,,,,37.143916,111.774886,
334,牛人如家酒店,文水县,南安镇杨乐堡村王川堡小组,,,,37.460466,112.279143,
334,会鑫宾馆(大众路),孝义市,大众南路347号,,,,37.140231,111.780504,
334,孝义鑫都快捷酒店,孝义市,府南路28号,,,,37.143044,111.774496,
334,方山县新七天酒店,方山县,峪口镇峪口村,,,,37.740350,111.224044,
334,鑫都宾馆(新建街店),离石区,新建街150号,,,,37.519541,111.153583,
334,金鹏宾馆(吕梁永宁西路店),离石区,六一巷与永宁西路交汇南70米路西侧,,,,37.517400,111.135169,
334,铭宸酒店(文水汽车站店),文水县,凤凰路与子夏大街交叉口东北角,,,,37.442616,112.024999,
334,吉庆温泉假日酒店,孝义市,永安路东段298号(汽车站往北100米),,,,37.144181,111.798803,
334,贝壳酒店(文水西山公园店),文水县,新国道与则天大街交叉口北500米路东,,,,37.443032,112.016433,
334,吕梁方圆宾馆,离石区,长治路西153号,,,,37.528838,111.127549,
334,莫奈花园酒店(吕梁离石店),离石区,龙山路571号(近五一街),,,,37.519312,111.157713,
334,威乐祥和公寓,孝义市,敬德街与湖滨路交叉口西60米,,,,37.117775,111.771575,
334,孝义四海宾馆,孝义市,二环路能源大酒店斜对面100米,,,,37.151925,111.766225,
334,临县宾馆,临县,[],,,,37.956689,110.994559,
334,孝义祥和苑宾馆,孝义市,建西街336号,,,,37.148028,111.778954,
334,兴县兴隆宾馆,兴县,313省道附近,,,,38.463907,111.119788,
334,华宇大酒店,兴县,新建西路138号,,,,38.467963,111.117777,
334,孝义嗨友酒店,孝义市,永安路319号汽车站往北100米,,,,37.143709,111.798074,
334,孝义市商务宾馆,孝义市,永盛路47号(能源大酒店北200米),,,,37.152206,111.765731,
334,365假日酒店(东河明珠西南),岚县,向阳路41号,,,,38.274688,111.682998,
334,嗨友酒店(天福广场店),孝义市,青年路42号,,,,37.142895,111.789355,
334,汾阳市吕梁四海商务酒店,汾阳市,广通大厦1层(古楼西街与学院路交叉口),,,,37.270225,111.779825,
334,兴华快捷酒店(世纪广场店),离石区,国贸大酒店对面,,,,37.514300,111.140474,
334,昌德商务酒店(离石世纪广场店),离石区,"八一街82号,近吕梁房地产管理局",,,,37.519051,111.138546,
335,客隆宾馆,河津市,道北路,,,,35.589310,110.706023,
335,稷山凯盛宾馆,稷山县,稷王南路二鹏电动工具边,,,,35.595728,110.979949,
335,河津君悦商务宾馆(河津台头庙文化休闲广场店),河津市,新耿南街津粮大酒店斜对面,,,,35.582043,110.713226,
335,平陆天河宾馆,平陆县,天河建材市场西门北70米,,,,34.835969,111.195446,
335,优家宾馆,平陆县,春元街与古虞路交叉口东140米,,,,34.832550,111.211408,
335,闻喜东镇弘毅宾馆,闻喜县,东镇太风路9号,,,,35.429565,111.315558,
335,绛县华祥商务宾馆,绛县,绛县人大常委会东南门旁,,,,35.491817,111.572371,
335,河津新时代宾馆,河津市,城区街道紫金街城北门庐里面,,,,35.590220,110.706144,
335,平陆鸿运商务酒店,平陆县,圣人涧镇茅津路老汽车站对面鸿运商务酒店二楼,,,,34.835680,111.221768,
335,四通宾馆(运城中学东校区万达广场店),盐湖区,禹都大道与学苑路交叉口,,,,35.042198,111.020649,
335,运城经济开发区向上商务酒店,盐湖区,运城经济开发区禹都十一区北楼12号,,,,35.055542,111.025174,
335,闻喜迎宾楼宾馆,闻喜县,太风西路春天服饰二楼,,,,35.354188,111.218353,
335,运城云来宾馆(南风广场火车站店),盐湖区,黄河大厦立交桥西侧392号,,,,35.027892,110.993475,
335,平陆傅岩宾馆,平陆县,圣人大街35号(城关医院斜对面),,,,34.836970,111.219975,
335,运城源园宾馆(南风广场店),盐湖区,高家垣中巷西11号(南风广场东100米),,,,35.028146,111.005952,
335,绛县佳运商务酒店,绛县,厢城西街,,,,35.481981,111.563665,
335,大天鹅商务酒店,平陆县,平陆东街(原城关派出所北),,,,34.837969,111.222329,
335,红楼宾馆,平陆县,茅津路28号,,,,34.833580,111.221685,
335,运城结惠宾馆,盐湖区,凤凰北路购物中心向南20米恩惠来大药房对面廉家巷1号,,,,35.018791,110.994719,
335,天天红宾馆,稷山县,大佛农贸市场中段,,,,35.602856,110.984889,
335,运城金马公寓(运城中学万达广场店),盐湖区,禹都大道965号,,,,35.049346,111.025284,
335,青云宾馆,河津市,汾滨街铁路桥北麟岛社区背后,,,,35.589391,110.706012,
335,鑫源宾馆(飞云北路),万荣县,汇源街与张高线交叉口西北40米,,,,35.420722,110.835471,
335,新视点快捷酒店(运城盐湖南风广场店),盐湖区,禹都西街中段(新视点KTV4层),,,,35.023077,110.994980,
335,心悦电竞酒店(运城学院附属中学店),盐湖区,槐豫中路与槐东南路交叉口向西20米路南(槐树凹东口巷内20米),,,,35.032599,111.016540,
336,高平星光旅馆,高平市,神农北路小北庄8排4号,,,,35.794599,112.937837,
336,高平丽然旅馆,高平市,东关正街30号,,,,35.796911,112.926926,
336,高平永凌旅馆,高平市,东关正街门牌5号新华书店对面诚信中学向西120米,,,,35.796126,112.926593,
336,晋城长虹旅馆,城区,市医院东100米文昌东街望川楼社区西四路内100米,,,,35.483733,112.863235,
336,高平恒宇旅馆,高平市,广场西东关正街38号(工商银行后巷内50米),,,,35.797182,112.926903,
336,高平当代旅馆,高平市,丹河南路116号,,,,35.789674,112.932772,
336,晋城绿皮火车青年旅舍,城区,南街街道红星西街金缘小区九单元202室,,,,35.495825,112.844625,
336,高平昌盛昌宾馆,高平市,南城办下玉井村,,,,35.768839,112.915833,
336,高平龙城宾馆,高平市,南城街道长晋线,,,,35.768870,112.937552,
336,晋城喜福华宾馆,城区,景西路泰森商贸区60号,,,,35.500798,112.829844,
336,晋城薇客时光宾馆,城区,新市西街231号,,,,35.501312,112.851833,
336,高平盛康旅馆,高平市,东城街道太洛路274号,,,,35.786201,112.930236,
336,高平如意来宾馆,高平市,东关正街6号(新华书店对面500米),,,,35.796051,112.926916,
336,国瑞宾馆(小东河),城区,新市西街小东河55号(白云商场背后),,,,35.499833,112.846561,
336,晋城爱巢宝贝主题酒店,城区,建设路1183号(红星小学南侧),,,,35.495008,112.849876,
336,沁水舒雅宾馆,沁水县,新建西街417号,,,,35.688515,112.183345,
336,晋城创客旅馆,城区,文昌东街828号望川楼小区西四路2号(凤鸣小区斜对面),,,,35.483732,112.863408,
336,晋城鑫鑫宾馆,城区,小东河246号(市运车站背后),,,,35.498590,112.847526,
336,高平佳易旅馆,高平市,北城东关后街47号(诚信中学对面),,,,35.795849,112.928205,
336,晋城安泰大酒店,城区,凤台西街1012号3层,,,,35.489735,112.845056,
336,长安快捷旅馆,城区,长安路285号4户,,,,35.487613,112.857048,
336,晋城泊客小栈(泽州公园店),城区,红星西街,,,,35.495950,112.847824,
336,皇城相府满林快捷酒店,阳城县,北留镇皇城村,,,,35.513695,112.581138,
336,东沙宾馆,高平市,神农镇东沙村135号,,,,35.879573,112.982382,
336,鸣凤宾馆(凤鸣店),城区,太行路602号南端,,,,35.484828,112.861546,
337,鑫鑫宾馆(东大街),长子县,东大街东关岗楼东50米,,,,36.118927,112.893128,
337,乐居旅馆(长治医学院店),潞州区,东关街北二巷5号,,,,36.178331,113.126861,
337,长治春城旅店,潞州区,和平西街60号,,,,36.172777,113.102012,
337,7天酒店(长治壶关新建路人民医院店),壶关县,新建路400号,,,,36.108264,113.205726,
337,云山宾馆(长兴南路),潞州区,长兴南路62号,,,,36.177578,113.112999,
337,裕龙快捷酒店,潞城区,店上镇裕龙快捷酒店,,,,36.438591,113.107644,
337,襄垣皇都宾馆,襄垣县,新建西路1号,,,,36.530860,113.040845,
337,长治欢聚时光公寓,潞州区,英雄中路摩登时代18楼D区1809,,,,36.184867,113.112185,
337,OYO梦之约酒店,潞州区,解放西街附近,,,,36.179259,113.094789,
337,沁源明日旅店,沁源县,北园村桃园街,,,,36.516032,112.341315,
337,7天酒店(长治屯留会堂店),屯留区,建设北路058号,,,,36.317536,112.890975,
337,长治祥瑞旅馆(万达广场店),潞州区,高新区捉马村飞龙巷90号,,,,36.210221,113.117380,
337,潞城宾馆,潞城区,中华东街218号,,,,36.327358,113.237218,
337,振东宾馆,上党区,国税局旁,,,,36.051588,113.064339,
337,沁州宾馆,沁县,东风街53号,,,,36.757654,112.699872,
337,长治家缘旅馆,潞州区,高新区捉马村广开巷63号,,,,36.210603,113.117958,
337,7天酒店(长治城隍庙店),潞州区,西大街9号(昌盛电脑城对面),,,,36.184632,113.105828,
337,长治紫明旅店,潞州区,紫金西街紫坊东街39号,,,,36.202389,113.096556,
337,长治紫燕旅馆,潞州区,紫东街52号,,,,36.202045,113.097508,
337,长治平安旅馆,潞州区,德化门东街华东小区,,,,36.167021,113.109385,
337,长治致朋旅馆,潞州区,城区南营三巷15号,,,,36.171132,113.102666,
337,长治清新旅馆,潞州区,太行东街柏后村柏后东街26号,,,,36.200206,113.141355,
337,长治宇星旅馆,潞州区,高新区捉马村卫生巷78号,,,,36.207175,113.124775,
337,云上四季酒店(平顺文卫路店),平顺县,如家华驿酒店,,,,36.209339,113.449289,
337,7天酒店(长治上党区凯德世家广场店),上党区,韩店街道府后东街21号,,,,36.053400,113.060018,
338,山阴8度快捷宾馆,山阴县,府西街澳门豆捞对面,,,,39.525233,112.808574,
338,环宇快捷宾馆(南环街店),山阴县,南环路西康庄街文萃二区九排2号,,,,39.517295,112.809580,
338,朔州惠丰宾馆,朔城区,迎宾街附近,,,,39.318174,112.443892,
338,朔州金隆快捷宾馆,朔城区,北关路百福时尚乐园对面,,,,39.324191,112.426609,
338,怀仁宏达宾馆,怀仁市,新华南路捷安配货中心旁,,,,39.790499,113.105016,
338,山阴寻梦快捷宾馆,山阴县,山阴县人民法院南门旁,,,,39.517317,112.809686,
338,银星宾馆(开发南路),朔城区,开发南路永信市场与玉百商场中间,,,,39.316193,112.436632,
338,山阴凯迪商务宾馆,山阴县,青年西街碧霄2区29号,,,,39.522260,112.807403,
338,悠然阳光快捷宾馆,朔城区,开发南路新华书店南60米,,,,39.322117,112.435033,
338,怀仁春山商务宾馆,怀仁市,怀义西街汽车站十字路口东侧,,,,39.803289,113.102561,
338,糖果快捷酒店(怀仁火车站仁义广场店),怀仁市,邮电局小区北门东60米,,,,39.816565,113.098466,
338,山阴明悦宾馆,山阴县,同太路1号(德克士旁),,,,39.526835,112.821248,
338,怀仁如居阁宾馆,怀仁市,怀义街11号,,,,39.804085,113.101541,
338,怀仁新春连锁宾馆,怀仁市,云州西街52号,,,,39.827895,113.099103,
338,怀仁宏盛快捷宾馆,怀仁市,怀安大街59号(祥宇婚庆主题酒店西侧),,,,39.816626,113.095947,
338,怡然之家快捷宾馆,山阴县,府南路,,,,39.525421,112.817006,
338,怀仁雅鑫宾馆,怀仁市,仁人北路161号,,,,39.829519,113.104397,
338,怀仁芒果酒店,怀仁市,市天合西街40号,,,,39.819558,113.095964,
338,怀仁平安连锁宾馆,怀仁市,山西省朔州市怀仁市仁里路湘久江北300米,,,,39.826564,113.098005,
338,红日公寓(现代店),怀仁市,[],,,,39.810782,113.106902,
338,柠檬快捷宾馆(西环路店),山阴县,西城管理委员会西环路,,,,39.524650,112.812408,
338,右玉粮贸宾馆,右玉县,玉林西街县政府西300米,,,,39.987631,112.464251,
338,爱家宾馆(仁爱北路店),怀仁市,仁爱北路一中苑东门往北200米十字路口,,,,39.822608,113.115410,
338,怀仁馨缘宾馆,怀仁市,云中镇怀安西街迎宾广场西侧1号,,,,39.816350,113.100270,
338,朔州东方商务酒店,朔城区,文远路117号,,,,39.355439,112.458522,
339,怡宾楼宾馆,代县,108国道水利局东,,,,39.066590,112.968558,
339,忻州好梦真宾馆,忻府区,和平西街小卢野北六巷同城酒库巷子里西六排第一户,,,,38.430149,112.723657,
339,耀龙大酒店,定襄县,忻阜路221号,,,,38.476305,112.950545,
339,龙河宾馆(石龙街),繁峙县,石龙街125号,,,,39.192745,113.259682,
339,繁峙砂河金河宾馆,繁峙县,迎宾街火车站西100米,,,,39.263551,113.565183,
339,河曲县温馨宾馆,河曲县,唐坪北路北加油站对面,,,,39.383343,111.157607,
339,福海商务宾馆(广场东街),静乐县,广场东街45号,,,,38.351710,111.945587,
339,原平新雅宾馆,原平市,京原北路348号,,,,38.732874,112.721720,
339,汾河酒店,宁武县,凤凰西大街1号,,,,38.997581,112.304871,
339,迎宾旅馆(台忻线店),五台县,东冶镇台忻线北大街一区北边100米,,,,38.650475,113.151875,
339,憨山酒店(五台山火车站店),繁峙县,迎宾东大街五台山站东南约50米,,,,39.263632,113.568180,
339,鑫鑫宾馆,宁武县,东寨镇汾源大街山西宁武农村商业银行对面,,,,38.806536,112.109350,
339,保德中亚湾商务酒店,保德县,兴康街102号,,,,39.028096,111.098896,
339,格日宾馆,原平市,京原南路358号,,,,38.726715,112.720047,
339,阳光商务酒店,保德县,府前大街与康乐路交叉口西南角(神华中学对面),,,,39.023191,111.089965,
339,金诚宾馆(开来欣悦购物广场店),忻府区,卢野村和平西街北6巷5号,,,,38.429402,112.723734,
339,忻州荣鑫宾馆,忻府区,顿村度假东街2号,,,,38.497204,112.704554,
339,忻州荣兴宾馆,忻府区,新建路街道和平西街北3巷3号,,,,38.429181,112.725492,
339,五台福缘宾馆,五台县,福隆商城,,,,38.723803,113.259775,
339,兴隆大酒店(永丰街店),繁峙县,向阳路兴隆商厦南侧,,,,39.187966,113.270955,
339,建安宾馆(团结路),定襄县,团结路4号,,,,38.475243,112.957015,
339,星湖湾快捷酒店,定襄县,解放路光明巷北口,,,,38.485571,112.966071,
339,格林豪泰(忻州建设南路店),忻府区,建设南路8号,,,,38.417833,112.722375,
339,驿家快捷酒店,忻府区,温泉大街附近,,,,38.419063,112.699222,
339,保德宾馆(府前大街店),保德县,[],,,,39.022942,111.087071,
340,襄汾舒逸宾馆,襄汾县,108国道东侧(交通局南50米),,,,35.878511,111.437300,
340,曲沃太和旅店,曲沃县,太和北路超群麻花店南侧巷内,,,,35.642371,111.471801,
340,临汾舒雅宾馆,尧都区,秦蜀路中级人民法院,,,,36.069097,111.505965,
340,洪洞中粮宾馆,洪洞县,古槐南路31号,,,,36.255067,111.674279,
340,临汾鼎悦商务快捷酒店,尧都区,贾得乡乔家庄中大街1号,,,,36.056357,111.518230,
340,洁康商务酒店,襄汾县,龙山路28号,,,,35.880747,111.438146,
340,临汾锦尚快捷酒店,尧都区,思麦尔信百年茶城北门东150米,,,,36.056859,111.523093,
340,骏怡连锁酒店(临汾安泽县汽车站店),安泽县,荀乡西大道213号,,,,36.152917,112.240793,
340,佳园宾馆(滨河路店),霍州市,滨河北路,,,,36.584411,111.717595,
340,京临酒店(临汾平阳广场店),尧都区,"平阳北街26号(平阳北街与车站街交叉口西南角,铁路体育馆对面)",,,,36.085837,111.529191,
340,际华商务宾馆,侯马市,程王路52号,,,,35.621666,111.379342,
340,望岳楼快捷宾馆(荀子文化园店),安泽县,沁河桥桥头,,,,36.143262,112.255751,
340,临汾景轩快捷酒店(山西电子科技学院店),尧都区,选煤厂路与329省道交叉口东50米,,,,36.143916,111.472820,
340,翼城金山酒店,翼城县,翔翼东街舜尧商贸城北门马路对面,,,,35.741716,111.714560,
340,五岳大酒店(磁选机商贸大厦东南),翼城县,翔翼西街128号(鑫辰大楼对面),,,,35.741634,111.705680,
340,龙山宾馆(龙山路店),襄汾县,龙山路,,,,35.880877,111.438266,
340,临汾澜庭丽舍光影酒店(鼓楼广场贡院街店),尧都区,体育南街67号,,,,36.075375,111.514771,
340,翼城宾馆,翼城县,红旗街668号(经贸大楼旁),,,,35.738945,111.712381,
340,吉县二轻宾馆,吉县,中心广场北(朝阳小区附近),,,,36.099316,110.681850,
340,霍州瑞隆宾馆(大运公路店),霍州市,兴霍路与滨河路交叉口东60米,,,,36.571415,111.722376,
340,安泽梦之源酒店,安泽县,309国道,,,,36.155868,112.226546,
340,锦臣宾馆,侯马市,望桥街长途汽车西站南100米阳光幼儿园西10米,,,,35.613340,111.345039,
340,侯马旅居安宾馆,侯马市,轻工城A52-1汽车西站旁,,,,35.616908,111.343279,
340,襄汾福临宾馆(大运路店),襄汾县,龙山路(交通大厦对面),,,,35.881210,111.438577,
340,赵城宾馆,洪洞县,赵城镇永安街1号,,,,36.383859,111.691706,
341,鑫客优酒店(太原长风街北美新天地店),小店区,寇庄西路百万庄园西区9排1号,,,,37.812193,112.557856,
341,泊客宾馆(阳曲站店),阳曲县,县城新阳东街农机公司门面2-3层,,,,38.058606,112.677721,
341,致青年宾馆(山西师范大学店),小店区,太榆路山西师范大学往南,,,,37.742242,112.667588,
341,太原世季风快捷酒店(太原火车站店),杏花岭区,府东街红沟北街20-2,,,,37.872864,112.595205,
341,鑫之源民宿(太原长风街北美新天地店),小店区,寇庄西路百万庄园西区五排三号,,,,37.813021,112.557644,
341,阳曲爱之旅宾馆,阳曲县,城市假日14号楼底5号6号门面,,,,38.062866,112.674536,
341,美途酒店(太原站西广场地铁站店),迎泽区,"公寓路16号(近火车站2号自助取票厅,中铁快运南200米)",,,,37.857444,112.587127,
341,太原微快捷酒店,万柏林区,南内环西街2号万水澜庭南门24号商铺,,,,37.836465,112.527854,
341,好梦宾馆(平阳路东巷店),小店区,营盘街道老军营新村61号,,,,37.834598,112.554833,
341,太原平阳鑫盛宾馆,小店区,平阳路肛肠医院巷内43号,,,,37.834681,112.554442,
341,和谐宾馆(太原府东街店),杏花岭区,巴黎大街A区18号(府西街地铁站C口步行400米),,,,37.871665,112.564352,
341,金星宾馆(太榆路店),小店区,太榆路许西南街7号,,,,37.800490,112.593093,
341,太原小店优尚精选酒店,小店区,北营许东路锦东佳苑4号楼北单元23层,,,,37.806865,112.603110,
341,太原鑫吉祥宾馆,小店区,许西南街15号,,,,37.800796,112.594721,
341,橙子酒店(潇河会展中心店),小店区,北格镇北格村紫云路北格村村委会西南约400米,,,,37.633875,112.537775,
341,太原橡树林酒店(太原长风街北美新天地店),小店区,寇庄西路百万庄园西区12排6号,,,,37.811696,112.557475,
341,太原如宾宾馆,小店区,亲贤西街10号,,,,37.823041,112.560110,
341,太原五寨三岔宾馆,迎泽区,建设北路28号五龙口商务小区F座西单元二楼右手门上写着东单元3楼,,,,37.862702,112.587123,
341,林泰宾馆(山西大医院店),小店区,平阳南路86号,,,,37.782443,112.550909,
341,龙城宾馆(太原火车南站山西大学店),小店区,"许西西街46号(山西大学旁,近太原南站)",,,,37.801816,112.591493,
341,家缘快捷酒店(太原火车南站武宿国际机场店),小店区,黄陵路19号,,,,37.781011,112.609452,
341,晋中梦之缘宾馆(山西师范大学店),小店区,太榆路山西师范大学东门对面,,,,37.742380,112.667560,
341,碧源酒店,清徐县,清源镇晋夏公路211号,,,,37.591743,112.335486,
341,网络快捷宾馆(太原南站店),小店区,南中环街许西村许西商业街金虎便利对面,,,,37.796308,112.592993,
341,万豪住宿(太原小马村店),小店区,平阳南路小马村长城汽车4S店背后,,,,37.783765,112.550470,
342,祁县江海宾馆,祁县,昭馀镇西环南路23号,,,,37.358439,112.309715,
342,家琪旅馆(新建西路店),介休市,绵山风景区新建东路火车站对面(中仁大酒店后),,,,37.020769,111.919020,
342,鑫隆宾馆(榆次店),榆次区,堡新街二巷12号(巷子里),,,,37.708269,112.740356,
342,好运来宾馆(聂村店),榆次区,新建北路聂村别墅区八排6号好运来宾馆,,,,37.733825,112.738275,
342,雅居宾馆(介休店),介休市,绵山北街与金融路交叉口南160米,,,,37.025355,111.904654,
342,农家福客栈,祁县,东观镇乔家大院停车场北,,,,37.408965,112.441925,
342,罗曼主题酒店(晋中山西大学城店),榆次区,新建北路聂村别墅区四排四号,,,,37.732625,112.737638,
342,乡正宾馆,祁县,友谊西路19号,,,,37.360030,112.327160,
342,昔阳迎宾旅社,昔阳县,迎宾路B区(中国电信营业厅旁),,,,37.600661,113.706738,
342,太谷星晴驿站,太谷区,大威村致富路21号农业大学信息学院,,,,37.453654,112.572977,
342,大众旅店(南尧西街店),榆次区,南尧西街145号(万博数码港巷内),,,,37.685738,112.731782,
342,晋中小伙伴快捷宾馆,榆次区,新建北路大学城聂村别墅区6排5号,,,,37.733321,112.737963,
342,晋中佳苑宾馆,榆次区,村南街53号,,,,37.747421,112.741676,
342,爱巢主题公寓,太谷区,大威村直走400米左转(雅典娜后面),,,,37.455088,112.573648,
342,太谷时光印宾馆,太谷区,大威村南大街15号,,,,37.452760,112.575428,
342,布吉岛快捷酒店(榆次大学城店),榆次区,乌金山镇志村文元路13-2号,,,,37.755008,112.708759,
342,晋中兴旺旅馆,榆次区,轻院巷23号,,,,37.700851,112.735820,
342,晋中新丽旅店,榆次区,岭南街22号,,,,37.681925,112.764288,
342,太谷龙源宾馆,太谷区,太洛路133号,,,,37.423099,112.570551,
342,平遥益兴和客栈,平遥县,古陶镇北城村惠风路28号,,,,37.213412,112.189769,
342,晋中佳人主题酒店(理工学院店),榆次区,张庆乡红马营村303号,,,,37.683419,112.641947,
342,晋中惠民宾馆,榆次区,张庆乡红马营村晋中站南100米,,,,37.684141,112.642820,
342,平遥纳百福客栈(古城北门店),平遥县,北关大街29号(平遥古城北门附近),,,,37.211558,112.181148,
342,平遥日月利宾馆,平遥县,惠风东路76号,,,,37.214430,112.189583,
342,昔阳朝阳宾馆,昔阳县,白马街29号,,,,37.612001,113.714617,
343,悦森酒店(镇安店),镇安县,迎宾路,,,,33.417173,109.170154,
343,信兴宾馆(商南客运站店),商南县,城关街道长新西路549号,,,,33.528218,110.878630,
343,镇安凯全大酒店,镇安县,迎宾路东侧火车站对面,,,,33.420293,109.167254,
343,商洛王子商务宾馆,商州区,州城街中段133号,,,,33.866179,109.932162,
343,新世纪大酒店(向阳小区西北),柞水县,乾佑街41号,,,,33.679323,109.110932,
343,丹凤爱家酒店,丹凤县,车站路中段11号,,,,33.693416,110.338503,
343,佳丽酒店(山阳县人民广场店),山阳县,南大街229号,,,,33.531195,109.874017,
343,丹凤富源酒店,丹凤县,中心街西段丹凤财政局对面,,,,33.696264,110.324506,
343,亚洲宾馆,商南县,金丝峡镇丹南村街道组,,,,33.449823,110.582769,
343,万豪澜庭酒店(山阳人民广场汽车站店),山阳县,南大街269号,,,,33.531145,109.873656,
343,洛南百信商务酒店(洛南县政府汽车客运站店),洛南县,中南街洛南中心广场西侧,,,,34.089775,110.148575,
343,怡莱酒店(商洛万达广场君诚店),商州区,州城路与通江路交汇万达广场1号门对面,,,,33.869984,109.924349,
343,兴盛隆酒店,镇安县,迎宾路(火车站桥头向东200米),,,,33.418052,109.170070,
343,相约盛源酒店(商洛万达广场店),商州区,州城路中段南侧,,,,33.866146,109.932292,
343,丹凤怡和宾馆,丹凤县,车站路东三巷1号,,,,33.693688,110.339466,
343,山阳爱佳宾馆,山阳县,北大街327号,,,,33.532220,109.876054,
343,柞水天韵酒店,柞水县,北关党家湾2号,,,,33.688716,109.112169,
343,洛南宾馆(洛南县),洛南县,中甫街中段皇城广场(洛南县政府旁),,,,34.090727,110.149017,
343,商南宾馆,商南县,长新路中段618号,,,,33.527069,110.880208,
343,金诚宾馆(柞水客运站店),柞水县,石镇客运站斜对面,,,,33.660826,109.121084,
343,鹿城商务酒店(商南鹿城中学店),商南县,城关镇迎宾大道幸福路,,,,33.504890,110.886323,
343,丰岸假日酒店,山阳县,城关街办滨河南路老县河桥西,,,,33.529694,109.873230,
343,福盈客栈(柞水客运站店),柞水县,乾佑街道石镇社区华庭小区4栋三单元201室,,,,33.660753,109.121075,
343,祥盛酒店(商南县高级中学店),商南县,长新东路311号电力局对面,,,,33.524980,110.887284,
343,山阳金龙商务酒店,山阳县,翠屏小区后排翠屏路34号,,,,33.527109,109.880257,
344,汉中大圣宾馆,汉台区,虎桥路与天汉大道交汇处西北角(汉中汽车站候车大厅隔壁二楼),,,,33.081281,107.027102,
344,汉中华燕商务酒店,南郑区,天汉大道迎宾路88号,,,,33.039971,107.024028,
344,汉中小时光宾馆,汉台区,东关雷家巷村八组57号,,,,33.071054,107.057985,
344,汉中鹏晨快捷宾馆,汉台区,劳动西路中心医院对面(聚春巷内50米),,,,33.078502,107.015498,
344,汉中今世缘宾馆,汉台区,莲湖路,,,,33.074244,107.046806,
344,汉中荣飞宾馆,汉台区,虎桥路虎头桥后,,,,33.080210,107.027202,
344,汉中裕祥宾馆,汉台区,关爷庙村二组84号,,,,33.081518,107.108594,
344,汉中百捷时尚宾馆,南郑区,梁山路与利民中路交叉口附近,,,,33.045031,107.026719,
344,城固核工大酒店,城固县,西华二路中段核工大厦,,,,33.151838,107.325898,
344,汉中南郑县西汉宾馆,南郑区,西汉高速南郑出口向东300米,,,,33.026944,107.006057,
344,交通宾馆(和平路),勉县,和平路东段好又多购物中心对面,,,,33.154688,106.686765,
344,鼎诚大酒店(汉中城固县文化路店),城固县,博望镇西环一路与文化路十字路口,,,,33.151879,107.330850,
344,康乃馨快捷酒店,汉台区,劳动西路市中心医院对面巷内50米,,,,33.078512,107.015192,
344,汉中好一家招待所,汉台区,虎头桥路65号,,,,33.080777,107.024855,
344,布丁酒店(汉中高铁站店),汉台区,站前路(站前小区旁),,,,33.089714,107.027514,
344,勉县和平亿嘉酒店,勉县,和平街46号勉县人民政府西50米,,,,33.153577,106.674117,
344,御庭酒店(汉中高铁站店),汉台区,叶家营御景名都小区附楼,,,,33.093971,107.027572,
344,汉中明升酒店(汉中站中心广场店),汉台区,汉中汽车站东门旁,,,,33.081783,107.027381,
344,源都商务宾馆(河滨路),宁强县,汉源镇河滨路街心花园,,,,32.836953,106.252215,
344,汉中古道临风宾馆,汉台区,河东店镇石门大道水库管理局旁,,,,33.195570,106.965108,
344,天翼酒店,镇巴县,新街59号(武营路中段),,,,32.535214,107.895919,
344,四季鹏辉酒店(汉中高铁站店),汉台区,西环路与青龙路附近,,,,33.087083,107.019848,
344,云鼎商务酒店(汉中高铁站店),汉台区,北一环路北茂大厦A座2-3层(青龙观小学对面),,,,33.085316,107.015541,
344,城固地平线时尚酒店,城固县,乐园北路与桔园路交叉口东180米,,,,33.146188,107.322041,
344,镇巴柏欧民宿,镇巴县,柏欧酒店,,,,32.529547,107.900835,
345,西安心语宾馆(长乐东路店),新城区,长乐东路86号,,,,34.270660,109.023400,
345,長·安丨Boutique·铁通精品商务酒店(西安小寨电子科技大学店),雁塔区,二环南路西段96号,,,,34.231095,108.926354,
345,西安丰阳宾馆(三桥地铁站店),未央区,沣东新城三桥街道安置新村6排1栋2号,,,,34.287282,108.831404,
345,君驿酒店,未央区,大庆路西段29号(阿房路交汇处),,,,34.269167,108.856706,
345,德玛西亚酒店(西安大雁塔小寨地铁站店),雁塔区,西旅国际西区电梯20楼(小寨地铁站D口往北步行470米),,,,34.227183,108.947327,
345,悦见民宿(复兴大道南地铁站店),长安区,斗门街道沣东复兴大道368号华侨城创想中心1号楼214室,,,,34.246926,108.768525,
345,西安花样年华民宿(小寨地铁站陕西历史博物馆店),雁塔区,长安中路215号西旅国际西区16层1659室,,,,34.227155,108.947729,
345,鑫悦欣宾馆(西安丈八六路地铁站店),雁塔区,丈八街道袁旗寨新村26栋2号,,,,34.196672,108.853207,
345,梵琪媛酒店(西安高陵泾渭路店),高陵区,姬家街道杨官寨七组书亦烧仙草对面,,,,34.463001,109.007394,
345,钟楼皇城客栈,莲湖区,北大街1号宏府嘉会广场A座13层13017室,,,,34.262532,108.946368,
345,尚优客酒店(西安后卫寨地铁站店),未央区,三桥启航时代广场C座12楼,,,,34.300510,108.814499,
345,蓝天宾馆(西安沙井村店),雁塔区,电子城街道科创路沙井村北口302号,,,,34.222173,108.911106,
345,西安艺居风情酒店(大雁塔地铁站店),雁塔区,大雁塔北广场乐游路后村小区1号楼801室,,,,34.225571,108.967330,
345,西安长庆客栈(市图书馆地铁站店),未央区,[],,,,34.323674,108.946337,
345,吉祥宾馆(西安何家营店),长安区,何家营西新村(陕西教育学院东门),,,,34.130957,108.939102,
345,吉祥宾馆(西安北站长乐西苑店),未央区,火车北站长乐西苑小区3号楼9层,,,,34.371436,108.916132,
345,秋林酒店(西安建筑科技大学李家村地铁站店),碑林区,雁塔路北段58号(李家村万达广场北100米秋林商场),,,,34.245588,108.963020,
345,桂花载久露台花园青年旅舍(钟鼓楼回民街店),莲湖区,大皮院84号巷内,,,,34.264369,108.940254,
345,北客站未央温馨家园公寓(建元路分店),未央区,尚新路长乐东苑小区A区5号楼2306室,,,,34.375078,108.948960,
345,西安三木凯撒青年旅舍(钟鼓楼回民街店),莲湖区,北广济街74号(回民街口),,,,34.261018,108.938942,
345,速8酒店(西安火车站机场巴士店),新城区,解放路东七路口丹尼尔国贸大厦9-12层(近阳光国际大酒店),,,,34.272140,108.962496,
345,枕月青年旅社(西安科技路地铁站店),雁塔区,高新区高新路33号新汇大厦A座1201室,,,,34.233959,108.906770,
345,宜必思酒店(西安临潼兵马俑景区店),临潼区,秦陵北路163号秦景园小区一号楼,,,,34.381734,109.235949,
345,时代宾馆(西安西京医院店),碑林区,兴庆路长乐坊玫瑰坊小区18号2层,,,,34.264227,108.987210,
345,轻住·申鹏酒店(西安大差市地铁站店),新城区,东大街尚德路红十字会巷4号,,,,34.260523,108.959963,
346,榆林金御来宾馆,榆阳区,榆神高速金鸡滩出口向右转直走3公里金鸡滩镇派出所斜对面,,,,38.495529,109.819238,
346,榆林金柜商务宾馆,榆阳区,肤施路190号,,,,38.278885,109.759584,
346,盛世佳快捷宾馆(榆林站店),榆阳区,火车站对面普惠综合楼第2层,,,,38.273612,109.724469,
346,榆林聚宝福客房民宿,榆阳区,建榆路裕隆巷内,,,,38.274045,109.726435,
346,金芙蓉宾馆,绥德县,千狮路,,,,37.516504,110.273021,
346,坤森快捷酒店,榆阳区,长虹北路206号商铺,,,,38.314248,109.755980,
346,榆林红艳艳酒店(河滨公园店),榆阳区,人民西路星元医院隔壁,,,,38.294045,109.743457,
346,府谷客临顺宾馆,府谷县,人民西路99号,,,,39.030792,111.064558,
346,怡豪商务酒店,榆阳区,航宇路146号(18排1),,,,38.262362,109.746015,
346,三江假日酒店,榆阳区,迎宾大道西段(近榆靖高速榆林出口处),,,,38.301935,109.700468,
346,亚华宾馆,神木市,神华路57号,,,,38.847515,110.498027,
346,榆林豪怡宾馆,榆阳区,新明楼街道长城南路12号豪怡商务宾馆,,,,38.278495,109.753483,
346,大漠商务宾馆,榆阳区,"长城南路48号(国贸对面,近中心广场)",,,,38.294424,109.747705,
346,银丰大酒店,横山区,怀远东路,,,,37.951833,109.295055,
346,锦江之星(靖边人民路汽车站店),靖边县,人民路北侧42号-近长庆北路,,,,37.595313,108.794039,
346,凯立蓉大酒店(长城路),靖边县,长城路北段66号,,,,37.601407,108.796922,
346,定边东港酒店,定边县,定边镇长城南街222号,,,,37.586318,107.605841,
346,定边天豪大酒店,定边县,贺圈镇中石油斜对面,,,,37.553872,107.615407,
346,靖边夏都宾馆,靖边县,芦河路与夏都巷交接口,,,,37.597098,108.810844,
346,帝豪大酒店(隆盛小区西南),定边县,东正街与长城南街交叉口西南150米,,,,37.592502,107.605116,
346,神木华泰酒店(大柳塔店),神木市,大柳塔镇柳兴街中段苹果专卖店对面,,,,39.274767,110.235400,
346,榆林凌霄宾馆,榆阳区,上郡北路37号(榆林阳光医院东南50米),,,,38.280653,109.761373,
346,君悦酒店(民生路),靖边县,民生路12号,,,,37.591134,108.798562,
346,豪庭大酒店(东关街),定边县,东正街广场东侧,,,,37.593831,107.608720,
346,榆林鸳鸯湖商务宾馆,榆阳区,望湖西路10号,,,,38.302665,109.748672,
347,咸阳秦轩商务宾馆,渭城区,正阳街道办事处西隔壁邮局大楼,,,,34.428055,108.926049,
347,佳朋商务宾馆(西安咸阳国际机场店),渭城区,边方村B区13排西二户,,,,34.428461,108.740770,
347,陈城宾馆,渭城区,毕塬西路205号,,,,34.350790,108.711443,
347,沐枫酒店(西安咸阳机场店),渭城区,北杜街道办事处边方村老村南排东五户,,,,34.429054,108.743290,
347,空港新城幸福居商务宾馆,渭城区,北杜镇边方村B区13排东四户,,,,34.428545,108.741151,
347,咸阳秦天商务酒店,渭城区,边方村A区11排西2户(咸阳国际机场海航基地西200米),,,,34.428696,108.741634,
347,咸阳锦苑宾馆,渭城区,乐育北路7号,,,,34.340821,108.715865,
347,咸阳鑫源宾馆,杨陵区,渭惠路137号,,,,34.267809,108.069192,
347,咸阳天海商务酒店,秦都区,玉泉路9号,,,,34.341927,108.692810,
347,商贸酒店(西兰大街),永寿县,中街9号,,,,34.692403,108.146119,
347,咸阳玲利宾馆,秦都区,秦皇中路117号,,,,34.330441,108.704593,
347,咸阳车城宾馆,秦都区,双照镇北上召十字路向西咸阳供销农资农贸市场内,,,,34.373775,108.666275,
347,兰苑宾馆,渭城区,秦汉新城,,,,34.432785,108.916869,
347,宜家快捷宾馆,兴平市,兴化路南十字(石油大厦东邻),,,,34.295366,108.489636,
347,咸阳龙吟宾馆,秦都区,沣西新城商贸学院十字西北角1号,,,,34.298945,108.714358,
347,咸阳醒石轩客栈,渭城区,关中民俗度假村大石头村南十一街,,,,34.415445,108.765350,
347,馨园梦雅商务宾馆(西安咸阳国际机场店),渭城区,国际机场T3航站楼西侧边防村,,,,34.426074,108.741370,
347,西安咸阳国际机场梦源商务宾馆,渭城区,北杜镇边防A区12排东二户,,,,34.428918,108.742347,
347,颐馨商务宾馆(西安咸阳机场店),渭城区,北杜街办边方村老村南二街南排东九户,,,,34.428000,108.744010,
347,金科苑温泉酒店(陕西服装学院店),秦都区,同德路服装学院向南500米路西,,,,34.300603,108.714181,
347,武功815商务酒店,武功县,后稷路中段,,,,34.260525,108.218235,
347,道缘客栈(西安咸阳国际机场店),渭城区,周陵街道办事处大石头村北四街六号,,,,34.417071,108.767239,
347,OYO咸阳喜福来商务宾馆,渭城区,空港新城北杜街办大石头村北十街六号一一,,,,34.417259,108.765388,
347,西安舒雅居酒店,渭城区,西安咸阳国际机场T2航站楼出发大厅南侧,,,,34.415438,108.767527,
347,佳屿宾馆,杨陵区,后稷路(杨陵中学斜对面),,,,34.276314,108.079186,
348,宝鸡裕恒昌宾馆,渭滨区,文兴路淡家村,,,,34.335795,107.294429,
348,宝鸡博雅宾馆,渭滨区,高新十三路宝鸡职业技术学院对面淡家村7组(310国道旁),,,,34.335324,107.294178,
348,瑞昌宾馆,渭滨区,淡家村五组,,,,34.335852,107.296833,
348,宝鸡君悦宾馆,渭滨区,淡家村中心路大拇指网吧东30米,,,,34.335531,107.294395,
348,岐山百合商务宾馆,岐山县,蔡家坡凤凰西路老实人超市西100米,,,,34.318740,107.602690,
348,宝鸡帝豪宾馆,渭滨区,郭家崖村8组,,,,34.344524,107.213838,
348,速8酒店(宝鸡火车站店),金台区,中山东路138号(胜利路与中山路交汇处),,,,34.375827,107.148233,
348,宝鸡安泰宾馆(华晨汽车产业园路南),渭滨区,淡家村,,,,34.336025,107.292425,
348,宝鸡红旗旅社,金台区,中山东路250号,,,,34.375137,107.154614,
348,宝鸡机厂街招待所,渭滨区,圣泰路8号楼,,,,34.371425,107.156096,
348,万利酒店,渭滨区,宝鸡高新开发区火炬路中段12号,,,,34.355634,107.138142,
348,宝鸡红光旅社,金台区,中山东路248号,,,,34.374843,107.154385,
348,眉县常兴宾馆,眉县,常兴宾馆,,,,34.266961,107.841063,
348,益鑫宾馆,渭滨区,宝鸡职业技术学院对面淡家村,,,,34.335811,107.294143,
348,宝鸡惠源宾馆(东大街店),陈仓区,虢镇东大街275号,,,,34.352570,107.388592,
348,电气化宾馆,渭滨区,货场路7号,,,,34.372135,107.161519,
348,宝鸡鸿运宾馆,渭滨区,高新十三路南路口淡家村村口鸿运商行内,,,,34.335941,107.292653,
348,凯旋宾馆(高新二路店),渭滨区,马营镇郭家崖村5组,,,,34.345082,107.214565,
348,宝鸡中山商业公寓(汽车北站店),金台区,中山东路解放商场二楼,,,,34.375739,107.146516,
348,和佳时尚酒店(宝鸡英达路店),渭滨区,创业路16号,,,,34.354372,107.135605,
348,万全宾馆,渭滨区,经二路58号(新世纪购物中正对面),,,,34.371991,107.143705,
348,宝鸡瑞丰快捷宾馆,金台区,陈仓大道54号正大物流园内,,,,34.360310,107.289552,
348,宝鸡祥荣商务酒店,渭滨区,高新开发区医院北,,,,34.360807,107.132791,
348,宝鸡紫琦住宿,渭滨区,"宝光路相家庄二组(近老文理学院,航天小学旁)",,,,34.345232,107.159958,
348,金达祥快捷酒店(宝鸡姜谭路店),渭滨区,三和居小区东门西100米,,,,34.359108,107.112042,
349,安康秦悦精品酒店,汉滨区,安悦街36号(近汉滨区第一医院),,,,32.696663,109.026204,
349,财源商务宾馆(安康火车站店),汉滨区,江北办进站路28号,,,,32.711539,109.018372,
349,红旺宾馆(紫阳一分店),紫阳县,城关镇紫府路(怡景苑商住楼2层),,,,32.521751,108.534633,
349,安康四海旅社,汉滨区,"解放路静宁巷8号(简约歌城隔壁巷内30米,紧邻申达文体超市)",,,,32.691617,109.035251,
349,安康锦华宾馆,汉滨区,火车站进站路,,,,32.711890,109.018622,
349,安康广京宾馆(大桥路店),汉滨区,大桥路82号(金都国贸大酒店斜对面紧邻中国人寿),,,,32.692931,109.021354,
349,安康汉阴迎宾酒店(汽车站店),汉阴县,城南祥和街与凤凰大道交汇北50米,,,,32.888933,108.502996,
349,天天假日酒店(安康学院市政府店),汉滨区,南环路中段31号(安康学院隔壁),,,,32.683313,109.036153,
349,滨江酒店(汉江石泉古城景区店),石泉县,向阳路中段81号,,,,33.037208,108.252614,
349,安康兴科酒店,汉滨区,江北大道68号,,,,32.708833,109.021877,
349,安康时代商务宾馆(火车站店),汉滨区,火车站进站路路口候车室对面,,,,32.711507,109.017621,
349,金州宾馆(安康白天鹅广场店),汉滨区,金州北路6号,,,,32.695338,109.025693,
349,安康宏祥宾馆,汉滨区,巴山中路军分区巷十号,,,,32.689162,109.033914,
349,安康煜安宾馆,汉滨区,316国道,,,,32.714952,108.914297,
349,安康鑫盛商务宾馆(安康剧院店),汉滨区,大桥路12号(近兴安中路),,,,32.690761,109.023123,
349,天龙宾馆(滨河大道店),白河县,滨海大道与316国道交汇处,,,,32.801020,110.110751,
349,新华商务酒店(安康市区店),汉滨区,西大街94号,,,,32.696206,109.024677,
349,珍珠泉大酒店(堡子路),石泉县,珍珠路,,,,33.044562,108.241078,
349,上好家假日酒店,汉阴县,316国道,,,,32.883010,108.511943,
349,平利美华大酒店,平利县,城关镇冲河口口向南100米,,,,32.379080,109.379460,
349,安康丁丁旅馆,汉滨区,进站西路6号往东100米,,,,32.707745,109.014931,
349,后柳院子,石泉县,后柳古镇老街中段(近汉江),,,,32.921902,108.226605,
349,龙岗大酒店,汉阴县,北城街中段152号,,,,32.891067,108.514982,
349,岚皋宾馆,岚皋县,新街8号,,,,32.307314,108.903642,
349,平利东兴大酒店,平利县,新正街63号附近,,,,32.384081,109.372162,
350,延川广场宾馆,延川县,延川县汽车站对面广场宾馆,,,,36.888082,110.188801,
350,延安隆华花园酒店,宝塔区,隆华路1号,,,,36.587784,109.468562,
350,海华酒店,延长县,环山路与翠屏东路交叉口东南20米,,,,36.577540,110.017769,
350,吴起途客胜利宾馆,吴起县,长征街吴起县人大常委会对面,,,,36.925553,108.176660,
350,延安青华宾馆,宝塔区,姚店镇后街,,,,36.687952,109.683353,
350,延长天府宾馆,延长县,农贸市场内,,,,36.578431,110.006060,
350,清华酒店(东关大街店),宝塔区,东关大街清华饭店,,,,36.599275,109.493175,
350,永洲宾馆(会师广场店),延川县,永安巷与常稍路交叉口东北60米,,,,37.008954,109.823872,
350,嘉华商务酒店(桐店路),洛川县,交口河镇建安街2号(中国邮政对面),,,,35.654646,109.362511,
350,延安汇源宾馆(新市场街店),宝塔区,西市路市场沟民众剧团对面2-3层,,,,36.583027,109.485610,
350,延安仪和酒店,宝塔区,枣园中国延安干部学院对面,,,,36.626103,109.427621,
350,延长九朝商务宾馆,延长县,张家园子东征广场向东100米,,,,36.575849,110.008001,
350,北龙商务酒店(延安火车站店),宝塔区,北龙大厦东门旁,,,,36.563586,109.484119,
350,志丹宏源大酒店,志丹县,宏源巷2号,,,,36.813428,108.773538,
350,吴起金海商务宾馆,吴起县,洛源街29号,,,,36.910661,108.190015,
350,洛川县瑞丰宾馆,洛川县,凤栖街(中国建设银行东侧),,,,35.766056,109.437216,
350,中阳大酒店,宝塔区,南河滨路135号,,,,36.565228,109.481569,
350,延安悦宾快捷酒店,宝塔区,枣园路,,,,36.620936,109.442024,
350,延安多彩精选酒店,宝塔区,杨家岭路3号铺3-021号,,,,36.616092,109.465107,
350,延安福来登宾馆(宝塔山清凉山店),宝塔区,东关街71号(慈善医院对面),,,,36.599288,109.493472,
350,山成快捷酒店(延安火车站店),宝塔区,柳林路南苑大厦4楼,,,,36.561591,109.481698,
350,志丹金鑫商务宾馆,志丹县,保安街5号,,,,36.829816,108.763070,
350,延川宾馆,延川县,中心街,,,,36.878818,110.192830,
350,延安天子商务酒店,宝塔区,二道街中段抗大街25号,,,,36.599648,109.486138,
350,高新大酒店,富县,茶坊桥头,,,,36.001085,109.395308,
351,宜君新华宾馆,宜君县,宜阳中街22号,,,,35.395665,109.115790,
351,铜川U家精选酒店,耀州区,金鼎路a24号,,,,34.905335,108.954381,
351,君诚商务宾馆(青年路小学店),王益区,青年路2号,,,,35.084973,109.104026,
351,金悦商务酒店(延安路),印台区,延安路87号,,,,35.093205,109.100844,
351,长虹宾馆,耀州区,长虹南路铜川市新区文家中学旁,,,,34.887010,108.954563,
351,铜川饭店,王益区,红旗街222号,,,,35.064872,109.070767,
351,铜川希顿国际假日酒店,印台区,同官路81号,,,,35.114080,109.099911,
351,H酒店(铜川天宝路精品店),耀州区,天宝路3号,,,,34.919850,108.973395,
351,威尼斯快捷酒店(新区斯正街店),耀州区,斯正街011号,,,,34.895284,108.940272,
351,耀州宾馆,耀州区,锦阳路10号(区消防支队北20米),,,,34.913933,108.972254,
351,凯瑞宾馆,耀州区,坡头镇,,,,34.849271,108.903039,
351,铜川福楼大酒店,印台区,"五一路51号(火车站往北100米,建行斜对面,原服务楼)",,,,35.080014,109.095597,
351,如家酒店(铜川耀州区政府店),耀州区,文营西路1号中央广场南侧,,,,34.907732,108.980590,
351,铜川锦园酒店,耀州区,柳公路东段7号华原幼儿园旁,,,,34.918868,108.976381,
351,铜川新时代酒店,耀州区,正阳路与长虹南路交叉口,,,,34.896223,108.948503,
351,铜川光明招待所,王益区,宜园路21号3层,,,,35.063846,109.075613,
351,圣达商务宾馆(铜川新区长丰市场店),耀州区,金鼎路D2-2号长丰市场,,,,34.904569,108.952411,
351,铜川康福旅馆,王益区,七一路街道健康路爱心广场二楼,,,,35.072819,109.094291,
351,铜川文苑宾馆,耀州区,正阳路街道明德小学旁,,,,34.888283,108.952177,
351,铜川东升宾馆,印台区,同官路98号,,,,35.110435,109.101709,
351,格林美居酒店(铜川新区人民医院店),耀州区,鸿基东路与华夏南道交叉口,,,,34.887781,108.944487,
351,铜川鸿基宾馆(区政府店),王益区,红旗街106号光明巷南,,,,35.064991,109.071435,
351,丰景快捷酒店(金茂夜市店),王益区,川口路14号,,,,35.060483,109.060616,
351,如家酒店·neo(铜川新区市政府斯正街店),耀州区,铜川新区斯正街25号(市政府后门向西500米),,,,34.895419,108.939476,
351,铜川时光客栈,耀州区,正阳路联通公司向东50米,,,,34.898944,108.951227,
352,渭南香山宾馆,临渭区,西一路中段五里铺三组,,,,34.497695,109.487417,
352,梦园宾馆(杜村西街店),富平县,杜村西街20号,,,,34.747971,109.179306,
352,蒲城四海宾馆,蒲城县,渭清路中石化加油站西南200米,,,,35.114370,109.593370,
352,渭南5号宾馆,临渭区,金水路与东风大街交叉口东南260米,,,,34.498281,109.485185,
352,渭南军绿宾馆,临渭区,新盛路麻李1组151号,,,,34.495238,109.447223,
352,华阴凯帝亚宾馆,华阴市,[],,,,34.571829,110.097994,
352,宝利来宾馆,临渭区,金水路五里铺三组13号,,,,34.498273,109.485688,
352,卧龙阁旅馆(福乐新村小区北),临渭区,东风大街祥和小区东北侧约70米,,,,34.498747,109.486145,
352,渭南樵塬宾馆,临渭区,辛市街道南头,,,,34.568611,109.533238,
352,华山驿loft青年山居(华山景区店),华阴市,华山景区金色年华酒店东侧巷子向南200米,,,,34.527300,110.079465,
352,潼关蓝钻大酒店,潼关县,金陡街(东段),,,,34.546792,110.249575,
352,渭南网缘小宾馆,临渭区,四马路临渭分局对面(杨刘村村口),,,,34.512809,109.490770,
352,荆家酒店(华山景区游客中心店),华阴市,310国道华山游客中心西300米,,,,34.539438,110.093192,
352,澄城宾馆,澄城县,城关街道青正街与东六路交汇处东北角澄城商贸大厦2楼,,,,35.181750,109.934571,
352,澄城天之星商务酒店,澄城县,八路大市场新村中段,,,,35.177159,109.940332,
352,渭南新时代宾馆,临渭区,西潼路师院南门西50米,,,,34.488800,109.468127,
352,蓝宝石SOHO酒店(韩城火车站店),韩城市,百合园小区南门旁,,,,35.481924,110.440056,
352,轻住·凯悦城市酒店(信达广场店),临渭区,东风大街中段268号,,,,34.500100,109.500512,
352,西平酒店,临渭区,经开区新市街道十字路口东100m北侧,,,,34.572933,109.534060,
352,渭南35号快捷酒店,临渭区,胜利大街乐天商城新村35号,,,,34.508462,109.491807,
352,金水居宾馆,临渭区,金水路南段638号,,,,34.494278,109.483802,
352,异域风情宾馆,临渭区,西北路与四马路十字路西北方,,,,34.513639,109.485834,
352,澄城金纪源宾馆,澄城县,长宁街与丰盛西路交叉西北角,,,,35.176237,109.936776,
352,华阴珍珠宾馆,华阴市,太华路街道办事处华城社区现代商城南排5号商铺,,,,34.562411,110.086825,
352,渭南飞龙宾馆(吾悦广场店),临渭区,东风大街97号东热电小区东,,,,34.500668,109.474794,
354,三叠园酒店(新余火车站钢铁集团店),渝水区,胜利南路与沿江路交叉口,,,,27.793964,114.938756,
354,华夏宾馆(站前东路店),渝水区,站前东路216号,,,,27.808034,114.940105,
354,钟山国际大酒店,渝水区,仙来中大道199号,,,,27.817411,114.920706,
354,新余朝阳主题宾馆,渝水区,站前西路80号(近火车站),,,,27.808165,114.938484,
354,海友酒店(新余火车站胜利北路店),渝水区,胜利北路8号,,,,27.801153,114.938039,
354,万爱情侣主题酒店(新余新东方大厦店),渝水区,劳动北路1088号新东方大厦F24层,,,,27.834447,114.926323,
354,锦江之星风尚酒店(新余火车站店),渝水区,站前西路125号(火车站旁),,,,27.808476,114.935533,
354,金泰宾馆(昌山南路),分宜县,昌山南路352号(交警大队正对面),,,,27.810668,114.680549,
354,青年宾馆(新余嘉业阳光城东),渝水区,青年路与长林路交汇处,,,,27.813584,114.902789,
354,城市便捷酒店(新余抱石公园新钢店),渝水区,公园北路130号高能广场,,,,27.799305,114.932934,
354,新余名扬宾馆,渝水区,春龙大道83号,,,,27.831090,114.982320,
354,分宜鸿运宾馆,分宜县,钤山东路125号,,,,27.816184,114.682358,
354,绿洲宾馆(站前西路店),渝水区,火车站广场西侧(火车站旁边),,,,27.808392,114.938389,
354,富辉宾馆(新余火车站店),渝水区,胜利北路华润万家斜对面富辉宾馆309号,,,,27.807256,114.939516,
354,锦升宾馆(新余火车站店),渝水区,康居路50号,,,,27.797374,114.947494,
354,新余袁洲宾馆,渝水区,小北街103号,,,,27.796168,114.938734,
354,新余锦绣城宾馆,渝水区,白竹路旁,,,,27.805228,114.893759,
354,志达酒店(新余学院店),渝水区,水西镇东兴路2003号花样年华十栋301室,,,,27.857828,115.001353,
354,涵悦居(新余学院店),渝水区,东兴路王兰村第一排11号,,,,27.861618,115.002376,
354,新余松山宾馆,渝水区,仙来东大道国税局对面,,,,27.818754,114.933878,
354,新余景爱精品酒店,渝水区,华润万家对面食巢汇三楼,,,,27.807471,114.939260,
354,新余爱莲民宿,渝水区,胜利北路(华润万家对面),,,,27.807090,114.939318,
354,新余小城故事花园客栈,渝水区,新余学院东门(对面后村第三排第十栋),,,,27.861915,115.003304,
354,新余长久商务宾馆,渝水区,东兴路(新余学院对面),,,,27.857771,115.001538,
354,志达潮尚民宿,渝水区,光明管理处王兰村2栋3单元,,,,27.861663,115.002987,
355,遂川华盛宾馆,遂川县,慈云路西侧73号,,,,26.313905,114.519007,
355,凤凰宾馆(君山大道),吉安县,君山大道,,,,27.025618,114.898671,
355,永丰星辉宾馆,永丰县,时代广场(天城步行街正门左侧),,,,27.319884,115.435268,
355,遂川凯瑞商务宾馆,遂川县,遂川县公安局东南门西南60米,,,,26.311224,114.519303,
355,泰和艳阳天酒店,泰和县,105国道(泰和县人民法院旁边),,,,26.832025,114.919275,
355,永新时代宾馆,永新县,湘赣大道140号,,,,26.948482,114.244908,
355,井冈山蓝天宾馆(井冈山风景名胜区店),井冈山市,茨坪镇桐木岭路13号(近汽车站),,,,26.572987,114.167861,
355,永丰华丰宾馆,永丰县,迎宾大道14号,,,,27.320877,115.431475,
355,广天宾馆,新干县,广天商贸城A幢702号,,,,27.747445,115.396591,
355,绿海金廷酒店(中国石化桥南加油站店),永丰县,桥南大道575号(中国石化桥南加油站对面江西绿海油脂有限公司隔壁),,,,27.298011,115.454179,
355,聚缘宾馆(万安汽车站店),万安县,凤凰路影视城177号,,,,26.467540,114.783029,
355,吉安迎宾楼宾馆,青原区,文天祥大道19号,,,,27.104905,115.016067,
355,吉安赣江宾馆(井冈山大道店),吉州区,井冈山大道146号,,,,27.121591,114.990133,
355,富豪宾馆(中共遂川县交通运输局委员会南),遂川县,大道水果蔬菜市场A南栋第三-四层,,,,26.309656,114.526848,
355,吉安之星青原连锁酒店(吉安火车站店),青原区,青原大道金竹园283号,,,,27.102081,115.012342,
355,吉水东方宾馆,吉水县,文化中路67号(国光超市旁),,,,27.212986,115.135675,
355,金都宾馆(城西巷),永新县,秀水路,,,,26.941464,114.237455,
355,遂川丽高酒店,遂川县,泉江镇吉安大道与慈云路交汇处,,,,26.306366,114.523538,
355,遂川宜家商务酒店,遂川县,泉江镇纬二路,,,,26.309718,114.520020,
355,万安县华云大酒店,万安县,行政新区云洲大道,,,,26.461142,114.757258,
355,井冈山生资宾馆,井冈山市,茨坪街道桐木岭路8号,,,,26.572709,114.167891,
355,金凯瑞酒店(吉安火车站广场店),青原区,杜鹃花购物广场北门旁,,,,27.104627,115.019217,
355,遂川宾馆,遂川县,工农兵大道17号,,,,26.326145,114.516241,
355,吉安书街宾馆,吉州区,书街口(书街市场2栋1号),,,,27.111639,114.992066,
355,吉洲大酒店,吉州区,中山东路102号,,,,27.107723,114.982934,
356,抚州富豪商务宾馆,临川区,上顿渡镇建设东路13号,,,,27.935558,116.306105,
356,崇仁宾馆,崇仁县,道南路78号,,,,27.762052,116.062357,
356,梦湖商务酒店,临川区,临川大道1099号,,,,27.969403,116.346686,
356,宝鑫酒店(抚州东华理工大学店),临川区,马家山广场3层,,,,27.987485,116.356500,
356,羊城宾馆(抚州长途车站店),临川区,[],,,,27.985719,116.358970,
356,宜黄景泰宾馆,宜黄县,凤凰鑫街2号,,,,27.553765,116.231345,
356,乐安天合大酒店,乐安县,迎宾北大道与五洲路交叉口东南20米,,,,27.431127,115.833306,
356,南湖宾馆(玉茗大道),临川区,玉茗大道172号,,,,27.981210,116.356015,
356,南城宾馆(人民医院店),南城县,[],,,,27.549848,116.637726,
356,爱莲宾馆,广昌县,西沿河路爱莲名苑C19号,,,,26.843435,116.328945,
356,7天酒店(抚州万象新城店),临川区,赣东大道387号(医药大厦),,,,27.990677,116.358580,
356,尚客优酒店(抚州梦湖游乐场店),临川区,临川大道1386号(梦湖游乐场正对面),,,,27.965064,116.342378,
356,金溪银海商务酒店(象山公园店),金溪县,秀谷中大道(中国电信旁),,,,27.913566,116.760823,
356,千子湖精品民宿酒店(大富大道分店),东乡区,大富大道与子山路交叉路口往南约50米,,,,28.244496,116.598957,
356,抚州红太阳商务宾馆,临川区,玉茗大道187号,,,,27.979538,116.355418,
356,军峰大酒店,临川区,公园路5号(近抚州市第一医院),,,,27.989847,116.357705,
356,尚客优精选酒店(抚州临川东华理工大学店),临川区,体育路1号,,,,27.980555,116.356013,
356,南丰新亚时尚酒店,南丰县,琴城镇国安路650号(紫薇花园),,,,27.225997,116.524569,
356,翔丰国际大酒店,广昌县,建设东路3号,,,,26.838781,116.330601,
356,华旅酒店(抚州南昌大学红星美凯龙酒店),临川区,文昌大道1880号,,,,27.961521,116.384245,
356,义天大酒店(金溪县公安局交警大队店),金溪县,[],,,,27.908481,116.755863,
356,我家休闲公寓(临川大道分店),临川区,临川大道清华锦园小区1栋,,,,27.954996,116.325406,
356,金秋酒店(东华理工大学万象新城店),临川区,环城南路305号,,,,27.985949,116.358360,
356,城品酒店(抚州轻纺城大润发店),临川区,金巢大道轻坊城车站门口,,,,27.979400,116.369008,
356,日兴宾馆(赣东大道店),临川区,赣东大道1043号,,,,27.970917,116.360242,
357,鹰潭月湖宾馆,月湖区,站江路15号(站江路与环城西路交汇处),,,,28.239417,117.030189,
357,鹰潭金泰商务宾馆,月湖区,南站路五金市场110号,,,,28.225944,117.038281,
357,如家商旅酒店(鹰潭火车站四海东路店),月湖区,四海东路16号附20号,,,,28.233806,117.035443,
357,龙虎山旅友之家客栈,贵溪市,龙虎山风景区龙虎山镇仙人城路32号,,,,28.119941,116.980834,
357,汝家公寓宾馆(鹰潭火车站店),月湖区,交通街道站江路25-51号三楼363对面门,,,,28.237328,117.028872,
357,鹰潭金玛宾馆,月湖区,四海西路91号,,,,28.235824,117.029126,
357,格林豪泰(鹰潭火车站店),月湖区,西湖路2号,,,,28.236811,117.027897,
357,鹰潭天天阳宾馆,月湖区,四海西路11号,,,,28.236745,117.026273,
357,7天酒店(鹰潭火车站凯翔新天地店),月湖区,交通路24号,,,,28.237993,117.034128,
357,华盛大酒店,月湖区,站江路25号(鹰潭火车站正对面),,,,28.236560,117.028796,
357,贝壳酒店(鹰潭国际眼镜城店),余江区,双凤街1号,,,,28.272918,116.993963,
357,鹰潭天缘宾馆,月湖区,"四海东路15号,农业银行斜对面",,,,28.235211,117.030823,
357,格林豪泰(鹰潭信江新区市政府一中店),月湖区,麒麟中大道与上清路交汇处,,,,28.255488,117.039969,
357,交通宾馆,月湖区,四海西路8号,,,,28.236803,117.027314,
357,格林豪泰(贵溪天虹购物中心店),贵溪市,雄石西路与信江路交汇处金峰大厦,,,,28.283446,117.211192,
357,快发客栈,贵溪市,S207薛波超市西南430米处,,,,28.037490,117.067211,
357,鹰潭国峰青年旅舍,月湖区,四海东路57号付1号,,,,28.235479,117.029592,
357,鹰潭妍娅商务宾馆,月湖区,四海路77号,,,,28.235730,117.029561,
357,开心民宿,贵溪市,姜家弄21号,,,,28.044892,117.035846,
357,瑞锦宾馆(余江店),余江区,锦江镇206国道,,,,28.397845,116.916868,
357,鹰潭安居客精品客房,月湖区,四海路58-60号,,,,28.235901,117.029915,
357,贵溪芳华假日酒店,贵溪市,交通路83号(火车站斜对面),,,,28.288561,117.212828,
357,龙虎驿栈(古越水街店),贵溪市,正一路与圣井二路交叉口东60米,,,,28.118508,116.985189,
357,常荣商务酒店,余江区,果喜大道D138号,,,,28.213318,116.822758,
357,如家旗下-鹰潭贵溪金邸华府华驿酒店,贵溪市,象山大道恒泽新天地D1-118号店,,,,28.275075,117.216575,
358,宜丰天宝古城酒店,宜丰县,天宝乡集镇天宝大道,,,,28.529522,114.761613,
358,宜春天桥商务宾馆,袁州区,宜春南路621号,,,,27.780386,114.378246,
358,永生宾馆(胡家庄路),高安市,高安大道1447号(距长途汽车站斜对面200米),,,,28.428494,115.376502,
358,新城旅馆(月湖路店),丰城市,月湖路东丰泽园1号,,,,28.154040,115.773445,
358,金悦凯廷城市酒店(樟树店),樟树市,药都南大道80号(三中对面),,,,28.054785,115.542962,
358,宜丰花园宾馆,宜丰县,新昌中大道5号,,,,28.388677,114.789158,
358,宜春君安旅馆,袁州区,中山西路117号,,,,27.798578,114.375789,
358,奉新宾馆,奉新县,冯川西路29号,,,,28.701940,115.390023,
358,99快捷宾馆(洗沙路),奉新县,中大道253号(老汽车站对面),,,,28.701321,115.391208,
358,99精品酒店,奉新县,潦河西路1号,,,,28.693430,115.390806,
358,青松宾馆(子龙府西),铜鼓县,铜鼓城南东路188号,,,,28.523262,114.378795,
358,清江快捷酒店,樟树市,药都南大道51号(樟树鑫达宾馆附近),,,,28.052906,115.540842,
358,明月大酒店(南店),袁州区,平安路456号(火车站旁边),,,,27.786498,114.385803,
358,新温馨99商务酒店,上高县,学园路73号,,,,28.241361,114.923659,
358,卡尔顿酒店,袁州区,袁山西路313号,,,,27.810423,114.377860,
358,禧莱大酒店,万载县,康乐街道阳乐村二组居民区东三、四栋,,,,28.099689,114.456375,
358,樟树8号优品酒店,樟树市,药都南大道104号(新华书店大楼1楼),,,,28.052845,115.539446,
358,宜春人民大酒店(鼓楼路店),袁州区,东风路69号,,,,27.788093,114.388563,
358,名典商旅酒店(敖山大道店),上高县,敖山大道2号,,,,28.239868,114.941262,
358,青龙酒店,袁州区,东风大街283号,,,,27.795373,114.388809,
358,宜春全景尚品酒店,袁州区,平安路附18号,,,,27.790987,114.376872,
358,宜丰云天宾馆,宜丰县,城北路426号,,,,28.389316,114.787425,
358,靖安君泰酒店,靖安县,南巷路37号,,,,28.853587,115.361894,
358,靖安宾馆,靖安县,后港东路16号,,,,28.857239,115.362043,
358,大富豪酒店(润达国际鼓楼店),袁州区,中山中路669号(比一比超市旁),,,,27.796548,114.379598,
359,鸿辉大酒店,上栗县,硖石管理处对面,,,,27.658072,113.834853,
359,芦溪明珠宾馆,芦溪县,芦溪镇古城路41号明珠宾馆,,,,27.630616,114.033367,
359,枫林宾馆,安源区,韶山西路8号,,,,27.617808,113.870661,
359,城南宾馆(萍乡东大店),安源区,宝塔路8号(萍乡市出租客运管理站南),,,,27.612796,113.848272,
359,莲花紫金城宾馆,莲花县,金城大道1号,,,,27.129189,113.952042,
359,萍乡如意招待所,安源区,站前西路(幸福小区3栋1单元),,,,27.644363,113.840676,
359,虎形湾宾馆,安源区,[],,,,27.637391,113.855352,
359,彭高宾馆,上栗县,彭高街邮政银行旁,,,,27.687774,113.864815,
359,萍乡铁路宾馆(站前路店),安源区,萍乡站前路(火车站出口处),,,,27.646239,113.840469,
359,萍乡楚萍宾馆,安源区,火车站斜对面,,,,27.645650,113.841944,
359,7天酒店(萍乡火车站润达国际店),安源区,跃进北路84号,,,,27.641769,113.844850,
359,尚客优酒店(上栗滨河北路店),上栗县,上栗镇浏万东路栗都商城,,,,27.875489,113.808383,
359,萍乡湿地湖客栈,上栗县,经济开发区朝阳北路田心街76号,,,,27.676051,113.837715,
359,OYO轻享云升宾馆,湘东区,沙里塘泉湖北路8栋,,,,27.646587,113.756864,
359,萍乡建德宾馆,安源区,八一东路34号,,,,27.621411,113.851899,
359,绿洲宾馆(文昌路店),安源区,文昌路103号,,,,27.636881,113.853067,
359,如家酒店·NEO(萍乡绿茵广场步行街店),安源区,跃进南路34号,,,,27.628470,113.848734,
359,香巴拉民宿(武功山游客中心店),芦溪县,株木村岩仔下,,,,27.499150,114.127250,
359,鸿雅酒店(武功山游客中心店),芦溪县,武功山江西省萍乡市芦万武公路西谷小镇鸿雅酒店蔡家中桥,,,,27.502104,114.136668,
359,萍乡金钟宾馆,安源区,金三角永坡桥北巷1号,,,,27.644186,113.871248,
359,上栗幸福里公寓,上栗县,平安北路32号,,,,27.878785,113.798240,
359,森漫精品酒店(萍乡学院店),安源区,安源中大道步步高旁边,,,,27.622384,113.873321,
359,维尔森精品酒店(萍乡润达国际火车站店),安源区,山下路51号,,,,27.639383,113.852364,
359,三木连锁酒店(萍乡南正街店),安源区,东大街城南花果市场综合大楼,,,,27.615412,113.849324,
359,三木连锁酒店(润达国际店),安源区,建设中路149号,,,,27.645093,113.848646,
360,乐平阳光快捷酒店,乐平市,人民中路105号,,,,28.971983,117.136335,
360,景德镇京都大酒店(陶溪川文创街区雕塑瓷厂店),珠山区,通站路112号(火车站南侧),,,,29.284131,117.221202,
360,景德镇天庭宾馆(陶溪川文创街区雕塑瓷厂店),珠山区,马鞍山路138号,,,,29.289849,117.222094,
360,景德镇国喜酒店,昌江区,岚山路景焦集团向西100米附近网红民宿打卡休闲娱乐度假旅游出差住宿实惠的酒店民宿大床房情侣房亲子房,,,,29.257282,117.181424,
360,银信精选酒店(景德镇人民广场陶阳里店),珠山区,浙江路银信商住楼C栋1号,,,,29.285353,117.217316,
360,乐平友家商务宾馆(市政府店),乐平市,民电路财富广场西侧一号楼,,,,28.979430,117.141958,
360,中奇大酒店(浮梁县店),浮梁县,朝阳东大道南侧,,,,29.352118,117.221410,
360,景德镇永红宾馆(人民广场/陶阳里景区),珠山区,浙江路大江房产C栋11号,,,,29.285672,117.218523,
360,逸庭酒店(景德镇人民广场陶阳里历史文化旅游区店),珠山区,浙江路银信楼D栋(火车站以西500米),,,,29.285311,117.216428,
360,城市便捷酒店(景德镇陶阳里御窑博物馆店),珠山区,南门头临景综合大楼1栋,,,,29.292465,117.204133,
360,乐平加满大酒店,乐平市,东风南路,,,,28.967475,117.145148,
360,德福电竞酒店(景德镇陶阳里中国陶瓷博物馆店),昌江区,人民公园旁,,,,29.299712,117.196809,
360,东湖假日酒店(乐平东湖公园店),乐平市,东风南路(仁济医院旁边),,,,28.967216,117.145240,
360,景德镇金马酒店(陶溪川创意广场店),珠山区,珠山街道朝阳路金马千禧B栋二楼,,,,29.303953,117.253330,
360,格林豪泰智选酒店(景德镇中国陶瓷博物馆店),昌江区,中国陶瓷城香港路2号,,,,29.305965,117.188034,
360,景德镇望笑客栈(中国陶瓷博物馆店),昌江区,中国陶瓷城南京东路95号,,,,29.306085,117.194589,
360,天天渔港金盛酒店(御窑博物馆店),珠山区,珠山中路71号,,,,29.293894,117.211995,
360,佳佳基大酒店,乐平市,迎宾路与长寿路交叉口佳基大酒店二楼,,,,28.965021,117.123499,
360,欧亚影院酒店,珠山区,珠山大道937号,,,,29.294741,117.227822,
360,乐平华美商务酒店,乐平市,洎阳中路282号,,,,28.964817,117.128693,
360,格林豪泰酒店(乐平人民中路店),乐平市,昌平路与人民路交叉口南20米,,,,28.972708,117.136699,
360,格林豪泰酒店(景德镇曙光路古玩市场店),珠山区,景德镇曙光路,,,,29.276915,117.225097,
360,格林豪泰智选酒店(景德镇陶阳里人民广场店),珠山区,广场北路陶亮大厦610号,,,,29.308444,117.218936,
360,景德镇柏陶酒店(陶阳新村店),珠山区,新厂陶艺街,,,,29.290028,117.245497,
360,森景青年旅社(陶溪川文创街区店),珠山区,童街路南47号,,,,29.292618,117.234335,
361,九江闽粤宾馆,濂溪区,富华小区西北门东70米,,,,29.706870,116.008448,
361,九江市容招待所,濂溪区,十里大楼卫校旁1268号,,,,29.675584,115.989168,
361,庐山安定宾馆,庐山市,白鹿大道205号,,,,29.462538,116.045079,
361,馨悦宾馆(九江学院店),濂溪区,前进东路598号(九江学院对面),,,,29.673920,116.004103,
361,九江市顺源宾馆,浔阳区,三里街292号,,,,29.715761,116.013734,
361,和馨宾馆(九江站店),浔阳区,十里大道35号,,,,29.705419,115.981611,
361,九江庐峰鼎盛宾馆,浔阳区,庐峰东路27号,,,,29.726864,116.008347,
361,修水金都宾馆,修水县,鹦鹉街258号,,,,29.031399,114.573965,
361,九江新桥宾馆,浔阳区,环河东路九龙街龙禧楼17号,,,,29.717480,115.980968,
361,都昌白洋宾馆,都昌县,白洋路66号,,,,29.272755,116.198364,
361,九江富安宾馆,濂溪区,富华小区2栋8号门面(公安局后门),,,,29.707355,116.008505,
361,龙翔酒店(九江庐山高铁站店),柴桑区,庐山南路299附近,,,,29.598281,115.882916,
361,龙城大酒店,彭泽县,龙城大道313号,,,,29.887857,116.547675,
361,皇朝大酒店(人民北路店),瑞昌市,人民北路46号,,,,29.679133,115.665619,
361,永修双华旅馆,永修县,建昌东路(江西银行对面),,,,29.020441,115.809823,
361,九江林芳宾馆(二部),濂溪区,富华小区2栋2单元202,,,,29.707131,116.008322,
361,城市快捷海棠酒店(九江火车站七中店),浔阳区,浔阳东路252号,,,,29.718056,116.008134,
361,城市客栈(江西职业技术大学店),濂溪区,十里大道1085号,,,,29.679488,115.988505,
361,永修阿里山宾馆(永修站店),永修县,白莲中路179号,,,,29.012256,115.813296,
361,九江和味商务宾馆,浔阳区,龙开河路步红花园东区14-18栋201-209号,,,,29.694373,115.983006,
361,天天酒店(德安站店),德安县,蒲塘路300号,,,,29.314987,115.766239,
361,银河商务宾馆(古艾大道店),永修县,艾城高速收费站对面150米,,,,29.098677,115.773280,
361,九江金博圆商务酒店,浔阳区,浔阳路133号太平洋购物广场斜对面,,,,29.724593,115.994412,
361,锦隆精品酒店(联盛快乐城店),德安县,宝塔大道23号,,,,29.315565,115.752862,
361,都昌华丰宾馆,都昌县,都昌镇万里大道与新妙湖大道交汇往北芙蓉山工业园区大门西侧,,,,29.281452,116.212148,
362,南昌祥和宾馆(电力职业学院店),新建区,玉屏西大街街口李家村A排7栋,,,,28.724245,115.808195,
362,南昌宏悦宾馆(南昌大学青山湖校区店),青山湖区,塘山镇阳明东路青山隧道口国威路22号星光村,,,,28.686915,115.938572,
362,进贤世纪星商务宾馆,进贤县,进贤大道465号,,,,28.366943,116.261312,
362,南昌华俊旅馆(上海北路南昌大学青山湖校区店),青山湖区,上海北路176号,,,,28.681031,115.940391,
362,福泰精选酒店(江西省儿童医院阳明公园地铁站店),东湖区,三经路24号,,,,28.689242,115.896891,
362,安义现代宾馆,安义县,龙津镇文峰路蔚蓝嘉园外西一路A区1号,,,,28.837686,115.556463,
362,南昌舒服家宾馆(青山路口地铁站店),东湖区,阳明路95号康富大厦1层,,,,28.688285,115.897640,
362,南昌龙珠酒店(新建二中店),新建区,解放大道568号,,,,28.691594,115.823138,
362,南昌四季商务宾馆,新建区,赣江新区新祺周国药北大道514号四季商务宾馆,,,,28.949213,115.832181,
362,南昌县如意宾馆(瑶湖店),南昌县,车坊黄家小区第二排6栋3单元,,,,28.672671,116.018769,
362,紫荆智选酒店,新建区,枫林西大街紫荆路商业步行街1栋3楼,,,,28.733983,115.833805,
362,南昌国前宾馆,青山湖区,高新区火炬二路与高新六路交叉口,,,,28.695431,115.969761,
362,7天酒店(南昌八一广场火车站西广场店),西湖区,南站街道站前路19号国恩大厦8层,,,,28.661862,115.915710,
362,南昌世纪宾馆(南昌大桥东地铁站店),西湖区,抚生路585号(灌婴路地铁站3号口步行350米),,,,28.651306,115.874895,
362,安吉商务宾馆(洪城大市场店),西湖区,月池路262号,,,,28.649996,115.883531,
362,南昌永悦商务宾馆(八一广场绳金塔店),西湖区,永叔路76号,,,,28.664580,115.897638,
362,鑫鑫宾馆(南昌麦园新村店),新建区,麦园新村B1区5排3栋,,,,28.723263,115.809143,
362,南昌县海湾农庄,南昌县,八一乡莲谢路8888号,,,,28.577546,116.005589,
362,南昌宾至如归旅馆,红谷滩区,安丰花园18栋2单元,,,,28.617155,115.801909,
362,白天鹅宾馆,南昌县,向塘镇辉煌大道与团结街交叉口,,,,28.427425,115.966155,
362,南昌0791主题公寓(八一广场店),西湖区,广场南路333号恒茂国际华城12栋19层,,,,28.668826,115.907559,
362,南昌友谊商务宾馆,新建区,长棱镇长麦路355号,,,,28.691128,115.817117,
362,南昌鑫都宾馆(八一广场南大一附院店),东湖区,阳明路一附医院住院部对面,,,,28.688461,115.910558,
362,蓝天旅馆(南昌县瑶湖店),南昌县,尤氨路(科技学院北门后街),,,,28.687912,116.014785,
362,南昌永顺招待所(人民公园地铁站),东湖区,南京西路438号(南昌郊区乡镇物资贸易大厦3层),,,,28.685180,115.917043,
363,婺源晓起汪元亨老师古井驿站,婺源县,江湾镇晓起村(双井印月)17号,,,,29.393033,118.030661,
363,婺源庆源银杏人家,婺源县,古镇内32号,,,,29.463068,118.005121,
363,上饶天悦宾馆,信州区,庆丰路6-5号(市中心广场华润万家对面),,,,28.446828,117.967883,
363,江南时代宾馆(上饶商贸城店),信州区,江南商贸城24-158号,,,,28.466846,117.980966,
363,鄱阳金悦商务宾馆,鄱阳县,芝阳路213附近,,,,28.998001,116.676065,
363,婺源汪口到家了民宿,婺源县,江湾镇汪口村379号,,,,29.350260,117.996921,
363,玉山蓝天大酒店(玉山汽车站店),玉山县,玉山汽车站东南门东80米,,,,28.685787,118.240168,
363,国贸宾馆(市中心广场步行街店),信州区,东市街道赣东北大道22号国贸大厦5-7楼,,,,28.443061,117.971510,
363,天成酒店,婺源县,才仕大道24号(近婺源汽车站),,,,29.260085,117.837616,
363,上饶兴远宾馆(步行街店),信州区,相府路10-1号,,,,28.440539,117.969754,
363,饶河宾馆,鄱阳县,先锋商贸中心10号楼105室,,,,29.011027,116.699160,
363,东方豪景大酒店(万力时代店),信州区,民德路9号(近民德路供电局),,,,28.453970,117.987036,
363,上饶金色阳光精品酒店(万达店),信州区,滨江西路66号万达广场万达公寓9号楼1005室,,,,28.445122,117.954947,
363,天籁酒店(婺源北站店),婺源县,紫阳镇文公北路117号,,,,29.263501,117.857939,
363,凤凰宾馆(天虹商场裕丰大道店),广丰区,裕丰大道24号,,,,28.444714,118.193417,
363,万达度假酒店,万年县,万盛大道万达建材家居广场五楼,,,,28.694236,117.053866,
363,德兴宾馆(银城中路),德兴市,银城中路306号,,,,28.947247,117.578212,
363,信江源大酒店,玉山县,紫湖镇泉州大道1号,,,,28.901894,118.156260,
363,楼上楼宾馆(胜利路店),信州区,上饶胜利路5号一单元2层,,,,28.449402,117.970148,
363,上饶绿景宾馆,信州区,凤凰大道绿景小区7-9,,,,28.458063,117.972914,
363,风尚商务宾馆(上饶高铁站店),信州区,吉阳中路18号(香樟花园南门),,,,28.464348,117.969266,
363,尚客优酒店(上饶中心广场步行街解放路店),信州区,解放路18号,,,,28.443526,117.967301,
363,豪泰国际酒店,玉山县,怀玉大道179号,,,,28.682779,118.238929,
363,婺源新百度宾馆,婺源县,文公北路48号(天上人间旁),,,,29.260799,117.858919,
363,婺源天马精品酒店,婺源县,紫阳镇文公南路7号,,,,29.255427,117.859226,
364,有家商务宾馆,南康区,蓉江街道办事处东门南路28号,,,,25.663267,114.759739,
364,金城商务宾馆,南康区,东门北路33号,,,,25.664850,114.757767,
364,寻乌万豪宾馆,寻乌县,江东大道1号,,,,24.956139,115.653501,
364,赣州华峰宾馆,章贡区,金水路5号(赣州汽车南站旁对面),,,,25.834023,114.901832,
364,源鸿大酒店(健康路),章贡区,健康路13号,,,,25.860055,114.944370,
364,石城马金宾馆,石城县,清华大道566-6,,,,26.321876,116.350899,
364,石城鑫城商务宾馆,石城县,[],,,,26.322497,116.350431,
364,于都福德隆宾馆,于都县,爱莲北路育英大道路口财政局左侧(财政局),,,,25.960861,115.402859,
364,赣州忆家宾馆,章贡区,杨坑返迁房安置小区5栋1号,,,,25.843944,114.859990,
364,兴国吉泰宾馆,兴国县,将军大道(劳动就业局旁),,,,26.329406,115.343678,
364,尚客优精选酒店(兴国将军大道汽车站店),兴国县,将军大道688号G319厦成线,,,,26.338755,115.342246,
364,龙南市新兴酒店,龙南市,346省道(滨江广场斜对面),,,,24.903294,114.792989,
364,赣州鹏远商务酒店,南康区,唐江镇步行街11号,,,,25.805533,114.742441,
364,OYO·馨园商务宾馆(南康家具城店),南康区,蓝田二路与蓝田大道辅路交叉口西北120米,,,,25.666525,114.773580,
364,赣州三和宾馆(江南宋城历史文化旅游区店),章贡区,至圣路4号-3,,,,25.862362,114.941085,
364,赣州中成宾馆,章贡区,工业三路杨坑新村10排2号,,,,25.842097,114.861549,
364,赣州章贡客家宾馆,章贡区,蟠龙镇杨坑A区返迁房十三排1.2号客家宾馆,,,,25.841325,114.861325,
364,尚客优连锁酒店(于都火车站店),于都县,站前南路火车站B8栋,,,,25.973066,115.418474,
364,赣州旭东公寓(新上犹路店),上犹县,新上犹路28号(县中医院对面),,,,25.795667,114.541840,
364,定南金都宾馆(大世界购物广场店),定南县,建设东路29号,,,,24.773573,115.031664,
364,一米阳光酒店(赣南科技学院店),章贡区,五指峰路1号,,,,25.834830,114.921596,
364,佰嘉成大酒店(迎宾大道店),信丰县,迎宾大道中段,,,,25.394998,114.927071,
364,爱派酒店(赞贤路),章贡区,赞贤路8-10号,,,,25.833323,114.937306,
364,寻乌逸嘉商务宾馆,寻乌县,长安大道城北国税局斜对面(圆盘旁),,,,24.963452,115.645286,
364,于都阳光公寓,于都县,星兴路31号(老年大学旁)附近经济实惠住宿出差旅游住宿单人间双人间家庭房亲子房标间三人间月租房长租房,,,,25.959790,115.415270,
365,蛟河香山旅馆,蛟河市,民主街道馨雅苑1-2裙房(红星小学西围墙),,,,43.727701,127.344923,
365,吉林汇佰湾时尚旅馆,船营区,北京路85-7号,,,,43.840754,126.557802,
365,财神宾馆(吉林火车站人民医院店),昌邑区,德威御园3号楼168,,,,43.859136,126.582922,
365,吉林鑫隆宾馆,船营区,长春路155号,,,,43.823565,126.509740,
365,双盛宾馆,昌邑区,天津街527号,,,,43.852260,126.572605,
365,今世缘旅店,昌邑区,天津街新华4号综合楼火车站西出口南行300米,,,,43.852402,126.573280,
365,磐石家家宾馆,磐石市,阜康大街红大花园2区对面,,,,42.948231,126.057044,
365,北欧轻奢公寓(青山街分店),丰满区,青山街与松花东路交叉口西南140米,,,,43.686695,126.623860,
365,磐石金星宾馆(磐石大街分店),磐石市,沿河路8号(市医院西侧),,,,42.938041,126.062179,
365,金色港湾宾馆,龙潭区,承德街32号,,,,43.893810,126.612548,
365,金桔宾馆(河南路),舒兰市,河南路与三道街交叉口西北角,,,,44.406577,126.951068,
365,桦甸华苑商务宾馆,桦甸市,金城路与大兴街交叉口西北40米,,,,42.968125,126.739386,
365,利群宾馆(长春路),船营区,长春路168号(近利群超市),,,,43.819476,126.500926,
365,永吉华兴浪漫主题宾馆,永吉县,华兴新居西南门旁,,,,43.660953,126.504511,
365,吉林同同快捷宾馆,昌邑区,四川街179号(松江果窖南200米),,,,43.869020,126.579923,
365,蛟河豪庭商务宾馆,蛟河市,贵都花园4号楼1层25门,,,,43.719246,127.335488,
365,V8时尚宾馆(吉林北山公园店),船营区,福绥街福裕超市西侧,,,,43.837538,126.535866,
365,宏伟旅店(吉林市心理医院东北),船营区,六医院对面,,,,43.872775,126.513425,
365,吉林瀚琦商务会馆,龙潭区,湘潭街69号(名盛园旁),,,,43.907423,126.560289,
365,小布叮主题公寓(望云街分店),昌邑区,望云街金街小公寓10号楼12幢,,,,43.869293,126.529838,
365,天天时尚宾馆(泰安路),磐石市,泰安路283号,,,,42.943240,126.057317,
365,速8酒店(吉林火车站西出口财富广场店),昌邑区,天津街66号,,,,43.856156,126.573178,
365,白云宾馆,桦甸市,桦甸大街253号,,,,42.970854,126.739351,
365,怡莱永利假日快捷酒店,昌邑区,通潭大路2号,,,,43.881197,126.590202,
365,速8酒店(吉林深圳街店),丰满区,深圳街中华景苑二期10-5号,,,,43.815634,126.547619,
366,轻住酒店·星辰优选(德惠胜利街店),德惠市,德惠路500号,,,,44.536031,125.709503,
366,雅居宾馆,宽城区,兴隆大路6798号,,,,43.939171,125.438002,
366,公主岭天缘宾馆,公主岭市,西头道街温州城一区正东门(乔丹对面),,,,43.504417,124.813872,
366,长春金鼎时尚宾馆,宽城区,西一条街291号,,,,43.906196,125.321200,
366,友源宾馆(东环城路店),二道区,东环城路7778号(东环城路地铁站C口步行460米),,,,43.877525,125.394630,
366,榆树宏远宾馆(榆树客运总站店),榆树市,向阳路7773号,,,,44.821544,126.554062,
366,佳美旅馆,朝阳区,硅谷大街西越达路富强C区1-101号门市,,,,43.801340,125.233536,
366,长春家庭式旅店,二道区,东惠街道远达大街梓林小区2栋106室,,,,43.911096,125.375564,
366,公主岭大和商务宾馆,公主岭市,东四道街弘扬裕府东南侧190米,,,,43.506876,124.818346,
366,富强旅店(长德大街店),宽城区,米沙子镇西朝阳大街镇政府东70米,,,,44.129243,125.477063,
366,长春市宽城区华阳宾馆(合隆店),宽城区,合顺路与青年路交汇太平洋加油站南,,,,44.044472,125.202494,
366,长春广厦小旅馆,朝阳区,富强c区一栋104,,,,43.801302,125.233124,
366,德惠客运宾馆,德惠市,对站街德惠公路客运站附近,,,,44.532929,125.714636,
366,长春宜家时尚客房,二道区,远达大街与长新街交汇吴中家天下20栋,,,,43.930676,125.374727,
366,长春亿家合时尚宾馆,南关区,枫叶路和文冠街交汇望月山庄10栋,,,,43.785190,125.434734,
366,STARHOUSE星宿韩雅客房,朝阳区,高新开发区修正路1017号,,,,43.827225,125.288225,
366,宝地宾馆(大兴路),朝阳区,大兴路与万宝街交汇处(文化广场地铁站A口步行320米),,,,43.879615,125.301714,
366,广程宾馆(长春净月大学城店),南关区,长春净月开发区博硕路555号仁德小区别墅区,,,,43.829124,125.424546,
366,铭家时尚宾馆(长春火车站店),宽城区,站前金街2号楼109号,,,,43.906775,125.319125,
366,佳豪宾馆(天地十二坊店),南关区,珠海路天地12坊小区C20号楼,,,,43.845901,125.369286,
366,华赫快捷宾馆(火车站北出口店),宽城区,凯悦世纪广场C座161号,,,,43.913091,125.318916,
366,长春金海旅店,朝阳区,崇智胡同278号,,,,43.890795,125.316205,
366,关东宾馆(长春火车站店),宽城区,东二条路与黄河路交汇,,,,43.907288,125.329711,
366,长春兰馨宾馆,南关区,临河街3338号(浦东路地铁站A口步行350米),,,,43.860305,125.365120,
366,简约旅馆(长春红旗街吉大一院店),朝阳区,和光路645号,,,,43.870880,125.303276,
367,白城柳客居时尚宾馆,洮北区,朝阳路5号柳客居时尚宾馆,,,,45.616787,122.856961,
367,金色时尚宾馆(白城三二一医院店),洮北区,文化西路62栋1号,,,,45.614213,122.820083,
367,白城E家商务宾馆,洮北区,爱国街5号(白城宾馆对面),,,,45.619735,122.857855,
367,白城红星宾馆(辽北路店),洮北区,爱国街21号,,,,45.618211,122.861433,
367,白城四方宾馆,洮北区,爱国街21号,,,,45.618169,122.861399,
367,薰衣草快捷酒店(白城开发区店),洮北区,幸福南大街49号,,,,45.603315,122.833503,
367,中迎假日宾馆,大安市,人民路与嫩江北街交汇,,,,45.508235,124.297038,
367,白城家馨宾馆,洮北区,民生东路与剧场胡同交叉口向北100米路西,,,,45.616798,122.848992,
367,白城金烨主题宾馆,洮北区,朝阳路97号,,,,45.617403,122.857666,
367,金辉时尚宾馆(白城一中店),洮北区,新华西大路14号,,,,45.610221,122.836911,
367,芒果快捷酒店(白城火车站店),洮北区,爱国街21号(火车站广场正对面),,,,45.618064,122.861260,
367,东方宾馆(庆余南街),镇赉县,庆余南街妇幼保健院南20米,,,,45.846307,123.197498,
367,九号公馆,洮南市,广昌东路731号,,,,45.339070,122.796392,
367,通榆华庭商务酒店,通榆县,繁荣大街4444号,,,,44.818520,123.084738,
367,白城金梦园时尚宾馆,洮北区,幸福街道办事处(白城经济开发区)光明南街24号,,,,45.614912,122.816902,
367,白城遇见轻奢民宿,洮北区,铂金时代B729室,,,,45.605533,122.826636,
367,兴盛旅店(白城火车站店),洮北区,辽北路61号二单元4楼西,,,,45.616549,122.860768,
367,白城金域时尚宾馆,洮北区,朝阳路金域中央5号楼,,,,45.616538,122.856943,
367,洮南百荷时尚宾馆,洮南市,泰州南街68号,,,,45.338359,122.794778,
367,白城阳光旅店,洮北区,辽北路61号楼二单元4楼东,,,,45.616660,122.860962,
367,白城思桐时尚宾馆,洮北区,朝阳路9号楼95号(金沙国际斜对面),,,,45.617293,122.857685,
367,钻石时尚宾馆(长庆南街),洮北区,长庆南街4-4号地委党校东侧,,,,45.619358,122.835325,
367,洮南果橙宾馆,洮南市,泰州南街104号,,,,45.337787,122.794778,
367,鹤翔宾馆,洮北区,中兴东大路59号,,,,45.623784,122.845603,
367,雅客嘉宾馆(白城火车站店),洮北区,金域中央3号门西南90米,,,,45.616495,122.856899,
368,长岭振兴旅店,长岭县,客运站路南路西,,,,44.275521,123.978844,
368,交通宾馆(查干店),前郭尔罗斯蒙古族自治县,150县道查干湖旅游区王爷府西侧,,,,45.198647,124.427948,
368,凯丽商务酒店(振瀛大路),扶余市,振瀛大路869号,,,,44.984822,126.038590,
368,舒月宾馆,宁江区,郭尔罗斯大路2818号,,,,45.112685,124.824167,
368,乾安井方宾馆,乾安县,县中心温州批发城北50米,,,,45.005152,124.022868,
368,领度精品酒店(春江路店),前郭尔罗斯蒙古族自治县,江南松原大路2998号(松园大道与春江路交汇处西北夹角),,,,45.125972,124.826446,
368,汉居酒店,长岭县,长久街道永久东路99号,,,,44.274733,123.983038,
368,扶余鑫天池时尚宾馆(士英街道店),扶余市,联盟住宅楼东门旁,,,,44.984760,126.045201,
368,查干湖度假村,前郭尔罗斯蒙古族自治县,圣湖路与运河东街交汇东行50米,,,,45.207536,124.432833,
368,乾城时尚宾馆,乾安县,昆冈街与羽翔路交汇处,,,,45.006052,124.029766,
368,锦江之星品尚酒店(扶余火车站店),扶余市,士英号路口北100米,,,,44.986068,126.034585,
368,松原丽豪商务酒店,宁江区,乌兰大街1903号松原市审计局旁,,,,45.126373,124.831065,
368,松原遇见智能公寓,宁江区,青年大街4799号欧亚购物中心B座,,,,45.148860,124.807316,
368,明珠宾馆,前郭尔罗斯蒙古族自治县,长山镇长山大街明珠新苑东50米,,,,45.316224,124.485525,
368,云上四季酒店(松原金钻百货店),宁江区,飞宇街798号(金钻广场A2C-2号),,,,45.131236,124.829700,
368,扶余金鼎宾馆(客运站店),扶余市,中海商住小区东门旁,,,,44.984918,126.025243,
368,馨园居旅店(长岭县客运站店),长岭县,岭城西路(客运站西南门)南50米,,,,44.276084,123.979421,
368,前郭瑞蚨祥宾馆,前郭尔罗斯蒙古族自治县,宏宇富宸小区底商第25号,,,,45.116097,124.855068,
368,鑫梦缘宾馆(建荣胡同),宁江区,金帝家园6号楼3单元,,,,45.176025,124.832425,
368,甜园宾馆,宁江区,文化街贸易公司丙栋1单元102,,,,45.176009,124.831806,
368,松原时尚小宾馆,宁江区,繁华路,,,,45.114193,124.818684,
368,松原淞林快捷宾馆,宁江区,繁华路560号,,,,45.113890,124.819188,
368,泰巢风情宾馆,宁江区,康宁街655号,,,,45.112391,124.799013,
368,四季宾馆,宁江区,创业大街238号,,,,45.131219,124.788686,
368,柏盛宾馆,扶余市,奋进街,,,,44.981211,126.036761,
369,四平521时尚旅舍,铁东区,[],,,,43.165648,124.385763,
369,盛源商务宾馆(奉化东大街),梨树县,奉化东大街259号,,,,43.311413,124.355105,
369,鑫苑宾馆(北连胡同),双辽市,第三小学西侧胡同口农广校家属楼小区1号楼1层,,,,43.519093,123.507709,
369,双辽聚缘商务宾馆,双辽市,昌晟轿车维修保养中心东北门旁,,,,43.509129,123.507558,
369,锦江之星(四平平东大路万达广场店),铁东区,平东大路854号(钨钼丝厂旁),,,,43.151244,124.387185,
369,四平坝上人家时尚旅店,铁西区,仁兴街道北迎宾街电业新村9818号楼,,,,43.181977,124.362636,
369,西雅图宾馆(伊通大街),伊通满族自治县,伊通大街伊通卫校南,,,,43.343167,125.303951,
369,聚源时尚宾馆(四平站店),铁西区,站前街站前广场(四平火车站南100米),,,,43.167310,124.372406,
369,百合园酒店(四平火车站店),铁西区,四平公路客运总站北侧,,,,43.167656,124.371721,
369,新豪酒店(四平中心医院七道街店),铁西区,南新华大街5号,,,,43.174609,124.368606,
369,V5唯沃连锁酒店(四平铁东欧亚一店),铁东区,南二经街387号,,,,43.166496,124.383595,
369,雅梦时尚宾馆(四平火车站店),铁西区,军政宾馆对面,,,,43.169629,124.373026,
369,梨树汇鑫商务宾馆,梨树县,朝阳北大路,,,,43.312338,124.339323,
369,朗月商务宾馆,铁西区,华亿明珠101商网,,,,43.167956,124.354136,
369,双辽金秋宾馆,双辽市,郑家屯街道迎春街(四中北),,,,43.511928,123.512591,
369,梨树万兴商务宾馆(四乾线店),梨树县,榆树台镇岳泰饲料旁,,,,43.482981,124.290299,
369,公元城市宾馆(四平火车站店),铁西区,辘轱把路站前街,,,,43.168335,124.370501,
369,如家酒店(四平火车站店),铁西区,站前街9号,,,,43.169542,124.373375,
369,梨树舒馨时尚宾馆(一中店),梨树县,紫玉华府东南门北50米,,,,43.302497,124.328888,
369,梨树千禧宾馆,梨树县,顺达街1号,,,,43.299189,124.337724,
369,梨树鸿都商务宾馆,梨树县,振兴南路与辽河大街交叉口东140米,,,,43.666389,124.246010,
369,如家派柏·云酒店(双辽商业街店),双辽市,中兴路与迎春街交汇处中国农业银行对面,,,,43.514279,123.511684,
369,四平维美戴斯大酒店(火车站店),铁西区,南邮电街888号,,,,43.172455,124.371147,
369,四平大强旅店,铁西区,南仁兴街华展B座2楼,,,,43.169649,124.370606,
369,四平吉宏招待所,铁西区,南邮电街468号华展金街D座3楼,,,,43.169962,124.369430,
370,平川快捷宾馆,东丰县,药业大街2587号(建设银行北侧),,,,42.679407,125.529636,
370,华庭酒店,龙山区,财富大路,,,,42.899620,125.115482,
370,辽源颐和商务酒店,龙山区,福镇大路1245号,,,,42.887413,125.163229,
370,佳泰时尚宾馆,东丰县,兴达桐城花园A区西1门北100米,,,,42.682042,125.527227,
370,东丰云隆苑宾馆,东丰县,江城大路200号(华丽B区斜对面),,,,42.669114,125.537306,
370,龙行健商务宾馆(辽源火车站店),龙山区,法院楼西侧客运站前后街,,,,42.904163,125.134777,
370,天泽酒店(辽源火车站店),龙山区,吉光路1473号,,,,42.904335,125.133632,
370,辽源七夕时尚酒店,龙山区,辽河大路5号(老客运站西侧),,,,42.904347,125.131695,
370,辽源亿家时尚宾馆,龙山区,吉光路1277号,,,,42.903954,125.136290,
370,V5唯沃连锁酒店(辽源店),龙山区,人民大街3665号,,,,42.907226,125.148151,
370,派柏·云酒店(东丰县水利局店),东丰县,西川胡同407号,,,,42.671181,125.525861,
370,桔子快捷宾馆(东丰店),东丰县,步行街领沃电器西侧,,,,42.672630,125.536573,
370,东艺宾馆(辽源站店),龙山区,西宁大路1236号(辽源眼科医院对过),,,,42.904618,125.135401,
370,东丰客家宾馆,东丰县,南昌胡同宏达花园西侧1层,,,,42.671797,125.529277,
370,辽源橙子宾馆,龙山区,人民大街3752号,,,,42.907698,125.147504,
370,辽源百度时尚休闲宾馆,龙山区,滨河路15号,,,,42.894893,125.136941,
370,雨杭时尚旅馆(火车站店),龙山区,吉光路富源花园2号楼4单元2楼,,,,42.903167,125.137329,
370,辽源洁美时尚旅店,龙山区,辽河大路7287号(辽源站前客运总站东侧),,,,42.903869,125.132796,
370,金牛座宾馆(东艺春城店),龙山区,东吉大路东艺紫御华府22号楼105号商铺,,,,42.904665,125.174288,
370,辽源清幽小住公寓,龙山区,人民大街630号永辉大厦F14层,,,,42.909133,125.148517,
370,东丰盛捷公寓,东丰县,广场路165号宏宇家园2号楼1号商铺,,,,42.678237,125.539282,
370,辽源嘉丽府商务宾馆,龙山区,东方广场西侧,,,,42.900753,125.139630,
370,莱芭时尚宾馆,龙山区,建设银行北门对面,,,,42.899955,125.145712,
370,辽源A派凯勒酒店,龙山区,辽河大路6269号,,,,42.897771,125.141640,
370,明都商务宾馆(站前店),龙山区,"火车站出站口对面,海达综合楼门市",,,,42.906476,125.128974,
371,通化宏盛招待所,东昌区,新光路中心医院道口,,,,41.735595,125.959597,
371,集安亮洁客运宾馆(集安早市店),集安市,胜利西路1028号,,,,41.120995,126.183563,
371,通化中兴快捷宾馆,东昌区,新华大街251号,,,,41.729438,125.942195,
371,通化永成商务宾馆,东昌区,北胡同1-5号,,,,41.725712,125.939120,
371,布丁时尚宾馆,东昌区,新华大街75号格林小镇对面,,,,41.723325,125.937634,
371,集安清河宾馆,集安市,清河镇清河大街德聚永购物中心斜对面,,,,41.439969,125.935852,
371,梅河口站前宾馆,梅河口市,站前广场395号,,,,42.533537,125.685922,
371,梅河口瑞莹时尚宾馆,梅河口市,站前路富丽家园1号门市,,,,42.534439,125.691170,
371,通化恺丽宾馆(东昌路店),东昌区,东昌路669号(康达来泌尿专科对面),,,,41.722594,125.934788,
371,集安市路明宾馆,集安市,胜利西路563号,,,,41.123696,126.188334,
371,翰林园商务宾馆,东昌区,师范学院230-980号,,,,41.746542,125.983364,
371,新恺丽宾馆,东昌区,新华大街1738号,,,,41.718079,125.936118,
371,通化顺驿商务宾馆,东昌区,建设大街1078号,,,,41.751977,125.980504,
371,通化通钢宾馆,二道江区,东通化大街149号,,,,41.775047,126.043081,
371,通化星月快捷酒店(欧亚购物中心万达店),东昌区,江南大街女人街6号楼6-7层,,,,41.706574,125.938619,
371,鸿翔假日酒店(通化二道江店),二道江区,东通化大街266号,,,,41.773437,126.041771,
371,弘都宾馆,东昌区,新胜胡同1-4号(汇丰大酒店后侧),,,,41.740778,125.963675,
371,都市118(通化二道江店),二道江区,东通化大街788号,,,,41.776875,126.046826,
371,前城往驿·海友宾馆(通化长途客运总站店),东昌区,育才路16号,,,,41.750521,125.979329,
371,华夏大酒店(通化火车站中心医院店),东昌区,胜利路788号,,,,41.735680,125.956638,
371,佳利电竞民宿(通化集贸步行街店),东昌区,北胡同1-1-2号,,,,41.724816,125.939470,
371,兰欧尚品酒店(集安大吉他广场店),集安市,团结路,,,,41.127699,126.191161,
371,通化金山招待所,东昌区,胜利小区东门西南130米,,,,41.731158,125.953799,
371,梅河口明顺宾馆,梅河口市,古楼商业街与梅河大街交叉口东40米,,,,42.533149,125.686544,
371,梅河口宜家旅馆,梅河口市,宁国路牛海波口腔诊所东行100米,,,,42.534509,125.690015,
372,延吉尚宾旅馆,延吉市,进学街36号,,,,42.904550,129.519549,
372,延吉天宇宾馆(恐龙王国民俗园店),延吉市,前进路州府家园2000,,,,42.888917,129.500879,
372,大山青年旅馆(二道白河长白山高铁站店),安图县,白河新城5号楼饭店街西3号门市,,,,42.440724,128.115112,
372,延吉阳光旅店(延边大学网红墙店),延吉市,公园路(园春胡同132号),,,,42.909066,129.487524,
372,图们宜民宾馆,图们市,光明街662号,,,,42.965200,129.843051,
372,延吉卓明宾馆,延吉市,海兰路1450-15号,,,,42.905236,129.523815,
372,延吉好洁宾馆(水上市场店),延吉市,爱丹路28-7号,,,,42.911329,129.509688,
372,汪清大洋时尚旅馆,汪清县,大川街西56号,,,,43.316229,129.766345,
372,瑞鑫时尚宾馆(火车站店),延吉市,公铁分流客运站旁,,,,42.888374,129.495861,
372,延吉爱尚源时尚宾馆(金达莱店),延吉市,广源居南1门旁,,,,42.894105,129.453887,
372,延吉瑞丰宾馆,延吉市,河南街长白西路1136-32号,,,,42.892539,129.495344,
372,长白山鑫汇宾馆(中华秋沙鸭公园店),安图县,白山街江畔人家1号楼1-9号,,,,42.418340,128.117468,
372,延吉安民旅店(水上市场店),延吉市,新华街101号,,,,42.910524,129.510591,
372,延吉市优格青年旅舍(延边大学店),延吉市,公园街道公园路永康胡同州法院小区3号楼3单元102室,,,,42.906114,129.479314,
372,东关宾馆(图们大路),图们市,图们大路3号,,,,42.967139,129.844043,
372,延吉客满多旅馆,延吉市,铁北路州府小区10-8号,,,,42.888956,129.499090,
372,安图黄松蒲林场那一年客栈,安图县,长白山北坡黄松蒲林场,,,,42.240287,128.180082,
372,延吉鑫明时尚宾馆,延吉市,丛柳街22-3-1号,,,,42.895950,129.506213,
372,延吉运来旅馆(延边大学店),延吉市,延西街民航公寓31号楼四单元,,,,42.908781,129.485642,
372,延边白杨客栈(延边大学网红墙店),延吉市,牛市街6号1单元101(园辉社区),,,,42.905917,129.501151,
372,延吉鑫瑞旅店,延吉市,旧货市场南侧(德铭混沌胡同往西50米),,,,42.910513,129.527136,
372,延吉斯托利亚旅店(延边大学网红墙店),延吉市,新元公寓114号楼南侧1-2,,,,42.895981,129.490567,
372,长白山关外精品客栈,安图县,二道白河镇美人松路象新林墅5号楼101(象新商厦北侧),,,,42.439456,128.107684,
372,延吉安原旅店,延吉市,站前街大洲酒店后道,,,,42.889121,129.497795,
372,现代宾馆(六道河路),龙井市,市政府旁(龙井高级中学对面),,,,42.765969,129.425282,
373,抚松通达宾馆,抚松县,香江路和松山街交汇南行40米,,,,42.334182,127.279042,
373,白山金源商务宾馆,江源区,江源大街金安小区A座乙107号,,,,42.052575,126.588587,
373,长白山森林宾馆·住宿,抚松县,松林街76号,,,,42.171405,127.488834,
373,长白山舰航小宾馆,抚松县,松江河镇松江街参花小区1号楼9号,,,,42.166941,127.485780,
373,长白山宜家时尚入住店,抚松县,松江河镇站前街天池圣景C3区2号楼2号门市,,,,42.171163,127.479933,
373,首创视界风尚酒店,浑江区,浑江大街179号,,,,41.941425,126.428478,
373,友谊宾馆(向阳店),浑江区,新建街道浑江大街1775号嘉合花园4号楼302室,,,,41.930352,126.412762,
373,白山水电招待所,浑江区,富安小区西北门东北80米,,,,41.952625,126.455240,
373,鸿谊宾馆,浑江区,团结路红旗街贸易城南行10米,,,,41.939970,126.428893,
373,随心假日宾馆,抚松县,长白山大街鸿宇花园,,,,42.157927,127.489537,
373,露水河宾馆,抚松县,露水河镇露豪商场东侧,,,,42.520213,127.798925,
373,ET主题宾馆,浑江区,浑江大街广源大理石厂对面,,,,41.946352,126.439431,
373,抚松合顺宾馆,抚松县,露水河大街,,,,42.519183,127.799150,
373,抚松松乡宾馆,抚松县,露水河镇正阳大街镇政府东侧,,,,42.519146,127.790729,
373,白山好家时尚快捷宾馆,江源区,富强小区旁,,,,42.058452,126.590660,
373,抚松鹿鸣时尚宾馆,抚松县,鹿鸣街鸿运小区(老政府广场东侧北走200米),,,,42.344343,127.282607,
373,美佳宾馆(白山火车站店),浑江区,东庆路17号,,,,41.954115,126.457267,
373,四季宾馆(民主街店),长白朝鲜族自治县,长白镇民主委4组4号,,,,41.417219,128.200555,
373,抚松金福宾馆,抚松县,露水河镇宏伟街20委5-20-420,,,,42.518388,127.787302,
373,西雅小镇假日宾馆(白山浑江大街万达广场店),浑江区,浑江大街1430号(东风桥北侧),,,,41.944695,126.434007,
373,抚松抚林快捷宾馆,抚松县,乐业家园北门西110米,,,,42.330284,127.280525,
373,靖宇成悦快捷宾馆(集贸大厦店),靖宇县,西大街北路(老客运站斜对面),,,,42.390299,126.805019,
373,长白小贾旅店,长白朝鲜族自治县,长白街旧农贸市场,,,,41.418807,128.199120,
373,白山彼得猫快捷宾馆,浑江区,龙都嘉园102-202室,,,,41.953191,126.455325,
373,东升海澜旅店(长白山西站店),抚松县,松江河镇站前街5委2组,,,,42.186365,127.483243,
374,吉祥宾馆,芒康县,滨河路2-8号,,,,29.693449,98.596445,
374,芒康海纳时代大酒店,芒康县,宁静路16号,,,,29.692981,98.595323,
374,百里挑一商务酒店,八宿县,多拉村中石油斜对面,,,,30.059852,96.933493,
374,昌都金美宾馆,卡若区,卡若区西路35号,,,,31.144026,97.166080,
374,雪豫供氧宾馆,八宿县,白玛镇中国石油斜对面,,,,30.059017,96.931347,
374,欢聚酒店,左贡县,珠然新区5-13号地,,,,29.666602,97.845942,
374,昌都宾临酒店,卡若区,城关镇四川桥海南街105号,,,,31.141073,97.181324,
374,天佑华宾馆,八宿县,国道318白玛桥头,,,,30.055073,96.921726,
374,嘎托大酒店,芒康县,宁静路8-1,,,,29.691063,98.595030,
374,芒康重庆宾馆,芒康县,江卡路三岔路口,,,,29.693098,98.594902,
374,八宿然乌观景酒店,八宿县,318国道然湖宾馆南200米,,,,29.500689,96.760071,
374,类乌齐宜居宾馆,类乌齐县,滨江路37号,,,,31.220486,96.604917,
374,万泰假日酒店,左贡县,旺达中街3号,,,,29.669785,97.846905,
374,芒康景悦大酒店,芒康县,嘎托镇江卡村,,,,29.693137,98.594305,
374,蜀都商务宾馆,贡觉县,莫洛镇东风路33号,,,,30.859874,98.274086,
374,情怀大酒店,左贡县,亚中村情怀大酒店,,,,29.890729,97.634965,
374,四川民宿,芒康县,盐井乡214国道盐井中学北100米,,,,29.031434,98.609207,
374,芒康顺盛商务酒店,芒康县,嘎托镇江卡路10号,,,,29.693288,98.594520,
374,八宿鑫鑫快捷酒店,八宿县,白马镇318国道八宿县小学对面,,,,30.054819,96.922360,
374,左贡旺达酒店,左贡县,珠然新区5-11,,,,29.666373,97.846431,
374,盐井珠穆朗玛酒店,芒康县,G214(西景线),,,,29.031943,98.609040,
374,怡家宾馆,八宿县,顺达加油站西南侧100米,,,,30.057711,96.928424,
374,八宿彩云之南酒店,八宿县,然乌镇彩云之南酒店,,,,29.500961,96.760369,
374,左贡川藏假日酒店,左贡县,珠然新区1-19号,,,,29.665245,97.845329,
374,昌都招阳宾馆,卡若区,茶马桥桥头西路330号,,,,31.134879,97.175613,
375,安多平安酒店,安多县,沈阳南路1号,,,,32.260852,91.681212,
375,那曲斯卡拉大酒店,色尼区,通站路1号,,,,31.464634,92.041200,
375,那曲三谊精品酒店,色尼区,滨河路与拉萨南路交叉口东南40米,,,,31.465478,92.041066,
375,班戈途客居精品酒店,班戈县,吉江扎西中路班戈市场监督管理局3楼,,,,31.397863,90.012331,
375,安多如家宾馆,安多县,安多青藏公路109国道旁(近青藏公路综合服务区),,,,32.253869,91.681574,
375,班戈安信酒店,班戈县,通那路小康村修建方通马路班戈客运站斜对面,,,,31.398426,90.015071,
375,凯旋宾馆(拉萨北路店),色尼区,色尼区拉萨北路37号,,,,31.493888,92.063975,
375,柏曼酒店(安多店),安多县,109国道,,,,32.261995,91.686875,
375,索县亚拉之家宾馆,索县,亚拉巷3号附1号,,,,31.887084,93.787728,
375,那曲云尚宾馆,色尼区,拉萨北路(109国道)公路养护处27号,,,,31.477525,92.055936,
375,安多毛拉山宾馆,安多县,综合便民警务站东(安多三江源大酒店南),,,,32.260531,91.685474,
375,巴青诺布酒店,巴青县,塔杰路83号,,,,31.920440,94.047342,
375,豪悦宾馆,色尼区,拉萨北路81号,,,,31.496800,92.064839,
375,比如德兰酒店,比如县,夏曲镇317国道旁商品房,,,,31.801760,92.835152,
375,那曲清风客栈,色尼区,拉萨南路海文大厦院内1楼6号房,,,,31.466125,92.039025,
375,嘎桑酒店,班戈县,班戈产业园区A区B栋,,,,31.404730,90.026561,
375,悦栖大酒店,索县,亚拉镇亚拉南路9号附8号,,,,31.878154,93.785971,
375,尼玛八方宾馆,尼玛县,建设路尼玛县人民医院对面,,,,31.785616,87.236568,
375,那曲卡尔顿大酒店(原龙鼎商务宾馆),色尼区,拉萨北路(北郊木材市场),,,,31.499882,92.066162,
375,索县白日仓宾馆,索县,317国道亚拉镇下方天府美食城对面,,,,31.894752,93.794573,
375,尼玛县当惹雍措湖景宾馆,尼玛县,文部乡南村务堆西北420米,,,,31.342383,86.754370,
375,景禾供氧酒店,班戈县,班戈公安局正南方向20米左右,,,,31.399804,90.023193,
375,左岸酒店,索县,亚拉南路317号,,,,31.880550,93.785241,
375,风情客栈,色尼区,文化中路18号,,,,31.469623,92.055224,
375,虫草大酒店,索县,亚拉镇317国道水云阁洗浴中心旁,,,,31.895387,93.795664,
376,拉萨家乐宾馆(大昭寺八廓街店),城关区,小昭寺路17号,,,,29.654697,91.133292,
376,拉萨嘉陵旅馆(八廓街店),城关区,江苏东路13号,,,,29.649466,91.147255,
376,平措康桑青年旅舍(布达拉宫大昭寺店),城关区,朵森格北路48号,,,,29.653914,91.128980,
376,拉萨经济委宾馆(大昭寺店),城关区,林廓东路28号自治区公安厅旁边,,,,29.650391,91.140669,
376,天成宾馆(金珠西路店),城关区,区金珠西路86号,,,,29.643302,91.063942,
376,都市118精选酒店(拉萨布达拉宫太阳岛店),城关区,环岛南路13号,,,,29.640652,91.116928,
376,福海大酒店(金珠西路店),城关区,金珠西路81号(柳梧立交桥西100米),,,,29.645245,91.079621,
376,拉萨星月客栈(西藏大学河坝林校区店),城关区,林聚北路18号,,,,29.647115,91.144782,
376,拉萨圣域大酒店(扎基寺店),城关区,夺底路62号烟草公司对面,,,,29.671416,91.144451,
376,拉萨风马飞扬旅舍(大昭寺八廓街店),城关区,北京中路二巷5-1号,,,,29.654162,91.132666,
376,拉萨暮野雅舍民宿(大昭寺店),城关区,仙足岛花园小区19排2号,,,,29.640283,91.137847,
376,登巴客栈(八廓街大昭寺店),城关区,翁堆兴卡路15号,,,,29.648999,91.137925,
376,拉萨吉祥客栈(布达拉宫大昭寺店),城关区,娘热南路二所商品房(与北京东路交口110警务站旁),,,,29.652770,91.123923,
376,尚客优酒店(拉萨八廓街店),城关区,色拉路26路雄嘎3组1号,,,,29.663836,91.134596,
376,拉萨八月客栈(大昭寺布达拉宫店),城关区,色拉南路团结新村东门斜对面雄嘎居委会二组22号,,,,29.661497,91.134456,
376,东晨青年旅舍,城关区,扎细新村路31号,,,,29.668834,91.140253,
376,拉萨金色年华酒店,城关区,扎基路11号,,,,29.673401,91.129781,
376,尚客优连锁酒店(拉萨布达拉宫店),城关区,"娘热中路31号,汽车五队小区旁",,,,29.667745,91.123695,
376,7天优品酒店(拉萨大昭寺八廓街店),城关区,色拉路25号,,,,29.662137,91.133749,
376,拉萨腾云舍客栈(扎基寺店),城关区,扎基东路4号民宗委退休基地7-1号,,,,29.672545,91.138078,
376,7天优品酒店(拉萨布达拉宫店),城关区,娘热南路15号,,,,29.663298,91.123644,
376,拉萨极天客栈(哲蚌寺店),城关区,当巴社区三组766号,,,,29.665498,91.058266,
376,飞白小院,城关区,红旗西路统建社区13组852号,,,,29.648594,91.154607,
376,拉萨城北艺卓拉茉客栈(布达拉宫观景台店),城关区,拉鲁社区卓堆村47号,,,,29.666460,91.120063,
376,壹月小憩·等风来客栈,城关区,加措四组130号,,,,29.662275,91.092818,
377,日喀则吉培大酒店,桑珠孜区,吉培林路1号,,,,29.260788,88.889852,
377,日喀则岷山安逸贵福酒店(神力时代广场店),桑珠孜区,城南办事处黑龙江路28号,,,,29.267726,88.890648,
377,江孜明湖饭店,江孜县,上海路6号,,,,28.908437,89.607518,
377,定日喜马拉雅宾馆,定日县,岗嘎镇318国道中国农业银行旁,,,,28.580849,86.616377,
377,定日珠峰宾馆,定日县,珠峰东路2号,,,,28.632017,87.174403,
377,暖阳民宿宾馆,桑珠孜区,幸福路立新居委会2区4幢,,,,29.243393,88.860122,
377,莫非客栈(日喀则市青岛路汽车总站店),桑珠孜区,青岛路22号(二中对面),,,,29.270191,88.892266,
377,天临大酒店,桑珠孜区,珠峰西路5号,,,,29.262796,88.877578,
377,定日白坝酒店,定日县,白坝镇1号(定日县公安局外事验证室旁)近G318国道,,,,28.637341,87.181002,
377,日喀则盛源商务宾馆,桑珠孜区,雪强路29号,,,,29.272617,88.879233,
377,仲巴川黔宾馆,仲巴县,帕羊镇川黔宾馆,,,,30.044181,83.467437,
377,旺盛富氧酒店,定日县,扎西宗乡扎西宗村农业银行对面,,,,28.418162,87.022593,
377,星耀酒店,定日县,扎西宗乡珠峰路卧龙村西南方向168米,,,,28.467171,87.032421,
377,巅峰驿站(珠峰小镇店),定日县,珠峰路与生态路交叉口西南440米,,,,28.419597,87.023318,
377,亚东雅居宾馆(亚东汽车站店),亚东县,下司马镇下司马前街中国农业银行斜对面,,,,27.480574,88.906685,
377,拉孜富丽商务宾馆,拉孜县,闸北路19号,,,,29.086587,87.634976,
377,楚古酒店,江孜县,英雄南路23号,,,,28.906519,89.603622,
377,锐豪酒店(宗山小布达拉店),桑珠孜区,雪强路28号,,,,29.278221,88.879373,
377,日喀则湘巴福家酒店(科技路店),桑珠孜区,科技路2号水文公寓1楼,,,,29.263730,88.888358,
377,日喀则旭康商务宾馆,桑珠孜区,上海北路旺家福超市对面,,,,29.271891,88.883189,
377,珠峰牛头旅馆(巴松村店),定日县,扎西宗乡,,,,28.374264,86.954355,
377,亚东亚圣宾馆,亚东县,下司马前街团结路49号,,,,27.481097,88.906873,
377,七平方青年旅社,桑珠孜区,城东街道科技路8号,,,,29.266100,88.888069,
377,日喀则湖畔民宿(汽车总站店),桑珠孜区,曲荣门塘路珂尔药业公司商品房,,,,29.274971,88.893521,
377,宜必思酒店(日喀则拉孜店),拉孜县,老中尼路13号,,,,29.085909,87.635884,
378,裕砻假日大酒店,乃东区,泽当镇乃东路30号,,,,29.231475,91.772321,
378,拉萨贡嘎国际机场万客来宾馆,贡嘎县,友谊路西藏银行旁边,,,,29.283795,90.901203,
378,山南黑妹家庭旅馆,洛扎县,色乡色村一组处迂东南600米,,,,28.234375,90.794325,
378,泽当花园宾馆,乃东区,桑康南街泽当镇西区菜市场南20米路东,,,,29.237157,91.764151,
378,山南宾馆,乃东区,湖南路2号,,,,29.234234,91.771826,
378,雅砻河酒店,乃东区,湖北大道18号,,,,29.231457,91.764505,
378,山南富侨商务宾馆,乃东区,泽当镇湖北大道123号工商局对面,,,,29.237997,91.759950,
378,浪卡子浪泰商务宾馆,浪卡子县,浪卡子镇宁金康路40号,,,,28.967979,90.401561,
378,拉姆拉措大酒店,加查县,仲巴街8号,,,,29.141002,92.589495,
378,羊湖蕃圣度假山庄,贡嘎县,江塘镇岗巴村,,,,29.267133,90.616024,
378,裕丰家庭旅馆,洛扎县,西藏洛扎镇嘎波村6组6一019,,,,28.386762,90.856115,
378,扎央宗桑耶宾馆,扎囊县,阿扎乡阿扎村,,,,29.363658,91.275907,
378,洛扎旺培康桑家庭旅馆,洛扎县,色乡色村1组处迂东南500米处,,,,28.234044,90.794207,
378,洛扎遇见岗日家庭旅馆,洛扎县,色乡措玉村蜀味川菜馆东南40米,,,,28.234662,90.793781,
378,嘎玛雪域家庭旅馆,洛扎县,拉康镇邮政所东北方向约150米,,,,28.111778,91.123915,
378,山南淼焱宾馆,乃东区,乃东区新菜市场平安小区正门对面,,,,29.237556,91.764111,
378,隆子黑青稞宾馆,隆子县,兴隆路88号黑青稞商场院子里,,,,28.410239,92.463731,
378,随缘宾馆(贡嘎机场店),贡嘎县,甲竹林镇四组友谊路13号附2号,,,,29.284291,90.900894,
378,浪卡子5070湖景民宿,浪卡子县,推瓦村普莫雍错边上推瓦寺旁边,,,,28.561816,90.529361,
378,山南丽晶快捷宾馆,乃东区,格桑路67号,,,,29.236407,91.754245,
378,贡嘎圣城拾光民宿,贡嘎县,友谊路61号,,,,29.286714,90.888761,
378,天露宾馆,乃东区,贡布路43号(雅砻林卡旁),,,,29.243397,91.782448,
378,云天商务酒店(拉萨贡嘎机场店),贡嘎县,甲竹林镇机场友谊路,,,,29.284050,90.901510,
378,贡嘎龙港宾馆,贡嘎县,甲竹林镇拉萨贡嘎国际机场,,,,29.284910,90.895630,
378,贡嘎上禧大酒店,贡嘎县,甲竹林镇甲竹林村3组,,,,29.280977,90.894085,
379,渡口客栈(林芝市中心店),巴宜区,八一大街366号,,,,29.651336,94.359015,
379,藏布江青年旅舍,波密县,桑登中路中铁四局集团西北60米,,,,29.856710,95.760380,
379,巴松措琼拉家庭旅馆,工布江达县,错高乡结巴村距观光亭西北300米,,,,30.000023,93.978703,
379,林芝院长客栈,巴宜区,鲁朗镇纳麦村,,,,29.724644,94.735647,
379,波密拉格桑桃花园民宿,波密县,405乡道,,,,29.918844,95.626917,
379,波密七宜宾馆,波密县,318国道,,,,29.865992,95.756454,
379,玲珑客栈(林芝市客运中心店),巴宜区,滨河路211号,,,,29.657270,94.354186,
379,鑫鑫客栈,波密县,景观桥桥头(中国联通)旁边,,,,29.858857,95.762450,
379,隐于西·观景小筑,波密县,扎木镇桑登中路,,,,29.854988,95.764046,
379,林芝玉龙青年旅社,巴宜区,广东路430号,,,,29.656077,94.354500,
379,林芝川藏线标间旅社,巴宜区,双拥东路109号,,,,29.657163,94.370615,
379,林芝桃花源太空舱宾馆,巴宜区,工布民俗街126号,,,,29.638473,94.374329,
379,波密民族大酒店,波密县,茂名路波密广场旁市场内,,,,29.857941,95.770061,
379,波密途友庄园酒店,波密县,古乡川藏南线318国道3977公里处,,,,29.906657,95.492840,
379,波密通麦宾馆,波密县,川藏公路G318线通麦镇,,,,30.100129,95.081429,
379,林芝排龙神汤温泉酒店,巴宜区,排龙乡街道近排龙乡中桥,,,,30.016667,94.997625,
379,察隅丽江源酒店,察隅县,察瓦龙乡,,,,28.475858,98.463541,
379,林芝东城客栈,巴宜区,德吉路212号,,,,29.652582,94.354781,
379,九月九酒店(波密318国道店),波密县,沪聂线创亿机电东南20米,,,,29.867706,95.754334,
379,鑫弘酒店,波密县,扎木镇扎木大桥西南300米,,,,29.857038,95.761032,
379,林芝晶圣酒店,巴宜区,双拥东路与和谐路交叉口东北20米,,,,29.639990,94.374296,
379,栖客寻梦客栈(波密店),波密县,德庆路10号,,,,29.868864,95.753847,
379,归家民宿,波密县,扎木镇便民警务站对面,,,,29.850219,95.770664,
379,波密巴蜀缘宾馆,波密县,318国道距汇鑫农贸市场西北250米,,,,29.864287,95.758501,
379,林芝众里精品酒店(牦牛广场店),巴宜区,车管所对面,,,,29.631326,94.364633,
380,邮政酒店(北京南路),噶尔县,狮泉河镇北京南路4号,,,,32.501153,80.095064,
380,札达君悦宾馆,札达县,象雄路中段(札达烈士陵园西面),,,,31.475956,79.804165,
380,札达金诚宾馆,札达县,民俗一条街,,,,31.480806,79.810858,
380,冈仁波齐金山客栈,普兰县,巴嘎乡人民政府东南方向120米,,,,30.974998,81.289542,
380,普兰三峡宾馆,普兰县,巴嘎乡岗沙村馄饨烧菜馆隔壁,,,,30.966336,81.288546,
380,先遣乡太璞宾馆,改则县,216国道进藏先遣连纪念馆东北约80米,,,,33.116175,83.295925,
380,普兰波齐娇娇民宿,普兰县,巴嘎镇巴嘎乡乡镇府东100米,,,,30.975525,81.290125,
380,普兰观山小镇有氧民宿,普兰县,219国道3899公处,,,,30.962872,81.288758,
380,普兰云上民宿,普兰县,地区巴嘎乡新卫生院西道路尽头白色大门,,,,30.969652,81.284219,
380,鑫客隆宾馆,噶尔县,北京南路12号,,,,32.496911,80.094840,
380,措勤家味宾馆,措勤县,广西路县卫生局大门正对面,,,,31.017714,85.161624,
380,念山民宿(冈仁波齐店),普兰县,巴嘎镇岗莎村村委会西南方向约60米处,,,,30.975985,81.290282,
380,普兰宾馆,普兰县,贡嘎路15号,,,,30.292874,81.177836,
380,富恒宾馆,改则县,改则镇鲁仁东路17号,,,,32.301177,84.065999,
380,怡鑫商务宾馆(龙门客栈迎宾大道店),噶尔县,地区狄三路与北京路南段交叉口东南100米,,,,32.493536,80.094809,
380,13圈民宿,普兰县,巴嘎镇塔尔钦中国电信续中站东侧小院2号,,,,30.972277,81.291623,
380,佳宸宾馆,噶尔县,北京路南段与滨河南路交叉口南90米,,,,32.496176,80.095169,
380,云端小筑民宿,普兰县,地区巴嘎乡塔尔钦云端小筑,,,,30.964330,81.289099,
380,怡人海富氧酒店,普兰县,巴嘎乡人民政府东南侧约150米,,,,30.974724,81.289768,
380,兰雅民宿,改则县,先遣乡扎布村,,,,33.114275,83.297175,
380,札达金瑞商务宾馆,札达县,古格路老干局退休一区,,,,31.476613,79.804159,
380,噶尔银鑫酒店(狮泉河镇店),噶尔县,地区狮昆路4号(蓝剑马路对面),,,,32.493101,80.093656,
380,措勤行者无疆旅游酒店,措勤县,地区广西路,,,,31.012455,85.149876,
380,札达象雄宾馆,札达县,河北路6号,,,,31.477264,79.804554,
380,朝圣者民宿(冈仁波齐店),普兰县,巴嘎乡拉曲路朝圣者民宿(冈仁波齐店),,,,30.967132,81.286658,
381,威信九龙宾馆,威信县,长征路,,,,27.844402,105.047248,
381,旺角快捷酒店,镇雄县,南大街永安驾校对面,,,,27.422315,104.871808,
381,鲁甸锐达主题酒店,鲁甸县,文屏东路97号,,,,27.193753,103.552565,
381,昭通文登旅馆,昭阳区,小石桥27号,,,,27.335392,103.711116,
381,水富宏峰宾馆,水富市,云天大道70号,,,,28.631960,104.406561,
381,溪洛渡大酒店,永善县,振兴大街28号,,,,28.234800,103.641256,
381,顺安宾馆(温泉大道店),水富市,云富街道温泉大道温泉社区37栋3单元3号门市,,,,28.637494,104.372309,
381,昭通白领公寓(珠泉路店),昭阳区,珠泉路184门面内,,,,27.344496,103.706087,
381,东海大酒店(南广路),镇雄县,乌峰镇南台路2号,,,,27.434014,104.872841,
381,水晶宾馆(南顺城街),昭阳区,南顺城街248号,,,,27.331488,103.717833,
381,大关大酒店,大关县,龙洞路16号,,,,27.743197,103.894148,
381,昭通朋来大酒店(市中医院店),昭阳区,民欣街21号市中医院旁,,,,27.324154,103.705203,
381,海魅主题酒店,昭阳区,环城东路22号,,,,27.332154,103.725438,
381,福隆宾馆,镇雄县,南台街道南大街142号,,,,27.427672,104.871262,
381,巧家永盛宾馆,巧家县,红卫街17号,,,,26.912581,102.930734,
381,永善福瑞阁宾馆,永善县,永兴街道玉泉路221号,,,,28.230975,103.631025,
381,金凯酒店,巧家县,莲塘安置点120-21号地,,,,26.886433,102.943466,
381,曼森民宿,巧家县,老店镇广场对面(中石油加油站上行100米)二级路旁,,,,26.927622,103.278450,
381,英英宾馆,鲁甸县,戒板段中心幼儿园西南侧约150米,,,,27.223961,103.602127,
381,昭通拉维宾馆,昭阳区,凤凰街道迎丰社区沿河岔街82号附16号,,,,27.328375,103.718925,
381,居贤宾馆(第一人民医院店),昭阳区,环城东路329号附2号内,,,,27.335111,103.725694,
381,鲁甸宏尊酒店,鲁甸县,文屏镇人工湖水磨路2号,,,,27.184949,103.548583,
381,彝良文雅公寓,彝良县,角奎镇振兴街田坝村46号,,,,27.624257,104.046928,
381,亮金大酒店(昭通锦海建材城店),昭阳区,太平街道办事处太平社区民委员会3-4号安置点3号院工变8栋,,,,27.347851,103.748142,
381,和谐饭店(赤水源大道),镇雄县,南台街道赤水源大道(赤水源大道与和谐路交叉口对面),,,,27.427290,104.869167,
382,师宗金鑫宾馆,师宗县,挽阑路9号,,,,24.826709,103.997407,
382,新吉祥精品酒店,麒麟区,竹鹰小康城17号,,,,25.526414,103.797708,
382,鑫龙宾馆,马龙区,通泉街道小桥河东路马龙区交通运输局西10米,,,,25.429759,103.583366,
382,宣威武星大酒店,宣威市,建设街90号(市政府对面),,,,26.220225,104.104591,
382,罗平国标快捷酒店,罗平县,松岗路与云贵路交叉口南40米,,,,24.888251,104.316644,
382,豪廷商务宾馆(西河公园店),沾益区,"金龙东路109号(沾益第四中学斜对面,近温州商城)",,,,25.570242,103.821364,
382,金地酒店(向阳街),宣威市,向阳西街73号(民族中学斜对面),,,,26.229234,104.093581,
382,名仕商务宾馆(曲靖市人民政府国有资产监督管理委员会西南),麒麟区,潇湘街道玉带路南城门社区九组152号,,,,25.479937,103.795205,
382,曲靖花山宾馆,沾益区,珠源北路海内百货向北80米,,,,25.752913,103.889290,
382,师宗大酒店,师宗县,丹凤西路14号,,,,24.822361,103.991210,
382,会泽宾馆,会泽县,钟屏路214号,,,,26.411097,103.301199,
382,师宗星鑫宾馆,师宗县,彩云镇财政所斜对面,,,,24.701627,103.918920,
382,会泽者海大酒店,会泽县,213国道附近,,,,26.554223,103.624456,
382,奥都酒店,师宗县,通源大道下段(工商局东约100米),,,,24.829737,104.005176,
382,帝豪大酒店,师宗县,通源大街与324国道交叉路口,,,,24.831275,104.007184,
382,帝恒大酒店,师宗县,挽澜南路97号,,,,24.826122,103.997535,
382,师宗巴比伦鼎盛大酒店,师宗县,挽澜路与通源大街交叉口西北50米,,,,24.824694,103.997845,
382,泰邦酒店,麒麟区,麒麟北路316号,,,,25.524295,103.802587,
382,福胜大酒店(兴师南路),师宗县,兴师南路,,,,24.814789,104.002861,
382,美景大酒店,会泽县,通宝路363号,,,,26.418107,103.299956,
382,锦江连锁酒店(曲靖陆良图腾商业中心春光路店),陆良县,中枢街道春光路26号,,,,25.033759,103.662056,
382,师宗东来客栈,师宗县,北门街,,,,24.835243,103.991466,
382,龙泉山智能宾馆(书院路店),麒麟区,书院路与翠峰东路交叉口东北60米,,,,25.491407,103.789513,
382,曲靖珠源商务宾馆,麒麟区,珠江源大道丰登小学对面,,,,25.530391,103.818660,
382,曲靖如辉快捷酒店,麒麟区,园林路16号,,,,25.489711,103.788166,
383,蒙自舒雅宾馆,蒙自市,昭忠路81号,,,,23.373756,103.387684,
383,蒙自麒麟酒店,蒙自市,麒麟街46号,,,,23.370490,103.387473,
383,开远迎旭招待所,开远市,临江北路269号,,,,23.717594,103.259673,
383,金平云梯酒店,金平苗族瑶族傣族自治县,南正街1号(近新华书店),,,,22.781009,103.229937,
383,弥勒市金山酒店,弥勒市,弥阳街道人民路(市供水公司公交站旁),,,,24.407942,103.424350,
383,阳光宾馆,蒙自市,北京路土官村搬迁小区127号,,,,23.380234,103.370206,
383,九龙宾馆(天马路),蒙自市,天马路26号,,,,23.366350,103.395120,
383,蒙自红达宾馆(文萃路店),蒙自市,民安路228号,,,,23.374852,103.383693,
383,金利大酒店(阿庐大街),泸西县,阿庐大街中段文化广场对面,,,,24.549067,103.756614,
383,阳阳酒店(迎晖路),建水县,迎晖路185号(建水汽车客运站对面),,,,23.628849,102.833800,
383,金平绿宝宾馆(国门文化广场金傣农贸市场店),金平苗族瑶族傣族自治县,环城北路10号,,,,22.782859,103.230783,
383,银丰商务酒店,屏边苗族自治县,文化路文化桥旁,,,,22.986586,103.687855,
383,云梯酒店(西山路),石屏县,异龙镇西山路30号西门农贸市场,,,,23.712144,102.482270,
383,建水清远酒店(建水古城店),建水县,建水大道146号(中石化加油站旁),,,,23.619472,102.813943,
383,在水一方客栈(湖泉生态园店),弥勒市,白蜡园网球场背后,,,,24.397105,103.404792,
383,屏边鑫都大酒店,屏边苗族自治县,昆河路54号,,,,22.989956,103.684034,
383,佳园宾馆,建水县,永祯巷116号,,,,23.619215,102.820313,
383,建设商务宾馆,开远市,建设东路迎旭广场旁,,,,23.718070,103.258852,
383,囍栖鑫源宾馆,个旧市,新街42号一心堂对面三楼,,,,23.362795,103.153315,
383,经贸大酒店(常青路),元阳县,南沙镇常青路22号,,,,23.218862,102.839423,
383,蒙自满玲旅馆,蒙自市,民安路82号,,,,23.371439,103.383128,
383,热浪温泉酒店,弥勒市,湖泉公园西门附近,,,,24.407569,103.408884,
383,建水古城客栈,建水县,临安路59号(临安饭店对面),,,,23.614739,102.828960,
383,孔家客栈(建水古城店),建水县,临安路290号,,,,23.611677,102.823332,
383,天宝大酒店(滨河路),河口瑶族自治县,滨河大道10号越南街,,,,22.505926,103.961853,
384,锦谷宾馆,泸水市,怒江大道245号,,,,25.824918,98.856386,
384,泸水龙竹坝酒店,泸水市,六库镇向阳南路(龙竹坝),,,,25.831116,98.857969,
384,兰坪锦江宾馆,兰坪白族普米族自治县,人民东路74号,,,,26.449537,99.423191,
384,兰坪兰港生态宾馆,兰坪白族普米族自治县,沧江路62号,,,,26.458206,99.423605,
384,怒江锦盟大酒店,泸水市,六库镇人民路90号,,,,25.849710,98.854512,
384,贡山忆客酒店,贡山独龙族怒族自治县,茨开镇茨开路243号,,,,27.737111,98.665829,
384,锦天宾馆(泸水一中店),泸水市,向阳南路139号,,,,25.837746,98.858576,
384,兰坪家豪酒店,兰坪白族普米族自治县,金江路122号,,,,26.450689,99.425107,
384,泸水恋江宾馆,泸水市,四十大道以北,,,,25.832482,98.856714,
384,贡山怒丙客栈,贡山独龙族怒族自治县,丙中洛街87号(卫生院旁),,,,28.012592,98.623016,
384,华馨酒店(人民东路店),兰坪白族普米族自治县,人民东路江北小区107号附3号,,,,26.450640,99.422733,
384,福贡荣都商务酒店,福贡县,石月街2号,,,,26.904783,98.867954,
384,泸水维景酒店,泸水市,怒江大道22号,,,,25.832487,98.856834,
384,贡山峡谷大酒店,贡山独龙族怒族自治县,茨开北路,,,,27.739128,98.664821,
384,贡山逸龙客栈,贡山独龙族怒族自治县,茨开路71号,,,,27.733964,98.667283,
384,贡山东方商务酒店,贡山独龙族怒族自治县,环城路1号,,,,27.741525,98.667275,
384,兰坪華億大酒店,兰坪白族普米族自治县,金江路116号,,,,26.451626,99.425429,
384,向东酒店,贡山独龙族怒族自治县,茨开镇石门路9号,,,,27.744747,98.670428,
384,泸水高黎红酒店,泸水市,排路坝路,,,,25.837170,98.856729,
384,泸水轻奢时光酒店,泸水市,六库镇人民路237号(海澜之家旁),,,,25.853801,98.852349,
384,明月酒店,贡山独龙族怒族自治县,茨开北路244号,,,,27.740289,98.665584,
384,泸水安达商务酒店,泸水市,六库镇向阳南路202号,,,,25.837893,98.857813,
384,兰坪凯鑫商务酒店,兰坪白族普米族自治县,金江路147号,,,,26.448041,99.421607,
384,贡山三江源酒店,贡山独龙族怒族自治县,环城路3号(临近丽江腊排骨火锅),,,,27.738302,98.666834,
384,泸水腾瑞浩祥快捷酒店(同心广场店),泸水市,艾络客影城(龙江路)云南省怒江傈僳族自治州泸水市86号,,,,25.821086,98.854461,
385,玉溪玉江商务宾馆,红塔区,小庙街十组团5号,,,,24.349928,102.543236,
385,凤凰宾馆,峨山彝族自治县,化念镇凤凰社区,,,,24.077436,102.202168,
385,玉溪惠鑫宾馆(聂耳音乐广场店),红塔区,右所30幢13号,,,,24.361442,102.557634,
385,玉溪华祥商务宾馆,红塔区,高新区民心街6号,,,,24.335382,102.534413,
385,86宾馆,元江哈尼族彝族傣族自治县,红河街道同吉路160号,,,,23.602834,101.998941,
385,玉溪金汇酒店,红塔区,文化路63号,,,,24.340667,102.534556,
385,通海东方酒店,通海县,礼乐东路29号,,,,24.111835,102.765216,
385,广场宾馆(文化路店),元江哈尼族彝族傣族自治县,红河街道兴元社区文化路106号,,,,23.597036,101.995105,
385,元江金房大酒店,元江哈尼族彝族傣族自治县,澧江街道办澧江路77号,,,,23.594446,101.999508,
385,鸿泰宾馆,红塔区,马家庄12幢1号,,,,24.349615,102.533606,
385,峨山汇全酒店,峨山彝族自治县,练江南路,,,,24.170551,102.401145,
385,玉溪金源酒店(小庙街凤凰路店),红塔区,凤凰路23-3号,,,,24.353726,102.539327,
385,峨山常优酒店,峨山彝族自治县,锦山路滇中畜禽山货交易市场正门口,,,,24.175688,102.396188,
385,金牛宾馆(向阳路),元江哈尼族彝族傣族自治县,向阳路,,,,23.600217,101.997341,
385,天浩快捷酒店(易门兴隆店),易门县,兴隆街168号,,,,24.667035,102.166615,
385,峨山蜜蜂酒店,峨山彝族自治县,嶍峨路,,,,24.175441,102.413086,
385,元江大宇精品酒店,元江哈尼族彝族傣族自治县,文化路,,,,23.597015,101.994887,
385,玉溪卓然欣荘酒店,江川区,宝凤路12号,,,,24.294993,102.752171,
385,易门聚缘酒店,易门县,龙泉镇易兴路229号,,,,24.670163,102.160209,
385,菜苑宾馆,红塔区,菜园街4号,,,,24.351813,102.539562,
385,龙马快捷酒店(火车站好吃街店),红塔区,珊瑚路1号楼,,,,24.351231,102.531877,
385,玉溪通海云上印象主题酒店,通海县,秀山镇长虹路13号,,,,24.113487,102.755167,
385,郁金香酒店(向阳路),元江哈尼族彝族傣族自治县,向阳路13号,,,,23.600332,102.000930,
385,金洲酒店(宁阳路),华宁县,宁州街道办宁阳路中段,,,,24.187043,102.931512,
385,新平云和酒店,新平彝族傣族自治县,西园南路,,,,24.061102,101.989128,
386,大理金港酒店,大理市,金牛小区金牛巷南门西90米,,,,25.593206,100.252214,
386,吾家客栈(苍山路店),大理市,下关镇苍山路88号,,,,25.591103,100.233232,
386,金利酒店(大理港洱海公园店),大理市,登龙街121号(荣欣苑对面),,,,25.597430,100.241105,
386,大理慢吧客栈(大理古城博爱路店),大理市,银苍路17号,,,,25.696246,100.157764,
386,云之尚酒店(大理祥云钟鼓楼店),祥云县,清红路110号,,,,25.469316,100.552626,
386,大理转光年|TIMEFLOW栖霞客栈(双廊古镇码头店),大理市,双廊镇岛依旁256号,,,,25.903456,100.194736,
386,巍山新宾馆,巍山彝族回族自治县,南诏东路52号,,,,25.230109,100.308606,
386,剑川宾馆,剑川县,景德路1号,,,,26.533000,99.902673,
386,海川酒店(大理高铁站店),大理市,苍山路与风盛路交叉口南100米,,,,25.596495,100.260718,
386,大理泰豪酒店(大理大学第一附属医院店),大理市,雪人路兴隆村59号,,,,25.600844,100.214166,
386,顺兴大酒店,大理市,经济开发区巍山路305号(巍山路和天庆路交叉口),,,,25.591751,100.254830,
386,祥云神洲大酒店,祥云县,城西社区完小旁,,,,25.477062,100.548780,
386,云尚主题酒店(宾川客运站店),宾川县,南苑路金楠苑2栋8号,,,,25.820957,100.583737,
386,大理海月蓝山海景度假别墅,大理市,机场路洱海传奇B12-07,,,,25.637200,100.285976,
386,大理追风青年旅舍,大理市,玉溪村149号,,,,25.689495,100.170866,
386,全鑫酒店(大理高铁站洱海公园店),大理市,富海路太平洋保险北,,,,25.592427,100.252118,
386,远行客国际青年旅舍,大理市,绿玉路24号,,,,25.684961,100.162732,
386,宏强酒店,宾川县,佛都路198号,,,,25.832386,100.575060,
386,大理皇都旅馆,大理市,宁和巷15号,,,,25.583627,100.223590,
386,大理百合国际青年旅舍,大理市,大纸坊村十组1号,,,,25.689333,100.157226,
386,自由城·国际青年旅舍(大理古城三月街店),大理市,大理镇石门村9组84号,,,,25.690300,100.151000,
386,大理灯火万家自由行客栈(大理古城),大理市,大理古城玉洱路灯火万家客栈,,,,25.700225,100.169475,
386,大理双廊园安小筑客栈,大理市,大建旁村委会大建旁村一组164号附1号(大建旁安置地),,,,25.901092,100.198920,
386,大理海湾国际酒店,大理市,泰安桥南,,,,25.595403,100.226269,
386,大禹酒店,大理市,双鸳路20号,,,,25.596550,100.235279,
387,香格里拉哈巴雪山国际青年旅舍,香格里拉市,三坝乡哈巴村,,,,27.376931,100.138388,
387,香格里拉蓝田青年文创旅宿(独克宗古城店),香格里拉市,建塘镇独克宗古城北门街措廊31号,,,,27.812191,99.704530,
387,彩虹大酒店(德维线店),德钦县,升平镇阿墩子社区南坪街40号,,,,28.485151,98.912670,
387,明珠拉卡雪山观景酒店(飞来寺梅里雪山景区店),德钦县,飞来寺明珠拉卡观景台,,,,28.440053,98.877058,
387,香格里拉亿鑫商务酒店,香格里拉市,格咱路27号,,,,27.829895,99.709575,
387,维西神川酒店,维西傈僳族自治县,塔城镇麻利统香维线塔城农村信用社旁,,,,27.605767,99.397808,
387,香格里拉市聚源酒店(独克宗古城店),香格里拉市,迪庆藏族自治州香格里拉市日月星城名品街,,,,27.827214,99.709977,
387,山泉客栈(虎跳峡店),香格里拉市,虎跳峡镇永胜村核桃园2组13号,,,,27.268565,100.170644,
387,香格里拉古道栌克青年旅舍,香格里拉市,虎跳峡镇永胜村核桃园2组34号,,,,27.269816,100.163929,
387,香格里拉言喻青旅,香格里拉市,建塘镇达娃路18号(军分区后门),,,,27.814629,99.709221,
387,岚居青年旅舍(独克宗古城东门店),香格里拉市,建塘镇仓房社区达拉廊5巷014号,,,,27.811743,99.713213,
387,香格里拉·丹舍青旅(独克宗古城店),香格里拉市,达娃路117号,,,,27.812740,99.699158,
387,香格里拉小咪自助青年旅社(独克宗古城店),香格里拉市,达娃路9号,,,,27.814375,99.708425,
387,香格里拉走马民宿,香格里拉市,虎跳峡镇永胜村本地湾组54号,,,,27.238353,100.135492,
387,香格里拉市过云隅宿供氧民宿(独克宗古城店),香格里拉市,勒波多廊81号附67号,,,,27.801329,99.707647,
387,德钦梅里酒店,德钦县,南坪街51号,,,,28.484699,98.914375,
387,永聪格大酒店,香格里拉市,虎跳峡镇桥头村委会五家人组59号214国道,,,,27.130475,100.055425,
387,维西德鲁克国际大酒店,维西傈僳族自治县,北街北辰商业广场1层,,,,27.183824,99.283687,
387,德钦松赞梅里酒店,德钦县,升平镇谷久浓村,,,,28.442691,98.953819,
387,香格里拉聚鑫商务酒店(仁安路店),香格里拉市,康珠大道147号,,,,27.826214,99.717851,
387,香格里拉日月林卡大酒店,香格里拉市,建塘镇仓房社区达拉廊24号,,,,27.810721,99.712177,
387,香格里拉日月星城大酒店,香格里拉市,阳塘路中段日月星城三期48栋,,,,27.827738,99.707629,
387,格林豪泰贝壳酒店,香格里拉市,长征路坛城广场7-1-2号,,,,27.820875,99.701709,
387,德钦松赞奔子栏酒店,德钦县,奔子栏镇玉杰村,,,,28.234561,99.276978,
387,香格里拉大田远方的家客栈(独克宗古城店),香格里拉市,环城南路13号,,,,27.809921,99.710574,
388,欣和宾馆(龙泉路),隆阳区,九隆街道永昌路(加油站北偏东50米处),,,,25.105200,99.172076,
388,腾冲和顺路上青年旅舍,腾冲市,市和顺镇水碓村水一社42号(艾思奇故居附近),,,,25.004458,98.464350,
388,天瑞大酒店(热海路),腾冲市,热海路中段华侨新村三路口,,,,25.009451,98.491901,
388,瑞宝酒店,隆阳区,保岫东路永昌商贸园31幢58-5 9,,,,25.109551,99.177533,
388,昌宁宁馨智慧酒店(三江世纪购物广场右甸河生态旅游区店),昌宁县,田园镇龙井社区居民委员会右甸东路13号,,,,24.826280,99.612667,
388,龙陵县勐糯镇龙源酒店,龙陵县,勐糯派出所对面,,,,24.322917,99.041174,
388,滇越大酒店,腾冲市,上绮罗社区将台小区28号,,,,25.007008,98.491388,
388,新惠轻享文化酒店,隆阳区,九龙路293号,,,,25.105662,99.168672,
388,热海情酒店,腾冲市,藤保路19号,,,,25.000566,98.487956,
388,腾冲聚源大酒店,腾冲市,腾越镇天成社区居民委员会建华路92号,,,,25.028293,98.487482,
388,花城宾馆(九龙路),隆阳区,九龙路兰苑巷1号(近客运总站),,,,25.113262,99.171607,
388,保山晨锋宾馆,隆阳区,永昌路56号,,,,25.081172,99.156838,
388,保山爻鼎驿栈,隆阳区,潞江镇小平田六曼路,,,,24.972091,98.869226,
388,腾冲小巷雅居酒店,腾冲市,腾越镇满邑社区华园三小区,,,,25.012194,98.494620,
388,顺天酒店,隆阳区,同仁路104号,,,,25.106387,99.159945,
388,腾冲集美花园温泉民宿(热海路4号分店),腾冲市,凤麓湖畔香樟苑6-1号,,,,25.006851,98.488613,
388,腾冲南亚大酒店,腾冲市,腾越镇火山社区绮群小区296号,,,,25.005023,98.490076,
388,保山贤良宾馆,隆阳区,和平路3号,,,,25.125075,99.170919,
388,腾冲风光酒店,腾冲市,旅游客运站斜对面,,,,25.003465,98.489077,
388,保山华程酒店,隆阳区,[],,,,25.119449,99.170145,
388,悦兮君苑温泉全景民宿(和顺酒吧文化街1号分店),腾冲市,和顺酒吧文化街和顺悦兮君苑温泉全景民宿上二组悦兮君苑温泉全景民宿,,,,25.008985,98.465463,
388,保山汇原酒店,隆阳区,团结巷区教育局对面(杏花小区北大门往北20米),,,,25.125925,99.164764,
388,金和酒店,隆阳区,永昌路龙马药业南端,,,,25.095480,99.161933,
388,悦己青年旅社(腾冲财富中心店),腾冲市,热海路山源社区阳光小区72号,,,,25.012567,98.490086,
388,团圆小筑青年旅舍(抗战纪念馆店),腾冲市,西源街道河畔小区河畔巷190号,,,,25.029004,98.484488,
389,丽江金威酒店,古城区,忠义东村59号康仲路与南口路交叉口,,,,26.859764,100.236806,
389,玉龙蓝天酒店(丽江高铁站店),玉龙纳西族自治县,黄山镇五台社区中和村60号,,,,26.831453,100.249402,
389,丽江暖庐一间民宿(束河古镇店),古城区,藏情街16号,,,,26.916219,100.204461,
389,东山雅居客栈(丽江古城大水车店),古城区,玉河商场75号东山雅居客栈,,,,26.877586,100.236846,
389,和木酒店(丽江古城区店),古城区,[],,,,26.872208,100.225061,
389,爱丽思大酒店,古城区,西安街道义正社区玉河中村86号,,,,26.884715,100.228018,
389,宁蒗凯旋大酒店,宁蒗彝族自治县,粮贸街162号,,,,27.278422,100.853427,
389,束河古镇见明月民宿,古城区,松园路松云村2号,,,,26.915275,100.197625,
389,丽江和家宾馆(丽江古城大水车店),古城区,七星街下段38号,,,,26.873635,100.226396,
389,雅纳时尚酒店(丽江古城店),古城区,花马街N5-N10幢,,,,26.887835,100.227554,
389,华天大酒店,古城区,雪山路寨后下村60号,,,,26.867406,100.220318,
389,第三极国际青旅(丽江古城四方街店),古城区,光义街金星巷18-1号,,,,26.870405,100.233510,
389,多米连锁酒店(花马街店),古城区,花马街玉河中村98号,,,,26.883469,100.227442,
389,丽江玉星酒店,古城区,南口路忠义村59号,,,,26.860205,100.236697,
389,丽江圣达酒店(古城店),古城区,康仲路与关丽路交叉口(新客运站旁),,,,26.860368,100.236547,
389,丽江圆明商务酒店,古城区,太和西村2号,,,,26.860530,100.222924,
389,溪留居·雪山观景美宿(丽江木府店),古城区,光义街忠义巷120号,,,,26.867279,100.234233,
389,丽江锦尚精品酒店,古城区,长水路白龙潭村73号,,,,26.863119,100.229043,
389,民航蓝天酒店(福慧路),古城区,"福慧路327号,机场大巴院内",,,,26.877619,100.221335,
389,福瑞达酒店,古城区,西安街道办事处寨后居委会寨后上村3号,,,,26.872820,100.221036,
389,丽江联强酒店(大研古城店),古城区,寨后下村64号,,,,26.867305,100.220902,
389,泸沽湖陌上花开湖景客栈,宁蒗彝族自治县,泸沽湖里格村上段,,,,27.727762,100.745968,
389,丽江简影青年旅舍,古城区,康仲路段康仲村22号,,,,26.857766,100.224816,
389,燕子坞·慢点国际青年旅舍(丽江古城大水车店),古城区,七星二街中段金星街138号(君澜丽江国际大酒店旁),,,,26.872460,100.226115,
389,金鑫酒店,华坪县,荣将镇鑫园路59号,,,,26.576509,101.276135,
390,安达宾馆(北路社区卫生服务站北),勐腊县,勐腊北路85号,,,,21.487120,101.558784,
390,橄榄坝宾馆,景洪市,勐罕镇傣园路13号,,,,21.849584,100.929662,
390,曼斗商务酒店(西双版纳景洪告庄星光夜市店),景洪市,曼泐路与曼斗旅游巷交汇处,,,,22.012056,100.815397,
390,景洪傣湘花苑酒店(西双版纳景洪泼水广场店),景洪市,曼景兰曼听路198号,,,,22.001319,100.802291,
390,西双版纳万福宾馆,景洪市,勐泐大道24号近西双版纳热带花卉园,,,,22.011673,100.795355,
390,西双版纳瑞吉大酒店,景洪市,曼弄枫开发区丽水景苑西大门(近曼听公园),,,,21.965778,100.793138,
390,花伴里宾馆,景洪市,宣慰大道156号,,,,22.001718,100.782414,
390,汇锋大酒店,景洪市,西双版纳傣族自治州景洪市旅游度假区曼弄枫曼贡(近曼贡村),,,,21.968871,100.788685,
390,喆·啡酒店(西双版纳景洪泼水广场江边夜市店),景洪市,曼景兰大道1号曼景兰古城17栋,,,,21.999273,100.809634,
390,文科酒店,景洪市,菩提大道105号,,,,21.970502,100.791303,
390,泰森格大酒店,景洪市,勐捧路18号(天元·景蓝银钻内),,,,21.998877,100.803989,
390,锦绣大酒店(南腊河星光夜市店),勐腊县,勐腊正街,,,,21.480509,101.565066,
390,景洪金港湾商务酒店(告庄星光夜市店),景洪市,曼斗村旅游巷317号,,,,22.012578,100.814172,
390,大世界宾馆(橄榄坝大桥分店),景洪市,橄榄坝农场橄榄坝傣园路,,,,21.849579,100.928825,
390,景洪景兰客栈,景洪市,勐龙路景兰国际茶城N栋,,,,22.001459,100.799392,
390,南门大酒店(曼贺路),勐海县,勐混路与佛双路交叉口南40米,,,,21.953198,100.446648,
390,锦鑫宾馆(勐养路),景洪市,景洪勐养路4号(老天顺超市背后),,,,21.993780,100.801753,
390,磨憨大酒店,勐腊县,磨憨经济开发区东盟大道451号,,,,21.189060,101.689694,
390,鑫郡酒店(泼水广场店),景洪市,曼景兰69号,,,,22.000348,100.803211,
390,喆家国际酒店(西双版纳景洪泼水广场江边夜市店),景洪市,曼兰大道1号曼景兰古城17栋,,,,21.999274,100.809633,
390,景洪嘉禾商务酒店(西双版纳嘎洒国际机场店),景洪市,勐泐大道75号山水云天1栋1单元3层(山水云天门口进入左手边),,,,21.989184,100.800591,
390,景洪双元酒店(泼水广场曼听公园店),景洪市,勐捧路339号,,,,21.999710,100.805272,
390,西双版纳西南宾馆,景洪市,宣慰大道85号(永兴大饭店斜对面),,,,22.006275,100.792868,
390,景洪东洋宾馆,景洪市,曼听路32号(近民族幼儿园),,,,21.998864,100.804420,
390,紫就商务酒店,勐腊县,金都时代广场A3栋(近青年路),,,,21.477991,101.569961,
391,楚雄水缘酒店(龙翔路店),楚雄市,丰胜路41号,,,,25.046215,101.543188,
391,楚雄七园应云酒店,楚雄市,拓西街88号,,,,25.044906,101.532258,
391,和悦酒店(彝人古镇店),楚雄市,上苏小区1栋1号,,,,25.050412,101.518059,
391,凯俪·在彝民宿(楚雄彝人古镇毕摩广场店),楚雄市,彝人古镇四区D6幢,,,,25.056930,101.519385,
391,牟定豪泰主题酒店,牟定县,劳动人事和社会保障局南200米,,,,25.309009,101.548538,
391,双柏金山城商务酒店,双柏县,东兴路21号金山城3层,,,,24.686345,101.641941,
391,大姚虎鹏酒店,大姚县,金碧镇金碧路79号,,,,25.713854,101.325193,
391,楚雄振华酒店(楚雄南站店),楚雄市,刘家小区西区东门西140米,,,,25.049173,101.546252,
391,银恒假日主题酒店,楚雄市,永安路380号,,,,25.046852,101.537095,
391,龙毓酒店,楚雄市,丰盛路246号,,,,25.044970,101.539685,
391,楚雄金福宾馆,楚雄市,丰胜路514号,,,,25.046020,101.524805,
391,双柏双兴宾馆,双柏县,双兴路20号附近,,,,24.684960,101.639569,
391,温州酒店,楚雄市,鹿城镇鹿城西路41号,,,,25.038636,101.543578,
391,姚安大酒店,姚安县,南正街83号,,,,25.503062,101.240541,
391,双柏新泰酒店,双柏县,东兴路19号,,,,24.685534,101.641768,
391,半岛假日酒店(元谋店),元谋县,元马镇元祥街76号(政协旁),,,,25.708842,101.868338,
391,如家旗下-楚雄大姚国际商贸城华驿精选酒店,大姚县,金碧镇环城西路国际商贸城3幢1楼,,,,25.740847,101.316839,
391,广怡酒店,楚雄市,北浦路214号,,,,25.042510,101.554242,
391,紫云酒店,楚雄市,雄宝路720号,,,,25.025055,101.566745,
391,大姚红太阳宾馆,大姚县,石羊镇绿萝街26号,,,,25.852138,101.100363,
391,永仁雄业酒店,永仁县,苴却路10号,,,,26.052904,101.679684,
391,元谋君悦商务酒店,元谋县,发详路中段南方电网对面,,,,25.696612,101.871235,
391,小楠国宾馆,楚雄市,昌宁街田黎屯小区2幢24号,,,,25.047028,101.524523,
391,元谋元通旅馆,元谋县,元通街18号,,,,25.707005,101.868952,
391,兴隆宾馆(南大街店),牟定县,南大街236号,,,,25.310697,101.543066,
392,通怡商务酒店(昆明火车站店),官渡区,永平路48号裙楼(近昆明站、第三人民医院),,,,25.019236,102.723733,
392,明珠宾馆(永定街),富民县,永定街小波羊肉馆对面,,,,25.215028,102.499272,
392,星辰大酒店(昆明长水机场店),官渡区,大板桥405号,,,,25.048760,102.886827,
392,昆明东程智慧酒店(南亚风情第壹城店),西山区,福龙路庄房新村A区17号,,,,24.998090,102.680878,
392,昆明中原招待所,官渡区,永安路212号,,,,25.020518,102.715993,
392,鑫飞宾馆,盘龙区,青龙村426号,,,,25.048718,102.794516,
392,广园商务酒店(昆明长水机场店),官渡区,空港经济区大板桥开发区,,,,25.050168,102.884671,
392,昆明雅居青年雅舍,官渡区,站前路中炬上海沙龙F座2-2号2层(南窑小区对面2层),,,,25.017746,102.726164,
392,昆明双龙酒店,呈贡区,双龙路19号,,,,24.889287,102.800896,
392,领航者太空舱公寓,五华区,青年路滨江大厦12层(云南省第二人民医院红会医院),,,,25.052399,102.715116,
392,i野·倾城国际青年旅舍(大梅园巷店),五华区,华山西路92号(华山西路地铁站D口步行320米),,,,25.047528,102.708054,
392,爱心宾馆,呈贡区,兴呈路37号,,,,24.889422,102.797026,
392,昆明恒信招待所(花之城店),盘龙区,青龙村111号,,,,25.052581,102.790224,
392,i野·大脚氏国际青年旅舍(金马碧鸡坊南屏步行街店),五华区,篆塘路23号,,,,25.038004,102.694773,
392,宝林旅社(翠湖公园店),盘龙区,鼓楼路72号(云南省妇女儿童医院旁),,,,25.053590,102.717077,
392,华鹏酒店(昆明高新小屯地铁站店),五华区,云南交通职业技术学院普吉校区工程机械学院北门南110米,,,,25.071707,102.674647,
392,昆明时代宾馆(云大西路新广丰综合批发市场店),官渡区,经济开发区云大西路新广丰新治村242号,,,,24.990667,102.777676,
392,顺顺公寓酒店,盘龙区,金秋路69号金实小学附近,,,,25.073731,102.733087,
392,凤鸣温泉酒店,官渡区,双凤东路204号,,,,24.991899,102.731231,
392,来思酒店,禄劝彝族苗族自治县,咪油村掌鸠河南北路中段(绿化公园广场旁),,,,25.544268,102.471600,
392,昆明睿海酒店,五华区,海屯路与慧谷路交汇口春城慧谷小区综合楼2幢15层,,,,25.085385,102.644101,
392,龙腾宾馆(照青路店),盘龙区,青龙村照青路424号,,,,25.048286,102.794164,
392,昆明钟环酒店,官渡区,春城路上海沙龙250号,,,,25.017769,102.726557,
392,昆明悦尚连锁酒店(云大西路新广丰店),官渡区,昆明市官渡区小板桥街道办事处云大西路10号11栋,,,,24.990070,102.776357,
392,昆明航缘酒店(昆明长水机场店),官渡区,大板桥镇三甲新村,,,,25.050178,102.889147,
393,景谷金利商务酒店,景谷傣族彝族自治县,人民路59号(皇城相府小区A幢),,,,23.497961,100.703689,
393,墨江华天宾馆(北回归线标志园店),墨江哈尼族自治县,双胞大道回归商城17栋,,,,23.427357,101.680324,
393,墨江世纪金源商务酒店,墨江哈尼族自治县,哈尼大道消防大队旁,,,,23.418916,101.680194,
393,普洱楼上楼宾馆,思茅区,振兴大道25号,,,,22.784011,100.971485,
393,普洱芙蓉宾馆,思茅区,新南站下200米(曙光路71号),,,,22.761051,100.961367,
393,镇沅凤凰大酒店,镇沅彝族哈尼族拉祜族自治县,人民路5号,,,,24.007672,101.103776,
393,家怡宾馆(龙生路店),思茅区,龙生路72号,,,,22.760620,100.967036,
393,滇西苑宾馆,澜沧拉祜族自治县,东朗路与勐朗街交叉口西北20米,,,,22.552886,99.931293,
393,宁洱交通大酒店,宁洱哈尼族彝族自治县,宁洱镇东山南路125号,,,,23.056789,101.049867,
393,勐卧大酒店,景谷傣族彝族自治县,芒乡路,,,,23.501052,100.714851,
393,孟连八方酒店,孟连傣族拉祜族佤族自治县,中缅街附近(环城路交通运政管理所斜对面),,,,22.320239,99.588345,
393,普洱国宇宾馆,思茅区,机场老路12号,,,,22.794235,100.966805,
393,景豪大酒店,景东彝族自治县,凌云路与129县道交汇处东北角,,,,24.441032,100.853694,
393,乾合酒店(五一市场店),思茅区,振兴大道红旗会堂对面,,,,22.778658,100.971850,
393,孟连金都精品酒店,孟连傣族拉祜族佤族自治县,民族小学旁边,,,,22.322467,99.592663,
393,月亮宾馆(联珠大道店),墨江哈尼族自治县,联珠大道43号,,,,23.423466,101.681902,
393,兴隆大酒店(镇沅客运站哀牢小镇店),镇沅彝族哈尼族拉祜族自治县,人民路31号,,,,24.008344,101.102301,
393,墨江他郎宾馆,墨江哈尼族自治县,新建路27号,,,,23.432562,101.689259,
393,新茂酒店,镇沅彝族哈尼族拉祜族自治县,绿海路11号,,,,24.005756,101.113169,
393,普洱梅子湖畔酒店(梅子湖公园店),思茅区,梅园路68号(近梅子湖公园门口),,,,22.756247,100.988507,
393,紫金宾馆(新建路),墨江哈尼族自治县,联珠镇新建路16号,,,,23.431599,101.690521,
393,墨江隋喜民族客栈,墨江哈尼族自治县,回归大道30号,,,,23.429944,101.689408,
393,亚粮大酒店(澜沧一中店),澜沧拉祜族自治县,东朗路79号,,,,22.558293,99.928956,
393,普洱凯邦酒店(梅子湖儿童医院店),思茅区,梅园路23号,,,,22.758158,100.988949,
393,墨江精品酒店(北回归线标志园店),墨江哈尼族自治县,双胞大道41号,,,,23.423656,101.680161,
394,瑞丽鑫源精品酒店,瑞丽市,新光路64号,,,,24.004285,97.852288,
394,友谊旅社(瑞丽财富广场店),瑞丽市,南卯街84号,,,,24.011601,97.854134,
394,盈江如家宾馆,盈江县,平原镇象城路22号,,,,24.706687,97.931028,
394,瑞丽锦达宾馆(瑞丽财富广场店),瑞丽市,目瑙路祥瑞巷1号,,,,24.020674,97.863515,
394,南方宾馆,瑞丽市,姐岗路15号,,,,24.016485,97.860089,
394,友谊酒店(胞波路),芒市,胞波路97号,,,,24.435112,98.580123,
394,瑞丽旺府大酒店,瑞丽市,新建路雷亮巷2号,,,,24.015623,97.853340,
394,新世纪宾馆,瑞丽市,卯喊路38号(彩云城对面),,,,24.009098,97.861869,
394,豪顺酒店(勐焕路),芒市,勐焕路13号(近团结大街、汽车南站),,,,24.432055,98.581129,
394,瑞丽宾馆(建设路),瑞丽市,新建路25号(近珠宝街),,,,24.014671,97.852327,
394,宏康酒店(芒市广场店),芒市,泰安路9号,,,,24.431497,98.572603,
394,芒市金之源酒店,芒市,罕相路268号近汇合国际会所,,,,24.436455,98.591615,
394,腾隆大酒店,瑞丽市,卯喊路中段49号,,,,24.008689,97.860219,
394,鑫源大酒店(新城路),陇川县,卫广小区20号附4号,,,,24.178063,97.798197,
394,九洲饭店,瑞丽市,边城街40号,,,,24.011461,97.860165,
394,芒市有望青年旅舍,芒市,风情园小区157号,,,,24.424192,98.566739,
394,芒市宏顺艺术酒店(芒市广场店),芒市,芒市大街77号(芒市广场对面),,,,24.440133,98.579598,
394,麻窝楂青旅,芒市,南蚌路38-254号,,,,24.415804,98.571250,
394,露露家三只猫青旅(芒市店),芒市,广腊亮街风情园小区二区71号,,,,24.425823,98.565524,
394,盈江莉源公寓,盈江县,蜜回路116号,,,,24.706394,97.936795,
394,东方嘉逸精品酒店,盈江县,勐腊路259号,,,,24.699085,97.947902,
394,骏怡连锁酒店(瑞丽市人民医院店),瑞丽市,卯喊路103号,,,,24.006687,97.853475,
394,瑞丽竹昕韵公寓,瑞丽市,勐卯镇团结村弄247号,,,,23.981172,97.866289,
394,瑞丽伊洛瓦底国际青年旅舍,瑞丽市,老干区友谊路7号,,,,24.021548,97.860984,
394,边陲酒店,盈江县,密回路67号,,,,24.701142,97.938733,
395,锦阳酒店(文山七花广场店),文山市,钟灵小区中路39号,,,,23.378830,104.228928,
395,文山国玉酒店(七花广场店),文山市,七花北路41号,,,,23.379085,104.230990,
395,长鑫宾馆(北宁路店),广南县,北宁路172号,,,,24.054467,105.056713,
395,丘北隐逸水镇民宿,丘北县,青峰路25号,,,,24.046655,104.179371,
395,国豪大酒店(健康路),麻栗坡县,玉尔贝路190号,,,,23.123389,104.701077,
395,马关圣廷苑酒店,马关县,广环路20号,,,,23.014949,104.391226,
395,帝豪大酒店(021乡道),富宁县,迎宾路37号(近广场),,,,23.627977,105.623869,
395,富宁天怡酒店,富宁县,迎宾路86号吉星家苑小区,,,,23.628089,105.632052,
395,文山宏盛精品酒店(七花广场城北客运站店),文山市,七花北路117号,,,,23.380054,104.228093,
395,烟草大酒店(砚华东路),砚山县,砚华东路,,,,23.611152,104.345760,
395,三鑫大酒店(开化北路),文山市,开化北路223号,,,,23.377457,104.222831,
395,富宁壮香酒店,富宁县,拥军二巷,,,,23.630468,105.626035,
395,世外桃源大酒店(宾田路),广南县,莲城镇南秀社区八宝路18号,,,,24.044830,105.053403,
395,富宁尚雅主题酒店,富宁县,富州路龙小区七乡医院旁(车站红绿灯),,,,23.628088,105.633428,
395,锦华宾馆(砚华东路),砚山县,砚华东路94号,,,,23.612019,104.349890,
395,砚山锦阳商务宾馆,砚山县,民航路与通广路交叉口南200米,,,,23.611905,104.359024,
395,富宁北海大酒店,富宁县,新华镇迎宾路72号,,,,23.627654,105.630327,
395,麻栗坡靖达酒店,麻栗坡县,临溪路第36号,,,,23.123311,104.711723,
395,文山阳光宾馆,文山市,下沙坝阳光小区105号旁,,,,23.362516,104.254234,
395,旺源宾馆(北宁路店),广南县,北宁路246号,,,,24.054295,105.049885,
395,马关宏丰酒店,马关县,342县道(客运站背后),,,,23.015771,104.391503,
395,宏兴酒店(文山大龙潭店),文山市,新平街道泰康小区14组团72号,,,,23.360376,104.266919,
395,临江客栈(文山学院店),文山市,建禾桥临江路,,,,23.360207,104.247497,
395,文山市东宇酒店,文山市,泰康东路七组团146号,,,,23.354935,104.271583,
395,春平大酒店(富宁田蓬镇店),富宁县,田蓬镇春平大酒店,,,,23.298151,105.452475,
396,天泉酒店,临翔区,南天路3号,,,,23.868092,100.092203,
396,耿马松源酒店,耿马傣族佤族自治县,马傣族佤族自治中缅路与青年路交叉西南10米,,,,23.553722,99.076419,
396,永德金泰民宿,永德县,德党北路,,,,24.026243,99.253984,
396,耿马华夏宾馆,耿马傣族佤族自治县,艾叶大道与永罕路交叉口北140米,,,,23.552133,99.076048,
396,沧源阿佤山大酒店,沧源佤族自治县,勐董镇广场路阿佤山购物中心,,,,23.148040,99.247686,
396,镇康金都酒店,镇康县,国门路23号,,,,23.758579,98.820422,
396,泰安商务酒店,双江拉祜族佤族布朗族傣族自治县,允景路206号(县标往上100米右手边),,,,23.480883,99.816817,
396,万豪酒店,云县,214国道,,,,24.444511,100.145636,
396,云县云州大酒店,云县,爱华镇迎新路59号云县综合贸易商城,,,,24.438770,100.137811,
396,金汇源大酒店,云县,文化路93号(近云县人民医院、云县客运站),,,,24.438369,100.142016,
396,双江怡和酒店,双江拉祜族佤族布朗族傣族自治县,贝米路57号(老仁爱医院旁边路口进约200米),,,,23.477298,99.822474,
396,双江月牙巷休闲酒店,双江拉祜族佤族布朗族傣族自治县,月牙路12号,,,,23.474206,99.828060,
396,耿马宾馆,耿马傣族佤族自治县,震新路10号,,,,23.536764,99.398323,
396,浙商大酒店(迎新路),云县,云州路75号,,,,24.441054,100.134410,
396,沧江明珠大酒店,云县,新兴街188号,,,,24.434088,100.128587,
396,春天智慧酒店(百树广场店),临翔区,百树广场24栋,,,,23.880080,100.085563,
396,四通宾馆(永春路店),永德县,德党镇永春路2号,,,,24.023161,99.252966,
396,临沧晚翠宾馆,临翔区,凤翔街道晚翠路93号,,,,23.881331,100.078813,
396,万佳酒店,临翔区,汀旗路235号,,,,23.893001,100.095290,
396,永通大酒店,永德县,永安东路文化广场附近,,,,24.017045,99.262017,
396,耿马金孔雀大酒店(耿马总佛寺店),耿马傣族佤族自治县,公园路与鑫源路交叉口北150米,,,,23.529340,99.394359,
396,安然大酒店(裕丰路),镇康县,南伞镇公主路与友谊路交叉口,,,,23.751383,98.816005,
396,云县兴通酒店,云县,爱华镇草皮街文化路120号,,,,24.439310,100.141638,
396,百大优选酒店(市人民医院店),临翔区,南塘街211号(市医院对面),,,,23.876751,100.085832,
396,假日快捷酒店,临翔区,忙令路1277号,,,,23.903481,100.082924,
