city_id,name,type,description,price_level,score,address,latitude,longitude,image_url
1,洛阳兜兜匠烘焙食品有限公司,餐饮服务,洛宁县,,,公安路北二小旁农贸市场内,34.391301,111.655709,
1,洛宁智城餐饮服务有限公司,公司企业,洛宁县,,,[],34.386056,111.669730,
1,栾川县渝见你餐饮农家院,餐饮服务,栾川县,,,[],33.781475,111.609225,
1,洛阳嵩州餐饮服务有限公司,公司企业,嵩县,,,天城路(洛阳市中医药学校西南侧约200米),34.152725,112.090425,
1,小街餐饮店(锦屏镇高桥村育才小街8号店),餐饮服务,宜阳县,,,锦屏镇高桥村育才小街8号,34.516084,112.202688,
1,水岸静舍餐饮部,餐饮服务,嵩县,,,陆浑水库管理局水库管理处西北侧70米,34.196477,112.190047,
1,洛阳好柿餐饮管理有限公司,公司企业,涧西区,,,爱民路6号,34.592652,112.334533,
1,湘聚福餐饮店,餐饮服务,涧西区,,,华夏西路路劲御城南区1幢1一2一105号,34.611526,112.361655,
1,清真伊顺餐饮,餐饮服务,西工区,,,国宝红瞰66-107,34.708890,112.390963,
1,熙园融合餐饮,餐饮服务,孟津区,,,黄河大道与龙马路交叉口向北100米菲耶达汽修隔壁,34.837014,112.429536,
1,杰老板餐饮(理想家园店),购物服务,孟津区,,,城关镇慧林路与英才路交汇处东北角理想家园2、3幢商08号一层,34.830787,112.436318,
1,洛阳兴艺坊餐饮服务有限公司,公司企业,涧西区,,,景华路与宜昌街交叉口东北60米,34.662419,112.394260,
1,笨伢子湘菜馆餐饮店,餐饮服务,老城区,,,邙岭街道中电阳光碧水湾22-1,34.702888,112.416730,
1,河南省谷都餐饮管理有限公司,公司企业,涧西区,,,建设路洛铜男单身公寓停车场东南角,34.662565,112.411412,
1,可喜丰味餐饮(丽春路店),餐饮服务,涧西区,,,丽春路49号门面(丽新路交叉口西100米路南侧),34.645975,112.410725,
1,杰老板餐饮(润祥家园店),餐饮服务,孟津区,,,润祥家园南门东130米,34.801568,112.464859,
1,食尚华睿餐饮策划公司,公司企业,西工区,,,中州中路300号百脑汇科技广场1幢25楼2522,34.667631,112.426671,
1,秦赵餐饮米皮(五环街店),餐饮服务,洛龙区,,,洛宜路与学府街交叉口东60米,34.624034,112.427336,
1,洛阳市洛龙区从政坊 静园餐饮店,餐饮服务,洛龙区,,,从政坊游园内(东北角),34.635118,112.459498,
1,老妈掌勺餐饮店,餐饮服务,老城区,,,北大街115号,34.688613,112.478098,
1,来壹碗餐饮,餐饮服务,洛龙区,,,政和路与厚载门街交叉口东北角,34.622332,112.460987,
1,香春树下餐饮店,餐饮服务,老城区,,,唐宫东路与人民街西南角,34.688201,112.484560,
1,龙乡阁餐饮张一碗豆腐汤,餐饮服务,洛龙区,,,[],34.583888,112.474497,
1,海马记烧烤领袖餐饮(恒大店),餐饮服务,洛龙区,,,塔湾街道中州东路东段69号4幢102,34.684811,112.523123,
1,国创餐饮管理有限公司,公司企业,洛龙区,,,科技大道21号,34.591462,112.573926,
2,面当家餐饮店,餐饮服务,舞阳县,,,章化乡长安路82号,33.664839,113.632284,
2,河南郑百园餐饮集团,公司企业,舞阳县,,,解放路南段路西369号,33.413785,113.598526,
2,鱼掌门餐饮店(舞阳总店),餐饮服务,舞阳县,,,北京路与蓝盾路交叉口东南40米,33.442760,113.608696,
2,张氏餐饮店,餐饮服务,舞阳县,,,大连路与北京路交叉口西80米,33.435493,113.607633,
2,程远金兰餐饮,餐饮服务,舞阳县,,,人民路与瑶南路交叉口西南320米,33.435085,113.619676,
2,闪氏定兴斋餐饮有限责任公司,公司企业,舞阳县,,,北舞渡镇青年路中段,33.616810,113.678067,
2,繁城服务区旅美达餐厅,餐饮服务,临颍县,,,S29许信高速与繁城服务区交叉口西北480米,33.847066,113.784446,
2,繁城服务区旅美达餐厅,餐饮服务,临颍县,,,S29许信高速与繁城服务区交叉口西北480米,33.848354,113.786299,
2,战胜餐饮店,餐饮服务,舞阳县,,,003乡道与010乡道交叉口西140米,33.464325,113.730675,
2,河南省旭沣餐饮管理有限公司,公司企业,临颍县,,,京华路与社区路交叉口南160米,33.810922,113.910195,
2,九号龙虾餐饮店,餐饮服务,临颍县,,,文化路与颍腾路交叉口南280米,33.818625,113.925375,
2,临颍县艺嘉餐饮店(豆腐脑),餐饮服务,临颍县,,,人民路西段温馨苑楼下(火车站),33.807850,113.924815,
2,御贵楼餐饮服务有限公司,公司企业,临颍县,,,新城路与繁昌路交叉口西南160米,33.832789,113.935235,
2,临颍县宇默餐饮店,餐饮服务,临颍县,,,为民路与颍川大道交叉口南260米,33.824348,113.932744,
2,河南硕崇餐饮服务有限公司,公司企业,临颍县,,,城关镇颍川路与经三路交叉口向北100米路西68号,33.828223,113.964187,
2,漯河西服务区餐厅,餐饮服务,源汇区,,,中国燃气漯河西服务区,33.524585,113.921926,
2,漯河市春汇餐饮管理有限公司,公司企业,郾城区,,,龙江路与王前路交叉口小微企业孵化园10,33.613010,113.949804,
2,萍姐鲜炒鸡大骨头餐饮店,餐饮服务,郾城区,,,太白山北路与幸福渠路交叉口北180米,33.605053,113.975060,
2,漯河熊喵来了萌聚唯餐饮管理有限责任公司,公司企业,源汇区,,,万达广场(漯河西城店),33.571525,113.971125,
2,十元餐饮店,餐饮服务,郾城区,,,何冢线与107国道交叉口东180米,33.628298,113.992409,
2,漯河市诺尔森餐饮服务有限公司,公司企业,郾城区,,,白云山北路与尧河路交叉口西南280米,33.603175,113.986725,
2,贝贝餐饮熊大虾王(辽河路店),生活服务,郾城区,,,辽河路787号,33.592142,113.994065,
2,漯河市郾城区唯逸火锅餐饮店,餐饮服务,郾城区,,,黄河西路与井岗山北路交叉口西120米,33.584407,113.994991,
2,河南何生园餐饮管理有限公司,公司企业,郾城区,,,中原路与026乡道交叉口西南20米,33.617072,114.014676,
2,漯河椒大嫂餐饮管理有限公司,公司企业,郾城区,,,龙塔路与广电路交叉口西北160米,33.590175,114.007025,
3,南阳啃啾啾烘焙食品有限公司,餐饮服务,西峡县,,,莲花街道龙乡路68号,33.315786,111.489245,
3,南阳安意餐饮服务有限公司,公司企业,西峡县,,,工业大道北段318号,33.335303,111.496650,
3,内乡县宛牛莊餐饮店,餐饮服务,内乡县,,,湍东镇建业森林半岛1号楼114-115,33.061313,111.847503,
3,内乡县古风餐饮,餐饮服务,内乡县,,,宝天曼大道108号,33.074568,111.852273,
3,罗书辉餐饮部,餐饮服务,邓州市,,,十林镇罗岗村52号专业承包宴席一条龙服务,32.865441,111.838506,
3,彭桥服务区餐厅,餐饮服务,邓州市,,,S99邓老高速,32.616291,111.777648,
3,河南老台门餐饮管理有限公司,公司企业,邓州市,,,湍河街道南二环与经二路交叉口南500米,32.651744,112.101909,
3,镇平裕隆花园酒店餐饮部,餐饮服务,镇平县,,,平安大道与双拥路交叉口西北220米,33.025275,112.215825,
3,全家福小方桌地锅餐饮店,餐饮服务,新野县,,,汉城街道与淯翔路交叉口北155米,32.525925,112.354925,
3,忆味来餐饮店,餐饮服务,卧龙区,,,南京路与南阳名人名家巷交叉口北40米,32.978273,112.492546,
3,深井烧腊餐饮(南阳第六分店),餐饮服务,卧龙区,,,建设中路1475号怡祥嘉园,33.006079,112.524015,
3,南阳润客餐饮管理有限公司,公司企业,卧龙区,,,建设路与文化路交叉口西北角(交通银行旁电梯上三楼左侧),33.004977,112.528795,
3,崔记富来餐饮店,餐饮服务,卧龙区,,,人民北路与信臣路交叉口向北200米路东,33.036259,112.539507,
3,老南阳传统餐饮,餐饮服务,宛城区,,,工农路25号(工农路新华路交叉口北20米路东),32.996946,112.542156,
3,南阳市高新区味之园一日三餐餐饮店,餐饮服务,卧龙区,,,锦利小区西门旁,33.027199,112.551200,
3,河南蓝堡裕餐饮管理有限公司,公司企业,宛城区,,,长江西路与伏牛路交叉口西南140米,32.969178,112.536321,
3,南阳孙小昌餐饮管理有限公司,公司企业,卧龙区,,,张衡街道仲景路长安一号A座1622室,33.020824,112.554338,
3,南阳高新区德润居餐饮服务有限公司,餐饮服务,卧龙区,,,仲景路与两相路交叉口北100米路东,33.028973,112.556803,
3,南阳皓辉供应链有限公司,公司企业,宛城区,,,城乡一体化示范区枣林街道常庄社区6组(菜市场院内37号),32.973795,112.544585,
3,任营口餐饮店焖面扣碗,餐饮服务,南召县,,,鸭河工区皇路店镇未来路任营口也是红绿灯路口,33.249009,112.629392,
3,南阳市宛宴·餐饮有限公司,公司企业,宛城区,,,滨河大道与明山路交叉口东80米,32.988541,112.558747,
3,河南盛和赵胜餐饮管理有限公司,公司企业,宛城区,,,桑园路108号,33.007194,112.565896,
3,南阳路一川餐饮管理有限公司,公司企业,卧龙区,,,理想路与范蠡东路交叉口西南40米,33.014725,112.577975,
3,杨掌柜新商餐饮服务有限公司,公司企业,宛城区,,,理想路与汉冶东路交叉口南20米,33.011411,112.578294,
3,谷香源餐饮店,餐饮服务,卧龙区,,,阳光新城西北门旁,33.034790,112.585257,
4,信阳西服务区餐厅,餐饮服务,平桥区,,,信阳西服务区与G40沪陕高速交叉口西北500米,32.454357,113.889740,
4,天朋餐饮,餐饮服务,浉河区,,,李畈石化加油站西南侧190米,31.892725,113.895775,
4,信阳市餐饮食堂大宗食材批发配送有限公司,公司企业,浉河区,,,金牛山大别山批发市场蔬菜区四区7排1.2.3号,32.194487,114.060962,
4,信阳市奕有餐饮管理服务有限公司,公司企业,浉河区,,,西亚电商物流园对面路口,32.182743,114.061689,
4,万合餐饮供应链,餐饮服务,浉河区,,,107国道999号,32.183660,114.063005,
4,河南省鸣瑜餐饮管理有限公司,公司企业,浉河区,,,羊山新区新申街道办事处富强路1号,32.174035,114.063033,
4,忆融餐饮店,餐饮服务,平桥区,,,羊山新区政和办事处白高庙安置小区三期6号楼107号商铺,32.154867,114.073994,
4,信阳市浉河区福鑫阁猪肚鸡餐饮店,餐饮服务,浉河区,,,申碑路金杯花园37号楼,32.127785,114.069725,
4,优布劳精酿酒馆(江南名都店),体育休闲服务,平桥区,,,新六大街江南名都西门底层103,32.150508,114.083743,
4,客由来餐饮有限公司,公司企业,浉河区,,,万家灯火23号楼1楼,32.127924,114.080886,
4,荣丰园餐饮店,餐饮服务,浉河区,,,工区路454号滕达小区门面,32.115745,114.092432,
4,九州忠望专业中西式餐饮原料供应商,公司企业,平桥区,,,新二十四大街与茶二大街交叉口南480米,32.172754,114.129487,
4,信阳市星瑞餐饮有限公司,公司企业,平桥区,,,南京大道东段与南京大道交叉口西北80米,32.124875,114.124525,
4,信阳市鸡公山管理区大红光餐饮店,餐饮服务,浉河区,,,李家寨镇龙泉寺村老村部,31.906599,114.097371,
4,艳丽餐饮店,餐饮服务,平桥区,,,005乡道与迎宾大道交叉口西北80米,32.322875,114.297475,
4,陕豫餐饮,餐饮服务,平桥区,,,五里镇凤台居委会李南组陕豫餐饮,32.147507,114.314039,
4,罗山县牛一口餐饮店,餐饮服务,罗山县,,,牛一口餐饮,32.209128,114.515008,
4,罗山县金庭雅园餐饮农家院,体育休闲服务,罗山县,,,丽水街道办事处高湾社区望楼组八号,32.186665,114.516465,
4,宝城智选大酒店餐饮部,餐饮服务,罗山县,,,迎宾路与宝城东路交叉口西北80米,32.201420,114.534170,
4,罗山北服务区餐饮,餐饮服务,罗山县,,,罗山北服务区西侧,32.256053,114.603848,
4,罗山北服务区餐厅,餐饮服务,罗山县,,,S25安罗高速与罗山北服务区交叉口北500米,32.255718,114.606072,
4,息县鑫升餐饮,餐饮服务,息县,,,息州城市广场5号楼,32.349825,114.735075,
4,县兴业大道山禾餐饮公司,公司企业,息县,,,兴业大道,32.357336,114.773808,
4,新县卡房秀兰餐饮店,餐饮服务,新县,,,卡房乡初级中学门口,31.628346,114.591460,
4,莲鹏面饺坊餐饮店,餐饮服务,新县,,,郭家河乡张竹园湿地公园入口,31.573430,114.712143,
5,司机之家服务区,餐饮服务,清丰县,,,顿丘大道与G45大广高速出口交叉口东340米,35.914139,115.020430,
5,濮阳市开发区有滋有味餐饮店,餐饮服务,华龙区,,,中原路与安凯路交叉口向北200米路东,35.784492,114.982431,
5,瑞龙餐饮鲜包慢熬粥,餐饮服务,清丰县,,,顿丘大道180号,35.916601,115.034112,
5,濮阳市明博商贸有限公司,公司企业,华龙区,,,三成餐饮一次性餐具批发(老城店)西侧,35.706366,114.971385,
5,濮阳康豆商贸有限公司,公司企业,华龙区,,,三成餐饮一次性餐具批发(老城店)西南侧,35.706183,114.971376,
5,江之都企业服务濮阳,公司企业,华龙区,,,中原路与卫河路交叉口往东300米路南临街门市201号,35.781194,115.017356,
5,小象餐饮,公司企业,华龙区,,,建设中路与濮上中路交叉口东140米,35.758275,115.011475,
5,濮阳市示范区开德路濮小羊餐饮店,餐饮服务,华龙区,,,滨湖湾商业街27号楼0105号商铺,35.797125,115.025925,
5,濮阳市华龙区张大签火锅餐饮店,餐饮服务,华龙区,,,开州北路与五一中路交叉口西280米,35.785719,115.023710,
5,河南景致食代餐饮管理有限公司,公司企业,华龙区,,,昆吾南路10号,35.757791,115.018958,
5,濮阳市开发区岳奇家餐饮店,餐饮服务,华龙区,,,中房·越秀城二期,35.789575,115.033433,
5,濮阳县铁丘路华厦餐饮店,餐饮服务,濮阳县,,,铁丘路与解放大道交叉口东40米,35.722252,115.025314,
5,桂霖主题餐饮,餐饮服务,华龙区,,,黄甫路与皇龙巷交叉口西北20米,35.777871,115.046916,
5,濮阳味多多餐饮管理有限公司,公司企业,华龙区,,,京开大道中段与金龙街交叉口北120米,35.770419,115.045053,
5,濮阳市巴铁餐饮管理有限公司,公司企业,华龙区,,,帝豪大厦,35.781425,115.049575,
5,濮阳市蓉语餐饮管理有限公司,公司企业,华龙区,,,中原路与京开大道交叉口正大中心28楼,35.780985,115.051554,
5,河南蓉匠餐饮管理有限责任公司,公司企业,华龙区,,,中原东路正大中心28F,35.781265,115.051895,
5,濮阳胜创餐饮有限公司,公司企业,华龙区,,,马颊河北路与礼化街交叉口东北80米,35.786987,115.062180,
5,濮阳市凡诺餐饮管理有限公司,公司企业,华龙区,,,华商环道与丽都路交叉口东160米,35.777578,115.062558,
5,濮阳市三酉餐饮有限公司,公司企业,华龙区,,,华商环道与丽都路交叉口东160米,35.777575,115.062575,
5,濮阳味源餐饮管理有限公司,公司企业,华龙区,,,华商环道与丽都路交叉口东160米,35.777575,115.062575,
5,河南省昱上嘉餐饮管理有限公司,公司企业,华龙区,,,华商环道与丽都路交叉口东南180米,35.776875,115.062475,
5,县帅家五毛串火锅餐饮铺,餐饮服务,濮阳县,,,富民路东段北侧工业路中段东侧未来城13幢115号商铺,35.715160,115.044604,
5,有米餐饮店,餐饮服务,清丰县,,,幸福大道与黄河路交叉口西南40米,35.899069,115.113531,
5,龙都国际酒店餐饮部,餐饮服务,华龙区,,,玉门中路与江汉路交叉口东北160米,35.767911,115.069731,
6,建灵餐饮店,餐饮服务,灵宝市,,,老西街与荆山大道交叉口西北260米,34.521201,110.675206,
6,灵宝服务区清真餐厅,餐饮服务,灵宝市,,,灵宝服务区与G30连霍高速交叉口东北380米,34.571834,110.761351,
6,灵宝服务区旅美达餐厅,餐饮服务,灵宝市,,,G30连霍高速与灵宝服务区交叉口东北420米,34.572011,110.761824,
6,灵宝服务区旅美达餐厅,餐饮服务,灵宝市,,,G30连霍高速与灵宝服务区交叉口东420米,34.569552,110.762276,
6,灵宝市小翠餐饮店,餐饮服务,灵宝市,,,康乐园大棚第5户,34.523649,110.871917,
6,李震餐饮,餐饮服务,灵宝市,,,三门峡市一高分校西200米,34.535465,110.876391,
6,味道家餐饮店,餐饮服务,灵宝市,,,开元大道与民兴路交叉口西200米,34.553188,110.883192,
6,百唯餐饮,餐饮服务,灵宝市,,,灵宝市烟草局隔壁冬妮诊所巷子里100米,34.512825,110.882125,
6,河南豫州大粮仓餐饮有限公司,公司企业,灵宝市,,,鼎原路024号,34.492526,110.885282,
6,凌冶酒店餐饮部,餐饮服务,灵宝市,,,新华东路与尹喜南路交叉口西南40米,34.519956,110.897688,
6,灵宝市野梧桐餐饮店,餐饮服务,灵宝市,,,102,34.525347,110.904916,
6,食味鲜餐饮管理公司,公司企业,陕州区,,,陕塬路与温汤路交叉口南300米,34.714039,111.119416,
6,三门峡威佳东府餐饮管理有限公司,公司企业,湖滨区,,,迎宾大道与三门路交叉口西南140米,34.795875,111.171725,
6,官道口服务区餐厅,餐饮服务,卢氏县,,,G59呼北高速出口与官道口服务区交叉口西南240米,34.286769,111.050436,
6,河南渝味云集餐饮有限公司,公司企业,湖滨区,,,涧河花园小区门口东二十米,34.771996,111.185163,
6,河南臻善味餐饮管理有限责任公司,公司企业,湖滨区,,,黄河路与大岭路东北角宇龙医院纺织器材厂院内06号,34.785823,111.194074,
6,卢氏众鑫缘餐饮饭店,餐饮服务,卢氏县,,,双槐树街西56号,33.819775,110.947875,
6,河南关老大餐饮服务有限公司,公司企业,湖滨区,,,嘉亿·东方明珠,34.777922,111.201193,
6,三门峡服务区餐厅,餐饮服务,湖滨区,,,三门峡服务区东北侧,34.751939,111.197353,
6,爱治餐饮店,餐饮服务,卢氏县,,,锦绣家园小区,34.019425,111.035725,
6,芳芳餐饮美味小屋,餐饮服务,卢氏县,,,洛河路与滨河西路交叉口北360米,34.034869,111.040909,
6,葱花香餐饮店,餐饮服务,卢氏县,,,西关街与新建路交叉口西南100米,34.048652,111.046358,
6,卢氏县胖弟餐饮店,餐饮服务,卢氏县,,,北关社区综合性文化服务中心附近,34.056768,111.051532,
6,米粟餐饮店,餐饮服务,卢氏县,,,209国道与长征路交叉口南360米,34.046726,111.070554,
6,卢氏县五里川重庆老火锅餐饮店,餐饮服务,卢氏县,,,五里川镇河南村南山八大碗农家乐内,33.762645,111.054286,
7,老兵工酒店餐饮部,餐饮服务,济源市,,,水牛线郑坪村那些年小镇(东南角),35.184975,112.434025,
7,万泉寨餐饮烧烤,餐饮服务,济源市,,,北环路与天坛路红绿灯往东66米路南,35.114073,112.581114,
7,济源市驾都汇餐饮管理有限公司,公司企业,济源市,,,北海街道办事处荆梁街与水厂街西南角三层1号,35.096523,112.579757,
7,豫川华府餐饮酒店(汤帝商厦店),餐饮服务,济源市,,,汤帝路与宣化街交叉口西南角汤帝大厦四楼,35.092376,112.584650,
7,老北京片皮烤鸭(周园路旅游餐饮街店),餐饮服务,济源市,,,南街集贸市场西门北50米,35.084354,112.590168,
7,将近酒餐饮店,餐饮服务,济源市,,,东夫大街西口路北一号院,35.070106,112.605449,
8,山中宝地锅宴餐饮店,餐饮服务,禹州市,,,神垕镇杨岭村山上,34.128177,113.184616,
8,攀兴餐饮店,餐饮服务,禹州市,,,方山镇坡村6组,34.230104,113.257135,
8,漫漫餐饮,餐饮服务,禹州市,,,神垕镇孟河村王氏陶瓷对面,34.141824,113.257157,
8,觅香斋餐饮店,餐饮服务,禹州市,,,文殊镇文殊村10组,34.195632,113.273200,
8,友情餐饮,餐饮服务,禹州市,,,顺店镇银星大道s237号,34.229058,113.342544,
8,禹州市诚惠餐饮管理有限公司,公司企业,禹州市,,,园区路,34.148986,113.431235,
8,禹州市馍园香餐饮店,餐饮服务,禹州市,,,张得镇凹郭村8足,34.072191,113.411695,
8,河南省鲜味工坊餐饮管理有限公司,公司企业,禹州市,,,禹王大道与振兴路交叉口西北260米,34.150925,113.440325,
8,禹州市益民餐饮管理有限公司,公司企业,禹州市,,,韩城街道昌盛路58号,34.163168,113.454190,
8,禹州市华康餐饮管理有限公司,公司企业,禹州市,,,远航路北侧581号,34.154203,113.464267,
8,鸠山老字号饸饹(南五里店),餐饮服务,禹州市,,,南五里转盘襄县方向150米路东,34.127906,113.471507,
8,客如星餐饮供应链折扣仓,公司企业,禹州市,,,药城路与新华路交叉口西南80米,34.148775,113.485025,
8,河南卤太公餐饮服务有限公司,公司企业,禹州市,,,小吕乡刘坡村工业园区,34.070911,113.462421,
8,怡雅餐饮,餐饮服务,禹州市,,,药城路431号,34.158883,113.489459,
8,红事缘餐饮服务管理有限公司,公司企业,禹州市,,,药城路禹王广场,34.138462,113.485336,
8,壹加壹餐饮店,餐饮服务,禹州市,,,锦华路与祥云大道交叉口北100米,34.161325,113.499325,
8,客盈门早晚餐饮店,餐饮服务,禹州市,,,万山云墅东北侧180米,34.153725,113.523525,
8,襄城县悦顺苑餐饮服务有限公司,公司企业,襄城县,,,七紫路与丰源路交叉口东120米,33.815700,113.437780,
8,襄城县宋發餐饮店,餐饮服务,襄城县,,,北大街社区明清古街城门进来路东第二家003号,33.853565,113.482638,
8,襄城县郑荣餐饮店,餐饮服务,襄城县,,,湛北乡山前古庄社区六组31号,33.804453,113.469020,
8,小弟餐饮店味道砂锅,餐饮服务,襄城县,,,烟城路与人民街交叉口西40米,33.853694,113.486805,
8,福邻餐饮回味椒麻鸡,餐饮服务,襄城县,,,泰安路与幸福路交叉口西100米,33.854875,113.490625,
8,湘炒餐饮,餐饮服务,襄城县,,,文昌路与幸福路交叉口向南路东50米,33.861825,113.494675,
8,恒金餐饮烤鸭,餐饮服务,襄城县,,,泰安路路北678号,33.854328,113.495468,
8,嘉福餐饮湘豫家宴,餐饮服务,襄城县,,,汾陈镇阿里山路口左转300米,33.969394,113.529499,
9,古月乐餐饮店,餐饮服务,孟州市,,,赵和镇北临泉145号,35.014348,112.704839,
9,神农山服务区餐厅,餐饮服务,沁阳市,,,神农山服务区与沿太行高速出口交叉口东100米,35.192188,112.791391,
9,中粮餐饮食用油仓储,公司企业,孟州市,,,西韩愈大街与西环路交叉口东280米,34.904925,112.766675,
9,小马哥餐饮工作室地道新疆味,餐饮服务,孟州市,,,农坛北路与钱唐村东口交叉口西北角,34.920763,112.788859,
9,河南餐道餐饮管理有限公司,公司企业,沁阳市,,,朱载堉大街与怀庆路交叉口南2号-1栋,35.067925,112.905525,
9,沁阳市奇域餐饮店,餐饮服务,沁阳市,,,太行新城,35.089625,112.913175,
9,孟州服务区餐厅,餐饮服务,孟州市,,,S95沁伊高速入口与孟州服务区交叉口东180米,34.921096,112.898633,
9,博爱县磨头晓玲餐饮店,餐饮服务,博爱县,,,西庄小学东北侧200米,35.149325,112.968175,
9,岳野餐饮,餐饮服务,沁阳市,,,白庙门街28号,35.091231,112.951167,
9,寨豁综合服务区餐饮,餐饮服务,博爱县,,,寨豁综合服务区,35.273896,113.056008,
9,温县乐品坊食品有限公司,餐饮服务,温县,,,温县黄庄镇东高召村溁涝河北100米,35.001790,112.998944,
9,四季香餐饮店,餐饮服务,博爱县,,,博王路与兴旺街交叉口北200米,35.149798,113.063608,
9,庞晓波餐饮店,餐饮服务,博爱县,,,海华路与科技路交叉口北240米,35.198642,113.092369,
9,温县新柏通汽车服务有限公司,公司企业,温县,,,大兵快餐厅附近,34.949069,113.025620,
9,博爱县杨家大院餐饮店,餐饮服务,博爱县,,,柏山镇义沟村中街5号,35.168805,113.106618,
9,河南伊赛控股发展有限公司,公司企业,博爱县,,,广兴路503号,35.167515,113.109859,
9,意中人餐饮店,餐饮服务,温县,,,天赐·锦都花城东门旁,34.936126,113.066713,
9,同星餐饮,餐饮服务,中站区,,,王封家园门面房3号,35.235176,113.162691,
9,新房餐饮,餐饮服务,中站区,,,和美小区东门往西200米路南,35.232775,113.163325,
9,焦作市慕容食品有限公司,餐饮服务,温县,,,大练线顺达加油站对面,34.981726,113.088842,
9,趁意餐饮店,餐饮服务,温县,,,温泉街道古温大街221号,34.951097,113.084384,
9,焦作市福聚餐饮管理有限公司,公司企业,中站区,,,新园路北100米多氟多科技大厦,35.229419,113.171654,
9,温县喜再来食品科技有限公司,餐饮服务,温县,,,纬四路91号,34.909410,113.076342,
9,世外桃源餐饮部,餐饮服务,温县,,,温县消防救援大队西南侧150米,34.898332,113.074715,
9,慕记餐饮,餐饮服务,温县,,,太行路2号华洋天玺,34.948175,113.094225,
10,尉氏县祥和聚餐饮店,餐饮服务,尉氏县,,,朱曲镇火巴张16号,34.290337,114.055003,
10,谦万餐饮服务有限公司,公司企业,龙亭区,,,安泰路与四大街交叉口西240米,34.821625,114.259275,
10,开封市开发区叁元楼餐饮酒店,餐饮服务,龙亭区,,,河南自贸试验区区开封片区大河东都商业住宅建设项目26号商住楼1单元1-2层101铺,34.797254,114.253163,
10,开封市陌寻餐饮服务有限公司,公司企业,龙亭区,,,安康路与三大街交叉口西80米,34.807202,114.265886,
10,河南圣明餐饮管理有限公司,公司企业,尉氏县,,,邢庄乡北丁庄村一组,34.437143,114.160197,
10,开封市示范区塞上宁味餐饮店,餐饮服务,龙亭区,,,集英街168号长城公寓172号营业房,34.804536,114.291020,
10,兴亮餐饮,餐饮服务,龙亭区,,,东吕庄新村4排9号,34.795836,114.288499,
10,大军聊餐饮,餐饮服务,龙亭区,,,金裕路与金明西街交叉口东北180米,34.805175,114.297736,
10,开封服务区餐厅,餐饮服务,龙亭区,,,稻一路与水二路交叉口西南460米,34.845407,114.311810,
10,开封服务区餐厅,餐饮服务,龙亭区,,,连霍高速开封服务区南区,34.842835,114.311934,
10,不惑熟香北京烤鸭餐饮店,生活服务,龙亭区,,,金丰苑小区7号楼1单元1层2号营业房附1号,34.827419,114.307563,
10,金沙湾国际酒店-餐饮部,餐饮服务,尉氏县,,,滨河路001号金沙湾国际酒店,34.423690,114.183440,
10,河南丰庆源餐饮管理有限公司,公司企业,龙亭区,,,圣桦城三期10号楼,34.836508,114.319629,
10,麦兜猪小腰餐饮店,餐饮服务,尉氏县,,,史庄村西头地锅馍,34.443864,114.198838,
10,望烁餐饮服务,餐饮服务,龙亭区,,,东京大道与夷山大街交叉口东180米,34.822625,114.317225,
10,思芳餐饮服务店,餐饮服务,鼓楼区,,,金明大道马家河桥南10米,34.751196,114.307193,
10,滕飞餐饮老式砂锅店,餐饮服务,龙亭区,,,西环城路与金耀路交叉口向西100米路南滕飞老式砂锅店,34.812011,114.328651,
10,味知苑烤鸭(开封店),餐饮服务,龙亭区,,,黄河路宋城路交叉口(老京西宾馆),34.785662,114.320843,
10,文澜国际酒店餐饮(万岁山武侠城店),餐饮服务,龙亭区,,,东京大道与西关北街交叉口西480米,34.823239,114.335806,
10,开封市梅利餐饮有限公司,公司企业,龙亭区,,,晋安路与马市一街交叉口西北40米,34.795891,114.327335,
10,悦刻餐饮(餐饮店),餐饮服务,鼓楼区,,,包府坑北街5号楼5单元1层42号,34.794088,114.343956,
10,鼓楼喜尚嘉宴主题餐饮,餐饮服务,鼓楼区,,,[],34.760875,114.335375,
10,小将吴用餐饮店,餐饮服务,龙亭区,,,柳园口乡卜里寨中心街路口060号,34.850027,114.363848,
10,鲁香源餐饮店,餐饮服务,鼓楼区,,,省府后街25号-2号,34.797920,114.347869,
10,山间餐饮管理(郑州)有限公司,公司企业,龙亭区,,,龙亭北路23号宋都皇城旅游度假区,34.799802,114.356026,
11,睢县努尔曼餐饮店,餐饮服务,睢县,,,城郊乡凤城大道西段马头村67号,34.445425,115.050425,
11,五熟釜餐饮,餐饮服务,民权县,,,丹桂路,34.644582,115.191296,
11,宁陵县好聚来餐饮店,餐饮服务,宁陵县,,,石桥镇王宿安桥西50米100号,34.537738,115.273274,
11,伊兰轩羊汤烩面水饺砂锅餐饮店,餐饮服务,宁陵县,,,[],34.468583,115.312995,
11,柘城县胡子塔火锅餐饮店,餐饮服务,柘城县,,,华景路53号,34.084047,115.305768,
11,商丘市和悦海棠餐饮管理有限公司,公司企业,梁园区,,,昆仑路与民主西路交叉口东北60米,34.441225,115.616125,
11,商丘市真爱堡餐饮有限公司,公司企业,睢阳区,,,平原南路与文化西路交叉口南300米,34.424252,115.623039,
11,第一家羊蝎子羊排老店餐饮店,餐饮服务,睢阳区,,,凯旋路与宇航西路交叉口向东50米路南,34.403775,115.628425,
11,鲁豫界服务区餐厅,餐饮服务,梁园区,,,G35济广高速与鲁豫界服务区交叉口西北400米,34.554975,115.687694,
11,商丘三石餐饮管理有限责任公司,公司企业,睢阳区,,,宜兴路与华夏路交叉口向西50米路南第一胡同,34.420820,115.644034,
11,商丘市睢阳区那里餐饮店,餐饮服务,睢阳区,,,南京西路182号,34.400349,115.638026,
11,铭阳餐饮包装,公司企业,梁园区,,,商丘农产品中心批发市场,34.463375,115.681689,
11,新疆托克逊9号餐饮广场,餐饮服务,睢阳区,,,北海东路与归德中路交叉口东北220米,34.393008,115.661459,
11,尊园餐饮(滋补秘制羊蝎子),餐饮服务,睢阳区,,,长江路与中州路向东300米路南滨河路交叉口50路西98号,34.416351,115.676534,
11,河南金颂餐饮管理有限公司,公司企业,睢阳区,,,中亚大道与经二路交叉口富田产业园B17,34.319538,115.650793,
11,花好月圆爱妃堡婚礼艺术会馆,生活服务,梁园区,,,江华路与腾飞路交叉口东南角,34.400391,115.684996,
11,世纪咖饮餐饮管理有限公司,公司企业,梁园区,,,商均路与汇聚九路交叉口向东50米路北,34.452303,115.705657,
11,河南省欢谷餐饮管理有限有限公司,公司企业,梁园区,,,平台街道马新庄村,34.405125,115.716329,
11,天力工量具,公司企业,虞城县,,,伊尹大道与至信七路交叉口向西300米,34.358226,115.824875,
11,东北烧烤餐饮店,餐饮服务,夏邑县,,,桑固乡李院村闫营55号,34.224639,115.997819,
11,夏邑服务区餐厅,餐饮服务,夏邑县,,,夏邑服务区与G30连霍高速交叉口西440米,34.187284,116.192573,
11,幸福里餐饮,餐饮服务,夏邑县,,,顺河社区卫生服务中心北侧120米,34.283907,116.281419,
11,河南汉八珍餐饮管理有限公司,公司企业,永城市,,,淮海大道39号,33.980551,116.441109,
11,麦秸垛餐饮特色家常菜,餐饮服务,永城市,,,雪枫北路377号,33.951194,116.455970,
11,同顺餐饮礼宴中心(工会职工花园店),餐饮服务,永城市,,,工会职工花园,33.938156,116.467632,
12,泌阳县贾小卤餐饮店八嘎鸭卤麻辣海鲜,餐饮服务,泌阳县,,,大桥路与文化路交叉口向东三十米路北,32.731899,113.337182,
12,泌阳县风占餐饮店,餐饮服务,泌阳县,,,古城街道行政路东段尚东金御府小区3号楼一单元3303室,32.723367,113.346836,
12,泌阳服务区餐厅,餐饮服务,泌阳县,,,泌阳服务区西南40米,32.679466,113.352161,
12,遂平县纪成有家有味餐饮饭店,餐饮服务,遂平县,,,玉山镇,33.194138,113.824806,
12,驻马店五龙口酒业有限公司,餐饮服务,驿城区,,,诸市乡魏庄五龙口餐馆,33.074328,113.881713,
12,鸿安餐饮供应链服务中心,公司企业,遂平县,,,国际商贸城七号楼101-104,33.155274,113.990071,
12,峰霖居餐饮店,餐饮服务,遂平县,,,"城南新区和幸路西段,中禾英郡八号楼114号铺",33.131135,113.991722,
12,遂平县味优餐饮店,餐饮服务,遂平县,,,城南107国道西侧天洁玉湖公馆41幢102号,33.127737,113.995523,
12,遂平英华路有粉有面儿餐饮店,餐饮服务,遂平县,,,英华路二幼南20米路东,33.146172,114.004752,
12,亿泽餐饮设备有限公司,公司企业,驿城区,,,雪松路西段刘阁街道公路局对面,32.987536,113.964793,
12,小状元餐饮店,餐饮服务,遂平县,,,施庄社区东门门面房南9号商铺,33.131206,114.007147,
12,三号院餐饮店(盘古山路店),餐饮服务,驿城区,,,雪松路与盘古山路交叉口西南角盘古佳苑小区北门,32.986133,113.994750,
12,喜达客餐饮服务有限公司,公司企业,驿城区,,,雪松大道与盘龙山路交叉口西北80米,32.987387,113.999383,
12,胖丫头金牌炒鸡餐饮店,餐饮服务,驿城区,,,天颐路96号,32.965422,113.998052,
12,河南亿振餐饮设备有限公司,公司企业,驿城区,,,古槐路536号,33.045096,114.023893,
12,驻马店经济开发区弘昇餐饮管理有限公司,公司企业,驿城区,,,博雅写字楼1620室,32.995631,114.015564,
12,疆三喜餐饮店,餐饮服务,驿城区,,,雪松路与文祥路东200米关庄四巷6-3,32.989426,114.014885,
12,驻马店市亿达餐饮设备有限公司,公司企业,驿城区,,,洪河大道与中原大道交叉口,33.045374,114.032400,
12,和瑞轩餐饮,餐饮服务,驿城区,,,文新路与万和路交叉口西北80米,33.018075,114.027475,
12,河南省阿勇餐饮管理有限公司,公司企业,驿城区,,,菜园街与交通路交叉口北120米,32.982577,114.026877,
12,建苑酒店·餐饮部,餐饮服务,驿城区,,,人民街道解放路中段168号驻马店建苑大厦B区二楼,32.975674,114.029219,
12,维也纳餐饮,餐饮服务,驿城区,,,解放路中段168号驻马店建苑大厦,32.975625,114.029475,
12,盛大智作(南店)-广告公司,公司企业,驿城区,,,乐山路中段万隆市场斜对面,32.980988,114.031733,
12,状元红生态温泉酒店餐饮部,餐饮服务,上蔡县,,,状元红景区西侧,33.323825,114.158975,
12,亿达餐饮家具有限公司,公司企业,驿城区,,,中原大道辅路与洪河大道交叉口南80米,33.024025,114.078925,
13,一家人餐饮,餐饮服务,林州市,,,石桃线与古石线交叉口东240米,36.113958,113.693969,
13,红旗渠国际酒店餐饮部,餐饮服务,林州市,,,红旗渠大道与040乡道交叉口西南140米,36.091021,113.758611,
13,金记餐饮,餐饮服务,林州市,,,解放路与大发西街交叉口西北80米,36.179342,113.809582,
13,山景雅轩酒店-餐饮部,餐饮服务,林州市,,,红旗渠大道与036乡道交叉口西360米,36.089478,113.783238,
13,林州市帅帅餐饮店,餐饮服务,林州市,,,开元街道琛凯花园南侧4号,36.085207,113.790125,
13,林州市小城鲜生焖面餐饮店,餐饮服务,林州市,,,龙山街道向阳街东段浩鹏花园南一区1、2号营业房,36.061863,113.828656,
13,太行山水酒店餐饮部,餐饮服务,林州市,,,太行山水大酒店停车场院内北楼,36.041899,113.823686,
13,熟百味餐饮食材供应链,公司企业,林州市,,,龙安路大菜园菜市场西门对面,36.077014,113.836145,
13,安阳县小掌柜沸腾小串餐饮店,餐饮服务,安阳县,,,铜冶镇东湖一号小区南楼路南14号,36.226212,114.075213,
13,宝弟好多福餐饮店,餐饮服务,殷都区,,,大白线临化水泥厂对面158号,36.131044,114.099211,
13,成鑫餐饮,餐饮服务,殷都区,,,安钢大道与梅东路交叉口向南80米路东38号,36.111128,114.303471,
13,安阳迎鑫餐饮管理服务有限公司,公司企业,北关区,,,邮政大楼,36.103825,114.341425,
13,河南仓利餐饮管理有限公司,公司企业,文峰区,,,文明大道12号,36.091525,114.342425,
13,熙熙小吃服务店,餐饮服务,文峰区,,,能源路与迎春西街交叉口南100米,36.087137,114.350672,
13,安阳市文峰区刘家老味餐饮店,餐饮服务,文峰区,,,南相州路与同兴街向北10米路东,36.077630,114.353340,
13,老田餐饮店,餐饮服务,文峰区,,,三里屯安阳工学院行知苑公寓门对面三号,36.069236,114.353174,
13,云过餐饮店,餐饮服务,文峰区,,,东工路159号,36.081675,114.369975,
13,安阳巴氏同心餐饮有限公司,公司企业,文峰区,,,永明路与人民大道交叉口南120米,36.111075,114.397325,
13,河南办谷田餐饮管理有限公司,公司企业,文峰区,,,朝霞路与灯塔路交叉口北80米,36.106812,114.401494,
13,金顶鲜餐饮公司酱料中转仓,公司企业,北关区,,,安漳大道与兴泰路交叉口西北360米,36.120475,114.407175,
13,申记餐饮供应链管理有限公司,公司企业,北关区,,,光明路与洹滨南路交叉口向南100米路东全益汽车检测院内西排666号,36.123133,114.410889,
13,来又来餐饮西安卷馍(安阳吾悦广场光明路店),餐饮服务,文峰区,,,吾悦广场(安阳店),36.078573,114.416919,
13,野可以主题餐饮店,餐饮服务,汤阴县,,,信合路64号,35.917925,114.370075,
13,张英晓田祥餐饮服务店,餐饮服务,汤阴县,,,夏都大道与光华路交叉口西北280米,35.932925,114.390325,
13,安阳服务区豫道佳,餐饮服务,文峰区,,,安阳服务区东30米,36.000463,114.422930,
14,淇县二妮餐饮店(实惠饭庄),餐饮服务,淇县,,,s222省道与新鱼线交叉口,35.786443,114.146461,
14,再起餐饮店,餐饮服务,山城区,,,春雷路与朝阳街交叉口北180米,35.891775,114.181225,
14,鹤壁服务区美食广场,餐饮服务,淇县,,,鹤壁服务区西北40米,35.552490,114.159729,
14,恋味儿餐饮食材工厂店,餐饮服务,淇县,,,鹤淇大道10000号,35.668939,114.230470,
14,鹤壁瑞皓后勤管理服务有限公司,公司企业,淇滨区,,,九州路街道九州路西段四季青农产品批发市场西门向东50米,35.748776,114.269894,
14,鹤壁市淇滨区华悦餐饮服务有限公司,公司企业,淇滨区,,,玉大厦,35.713409,114.272524,
14,韵膳堂餐饮(鹤壁店),餐饮服务,淇滨区,,,华山路308号,35.746160,114.283976,
14,鹤壁市迅捷餐饮管理有限公司,公司企业,淇滨区,,,鹤壁金融大厦,35.708375,114.274475,
14,鹤鸣羊记餐饮店,餐饮服务,淇滨区,,,嵩山路与科技大道北200米路西001号,35.782015,114.302583,
14,家风·老馆子(鹤壁店),餐饮服务,淇滨区,,,衡山路与黄河路交叉口西北50米,35.743222,114.307899,
14,淇县面香宇餐饮店,餐饮服务,淇县,,,西岗乡西岗村淇水湾N-3-07号,35.570716,114.257258,
14,盛源饮品有限责任公司,餐饮服务,淇滨区,,,G4京港澳高速与鹤壁立交桥交叉口东北180米,35.755875,114.325775,
14,豫饺坊餐饮店,餐饮服务,浚县,,,建设路与新华路交叉口东140米,35.680425,114.550075,
14,河南一亩城田餐饮管理有限公司,公司企业,浚县,,,东关后街与黄河路交叉口东120米,35.670750,114.556297,
14,浚县善堂胖墩儿羊棒骨餐饮店,餐饮服务,浚县,,,善堂大河路中段012号,35.754425,114.682051,
15,辉县市太行酒家-烧烤餐饮小炒(宝泉店),餐饮服务,辉县市,,,薄壁镇S306省道泰鑫源大酒店旁边,35.441733,113.505419,
15,辉县市现霞餐饮店,餐饮服务,辉县市,,,薄壁镇六街村金城购物广场北188m路西31号,35.447896,113.526555,
15,八里沟服务区餐厅,餐饮服务,辉县市,,,S33沿太行高速与八里沟服务区交叉口东420米,35.571571,113.665554,
15,获嘉县酒肉铺子餐饮服务店,餐饮服务,获嘉县,,,城关镇福院北环西8号铺,35.274070,113.648291,
15,滑县道口八代中和义兴张烧鸡有限公司(获嘉店),餐饮服务,获嘉县,,,新华街十字路口向南走100路西,35.265231,113.662149,
15,河南省味居轩食品有限公司,餐饮服务,原阳县,,,盐店庄村附近,34.967404,113.621173,
15,西部大盘鸡(瑞园店),餐饮服务,辉县市,,,瑞成锦绣瑞园南门向西28米,35.453574,113.797986,
15,辉县市大程餐饮店,餐饮服务,辉县市,,,水竹大道东段(滨河新城南门),35.450454,113.823417,
15,竹园餐饮,餐饮服务,新乡县,,,胡韦线与225省道交叉口东南140米,35.161662,113.767928,
15,利娜餐饮,餐饮服务,牧野区,,,[],35.320975,113.848725,
15,上善东家啤酒鸭餐饮店,餐饮服务,新乡县,,,七里营刘庄路66号,35.155300,113.804816,
15,凤泉停车区客意特色风味自助餐饮,餐饮服务,凤泉区,,,凤泉停车区客意餐饮,35.379642,113.876584,
15,新乡市创香园餐饮技术服务,公司企业,卫滨区,,,自由路与中同路交叉口向西300米路南,35.311894,113.857042,
15,新乡市融合餐饮服务有限公司,公司企业,卫滨区,,,怡园商城,35.305725,113.870375,
15,中旺餐饮管理有限公司,公司企业,牧野区,,,和平大道尚都国际商业街S1商铺101,35.325836,113.887645,
15,同磊餐饮店,餐饮服务,牧野区,,,前进路217-11号,35.329289,113.898571,
15,增康养生餐饮,餐饮服务,红旗区,,,南苑别墅小区附1号楼1层,35.275624,113.884425,
15,开心餐饮店,餐饮服务,牧野区,,,[],35.334466,113.907344,
15,韩家偶吧餐饮有限公司,公司企业,牧野区,,,学院街401号众博厨具市场9号仓库,35.330619,113.906350,
15,桂语江南(忆通壹世界店),餐饮服务,红旗区,,,渠东人民东路366号忆通壹世界s-2号商业楼二楼,35.300875,113.910374,
15,豫见烟火餐饮,餐饮服务,红旗区,,,牧野大道牧野湖美食广场门面房,35.305936,113.912088,
15,新乡市久福餐饮服务有限公司,公司企业,红旗区,,,红旗区开发区关堤乡新源路与德源路交叉口向南100米路东,35.239199,113.897950,
15,河南两地餐饮管理有限公司,公司企业,红旗区,,,新二街与柳青路交叉口西北60米,35.254070,113.922166,
15,渔海缘商贸有限公司荣校东路分公司,餐饮服务,牧野区,,,荣校东路682号康桥美庭营住楼103室,35.310014,113.940942,
15,新乡服务区餐厅,餐饮服务,新乡县,,,G4京港澳高速与新乡服务区交叉口西南300米,35.181176,113.929629,
16,汝州杜记酱爆鸡餐饮店,餐饮服务,汝州市,,,杨楼乡杨楼商贸广场2号楼2-01,34.158543,112.693654,
16,瓦屋服务区餐厅,餐饮服务,鲁山县,,,瓦屋服务区西南30米,33.877640,112.656153,
16,汝州服务区餐饮,餐饮服务,汝州市,,,王寨乡宁洛高速公路汝州服务区,34.128089,112.773527,
16,宏达餐饮店,餐饮服务,汝州市,,,东何庄新村,34.042926,112.766066,
16,韵膳棠餐饮,餐饮服务,汝州市,,,梦想大道与沿河西路交叉口西南300米,34.189795,112.841820,
16,河南省谢记谢增杰餐饮服务有限公司,公司企业,汝州市,,,望嵩南路与南环路交叉口北100米,34.154298,112.838015,
16,汝州市炸来串往餐饮店,餐饮服务,汝州市,,,煤山街道望嵩中路67号,34.162689,112.841501,
16,碗溢餐饮店四川担担面,餐饮服务,汝州市,,,府后街62号,34.169886,112.844439,
16,食全食美餐饮,餐饮服务,汝州市,,,李太街与塔寺街交叉口西北40米,34.163325,112.851575,
16,浒洋餐饮,餐饮服务,汝州市,,,朝阳中路30号香榭世家,34.179468,112.857528,
16,龙祥餐饮,餐饮服务,汝州市,,,中国石化汝州第六加油站南侧270米,34.055140,112.916565,
16,满口香餐饮店,餐饮服务,石龙区,,,明德路与和谐路交叉口东北100米,33.897075,112.892475,
16,焱选小吃服务坊,餐饮服务,石龙区,,,同心和谐社区9号楼东2单元1层12号,33.895370,112.893377,
16,鲁山县本德堂养生餐饮馆,餐饮服务,鲁山县,,,鲁阳办事处五里社区三组,33.718796,112.889642,
16,鲁山县美心美食餐饮店,餐饮服务,鲁山县,,,健康路北段电业局北100米路西,33.745541,112.907350,
16,小凯餐饮店,餐饮服务,鲁山县,,,阳城百合小区对面妆佰妍路口进来第一家,33.737176,112.912917,
16,鑫坤餐饮服务有限公司,公司企业,鲁山县,,,墨公路与祥瑞三路交叉口向东100米世纪锦城一楼,33.729996,112.916219,
16,姚记.食全食美餐饮店,餐饮服务,鲁山县,,,望城路东段路南161号,33.732409,112.919190,
16,平顶山融一坊餐饮管理有限公司,公司企业,鲁山县,,,鲁班路与尧山大道交叉口东南40米,33.724598,112.920636,
16,平顶山壹心餐饮管理有限公司,公司企业,鲁山县,,,五里堡转盘北50米路西,33.752083,112.928395,
16,鲁山县鼎食安餐饮服务有限公司,公司企业,鲁山县,,,中州路,33.751177,112.940986,
16,鲁山县丹江情餐饮管理有限公司,公司企业,鲁山县,,,鲁吉兰东门院内第1个路口左转路西第1栋厂房,33.749766,112.946719,
16,鲁山县化府餐饮店(郑栾高速店),餐饮服务,鲁山县,,,S88郑栾高速与平顶山南服务区交叉口西440米,33.793296,113.022207,
16,平顶山南服务区餐厅,餐饮服务,鲁山县,,,S88郑栾高速与平顶山南服务区交叉口西420米,33.793289,113.022270,
16,平顶山南服务区旅美达餐厅,餐饮服务,鲁山县,,,S88郑栾高速与平顶山南服务区交叉口西460米,33.791135,113.022040,
17,河南康捷餐饮管理服务有限公司,公司企业,中原区,,,银兰路57号美景美立方B7-7,34.805439,113.485353,
17,郑州盛源餐饮设备精品仓,公司企业,惠济区,,,江山路与068村道小胡庄村497号,34.904375,113.563075,
17,河南东贝餐饮管理有限公司,公司企业,中原区,,,科学大道与长椿路升龙中央广场A座15楼175,34.806927,113.543133,
17,河南省京宴食品有限公司,公司企业,惠济区,,,大河路街道丰业街66号预制食品产业园市场内C7栋-2层,34.896597,113.573626,
17,郑州山岚主题餐饮有限公司,公司企业,中原区,,,玉轩路与金马路交叉口向北100米路东,34.735675,113.528825,
17,郑州味之邦餐饮服务有限公司,公司企业,中原区,,,丁香里西玉兰街北丁香里18号,34.805919,113.558136,
17,河南郑味餐饮管理有限公司,公司企业,惠济区,,,双桥路与开元路辅路交叉口南80米,34.861962,113.580745,
17,河南大食代餐饮管理服务有限公司,公司企业,中原区,,,郑州高新技术产业开发区创业中心1号,34.813406,113.566544,
17,须水邓记叫化鸡(锦尚苑店),餐饮服务,中原区,,,中原西路与西三环交叉口500米路南阳光花苑30号楼一二三层,34.746565,113.576521,
17,熊猫墅派对民宿轰趴(惠济店),体育休闲服务,惠济区,,,长兴路37号裕华广场2号楼606室,34.833175,113.624775,
17,郑食记餐饮管理有限公司,公司企业,金水区,,,索凌路6-18号,34.805284,113.636853,
17,郑州学厨餐饮餐饮培训学校,公司企业,二七区,,,[],34.723436,113.647167,
17,郑州淮扬厨子餐饮服务有限公司,公司企业,金水区,,,优胜南路与文化路交叉口西40米,34.766869,113.666634,
17,河南新食潮川奇餐饮管理有限公司,公司企业,金水区,,,文化路街道经五路66号院西楼一楼,34.786353,113.676291,
17,任豫门餐饮咨询有限公司,公司企业,金水区,,,北三环金明路向西60米路南熙畔丽呈酒店9F西侧,34.808727,113.688328,
17,郑州市江喷喷餐饮管理有限公司,公司企业,金水区,,,鑫苑路16号鸿禧阳光佳苑2号楼11层大厅,34.797138,113.698455,
17,河南天堂鸟餐饮管理有限公司,政府机构及社会团体,管城回族区,,,凤凰路与城东路交叉口东40米,34.743575,113.691720,
17,河南港芝堡餐饮管理有限公司,公司企业,金水区,,,升龙大厦25楼2501(燕庄地铁站A口步行200米),34.763654,113.705821,
17,郑州新捞派餐饮管理有限公司,公司企业,金水区,,,未来路街道金水路297号名门城市广场,34.760916,113.712019,
17,祥记餐饮·豫粤珍味(养生汤王店),餐饮服务,金水区,,,世贸大厦B座1层(众意西路地铁站D1口步行450米),34.777269,113.723038,
17,祥记餐饮·豫粤珍味(新长安店),餐饮服务,金水区,,,农业东路与天瑞街交叉口向南200米,34.778053,113.746788,
17,河南金鹿鸣餐饮管理有限公司,公司企业,金水区,,,祥盛街8号福晟国际2号楼F20层,34.761425,113.749825,
17,河南满芳兰庭餐饮管理有限公司,公司企业,管城回族区,,,经开第二大街67号二楼,34.715389,113.738615,
17,河南津力餐饮管理有限公司,公司企业,管城回族区,,,航海东路街道第二大街与经北一路16号,34.723726,113.742585,
17,河南厨匠博餐饮管理有限公司,餐饮服务,金水区,,,祭城路街道陈庄街(祭城地铁A口向南120米路西34号),34.775155,113.766465,
18,扶沟西服务区餐厅,餐饮服务,扶沟县,,,安罗高速扶沟西服务区,34.095178,114.305620,
18,河南徐腾飞餐饮设备有限公司,公司企业,扶沟县,,,荷花路,34.097832,114.390163,
18,扶沟县牛佳佳鲜牛莊餐饮店,餐饮服务,扶沟县,,,亚伟烧烤城进大门右拐20米文化东路浴龙湾温泉酒店正对面,34.050255,114.405685,
18,小明餐饮《山里土菜》,餐饮服务,西华县,,,迎宾大道西海通润园二期5号6商铺,33.775364,114.519490,
18,秀海餐饮(西华店),餐饮服务,西华县,,,金陵国际酒店,33.771580,114.533016,
18,商水服务区旅美达餐厅,餐饮服务,商水县,,,商水服务区东南40米,33.485434,114.455741,
18,鑫晟餐饮校园食材集配中心,公司企业,西华县,,,经五路,33.783088,114.581923,
18,林楼服务区餐饮,餐饮服务,太康县,,,G1516盐洛高速与林楼服务区交叉口西460米,33.969021,114.645982,
18,红理餐饮店,餐饮服务,商水县,,,章化台路西段312号,33.549175,114.592475,
18,河南憨蛋餐饮连锁服务有限公司,公司企业,川汇区,,,八一路与川汇大道交叉口南50米路西,33.643916,114.656443,
18,食在留餐饮服务有限公司,公司企业,川汇区,,,八一路汇林绿洲6号临街楼7楼703,33.599860,114.655951,
18,乾盛央厨餐饮管理,公司企业,川汇区,,,大庆路女娲路东2公里,33.666008,114.685818,
18,商水县老苏餐饮有限公司,公司企业,商水县,,,黄庄村民委员会东侧200米,33.528687,114.644835,
18,周口市川汇区荣和记麦田家餐饮店,餐饮服务,川汇区,,,美好家园,33.613752,114.672886,
18,周口市川汇区汕白记餐饮店,餐饮服务,川汇区,,,温馨家园西门南侧,33.609897,114.673254,
18,四红餐饮店私房小厨,餐饮服务,川汇区,,,川汇区经济开发区工农路南段天鹏皇朝东门楼下私房小厨碳锅鱼现炒鸡,33.581996,114.664899,
18,沃力餐饮管理有限公司,公司企业,川汇区,,,青网科技园3号楼1层3-103,33.585235,114.682729,
18,方记餐饮,餐饮服务,川汇区,,,贵和家园A区西南侧340米,33.653105,114.729824,
18,河南俏鸡王餐饮管理有限公司,公司企业,淮阳区,,,建业百城天地16层1622室,33.749985,114.859868,
18,豫卤惠餐饮管理有限公司,公司企业,淮阳区,,,莲舫路明义路交叉口东30米路北,33.743975,114.866993,
18,赖毛餐饮,餐饮服务,项城市,,,大魏寨,33.176226,114.694757,
18,喜相逢七星假日酒店餐饮楼,餐饮服务,淮阳区,,,商城东路与弦歌路交叉口东北360米,33.721987,114.879444,
18,项城市汇宴餐饮服务有限公司,公司企业,项城市,,,北苑路101号荣盛生态园,33.477565,114.849967,
18,一锅享自助火锅餐饮店(项城店),生活服务,项城市,,,睿智新天地丰华乐购北门负一楼左拐20米,33.439667,114.884939,
18,田园春餐饮,餐饮服务,鹿邑县,,,013乡道与207省道交叉口西南280米,33.957113,115.113663,
19,众回源餐饮,餐饮服务,潮阳区,,,谷贵路47号,23.341175,116.386175,
19,滨记餐饮店,餐饮服务,潮南区,,,新美路一区三街103号,23.220061,116.362738,
19,岛主鲜润餐饮店(谷饶店),餐饮服务,潮阳区,,,谷饶塔脚上堡片区谷贵路14号,23.345325,116.416676,
19,阿锐餐饮,餐饮服务,潮阳区,,,洋贝村道与137乡道交叉口南20米,23.444752,116.440300,
19,山泉园埔尾餐饮店,餐饮服务,潮阳区,,,西胪镇埔尾村文白砖厂内路边,23.415919,116.462388,
19,四姐妹餐饮店,餐饮服务,潮阳区,,,关埠镇桥东村综合市场西路北一街1号,23.429904,116.475463,
19,汕头市瑞晓川餐饮有限公司,公司企业,潮南区,,,峡山街道朝晖路朝中区四街46号,23.257414,116.451170,
19,盛盛餐饮,餐饮服务,潮阳区,,,和平镇下寨和平酒店后附楼,23.242160,116.474792,
19,辉记餐饮,餐饮服务,潮阳区,,,梅花大道与林八港路交叉口东北100米,23.254499,116.527800,
19,壹品贡茶餐饮(井田公路店),餐饮服务,潮南区,,,双山村山海路东5号,23.166239,116.535602,
19,源之味餐饮服务有限公司,公司企业,潮阳区,,,古帅路口红绿灯旁边,23.254520,116.580132,
19,以食餐饮,餐饮服务,金平区,,,学成路荣升科技园M1号A幢A7铺面及A7第二层,23.405719,116.633973,
19,兴怡餐饮管理有限公司,公司企业,潮阳区,,,棉北街道平北工业区10幢东侧二楼,23.275525,116.607525,
19,金园肥姐餐饮,餐饮服务,潮阳区,,,一中路口172号,23.261255,116.612265,
19,汕头市潮卤润食品有限公司,餐饮服务,金平区,,,鮀中路44号,23.406576,116.657688,
19,汕头市峰源餐饮管理有限公司,公司企业,金平区,,,鮀江街道金升八路8号之三瑞锦酒店一楼左1左2,23.400492,116.662433,
19,汕头市品禾餐饮管理有限公司,公司企业,金平区,,,鮀江街道升业路乐业苑10栋5354号铺面,23.398329,116.664039,
19,坤坤餐饮店,餐饮服务,金平区,,,安居北路长贵苑三区二栋106铺面,23.382667,116.663929,
19,广东穗满香餐饮管理有限公司,公司企业,金平区,,,北郊工业区金兴二路西永祥片A栋,23.389367,116.675904,
19,小公园潮满轩餐饮店,餐饮服务,金平区,,,小公园街道至平路28号之一,23.352863,116.672894,
19,惠丰餐饮,餐饮服务,金平区,,,金环北路与潮汕路交叉口西80米,23.394288,116.683210,
19,珊珊餐饮,餐饮服务,金平区,,,潮州路14号,23.379884,116.683767,
19,亮记兄弟餐饮店,餐饮服务,金平区,,,公园路46号114,23.358194,116.683746,
19,煜晓餐饮,餐饮服务,金平区,,,金新北路与金凤东路交界处,23.381054,116.703988,
19,汕头市众禾餐饮管理有限公司,公司企业,龙湖区,,,汕头市龙湖区鸥汀综合市场大车场北侧42号铺位,23.407875,116.713925,
20,广东呷在家湘餐饮管理有限公司,公司企业,三水区,,,大塘镇大布沙永大西路87号景秀南湾公馆116号,23.428697,112.918769,
20,广东食为天餐饮管理有限公司,公司企业,三水区,,,大塘镇赤珠岗下社地塘园1号,23.423325,112.952575,
20,味旅Voyage餐饮,餐饮服务,高明区,,,先河路与飞龙巷交叉口东60米,22.901212,112.873932,
20,广东新正唯餐饮管理有限公司,公司企业,南海区,,,狮豪路1号A栋广东思豪内高压科技有限公司内一层自编006-007,23.187422,112.972597,
20,湘当好味餐饮店(乐平大道店),餐饮服务,三水区,,,乐平镇乐平大道297号4座115-117,23.301543,113.008964,
20,佛山市伟创广告工程有限公司,公司企业,南海区,,,狮山镇南海经济开发区北园兴业北路206号瑞鑫科技园2栋802,23.167175,112.986825,
20,佛山肴厨餐饮服务有限公司,公司企业,南海区,,,狮山镇汀圃潘村新村七号之二,23.209006,113.005461,
20,佛山市了能餐饮服务有限公司,公司企业,禅城区,,,南庄大道与解放东大街交叉口东南80米,22.980870,113.012915,
20,广东章鱼博士新材料有限公司,公司企业,禅城区,,,陶博东一路首层18号,22.964071,113.021037,
20,广记烧腊特色餐饮连锁(官窑店),购物服务,南海区,,,狮山镇官窑教育路128号,23.229867,113.084274,
20,佛山市雨岸餐饮管理有限公司,公司企业,南海区,,,里水镇石塘村旧村大街9号首层14号铺,23.274270,113.097290,
20,佛山市湘德餐饮配送有限公司,公司企业,禅城区,,,张槎一路129号1座,23.031786,113.061322,
20,广东鸿轩餐饮管理服务有限公司,公司企业,南海区,,,大沥镇太平南工业园太兴路88号1号厂房四层自编402,23.091643,113.086327,
20,佛山市謝文龍餐饮管理有限公司,公司企业,南海区,,,9号创新产业园5栋,23.127818,113.094772,
20,广东佳品源餐饮管理服务有限公司,公司企业,南海区,,,南海区罗村联和工业区东区二路7号,23.072239,113.089810,
20,广东朱鲜生餐饮有限公司,公司企业,南海区,,,叶问纪念馆南门西150米,23.063758,113.091286,
20,佛山市南海轩宝餐饮管理有限公司狮山分公司,公司企业,南海区,,,狮山镇联和社区丰岗工业区一路8号之一,23.072796,113.093635,
20,广东添添香餐饮管理有限公司,公司企业,南海区,,,大沥镇曹边第三工业区新围路1号A-1厂房,23.088724,113.097934,
20,瑭顺餐饮配送有限公司,公司企业,南海区,,,大沥镇沥西厦巷工业区南面仓库建设大道24号,23.128642,113.108880,
20,广盛餐饮管理有限公司(佛山市分公司),公司企业,南海区,,,狮山镇中南农产品交易市场中三区B003号仓,23.070322,113.100095,
20,佛山健行汽车销售服务有限公司,汽车销售,南海区,,,大沥镇大镇路口大镇餐厅往良豪方向走200米欣梅抛光隔壁,23.089536,113.103821,
20,佛山市和睿餐饮管理有限公司,公司企业,南海区,,,里水镇里官路麻奢段新星工业区151号首层之一,23.214380,113.127724,
20,佛山市陈资军涛餐饮服务有限公司,公司企业,南海区,,,里水镇北沙村鹿眠南大道11号之一,23.188540,113.125145,
20,广饮广食餐饮店,餐饮服务,南海区,,,沥西路与南湾北路交叉口西北60米,23.124439,113.113900,
20,佛山市南海轩宝餐饮管理有限公司,公司企业,南海区,,,里水镇赤山工业区三区路10号,23.216518,113.134669,
21,封开县好惠食餐饮管理服务有限公司江口分公司,公司企业,封开县,,,江口镇封州一路148号,23.391559,111.513886,
21,思民餐饮店,餐饮服务,封开县,,,南丰镇城东路71号,23.746260,111.800157,
21,封开县南丰镇牛弟餐饮店,餐饮服务,封开县,,,南丰镇开建大道358号(财政所对面),23.738475,111.811325,
21,封开县好惠食餐饮管理服务有限公司,公司企业,封开县,,,南丰镇尚岗谷怀公路边进锋队70号,23.742525,111.819475,
21,湘味轩餐饮(大学城店),餐饮服务,德庆县,,,梦工厂文创园西北侧140米,23.166279,111.767514,
21,兄弟餐饮,餐饮服务,德庆县,,,德城街道城郊上铁村新圩镇紫荆路58号,23.155443,111.776982,
21,七分饱餐饮部,餐饮服务,怀集县,,,冷坑镇六祖禅宗文化旅游区岭咀民宿后侧,24.057460,112.023375,
21,茶娱烤茶餐饮店,餐饮服务,怀集县,,,611乡道与234国道交叉口东南360米,24.110830,112.168578,
21,惠客餐饮店,餐饮服务,怀集县,,,幸福一路与站前大道交叉口东100米,23.911608,112.165837,
21,怀集小螺号餐饮店,餐饮服务,怀集县,,,怀集眼视光眼科医院西侧270米,23.929664,112.172448,
21,梁氏餐饮,餐饮服务,怀集县,,,山水云天,23.909241,112.175118,
21,好阁餐饮店,餐饮服务,怀集县,,,上郭中路与上郭中路三巷交叉口东南40米,23.918405,112.177678,
21,怀集县怀城街道如院餐饮店,餐饮服务,怀集县,,,怀城街道登云路二街48号,23.919309,112.181523,
21,肴汇楼餐饮,餐饮服务,怀集县,,,怀城街道金龙二路肴汇楼餐饮,23.923685,112.184981,
21,祥兴旺餐饮,餐饮服务,怀集县,,,祥兴旺烟酒行二楼,23.914258,112.192031,
21,播植服务区餐饮,餐饮服务,德庆县,,,118省道与914乡道交叉口西南380米,23.262835,112.088966,
21,水南服务区驿路香食,餐饮服务,高要区,,,121乡道与120乡道交叉口南420米,23.291091,112.392470,
21,广宁服务区星仔记烧腊饭店,餐饮服务,广宁县,,,G55二广高速与广宁服务区交叉口北160米,23.521217,112.439818,
21,渔小铺餐饮店,餐饮服务,端州区,,,睦岗桂林街居委福兴街72号,23.066026,112.424018,
21,广东省肇庆维乐科餐饮管理有限公司,公司企业,端州区,,,16区下坑村东侧七星旅游集团有限公司厂房一至五层,23.076090,112.428661,
21,广东润鼎餐饮管理,公司企业,端州区,,,奥园城市天地东门北60米,23.073642,112.435963,
21,肇庆市好味鲜餐饮服务有限公司(厂排车间),公司企业,端州区,,,厂排街22号,23.044759,112.433276,
21,日日香餐饮店,餐饮服务,高要区,,,324国道与金马南路交叉口东南240米,22.990808,112.427258,
21,餐艺餐饮广告策划 菜谱定制 点心纸 摄影 收银支付系统,公司企业,端州区,,,睦岗街道蕉园社区蕉园四村148号,23.074075,112.443960,
21,肇庆市森懿餐饮管理有限公司,科教文化服务,端州区,,,宋城三路与大鼎路交叉口西南60米,23.049421,112.444574,
22,惠州市康厨餐饮管理有限公司,公司企业,博罗县,,,工业东路7号,23.118087,113.863329,
22,松轩餐饮食坊,餐饮服务,博罗县,,,里波水村园贝街105号,23.127614,113.882817,
22,金塘胜宴,餐饮服务,博罗县,,,石湾镇兴业大道里波水段,23.126792,113.883769,
22,惠州市晟嘉餐饮管理有限公司,公司企业,博罗县,,,石湾大道611号,23.149171,113.903258,
22,穗岁丰生态园,体育休闲服务,博罗县,,,石湾镇牛头洲东343米,23.119372,113.898058,
22,广东省玛克科技有限公司,公司企业,博罗县,,,秋叶原路与广汕路交叉口南260米,23.154375,114.127460,
22,粮仓餐饮,餐饮服务,龙门县,,,甘西路与康宁路交叉口东南80米,23.720825,114.259025,
22,好记餐饮,餐饮服务,龙门县,,,平陵街道易发路198号,23.650995,114.346851,
22,博罗县博雅佳胜餐饮管理有限公司,公司企业,博罗县,,,博罗大道西8号,23.167125,114.256875,
22,广东普力达降解材料科技有限公司,公司企业,惠城区,,,仲恺高新区中韩惠州产业园起步区陈屋路1号中创盈科新一代信息智造园A13号厂房第10层1001,23.067325,114.271725,
22,老菜地餐饮,餐饮服务,惠城区,,,潼侨镇环侨路243号,23.029389,114.304607,
22,惠州市旭晖家具有限公司,公司企业,惠阳区,,,新圩镇约场村E栋A区,22.849950,114.274308,
22,惠州市鸿锦餐饮管理服务有限公司,公司企业,惠城区,,,仲恺高新区陈江街道白岗路168号,23.020705,114.307448,
22,惠州市聚家饭餐饮配送服务有限公司,公司企业,惠城区,,,吉山东路与陈江大道南交叉口西180米,23.003548,114.307326,
22,老房子江西小炒思乡情餐饮店,餐饮服务,惠城区,,,南华路83号,23.011128,114.309121,
22,惠州市长春餐饮管理服务有限公司,餐饮服务,惠城区,,,仲恺高新区和畅五路西105号鹏基半山名苑AP2栋1层05号,23.047025,114.345975,
22,惠州市津晨餐饮管理有限公司,公司企业,惠阳区,,,A55乡道与204县道交叉口西北260米,22.978974,114.335901,
22,惠州市一只好鸡餐饮服务有限公司,公司企业,惠城区,,,沙湖南路189号,23.167456,114.388030,
22,惠州鑫聚厨餐饮管理有限公司,购物服务,惠城区,,,大树岭南路256号,23.155110,114.409570,
22,有意餐饮惠州公司,公司企业,惠城区,,,小金口街道惠州大道56号,23.146550,114.413833,
22,惠州市长春餐饮配送有限公司,公司企业,惠城区,,,吉顺住宿附近,23.148842,114.417805,
22,惠州市益膳房餐饮管理有限公司,公司企业,惠城区,,,麦地东路2号裕丰园c栋702,23.067243,114.406575,
22,森记餐饮有限公司(水东街店),公司企业,惠城区,,,桥东水东东路153-155号一楼商铺,23.090869,114.412266,
22,惠州思乡贤餐饮管理有限公司,公司企业,惠阳区,,,长布村长乐村民小组2号,22.836329,114.365763,
22,新记餐饮正宗麻陂肉丸,餐饮服务,惠城区,,,新江路21号城市绿兴,23.128313,114.421952,
23,深圳好一典餐饮集团有限公司,公司企业,宝安区,,,共和第一工业区B区第五栋101,22.752998,113.807146,
23,深圳市豹鹏餐饮配送中心,生活服务,宝安区,,,沙井街道壆岗社区岗头路20-17,22.740231,113.821667,
23,深圳合聚堂餐饮文化连锁有限公司,公司企业,宝安区,,,福海街道新田社区新塘路13号,22.690752,113.823763,
23,深圳明盛源餐饮管理有限公司,公司企业,宝安区,,,松岗街道田洋三路12号,22.759932,113.873626,
23,深圳市宝安区笨罗卜浏阳菜馆(梦想城店),餐饮服务,宝安区,,,西乡街道盐田社区悦和路东延伸段88号旭生和韵大厦1号楼裙楼201,22.578504,113.863368,
23,深圳鲜荟餐饮科技有限公司,公司企业,宝安区,,,北四路1号,22.622004,113.872000,
23,天宝兄弟(深圳店),购物服务,宝安区,,,新安街道办新湖路壹方中心壹方城1层L1-J026,22.550633,113.887878,
23,德民鑫(深圳)餐饮产业链管理有限公司,公司企业,宝安区,,,塘头第三工业区A区东北侧,22.655125,113.913075,
23,平安银行信用卡大厦,公司企业,南山区,,,梦海大道5209号(前海湾地铁站A口步行360米),22.534395,113.900156,
23,湖南老灶台·农业餐饮(万科云城店),餐饮服务,南山区,,,"西丽社区打石二路云城万科东里商业区L1-011,L2-026A",22.573917,113.945990,
23,永盛辉强记餐饮店,公司企业,宝安区,,,石岩镇石龙仔创业路3路,22.699761,113.971141,
23,湖南老灶台·农业餐饮(A8店),餐饮服务,南山区,,,粤海街道滨海社区高新南九道99号青松集团,22.522429,113.938935,
23,湖南老灶台·农业餐饮(科兴店),餐饮服务,南山区,,,科苑路15号南山科兴科学园C3栋F1层,22.547554,113.944267,
23,深圳市致想广告装饰有限公司,公司企业,龙华区,,,大浪街道赖屋山社区华旺路36号,22.671275,113.991675,
23,湖南老灶台·农业餐饮(侨城店),餐饮服务,南山区,,,沙河街道高发社区深云路2号侨城一号广场裙楼L1-03,22.547428,113.986691,
23,湖南老灶台·农业餐饮(龙胜店),餐饮服务,龙华区,,,民治街道上芬社区西头新村三区1-4号龙峰二路325-327,22.643112,114.018280,
23,深圳市中意喜客贸易有限公司(财富港中心店),餐饮服务,龙华区,,,民治街道上芬社区西头东苑财富港B栋B-3街铺,22.640455,114.021411,
23,深圳必维华法商品检定有限公司,公司企业,龙华区,,,福城街道茜坑社区鸿创科技中心四栋1-2层、10-12层、五栋B1层,22.701476,114.032966,
23,湛江鸡华钰餐饮(龙华店),餐饮服务,龙华区,,,和平东路源发大厦一楼(179)号,22.655659,114.028486,
23,深圳众成餐饮管理有限公司龙华分公司,公司企业,龙华区,,,彩怡达路与桂月路交叉口北180米,22.748675,114.050875,
23,深圳市都市嘉餐饮管理服务有限公司,公司企业,龙华区,,,龙华街道景龙建设路首创商务大厦1005室,22.657085,114.038447,
23,深圳市庆丰装饰设计有限公司,公司企业,龙华区,,,东环一路100号良基大厦2层,22.643779,114.044413,
23,广东圳味餐饮服务有限公司,公司企业,龙华区,,,中裕冠大道7号三楼,22.633994,114.051846,
23,深圳市小番茄餐饮管理有限责任公司,公司企业,龙岗区,,,布龙路334号,22.624048,114.093187,
23,也是大排档(华强北店),餐饮服务,福田区,,,振华路50号中联电子大厦F1层(燕南地铁站C口旁),22.544670,114.092146,
24,绿景湾餐饮店,餐饮服务,金湾区,,,平沙镇大虎三队,22.089525,113.144675,
24,村宴餐饮店,餐饮服务,金湾区,,,味来湘遇·村宴南侧,22.083075,113.168725,
24,甜觅时光餐饮屋,餐饮服务,金湾区,,,平沙镇培蕾街231号商铺,22.094821,113.172682,
24,珠海二娘餐饮管理有限公司,公司企业,斗门区,,,二娘土鸡农家菜东北侧,22.247775,113.199775,
24,林记瓦罉饭餐饮店(聚然·朗庭店),餐饮服务,金湾区,,,美平三街182号,22.094667,113.176483,
24,珠海市金湾区香湘餐饮店,餐饮服务,金湾区,,,南水镇港城花园79号商铺,22.003675,113.199148,
24,珠海好先生餐饮管理有限公司,公司企业,斗门区,,,黄杨大道与机场北快线交叉口西南500米,22.221825,113.264775,
24,珠海市众联餐饮管理有限公司,公司企业,斗门区,,,白石村北区31号101房,22.243677,113.286964,
24,珠海市绿湘苑餐饮管理有限公司,公司企业,斗门区,,,新青二路与埔青街交叉口西南60米,22.166660,113.280430,
24,珠海市井岸燕咖餐饮店,餐饮服务,斗门区,,,朝南路323号-A8,22.213478,113.294061,
24,聚福园餐饮店(白蕉店),餐饮服务,斗门区,,,白蕉镇连兴路245号,22.225995,113.299364,
24,富海超市餐饮,餐饮服务,斗门区,,,东福街与新青五路交叉口东北120米,22.166394,113.291402,
24,美膳餐饮管理服务有限公司,公司企业,斗门区,,,新青六路绿田机械2号楼1层美膳配餐中心,22.167414,113.296277,
24,广东中好餐饮管理公司,公司企业,金湾区,,,红旗镇矿山一连55号,22.074145,113.283386,
24,众福源餐饮强记私房菜,餐饮服务,斗门区,,,白蕉镇黄家村石坑村134号,22.218840,113.315016,
24,云溪云水间餐饮连锁(高新店),餐饮服务,斗门区,,,S32西部沿海高速s365号,22.245403,113.320730,
24,珠海市鏊天餐饮管理有限公司,公司企业,斗门区,,,白蕉镇瑞元产业园斗门园区,22.213225,113.326975,
24,大林服务区驿佰味,餐饮服务,金湾区,,,大林服务区与S36鹤港高速交叉口西280米,22.051202,113.303144,
24,仟汇坊餐饮店,餐饮服务,斗门区,,,虹桥三路368号金地格林泊乐,22.202225,113.337175,
24,珠海市优质安餐饮管理服务有限公司,公司企业,斗门区,,,白藤湖湖滨区迎宾馆B座,22.173979,113.334457,
24,珠海市湘恒餐饮有限公司,公司企业,金湾区,,,红旗镇虹珲二路与番怡路交叉口向西北100米中圳置业工业园内G3栋,22.127812,113.335628,
24,刘记老北方餐饮店(金地格林春晓2期店),餐饮服务,金湾区,,,珠海大道6726号金地格林春晓,22.100098,113.334637,
24,珠海市金湾区三灶镇鸡神汤餐饮店,餐饮服务,金湾区,,,三灶镇南涌路71号,22.046642,113.345819,
24,珠海市锦和餐饮管理有限公司,公司企业,金湾区,,,映月路与南涌路交叉口东60米,22.047275,113.346475,
24,怀乡餐饮店,餐饮服务,金湾区,,,590县道与谭家围街交叉口西40米,22.044912,113.348942,
25,大槐服务区星仔记茶餐厅,餐饮服务,恩平市,,,大槐服务区星仔记茶餐厅东区,22.068689,112.223937,
25,诚记餐饮,餐饮服务,恩平市,,,恩城街道育英街28号,22.184804,112.321271,
25,衡海餐饮店,餐饮服务,恩平市,,,恩城育新街与南堤东路交叉口南20米,22.182875,112.327325,
25,夜村餐饮,餐饮服务,恩平市,,,南堤东路31号,22.181917,112.329141,
25,圣堂服务区餐饮,餐饮服务,恩平市,,,圣堂服务区东南侧,22.291166,112.352526,
25,正德燉品·餐饮(恩平总店),餐饮服务,恩平市,,,东成镇锦江大道东8号锦江国际新城御峰8号商铺,22.182274,112.343831,
25,墟烟餐饮,餐饮服务,开平市,,,塘口镇塘西路12号16座首层之3号,22.359266,112.585167,
25,江门玥膳餐饮管理有限公司,公司企业,开平市,,,西湖二路与叠翠大道交叉口西140米,22.444140,112.651287,
25,开平市长沙佳肴居餐饮店,餐饮服务,开平市,,,长沙街道开平大道268号碧桂园翡翠湾一街1幢1-102,22.422725,112.651925,
25,良味餐饮店,餐饮服务,开平市,,,"长沙街冲澄新田村村前105,106号铺位",22.375037,112.678625,
25,开平市长沙森蔓餐饮店,餐饮服务,开平市,,,幕涌西路23号首层105号铺,22.375885,112.692941,
25,江门福粮餐饮管理有限公司,公司企业,开平市,,,卫东腾龙3号铺位之一,22.372483,112.710622,
25,开平市港新餐饮管理有限公司,公司企业,开平市,,,水口镇大福中路紫薇花园A2-4号,22.442857,112.776324,
25,伟伟餐饮,餐饮服务,开平市,,,水口镇永乐金龙新村5号第1卡,22.455005,112.794152,
25,牛大力餐饮店,餐饮服务,鹤山市,,,鹤城镇华业丽景花园52号,22.617856,112.847014,
25,台山回季餐饮·儿时味本土菜,餐饮服务,台山市,,,273省道大江镇江新高铜线开发区10号之二,22.384016,112.806254,
25,东铺餐饮店,餐饮服务,台山市,,,板岗公交站对面,22.278907,112.788449,
25,兴来餐饮店,餐饮服务,台山市,,,水步镇新荣市76号,22.331041,112.799642,
25,芬梅餐饮店,餐饮服务,台山市,,,丰润科技园西北侧180米,22.321251,112.798749,
25,江门市千瑞园餐饮有限公司,公司企业,鹤山市,,,共建路188-189号,22.600225,112.862125,
25,容记多餐饮,餐饮服务,台山市,,,南安路与横湖路交界路口,22.223765,112.802557,
25,台山市台城蚝乡餐饮店,餐饮服务,台山市,,,台城富城大道132号121卡B02号,22.248760,112.808307,
25,健安餐饮店,餐饮服务,台山市,,,台东路140号星辉公馆108号商铺,22.248293,112.809908,
25,付远理餐饮(明珠苑店),餐饮服务,台山市,,,明珠苑8号楼,22.244325,112.809553,
25,团结餐饮店,餐饮服务,台山市,,,星衢路与炳礼路交叉口东北260米,22.251875,112.816975,
26,达记餐饮店,餐饮服务,阳春市,,,371省道与三山过境公路交叉口南20米,22.058875,111.505675,
26,好运来餐饮店,餐饮服务,阳春市,,,三甲镇新市路27号,22.062671,111.506963,
26,蓝家餐饮店(东门烧烤),餐饮服务,阳春市,,,三甲镇三甲居委会建设一路43号,22.062054,111.508660,
26,达记餐饮店,餐饮服务,阳春市,,,建设路与永兴路交叉口南160米,22.056675,111.510125,
26,娟姐餐饮店,餐饮服务,阳西县,,,御景路与创业路交叉口西南300米,21.766375,111.605975,
26,牛多滋餐饮店,餐饮服务,阳西县,,,西湖北路8号西北方向90米富和花城,21.754275,111.609575,
26,吴姐餐饮店,餐饮服务,阳西县,,,西湖北路137号,21.759792,111.610822,
26,世潞餐饮店,餐饮服务,阳西县,,,世潞餐饮店F3,21.738293,111.609353,
26,阳西县佳裕餐饮店,餐饮服务,阳西县,,,人民大道与福兴一街交叉口西南60米,21.750708,111.614896,
26,吉星餐饮店,餐饮服务,阳西县,,,兴华路与福祥五街交叉口西南80米,21.748125,111.616375,
26,乡品汇餐饮,餐饮服务,阳西县,,,建新街与安和路交叉口北60米,21.741170,111.622465,
26,丽府餐饮店,餐饮服务,阳西县,,,宋康东路149号,21.744125,111.626414,
26,阳西服务区中餐厅,餐饮服务,阳西县,,,228国道与610县道交叉口西380米,21.819289,111.644450,
26,翠敏餐饮店,餐饮服务,阳春市,,,城东大道354号康富花园,22.182775,111.767425,
26,濠记餐饮店,餐饮服务,阳春市,,,市场路与东沿江路交叉口东南80米,22.169270,111.781815,
26,粉多多餐饮店,餐饮服务,阳春市,,,新竹路与云河路交叉口北60米,22.157335,111.782774,
26,阳春丽儿餐饮,餐饮服务,阳春市,,,春城街道梅花村一巷一号,22.156538,111.791656,
26,季遇餐饮,餐饮服务,阳春市,,,城东大道与东湖东路交叉口东60米,22.165375,111.794025,
26,彭连餐饮店,餐饮服务,阳春市,,,北坛路与城东大道交叉口西北180米,22.176875,111.797375,
26,阳春市和喜喜宴餐饮管理有限公司,公司企业,阳春市,,,海璟湾东北50米,22.192840,111.800940,
26,朝北餐饮店,餐饮服务,阳春市,,,朝阳路与东沿江路交叉口西南320米,22.188625,111.800375,
26,唐拾壹餐饮管理有限公司,公司企业,阳春市,,,春城街道东湖广场,22.159075,111.802375,
26,淘然居餐饮店,餐饮服务,阳春市,,,春城街道春州大道北侧文晖路1号星海湾御园18幢40号,22.182389,111.808750,
26,丽羽餐饮,餐饮服务,阳春市,,,151乡道与阳春大道交叉口东南460米,22.187925,111.821175,
26,阳江市海陵试验区观海渔村餐饮店,餐饮服务,江城区,,,闸坡镇新盐村委会盐灶村海滨路北边(公路局围场旁边),21.598696,111.910750,
27,化州市笪桥镇家家好餐饮店(笪桥镇长者饭堂),餐饮服务,化州市,,,府前路35号,21.562628,110.494967,
27,永晟餐饮,餐饮服务,化州市,,,合江镇开发区新达路8号,21.929689,110.565350,
27,聚味餐饮(万达店),餐饮服务,化州市,,,金沙路1号万达广场茂名化州店F1层,21.649125,110.610825,
27,土亮餐饮店,餐饮服务,化州市,,,"北岸上品花园直入200米,土亮餐饮店",21.667675,110.621925,
27,百味轩餐饮店,餐饮服务,化州市,,,下郭梅石西路百味轩餐饮店,21.634925,110.617775,
27,香源餐饮,餐饮服务,高州市,,,石板镇文明路9号,22.156515,110.706961,
27,大户人家捞得掂餐饮店,餐饮服务,化州市,,,宝谷路与下郭大道交叉口西南20米,21.642075,110.634275,
27,化州市鹅斗餐饮服务有限公司,公司企业,化州市,,,杨梅镇杨梅村杨梅浪1号,21.549121,110.626365,
27,明晨记餐饮,餐饮服务,化州市,,,鸿阳小区东南门旁,21.662635,110.644191,
27,化州愿心餐饮店,餐饮服务,化州市,,,建设路与上街东路交叉口东北40米,21.653425,110.643375,
27,猪大叔餐饮,餐饮服务,化州市,,,鉴江开发区向阳路37号,21.657821,110.649556,
27,郭良明餐饮店,餐饮服务,高州市,,,荷塘镇荷塘村委会大转盘,22.003498,110.706404,
27,谢记餐饮店,餐饮服务,化州市,,,化州市中医院新院区东南侧170米,21.683455,110.661168,
27,壹香鸡餐饮店,餐饮服务,化州市,,,真好购物中心对面,21.532075,110.727975,
27,永聚彩餐饮店,餐饮服务,信宜市,,,镇隆镇镇隆开发区梁祖华屋,22.202032,110.873252,
27,饭小香餐饮,餐饮服务,高州市,,,领创国际博览城西南侧190米,21.936925,110.843875,
27,陈记餐饮店(河西路店),餐饮服务,高州市,,,河西路与潘仙路交叉口东北80米,21.921875,110.845375,
27,四季悦餐饮店,餐饮服务,高州市,,,茂名大道与挂榜路交叉口东南80米,21.900925,110.846625,
27,茂名川馋妈餐饮连锁管理有限公司,公司企业,信宜市,,,长塘山脚村31号(尚文居委会西南191米),22.359075,110.920875,
27,金牌金优牌自助白粥饭市餐饮店,餐饮服务,高州市,,,735乡道与府前中路交叉口东180米,21.901553,110.851234,
27,胜宝餐饮,餐饮服务,高州市,,,南新路与高凉中路交叉口西北100米,21.908775,110.859325,
27,七禾餐饮(猪脚饭牛肉粥店),餐饮服务,信宜市,,,迎宾大道南与粤桂路交叉口南180米,22.350025,110.930075,
27,窦州院格漫餐饮,餐饮服务,信宜市,,,府前路与迎宾大道北交叉口西200米,22.358825,110.932275,
27,顺悦餐饮店,餐饮服务,茂南区,,,农林科技职业学院D栋西北侧150米,21.661016,110.827175,
27,仟好餐饮店,餐饮服务,高州市,,,谢村门前岭坡耀六区238号1层,21.906585,110.866279,
28,廉江市车板川蜀江湖餐饮店,餐饮服务,廉江市,,,车板镇上龙塘仔村恩朵商务酒店1层,21.551256,109.844364,
28,米香源餐饮,餐饮服务,廉江市,,,839乡道与721县道交叉口西北120米,21.624630,109.919463,
28,陈记潮家人快速餐饮,餐饮服务,雷州市,,,北和镇桃园路,20.651240,109.863338,
28,今天TODAY餐饮店,餐饮服务,廉江市,,,安铺镇安糖路3号,21.460509,110.025349,
28,味佳餐饮店,餐饮服务,廉江市,,,安铺镇安铺农贸市场新区建设大道12号,21.457116,110.027454,
28,安铺大口火锅餐饮店(安铺镇安顺店),餐饮服务,廉江市,,,安铺镇安顺大道97号(原河堤缫丝厂生产区内2幢第1号商铺),21.456568,110.036439,
28,胡顺餐饮档,餐饮服务,廉江市,,,676县道与东风街交叉口东240米,21.649441,110.131491,
28,文天餐饮店,餐饮服务,遂溪县,,,新城路与中山三路交叉口西北60米,21.174125,110.077625,
28,永发餐饮店,餐饮服务,雷州市,,,龙门镇新华横三路115号,20.691864,110.024240,
28,九洲江餐饮(九洲江饭店),餐饮服务,廉江市,,,合江桥头九洲江大道边,21.632202,110.208585,
28,广东长膳餐饮服务有限公司,公司企业,廉江市,,,北部湾大道西瓜坡村正对面100米处,21.608991,110.251261,
28,廉江市悦先米粉有限公司,餐饮服务,廉江市,,,926乡道与672县道交叉口北120米,21.879075,110.294025,
28,湛江李辉餐饮管理服务有限公司,公司企业,廉江市,,,新民镇红群岭村65号,21.534863,110.256153,
28,湛江市众富餐饮有限公司,公司企业,廉江市,,,九洲江大道与创业路交叉口东南侧三硕齿科7楼,21.610665,110.269588,
28,再聚餐饮店,餐饮服务,廉江市,,,垌心路与怡心路交叉口西北120米,21.614254,110.277105,
28,粤凯餐饮宴席,餐饮服务,廉江市,,,石城大道中与美景北路交叉口西北120米,21.592125,110.274175,
28,锡祥餐饮店,餐饮服务,廉江市,,,美景北路13号,21.593591,110.275070,
28,廉江泽鑫财税-公司注册-代理记账-工商注册,公司企业,廉江市,,,同济南路七横巷16号,21.619241,110.279896,
28,古青餐饮,餐饮服务,廉江市,,,华源豪庭六期东南侧80米,21.564012,110.277774,
28,明图勘测设计有限公司湛江分公司,公司企业,遂溪县,,,东园街燕文餐饮店侧门小巷子,21.379864,110.261460,
28,兄弟餐饮(边旦街店),餐饮服务,雷州市,,,御景公寓东南侧100米,20.808441,110.183592,
28,瑞康餐饮,餐饮服务,麻章区,,,明德楼北侧260米,21.188975,110.251025,
28,南新村餐饮店,餐饮服务,徐闻县,,,徐城街道工农路3号1-2号门面,20.327125,110.158975,
28,广东鑫悦餐饮管理有限公司,公司企业,麻章区,,,疏港大道东侧金园二横路1号,21.276219,110.293618,
28,沐子李餐饮店(徐闻店),餐饮服务,徐闻县,,,贵生路279号,20.333688,110.163340,
29,深圳俊宇餐饮管理有限公司鹤山雅瑶第一分公司,公司企业,海丰县,,,东升工艺搭棚(汕尾海丰店)北侧,22.874652,115.047646,
29,威威餐饮店,餐饮服务,海丰县,,,121县道与红色路交叉口南20米,22.794575,115.052225,
29,河畔湾餐饮店,餐饮服务,海丰县,,,新街72号,22.876191,115.076721,
29,海丰县海城余味狮头鹅-隆江猪脚饭餐饮店,餐饮服务,海丰县,,,宏达雅居B2栋102号铺面,22.975225,115.323475,
29,丹灶火锅餐饮店,餐饮服务,城区,,,马宫街道金町村路口,22.799429,115.291485,
29,喜柚餐饮店,餐饮服务,海丰县,,,海城镇莲岭社区体育场路八巷九号,22.980843,115.328814,
29,海畔鲜灶餐饮店,餐饮服务,城区,,,马宫街道金町保利社区听涛路32号,22.796132,115.295755,
29,优鲜佰味餐饮连锁有限公司,公司企业,海丰县,,,附城镇祥德路兴城大厦,22.955225,115.330475,
29,嚯嚯食餐饮店,餐饮服务,海丰县,,,新园三巷64号,22.978570,115.336208,
29,汕尾市优篮子餐饮管理有限公司,公司企业,海丰县,,,二环南路与宏通路交叉口东北260米,22.964625,115.348275,
29,海丰县附城月妹餐饮店(个体工商户),餐饮服务,海丰县,,,华耀城二期,22.959202,115.349665,
29,汕尾市迎东餐饮管理有限公司,公司企业,城区,,,龙腾路与凤凰东路交叉口西南260米,22.794125,115.324125,
29,广东善莱美食品管理有限公司,公司企业,城区,,,汕马公路南侧1号(梧桐金沙湾烧烤场旁),22.788044,115.335604,
29,汤粉拾光餐饮店,餐饮服务,城区,,,城区香洲街道城南路154号,22.777676,115.356155,
29,蓉姐姐餐饮店,餐饮服务,城区,,,城南路与吉祥路交叉口东160米,22.780552,115.360615,
29,汕尾市喜悦明珠餐饮管理有限公司,公司企业,城区,,,香洲街道新瑶社区新城街151号信利大厦,22.773396,115.360231,
29,汕汕鲜餐饮店,餐饮服务,城区,,,兴华路与城苑街交叉口西南60米,22.775275,115.361675,
29,那海儿餐饮,餐饮服务,城区,,,海边街与掇鸟街交叉口西南100米,22.765375,115.360875,
29,香喷喷餐饮店,餐饮服务,城区,,,城南路512号银城小区,22.782787,115.364702,
29,潮客餐饮店,餐饮服务,城区,,,新城街与新城一街交叉口东20米,22.770716,115.363576,
29,味满园餐饮店,餐饮服务,城区,,,文明路与福德街交叉口西南100米,22.774162,115.367050,
29,岚岚餐饮店(牛肉丸饼汤),餐饮服务,城区,,,凤山街道三马路150号,22.768032,115.366478,
29,汕尾市城区食禾餐饮店,餐饮服务,城区,,,区凤山街道新兴街81号,22.764846,115.366703,
29,家里厨房餐饮店,餐饮服务,城区,,,凤苑路323号,22.774265,115.370435,
29,汕尾市小粤潮餐饮管理有限公司,公司企业,城区,,,汕尾大道南与莲塘街交叉口东北240米,22.785625,115.376675,
30,古巷停车区餐饮,餐饮服务,潮安区,,,古巷停车区西北侧,23.724821,116.564220,
30,潮州市众尚餐饮管理有限公司,公司企业,潮安区,,,凤塘镇凤岗村新宫路一号厂房,23.632898,116.563400,
30,海蓉餐饮(老式粿汁),餐饮服务,潮安区,,,凤塘镇凤玉路182-3,23.625315,116.572464,
30,潮州市福得餐饮管理有限公司,公司企业,潮安区,,,枫溪镇槐山岗村土库内土堀底二横2号厂房第二层201室,23.630243,116.583507,
30,阿虹餐饮(宏天广场店),餐饮服务,湘桥区,,,宏天广场西入口21幢19号铺,23.685406,116.599840,
30,顺味餐饮(大道北综合市场店),餐饮服务,湘桥区,,,立信路d1-2-3号,23.679575,116.608875,
30,千顺餐饮店,餐饮服务,潮安区,,,桥头路与长德路交叉口南40米,23.651252,116.602695,
30,广州铁路悦享动车餐饮有限公司潮汕基地,公司企业,潮安区,,,粮所街1横4号,23.560698,116.586414,
30,潮州市皓阳食品有限公司,公司企业,湘桥区,,,凤新街道凤山村大坑山工业区39号首层厂房之一,23.685281,116.616300,
30,潮州市湘宜餐饮管理有限公司,公司企业,湘桥区,,,凤新街道潮州大道与绿榕北路交界处交银大厦,23.666625,116.613425,
30,潮州市巽兴餐饮管理有限公司,公司企业,湘桥区,,,永安路与宾园路交叉口东120米,23.667839,116.617561,
30,室潮州市有野餐饮管理有限公司,公司企业,湘桥区,,,绿榕北路浮陇山工业区富华商厦,23.671937,116.619624,
30,潮州市家家好餐饮管理有限公司,公司企业,湘桥区,,,湘桥街道电信路十亩市场,23.664325,116.619225,
30,潮州市百曦柳景餐饮管理有限公司,公司企业,湘桥区,,,宾园路与关发巷十七横交叉口北60米,23.663316,116.619359,
30,潮州市潮安区枫溪镇尚优餐饮店,餐饮服务,潮安区,,,池湖村池湖路207号,23.645733,116.615869,
30,韩江餐饮管理有限公司,公司企业,湘桥区,,,东旺街与关发巷十七横交叉口北200米,23.663629,116.623585,
30,潮州市鼎泰餐饮有限公司,公司企业,湘桥区,,,新洋路与发达街交叉口南100米,23.664925,116.626525,
30,外甥母舅餐饮店,餐饮服务,潮安区,,,池湖路42-4号,23.642738,116.621789,
30,潮州市华与华餐饮管理有限公司南国明珠分店,餐饮服务,潮安区,,,城新西路与福南路交叉口南80米,23.646448,116.624624,
30,潮州市湘桥区新南诏食餐饮店,餐饮服务,湘桥区,,,城西街道吉街村新乡新盛巷9-1号铺面,23.661334,116.628164,
30,广东兴邦餐饮管理有限公司,科教文化服务,潮安区,,,堤头村上村道路口南堤里,23.633925,116.622575,
30,潮州市味飘千里餐饮管理有限公司,公司企业,湘桥区,,,城西街道古美村村前路14号综合楼二楼,23.636449,116.625829,
30,慧姨餐饮店,餐饮服务,湘桥区,,,景山市场后门慧姨餐饮店,23.672059,116.636370,
30,安安餐饮管理有限公司,公司企业,湘桥区,,,潮州大道与南较西路交叉口东北100米,23.645725,116.630625,
30,潮州市骏昌餐饮管理服务有限公司,公司企业,湘桥区,,,南较西路350号,23.646221,116.631366,
31,胜古餐饮,餐饮服务,揭西县,,,新丰路与北环一路交叉口东南20米,23.429804,115.827792,
31,老杨餐饮店,餐饮服务,揭西县,,,河婆街道东风社区东风市场路9-10号,23.426625,115.839521,
31,揭西县远景餐饮服务有限公司,公司企业,揭西县,,,河婆镇新安小区5巷3-4号,23.437508,115.842145,
31,起点餐饮店,餐饮服务,揭西县,,,农化路与河山路交叉口东南80米,23.428690,115.843043,
31,乡村时光酒店餐饮部,餐饮服务,揭西县,,,南山路与西湖南路交叉口东南20米,23.493232,115.947374,
31,普宁市三日餐饮服务有限公司,公司企业,普宁市,,,池尾街道山湖村南安里23号,23.300745,116.129395,
31,非烤勿扰自助烤肉(普宁万泰汇店),餐饮服务,普宁市,,,万泰汇购物中心5层07号,23.312487,116.162434,
31,普宁市火森林餐饮管理有限公司,公司企业,普宁市,,,普宁市平湖西湖庄36幢,23.292430,116.163166,
31,亿味餐饮仓库,公司企业,普宁市,,,文竹北路67栋,23.326141,116.190216,
31,谷雨私房菜(餐饮服务公司),餐饮服务,普宁市,,,城东中学右侧威望酒业旁,23.290911,116.187065,
31,普宁茶之都餐饮管理有限公司,公司企业,普宁市,,,龙溪路与北二环大道交叉口北380米,23.319125,116.193425,
31,美明餐饮配套服务公司,公司企业,普宁市,,,馥德楼东北侧130米,23.262023,116.184398,
31,非烤勿扰自助烤肉(普宁商品城店),餐饮服务,普宁市,,,美佳乐MALL(摩尔店),23.297042,116.192399,
31,广东佳裕餐饮集团有限公司普宁分公司,公司企业,普宁市,,,站前路与359乡道交叉口西南140米,23.269400,116.200965,
31,包欢禧餐饮管理有限公司,公司企业,普宁市,,,军马路与马华南路交叉口东北440米,23.285801,116.205077,
31,广东启鸿餐饮管理有限公司,公司企业,普宁市,,,流沙南街道马栅村工业区第九栋首层东起第5间,23.278675,116.204825,
31,广东康品餐饮服务有限公司,公司企业,普宁市,,,占陇镇定厝寮村小北路南十三巷1号首层,23.327730,116.222296,
31,普宁市维益轩餐饮管理有限公司,公司企业,普宁市,,,维益轩餐饮管理有限公司,23.508460,116.287755,
31,金合福餐饮,餐饮服务,揭东区,,,镇南路南侧中段22号,23.544576,116.301666,
31,江顺餐饮有限公司,公司企业,揭东区,,,磐兴大道与渡口路交叉口东南420米,23.554535,116.305000,
31,0+0餐饮店,餐饮服务,揭东区,,,磐东街道城西村镇后二路北12号楼7号,23.549949,116.320674,
31,贵州餐饮,餐饮服务,普宁市,,,占陇镇325乡道,23.315164,116.274941,
31,金陇餐饮店(永发美食店),餐饮服务,普宁市,,,练南路与占陇大道交叉口南20米,23.285365,116.269416,
31,普宁市占陇烽记兴餐饮店(占陇大道云落炒粿),餐饮服务,普宁市,,,占苏村占陇大道30号东起第1间首层,23.284007,116.272987,
31,泰宝餐饮配送,公司企业,揭东区,,,锡场镇工业区13横之二,23.590078,116.340583,
32,广州御博餐饮管理有限公司,公司企业,花都区,,,合进路10号,23.369885,113.103319,
32,沃玛思特餐饮设备有限公司,公司企业,花都区,,,茶塘路与茶西一路交叉口南440米,23.318025,113.105925,
32,广州佳品源餐饮管理,公司企业,花都区,,,狮岭镇利和路,23.462751,113.145271,
32,广州市好佳顺餐饮管理有限公司(花都供应链中心),公司企业,花都区,,,秀全街岐山东七巷七里7号,23.365914,113.163959,
32,广州展香缘餐饮管理服务有限公司,公司企业,花都区,,,秀全街道岐山村致富街23号花都农副产品交易市场7栋701-715室,23.361537,113.166267,
32,广州您的厨房餐饮配送有限公司,餐饮服务,花都区,,,芙蓉大道31号,23.441837,113.219957,
32,百味食品(广州)有限公司,公司企业,花都区,,,狮岭镇夫蓉大街新花路21号,23.471625,113.230375,
32,汇盟财税(新华分公司),公司企业,花都区,,,田美村新天阳庄二巷14号一楼,23.400749,113.226849,
32,广州椰林餐饮管理有限公司,公司企业,花都区,,,新雅街道广州花都雅瑶镇雅瑶中路1号椰林海鲜码头广州市,23.362118,113.224737,
32,广州市广盛食材有限公司,公司企业,白云区,,,江高镇大田村鹤边街1号、3号,23.268396,113.210437,
32,广东省渼膳餐饮服务有限公司,公司企业,花都区,,,东升路与华兴东路交叉口东南60米,23.348605,113.237294,
32,广东府河餐饮有限公司,公司企业,花都区,,,平山联合路与平西村十二队二街交叉口西北140米,23.436213,113.255541,
32,广州市花都区花山镇新合村街赫司顿餐饮设备有限公司,公司企业,花都区,,,新和大道13号,23.415849,113.256811,
32,广州市江福酒店餐饮管理有限公司,公司企业,白云区,,,江福路与江村江福路三横交叉口东100米,23.283125,113.234175,
32,广州优椰客生物科技有限公司,餐饮服务,白云区,,,龙湖南路与新石井大道交叉口西40米,23.247475,113.228875,
32,广州味利特餐饮管理有限公司,公司企业,白云区,,,[],23.279148,113.238848,
32,广州哈凡迪厨具设备有限公司,公司企业,花都区,,,花山镇东闸口街5-1号龙聚长寿醋对面,23.436523,113.271848,
32,广州鸿艺餐饮设备有限公司,公司企业,花都区,,,东华村胜九街48号,23.447249,113.275633,
32,益禾堂智慧(广东)餐饮管理有限公司,公司企业,花都区,,,新雅街道清塘路绿地空港国际中心4号地5栋11楼,23.368389,113.265939,
32,广州厨房大佬餐饮管理服务有限公司,公司企业,白云区,,,石沙路72号石建大厦F1层,23.208126,113.236676,
32,广州大路宝再生资源回收有限公司,公司企业,白云区,,,白云湖街石沙公路64号101铺,23.208120,113.238340,
32,广州宏展餐饮设备有限公司,公司企业,花都区,,,华辉路6号,23.453751,113.285665,
32,广州梁妈餐饮管理有限公司,公司企业,白云区,,,人和镇太成村成胜路02号,23.350549,113.271417,
32,广州J&C餐饮管理公司,公司企业,白云区,,,人和村和乐北街21号一层,23.338063,113.302004,
32,广州思艳餐饮企业管理有限责任公司,公司企业,白云区,,,清湖苏元庄街11号,23.261924,113.289480,
33,天天餐饮店,餐饮服务,五华县,,,中兴村老寨片070号,23.730289,115.547934,
33,早安餐饮坊,餐饮服务,五华县,,,华城镇十字街东93号,24.064239,115.620032,
33,鑫丰特色餐饮,餐饮服务,五华县,,,东山一路与228省道交叉口东80米,24.065399,115.624158,
33,家和特色餐饮,餐饮服务,五华县,,,东山一路与高桂路交叉口西160米,24.064906,115.625355,
33,马姐餐饮店,餐饮服务,兴宁市,,,新人民医院新址佳欣惠超市旁,24.125103,115.690756,
33,阿愉餐饮店,餐饮服务,兴宁市,,,五里村卫生站南侧70米,24.121189,115.700237,
33,豪记餐饮,餐饮服务,兴宁市,,,225省道与151乡道交叉口西南60米,24.470055,115.778627,
33,烧鸡王宜众餐饮,餐饮服务,兴宁市,,,兴田街道宁江路4号,24.141904,115.721654,
33,洛印餐饮店,餐饮服务,兴宁市,,,锦绣新城10栋,24.117042,115.722326,
33,兴宁市麻辣有点烫餐饮店,餐饮服务,兴宁市,,,东城路201号,24.141865,115.737316,
33,洛印餐饮店(海兴花园店),餐饮服务,兴宁市,,,兴南大道海兴花园,24.122730,115.734408,
33,小娣餐饮店,餐饮服务,兴宁市,,,东风路,24.137149,115.737576,
33,成龙餐饮,餐饮服务,兴宁市,,,东苑路与南门坛路交叉口东南20米,24.131409,115.737060,
33,君霖餐饮(文兴花园店),餐饮服务,兴宁市,,,文兴花园西南门旁,24.133986,115.740111,
33,山里人餐饮店,餐饮服务,兴宁市,,,福兴街道办毅德城2号交易广场59栋9号,24.101755,115.733427,
33,一品鲜特色餐饮(新兴雅苑西区店),餐饮服务,兴宁市,,,新兴雅苑东区入口处,24.146968,115.743352,
33,平远县石正镇中状元餐饮店,餐饮服务,平远县,,,石镇镇梅石路1号,24.511312,115.829117,
33,兴宁市东润餐饮店,餐饮服务,兴宁市,,,东润华庭28号,24.134075,115.754025,
33,食宜鲜餐饮店,餐饮服务,五华县,,,水寨镇工业大道旁五华碧桂园凤凰城凤馨苑9栋119号,23.920639,115.742015,
33,梅州市惠富餐饮管理有限公司,公司企业,五华县,,,横陂镇罗陂村琴江公路段,23.807181,115.723261,
33,家和餐饮,餐饮服务,平远县,,,大柘镇岭下河东路79号,24.570818,115.889168,
33,臻汇苑餐饮,餐饮服务,平远县,,,大柘镇沿河路21号店铺,24.566413,115.889934,
33,蜀公主餐饮(敏捷锦绣华府店),餐饮服务,五华县,,,敏捷锦绣华府东门旁,23.918501,115.752404,
33,培源餐饮店,餐饮服务,五华县,,,水寨大道34号,23.931591,115.757128,
33,馨姐餐饮店,餐饮服务,平远县,,,大柘镇平城中路100号之3号,24.575891,115.900902,
34,连州市百姓家餐饮店,餐饮服务,连州市,,,连州镇湟川南路50号A2幢首层1-13号商铺,24.772296,112.383267,
34,阳山北服务区餐厅,餐饮服务,阳山县,,,阳山北服务区与G0421许广高速交叉口东南340米,24.580109,112.431347,
34,万事利餐饮集团定点合作基地,公司企业,阳山县,,,[],24.618845,112.527654,
34,鲜味隆餐饮,餐饮服务,阳山县,,,商业大道188号海逸时代花园,24.468931,112.635387,
34,正味餐饮,餐饮服务,阳山县,,,阳城镇松荣村31号101,24.482174,112.643014,
34,祥雄餐饮店,餐饮服务,阳山县,,,阳城镇阳山大道86号,24.478410,112.645878,
34,好姨餐饮店,餐饮服务,阳山县,,,阳城镇贤令东大街29号合兴山水城,24.478807,112.649882,
34,广客餐饮,餐饮服务,阳山县,,,文塔路与北门路交叉口东140米,24.475475,112.649525,
34,岭背服务区餐厅,餐饮服务,阳山县,,,S1广连高速与岭背服务区交叉口东北380米,24.613918,112.690795,
34,星辰餐饮店,餐饮服务,阳山县,,,秤架瑶族乡民族路235号,24.781485,112.818250,
34,乐在其中餐饮店,餐饮服务,阳山县,,,秤架乡英明村209号,24.782811,112.826950,
34,如意农庄(阳山秤架)餐饮住宿,餐饮服务,阳山县,,,秤架瑶族乡英明村218号,24.782191,112.830129,
34,大湾服务区驿香满华通小碗菜自选餐厅,餐饮服务,英德市,,,S1广连高速与大湾服务区交叉口东460米,24.315728,112.945713,
34,万嘉餐饮店,餐饮服务,英德市,,,382县道与S1广连高速入口交叉口东南40米,24.275595,113.029731,
34,港仔烧腊餐饮店,餐饮服务,清新区,,,富力科技小镇港仔烧腊餐饮店,23.734339,112.951516,
34,浛洸停车区餐饮,餐饮服务,英德市,,,浛洸停车区西南侧,24.236398,113.068255,
34,明厨围餐艺明家宴服务部,餐饮服务,清新区,,,山塘镇花岗榕树二村88号,23.603259,112.952194,
34,串聚香餐饮店,餐饮服务,清新区,,,太和镇新城路中8号奥园·誉峯,23.730360,112.998160,
34,清远市清城区辉大家好餐饮店,餐饮服务,清城区,,,石角镇金保利大道1号金域华府一期13号楼首层11-12号,23.558924,112.976452,
34,惠州市味美佳餐饮管理有限公司(清远分公司),公司企业,清城区,,,湖西路89号清远清城万达广场,23.711975,113.013625,
34,隐窑别院餐饮店,餐饮服务,清城区,,,[],23.673745,113.011414,
34,品潮餐饮(运营中心),公司企业,清城区,,,清远市清城区下廓二街130号瀚景天域名苑5号楼二层商铺,23.702646,113.017653,
34,金佳餐饮(怡苑店),餐饮服务,清新区,,,府前路48号A幢115号,23.731406,113.024872,
34,青远市清城区市石角镇螺味源餐饮店,生活服务,清城区,,,广州路21号6栋1-014,23.478977,112.981414,
34,喜甜餐饮店,餐饮服务,清城区,,,小市,23.689289,113.021594,
35,娥娥餐饮店,餐饮服务,乐昌市,,,秀水镇人民政府东北侧60米,25.170265,113.006712,
35,华丽餐饮店,餐饮服务,乐昌市,,,恒辉花苑,25.286152,113.041615,
35,走运餐饮店,餐饮服务,乐昌市,,,黄圃镇塘村市场东A-3商铺,25.439309,113.179714,
35,建通餐饮,餐饮服务,乳源瑶族自治县,,,大住址桥镇石角塘村委会松树下村5号,24.917172,113.144485,
35,阿宝餐饮店,餐饮服务,乳源瑶族自治县,,,914乡道与大布街交叉口北20米,24.538775,113.143675,
35,扶记餐饮,餐饮服务,乐昌市,,,人民北路与东环北路交叉口南80米,25.141275,113.351575,
35,聚点餐饮店,餐饮服务,乳源瑶族自治县,,,解放北路59号,24.779586,113.280102,
35,丰味家餐饮店,餐饮服务,乐昌市,,,天井岗村文化楼西侧,25.103375,113.345525,
35,仙源餐饮,餐饮服务,乳源瑶族自治县,,,文昌中路与连株三巷交叉口东南40米,24.770175,113.278825,
35,正鲜餐饮店,餐饮服务,乐昌市,,,人民南路87号之五号商铺,25.124454,113.356582,
35,有口福餐饮店,餐饮服务,乐昌市,,,乐城镇昌山东路2号-19号,25.126325,113.361325,
35,慧源烧腊餐饮店,餐饮服务,乳源瑶族自治县,,,325县道与250省道交叉口东160米,24.943770,113.426585,
35,阿胜餐饮,餐饮服务,乳源瑶族自治县,,,325县道与拥军路交叉口西240米,24.944025,113.428525,
35,君胜餐饮店,餐饮服务,乳源瑶族自治县,,,325县道与拥军路交叉口南400米,24.940175,113.431325,
35,武江区重阳红红餐饮,餐饮服务,武江区,,,重阳镇黄岸村委黄土坛二队35号,24.881719,113.473392,
35,招财餐饮,餐饮服务,武江区,,,西联镇沐溪六路233-1-233-2,24.761275,113.507625,
35,韶关市馋味儿餐饮管理有限公司,公司企业,武江区,,,沐芙路124号综合楼东侧3楼309-310,24.784410,113.520494,
35,鑫平餐饮,餐饮服务,仁化县,,,石塘镇人民政府东南侧120米,25.075975,113.584725,
35,利华餐饮,餐饮服务,武江区,,,沐溪大道与科阳六路交叉口北60米,24.785125,113.526425,
35,松柏餐饮店,餐饮服务,武江区,,,沐溪大道与科阳七路交叉口西北80米,24.787113,113.528154,
35,张仔餐饮店,餐饮服务,武江区,,,125幢1至2层9号,24.752330,113.524150,
35,欧陆餐饮店,餐饮服务,武江区,,,沐溪大道与314县道交叉口西南180米,24.788675,113.534075,
35,同富泰餐饮管理有限公司,公司企业,武江区,,,芙阳路8号芙蓉商业广场3栋市场1层3-105-1号,24.776827,113.547663,
35,三合盛餐饮,餐饮服务,武江区,,,工业西路与芙蓉北四路交叉口西260米,24.799910,113.552764,
35,韶关市武江区客宴餐饮店,餐饮服务,武江区,,,丹霞大道北冷水坑88号B区之四,24.810377,113.572331,
36,隆街停车区餐饮,餐饮服务,连平县,,,G0422武深高速与隆街停车区交叉口西北360米,24.281681,114.323027,
36,隆街停车区餐饮,餐饮服务,连平县,,,G0422武深高速与隆街停车区交叉口北300米,24.281928,114.324824,
36,食光里餐饮店,餐饮服务,连平县,,,连平县第一小学东门旁,24.372568,114.489262,
36,松松餐饮,餐饮服务,连平县,,,元善镇环城北路县一小左侧地段(台北站旁),24.372261,114.490445,
36,宏莲雨花家园餐饮店,餐饮服务,连平县,,,元善镇东园大道38号,24.362820,114.497968,
36,鸿运餐饮店,餐饮服务,连平县,,,新城大道南与连平大道南交叉口东北460米,24.350945,114.496581,
36,锦记餐饮,餐饮服务,连平县,,,金环路与栗园路交叉口东南200米,24.206275,114.724425,
36,音爱缘餐饮店,餐饮服务,源城区,,,巴伐利亚云境雅苑29号,23.629474,114.623677,
36,称尊餐饮管理(河源)有限公司,公司企业,源城区,,,振兴大道南与埔前立交交叉口东北140米,23.603634,114.634965,
36,依晨餐饮管理服务有限公司,公司企业,源城区,,,农场路与河源大道交叉口东南140米,23.617125,114.639225,
36,新塘餐饮店,餐饮服务,源城区,,,广梅路与华馨路交叉口北160米,23.762125,114.680275,
36,雪飞餐饮店,餐饮服务,源城区,,,西一路西四巷北34号,23.748843,114.681836,
36,昌盛源餐饮店,餐饮服务,源城区,,,吉康街与万绿湖大道辅路交叉口东北160米,23.765525,114.688175,
36,辉匠餐饮管理有限公司,公司企业,源城区,,,穗东街95号,23.756657,114.694917,
36,好灶头餐饮店,餐饮服务,源城区,,,河源市高新区生活配套区内F1区C栋C10号,23.644173,114.672347,
36,老上海云吞康璘餐饮店,餐饮服务,源城区,,,大桥路6号进站口南起第二卡,23.737975,114.691375,
36,河源市以聚餐饮管理服务有限公司,公司企业,源城区,,,雅园大厦,23.748825,114.695375,
36,小飞餐饮,餐饮服务,源城区,,,富景小区南门西50米,23.749575,114.696575,
36,民辉餐饮,餐饮服务,源城区,,,文明路与大同南路交叉口东120米,23.749573,114.696711,
36,张记餐饮店,餐饮服务,源城区,,,三友居东门东南50米,23.756825,114.701975,
36,河源市荣桂餐饮有限公司,公司企业,源城区,,,河源大道南与迎客大道交叉口北100米,23.702602,114.691756,
36,肖肖餐饮,餐饮服务,源城区,,,双下路与河源大道南交叉口西60米,23.718734,114.695468,
36,龙和餐饮,餐饮服务,源城区,,,新兴花苑东1门旁,23.721475,114.699625,
36,顺富餐饮,餐饮服务,源城区,,,公园东路与东北直街交叉口东120米,23.734875,114.704275,
36,峰哥面荚餐饮店,餐饮服务,源城区,,,东城西片区文昌路西边纬15路北边河源雅居乐花园新地118栋C1100商铺,23.783533,114.717991,
37,罗定市龙湾镇常品常食餐饮店,餐饮服务,罗定市,,,龙湾镇和生路27号,22.692241,111.193651,
37,黄鑫餐饮店,餐饮服务,郁南县,,,459乡道与019乡道交叉口东北120米,23.252474,111.423156,
37,施华餐饮店,餐饮服务,郁南县,,,城北路与北郊五路交叉口西北60米,23.241775,111.535275,
37,郁南县都城镇馋猫小吃服务店,餐饮服务,郁南县,,,都城镇城北一路38号,23.241175,111.535425,
37,品尚餐饮,餐饮服务,郁南县,,,平江路与连福西路交叉口南40米,23.240297,111.539402,
37,辉旺餐饮,餐饮服务,郁南县,,,署前路与大堤二路交叉口北60米,23.240575,111.544475,
37,郁南县都城镇蛮可以餐饮店(蛮ok),餐饮服务,郁南县,,,都城镇城中路223号首层商铺,23.243523,111.546724,
37,大家好餐饮,餐饮服务,罗定市,,,大岗西路与环市西路交叉口东北140米,22.752925,111.556375,
37,鸿运餐饮店二店,餐饮服务,罗定市,,,天悦名苑附近,22.751790,111.559441,
37,汇江餐饮店,餐饮服务,郁南县,,,建城镇冲口村委宝石三村1号,23.181536,111.634665,
37,始源餐饮店,餐饮服务,罗定市,,,附城街道宝珠路20号,22.786833,111.574992,
37,御尊餐饮公司,公司企业,罗定市,,,罗城街道人民南路2号二楼之一,22.765790,111.573350,
37,罗定市丰晟餐饮管理有限公司(泰德天润广场店),公司企业,罗定市,,,龙华西路与文博街交叉口西南300米,22.750866,111.573785,
37,洁姐餐饮店,餐饮服务,罗定市,,,白梅一横路与文博街交叉口东20米,22.757425,111.575975,
37,罗定市粤和轩餐饮店,餐饮服务,罗定市,,,沿江四路与泷洲北路交叉口东北140米,22.777993,111.580978,
37,皇滋餐饮服务(云浮市罗定)有限责任公司,公司企业,罗定市,,,龙园东路133号客都汇购物中心F1层,22.766580,111.581507,
37,鼎尚餐饮店,餐饮服务,罗定市,,,罗城街道兴华一路148号之一,22.770067,111.584790,
37,过路人餐饮店,餐饮服务,罗定市,,,三桥东二十一巷15号,22.771060,111.586520,
37,老焦餐饮店,餐饮服务,罗定市,,,柑园路187号,22.770260,111.586655,
37,邓生餐饮店,餐饮服务,罗定市,,,龙华路与兴业一路交叉口西南220米,22.763975,111.591175,
37,花皇餐饮,餐饮服务,罗定市,,,双东街道陈皮村委板皮村刘树南的房屋,22.794775,111.619725,
37,罗定市优膳小灶餐饮店,餐饮服务,罗定市,,,素龙街道应掌岗98号,22.769302,111.618527,
37,常回味餐饮店,餐饮服务,罗定市,,,905乡道与872乡道交叉口北180米,22.595075,111.621925,
37,晋乐餐饮,餐饮服务,罗定市,,,围底镇永昌超市对面,22.700319,111.669466,
37,过来发财餐饮店,餐饮服务,郁南县,,,连滩镇连溪村委珠岗村188号首层,22.912561,111.722917,
38,东莞市好丰源餐饮管理有限公司,公司企业,东莞市,,,洪梅镇洪金路17号2号楼101室,22.973025,113.615225,
38,东莞四州餐饮管理有限公司,公司企业,东莞市,,,沙田镇杨公洲鹤洲路七巷38号,22.923786,113.624225,
38,牛大娘(东莞)食品有限公司,公司企业,东莞市,,,西环路与华星一路交叉口东北80米,22.939768,113.643465,
38,岭南之家东莞特约维修服务中心,餐饮服务,东莞市,,,厚街镇桥头桥新一路6号105室,22.915135,113.661113,
38,鲜大王(广东)农副产品有限公司,公司企业,东莞市,,,蚬三农贸市场东1门旁,23.067339,113.705881,
38,栖头鸭餐饮管理有限公司,公司企业,东莞市,,,厚街镇新村北路,22.938963,113.683429,
38,潮汕肠粉王,餐饮服务,东莞市,,,虎门镇运河北路90号,22.820384,113.668195,
38,东莞市万江莞胜名厨餐饮店,餐饮服务,东莞市,,,东城街道万江街道兴隆钢材市场路6号1栋102室,23.006198,113.707181,
38,广东泓盛餐饮管理有限公司,公司企业,东莞市,,,高埗镇创兴路25号,23.104842,113.725840,
38,小四川餐饮管理有限公司,公司企业,东莞市,,,万道路古屋村古屋邨工业区A栋,23.033180,113.712643,
38,MIC美时商业中心,公司企业,东莞市,,,宏图路与先锋路交叉口西120米,22.980683,113.716481,
38,东莞市诚品餐饮设备有限公司,公司企业,东莞市,,,厚街镇汀环路诚品餐饮设备有限公司,22.931440,113.716264,
38,东莞市常春藤餐饮管理有限公司,公司企业,东莞市,,,虎门镇沙角社区大沙头新村二路3号,22.763399,113.690654,
38,河家久一天妇罗专门店(769文创园店),餐饮服务,东莞市,,,东城街道南城街道香园路20号4栋103,22.999425,113.736217,
38,南城左妈餐饮店,餐饮服务,东莞市,,,南城街道三元路4号保利都汇大厦,23.006204,113.740142,
38,华记海南鸡饭(高埗颐龙湾店),餐饮服务,东莞市,,,高埗镇明珠路1号A10室,23.089373,113.758782,
38,华记海南鸡饭(汇一城店),餐饮服务,东莞市,,,东城街道元美东路11号稻花村北区,23.006659,113.751591,
38,宜源华餐饮集团(汇业大厦店),公司企业,东莞市,,,东莞大道17号汇业大厦,23.006885,113.757579,
38,琴海涛餐饮管理有限公司,公司企业,东莞市,,,麒麟东路91号群采工业园内琴海涛餐饮管理有限公司,22.811998,113.725474,
38,广东味动力绿色发展科技有限公司,餐饮服务,东莞市,,,石碣镇流沙中路6号101室,23.098100,113.784141,
38,东莞市何记和餐饮管理有限公司,公司企业,东莞市,,,南城街道雅园盛园街2号2楼,22.980861,113.762828,
38,華记海南鸡饭(东城邻里天地店),餐饮服务,东莞市,,,东城街道莞城街道兴塘东平街233号东城地铁站A出口傍边,23.033563,113.775694,
38,帝碗·湘味盖码饭(世博广场店),餐饮服务,东莞市,,,东城街道东城路东城段283号世博广场10栋101室,23.032578,113.779229,
38,收钱吧服务中心,生活服务,东莞市,,,东城街道东纵路208号万达中心1楼,23.033676,113.782969,
38,韩江河餐饮管理有限公司运营中心,公司企业,东莞市,,,中惠丽阳时代商业街120号,23.029246,113.793192,
39,螺公记餐饮管理有限公司,公司企业,中山市,,,曹三工业大道中2号,22.618264,113.205282,
39,中山市小榄镇成哥白切餐饮店,餐饮服务,中山市,,,小榄镇竹源路163号,22.677609,113.216389,
39,爆棚俊恩餐饮店,餐饮服务,中山市,,,小榄镇聚康直街3号,22.668844,113.223069,
39,中山市黄记餐饮有限公司,公司企业,中山市,,,海威路6号,22.629656,113.218570,
39,泉水餐饮顺德风味,餐饮服务,中山市,,,小榄镇宝源路2号(物业一区19号),22.683991,113.229645,
39,广东明顺餐饮集团有限公司,公司企业,中山市,,,东凤镇安乐村同乐三路88号2栋第三卡一楼,22.718061,113.239845,
39,创佰特餐饮设备出口事业部,公司企业,中山市,,,同安大道西与同实四巷交叉口东南60米,22.727875,113.243375,
39,中山市桌越家具有限公司,公司企业,中山市,,,东凤镇安乐村创源路88号C栋沃伦丹电气有限公司右前方100米,22.713581,113.242198,
39,中山市边厨餐饮管理有限公司,公司企业,中山市,,,乐临街7号,22.595844,113.221366,
39,UM友米餐饮店,餐饮服务,中山市,,,康公路4号,22.671447,113.235476,
39,新派餐饮设备(中山)有限公司,公司企业,中山市,,,小榄镇新市社区菊城大道中90号,22.652988,113.234580,
39,中山市煜龙餐饮设备有限公司,公司企业,中山市,,,东凤大道283号,22.711174,113.246630,
39,中山高嗨餐饮管理有限公司,公司企业,中山市,,,基头大街六巷5号,22.672305,113.241928,
39,KL业涛餐饮有限公司,公司企业,中山市,,,沙口西路15号沙口海鲜市场二楼,22.681215,113.246093,
39,中山市茗杰餐饮管理有限公司,公司企业,中山市,,,盛丰社区倾六西街19号,22.613222,113.247011,
39,中山市狂斧街头牛排餐饮管理有限公司,公司企业,中山市,,,安景路68号,22.610001,113.246994,
39,中山市蒸厨餐饮设备有限公司,公司企业,中山市,,,小榄镇绩东二合进街2号首层小榄镇绩东二合进街,22.619636,113.251003,
39,中山市奥麦餐饮店,餐饮服务,中山市,,,东凤镇新富路三巷18号奥麦餐饮店,22.680785,113.263367,
39,鼎丰盛餐饮服务有限公司,公司企业,中山市,,,小榄镇联丰社区聚源街北五巷7号一层第1卡,22.586870,113.247198,
39,全聚甲餐饮,餐饮服务,中山市,,,埠安路与兴成路交叉口南60米,22.644113,113.258148,
39,广东鑫邦餐饮管理服务有限公司,公司企业,中山市,,,跃进路与天宝街交叉口东南40米,22.533506,113.240773,
39,中山市凼仔鱼餐饮店,餐饮服务,中山市,,,阜安路与民安南路交叉口东南20米,22.650596,113.262690,
39,中山市优质餐饮管理有限公司,公司企业,中山市,,,海棠一街3号,22.595069,113.253319,
39,中山市荣天餐饮管理有限公司,公司企业,中山市,,,环镇北路与新丰东路交叉口东北140米,22.553439,113.251044,
39,中山市翔鑫餐饮管理有限公司,公司企业,中山市,,,小榄镇泰昌路18号,22.607187,113.260914,
40,内蒙古派驰鲜达餐饮管理有限公司,公司企业,乌达区,,,呼和勃勒格路,39.577713,106.677277,
40,满德拉蒙式火锅店(金税苑店),餐饮服务,海勃湾区,,,金税苑小区二期外围商铺3号4号,39.669243,106.799282,
40,世纪元大酒店餐饮部,餐饮服务,海勃湾区,,,海北大街3号世纪元大酒店,39.690787,106.825982,
41,塞外食府餐饮,餐饮服务,乌拉特后旗,,,乌拉特后旗潮格温都尔镇汽车站大门北侧,41.432214,107.000892,
41,青山服务区餐厅,餐饮服务,杭锦后旗,,,青山服务区北侧,40.883703,106.951214,
41,青山服务区乐途源,餐饮服务,杭锦后旗,,,中国石油青山服务区加油站西南侧140米,40.881123,106.952290,
41,永林餐饮(民生家苑店),餐饮服务,磴口县,,,民生家苑南区东门旁,40.334279,107.004327,
41,何兵羊杂餐饮服务馆,餐饮服务,磴口县,,,和平路与东风街交叉口北180米,40.331216,107.011889,
41,磴口服务区洋鑫餐厅,餐饮服务,磴口县,,,G6京藏高速与磴口服务区交叉口西240米,40.455126,107.046986,
41,金河套乳业有限公司,餐饮服务,临河区,,,S312巴彦淖尔市干召庙镇政府东南侧约150米,40.826800,107.254127,
41,和君餐饮,餐饮服务,临河区,,,阳光巴黎城东1门西北270米,40.741325,107.364775,
41,临河区会君阁烧麦餐饮馆,餐饮服务,临河区,,,金川街道浩彭商业广场112门店,40.765379,107.374568,
41,临河区半锅肉餐饮店,餐饮服务,临河区,,,兴盛国际一期南门02-102门店,40.755606,107.400856,
41,巴彦淖尔市和君餐饮服务管理有限公司,公司企业,临河区,,,长春东街E-7号,40.764636,107.420381,
41,银河餐饮塞尚阁,餐饮服务,临河区,,,光辉花苑东北门西北70米,40.746225,107.416075,
41,关东情餐饮店,餐饮服务,临河区,,,竟香园A区18号,40.750126,107.430510,
41,零工市场餐饮部,餐饮服务,五原县,,,胜景苑C区,41.103057,108.272482,
41,五原县柏禹餐饮有限公司,公司企业,五原县,,,美食城路D13号门市,41.099047,108.274258,
41,内蒙古渔蒙家食品科技有限公司,餐饮服务,五原县,,,隆兴昌镇工业园区,41.065754,108.282947,
41,家之味餐饮娱乐饭店,餐饮服务,乌拉特中旗,,,海流图镇地税街坊中联国际住宅小区22号楼商业4号,41.584341,108.520035,
41,鸿枫餐饮,餐饮服务,乌拉特中旗,,,海流图镇旧政府南门店,41.567221,108.526107,
41,卡友之家餐饮,餐饮服务,乌拉特中旗,,,德岭山镇乌不浪口大桥北,41.311028,108.503602,
41,福瑞餐饮中心,餐饮服务,乌拉特中旗,,,德岭山镇苏独仑嘎查联合二队,41.169007,108.715798,
41,聚富源餐饮,餐饮服务,乌拉特前旗,,,山咀路与教育路交叉口北280米,40.729154,108.638398,
41,悦来餐饮,餐饮服务,乌拉特前旗,,,查固线与石哈线交叉口西80米,40.923075,109.617125,
41,乌拉特前旗沙德格吉雅餐饮百货店,餐饮服务,乌拉特前旗,,,北疆文化风情园沙德格旅游景区西南侧310米,40.804727,109.634179,
42,智雅餐饮部,餐饮服务,白云鄂博矿区,,,广场西道与育才路交叉口北100米,41.767433,109.973075,
42,阿金餐饮,餐饮服务,昆都仑区,,,内蒙古通威北门对面24米,40.645452,109.661223,
42,包头市昆都仑区喜乐厨羊架子餐饮店,餐饮服务,昆都仑区,,,卜尔汉图镇新光三村1-34号,40.671624,109.704853,
42,九原区勇平渔村餐饮店,餐饮服务,九原区,,,哈林格尔镇圐圙淖,40.521025,109.702625,
42,锦云餐饮,餐饮服务,昆都仑区,,,国泰新城B区,40.681725,109.805975,
42,内蒙古咿丫宝贝餐食配送有限公司,餐饮服务,昆都仑区,,,白彦道66号包钢十五幼儿园西南侧,40.666759,109.805207,
42,茶咖餐饮服务公司,公司企业,昆都仑区,,,白云街4号,40.665505,109.812089,
42,腾小小(内蒙古)餐饮管理有限公司,公司企业,昆都仑区,,,白云鄂博路与钢铁大街交叉口东南60米,40.657725,109.812175,
42,可乐妈餐饮,餐饮服务,昆都仑区,,,白云路69号东方花园,40.656021,109.815174,
42,锦笼轩烧麦羊杂碎餐饮店,餐饮服务,昆都仑区,,,阳光尚品小区东墙往南100米,40.623305,109.805314,
42,内蒙古满口香餐饮管理有限责任公司,公司企业,昆都仑区,,,荣资商厦,40.659497,109.817239,
42,昆都仑区巷往餐饮店,餐饮服务,昆都仑区,,,少先路中央大道步行街宝麒商务区4-111,40.654575,109.816825,
42,原道康餐饮管理,公司企业,昆都仑区,,,宝麒商务区,40.654862,109.817087,
42,内蒙古羊吉祥餐饮管理有限公司,公司企业,昆都仑区,,,中源大厦,40.659225,109.831925,
42,昆都仑区上郡拼三鲜餐饮店,餐饮服务,昆都仑区,,,钢铁大街18号街坊6号底店,40.659673,109.832076,
42,美团餐饮系统(美团收银点餐)智能版,公司企业,昆都仑区,,,阿尔丁北大街mzc电影院,40.681375,109.845176,
42,金福地文化餐饮有限公司,公司企业,九原区,,,古城村村委会南侧,40.584698,109.816850,
42,西北虎餐饮管理有限公司,公司企业,昆都仑区,,,文化路与民族东路(北段)交叉口西280米,40.681225,109.848025,
42,包头市玥出餐饮服务管理有限公司,餐饮服务,昆都仑区,,,包头市文化旅游广电局院内进大门左侧二层楼,40.642364,109.841698,
42,内蒙古阿峰餐饮管理服务有限公司,公司企业,九原区,,,包头稀土高新技术产业开发区创业园区恒华大厦,40.632375,109.839075,
42,内蒙古御焰餐饮管理有限公司,公司企业,九原区,,,包头稀土高新技术产业开发区创业园区恒华大厦,40.632325,109.839075,
42,内蒙古追锅族餐饮管理有限公司,公司企业,九原区,,,金融广场D座,40.627825,109.839125,
42,内蒙古前成餐饮有限责任公司,公司企业,九原区,,,金融广场D座,40.627825,109.839125,
42,内蒙古天成餐饮管理服务有限公司,公司企业,青山区,,,恒源银座A座,40.662025,109.850625,
42,青啤音悦餐饮有限公司,公司企业,九原区,,,民族东路与友谊大街交叉口南220米,40.643384,109.848230,
43,牧户餐饮,餐饮服务,新巴尔虎右旗,,,西外环路与贝尔大街交叉口东北400米,48.680175,116.821025,
43,塔拉额吉锅茶餐饮,购物服务,新巴尔虎右旗,,,阿尔山路与乌尔逊大街交叉口西北140米,48.671125,116.817716,
43,阿诺金蒙味餐饮部,餐饮服务,新巴尔虎右旗,,,乌尔逊大街与阿尔山路交叉口东80米,48.669904,116.819614,
43,渝作川渝冒肚餐饮店,餐饮服务,新巴尔虎右旗,,,乌尔逊大街与布尔敦路交叉口西南60米,48.672165,116.830763,
43,五味餐饮-零下温度精酿酒馆,餐饮服务,满洲里市,,,世纪大街东泰山街北东奥罗湖公馆6幢2单元2层西04,49.603763,117.463441,
43,满洲里那片草原餐饮服务有限公司,公司企业,满洲里市,,,迎宾大道与交通路交叉口西北100米,49.587043,117.483053,
43,西乌珠尔服务区餐厅,餐饮服务,陈巴尔虎旗,,,西乌珠尔服务区加油站东北侧60米,49.486254,118.560302,
43,草原牧马人-餐饮部,餐饮服务,额尔古纳市,,,草原牧马人宾馆北侧,50.208175,119.469925,
43,新巴尔虎左旗额布都格口岸服务区餐饮,餐饮服务,新巴尔虎左旗,,,331国道与332国道交叉口东140米,48.178342,118.275196,
43,大力山逅花园户外营地,体育休闲服务,额尔古纳市,,,大力山凌霄牧场东侧,50.299454,120.190318,
43,四季食苑餐饮,餐饮服务,额尔古纳市,,,大林街,50.249379,120.176071,
43,麻辣胖丫餐饮管理有限公司,公司企业,海拉尔区,,,万家花园6号楼门市亿帆检车正对面,49.200941,119.731814,
43,呼伦贝尔嘉烁餐饮酒店管理有限公司,公司企业,海拉尔区,,,越桔东路112付2号,49.217432,119.743073,
43,北漠边关餐饮云联锁项目部,公司企业,海拉尔区,,,碧海金城2期27号楼107号门市,49.227831,119.751169,
43,浩辰餐饮,餐饮服务,海拉尔区,,,西大街5号天信小区,49.212675,119.742875,
43,鲍师傅餐饮公司,公司企业,海拉尔区,,,杜鹃路与兴华路交叉口东北80米,49.219225,119.748825,
43,交个朋友餐饮管理有限公司,公司企业,海拉尔区,,,大商友谊生活广场,49.209572,119.744414,
43,禹泽餐饮,餐饮服务,海拉尔区,,,温州城商场,49.211725,119.747425,
43,鸿翔餐饮有限公司,公司企业,海拉尔区,,,天润蓝翔八号楼4号门市,49.209675,119.746375,
43,祥源大酒店餐饮部,餐饮服务,海拉尔区,,,中化石油加油站南侧150米,49.238125,119.767175,
43,海拉尔区食品餐饮店,餐饮服务,海拉尔区,,,巴彦托海中路69号君尚奥特莱斯,49.179075,119.728375,
43,鄂温克族自治旗黄丫头螺狮粉餐饮加盟店,餐饮服务,鄂温克族自治旗,,,卓达城市花园六期1号楼1013号,49.174309,119.743655,
43,内蒙古龙睿餐饮服务有限公司,公司企业,鄂温克族自治旗,,,新海城市之星二号楼2-S-004号门市,49.163944,119.743663,
43,卓恩餐饮,餐饮服务,海拉尔区,,,鑫河弯小区一号楼三门市,49.199946,119.773547,
43,程成餐饮,餐饮服务,海拉尔区,,,新河湾2号楼,49.200233,119.774698,
44,天源酒店餐饮部,餐饮服务,阿尔山市,,,郑家大院(景区店)西侧,47.297225,120.424325,
44,诚信餐饮,餐饮服务,科尔沁右翼前旗,,,018乡道与013乡道交叉口东南120米,46.321975,120.720975,
44,树木沟服务区餐厅,餐饮服务,科尔沁右翼前旗,,,树木沟服务区南30米,46.153023,120.807711,
44,中祥餐饮管理有限责任公司(机关餐厅),餐饮服务,科尔沁右翼前旗,,,科尔沁镇政府西侧政府机关餐厅,46.079354,121.950538,
44,科右前旗鑫晨餐饮服务有限责任公司,公司企业,科尔沁右翼前旗,,,天骄南路与罕山西街交叉口西100米,46.072798,121.980128,
44,突泉县突泉镇粤食轩餐饮饭店,餐饮服务,突泉县,,,101号,45.385813,121.563271,
44,内蒙古鑫地餐饮管理有限责任公司,公司企业,乌兰浩特市,,,城郊社区卫生服务中心东南侧70米,46.103351,122.028618,
44,乌兰浩特市欣顺餐饮管理有限公司,公司企业,乌兰浩特市,,,音德尔街与红城大路交叉口东280米,46.089671,122.025494,
44,闽品汇闽菜餐饮会馆,餐饮服务,乌兰浩特市,,,龙达传城小区,46.070134,122.044010,
44,实铭餐饮有限公司乌兰浩特一分公司,餐饮服务,乌兰浩特市,,,岭南街与爱国北大路交叉口东北60米,46.085125,122.079225,
44,实铭餐饮有限公司,公司企业,乌兰浩特市,,,乌钢西门南二百米,46.057378,122.063772,
44,粮府餐饮,餐饮服务,乌兰浩特市,,,光明西街与五一南大路交叉口西南60米,46.070475,122.077642,
44,香满满餐饮店,餐饮服务,乌兰浩特市,,,锦绣家园小区七号楼2号商业,46.069205,122.081148,
44,老北京餐饮有限公司,餐饮服务,科尔沁右翼中旗,,,科尔沁右翼中旗中等职业学校东南侧210米,45.050447,121.518741,
44,香山大酒店餐饮部,餐饮服务,扎赉特旗,,,香山明园东南侧,46.719025,122.883475,
45,小叶包包餐饮店,餐饮服务,二连浩特市,,,二连国际汽车站东南门东70米,43.660336,111.980199,
45,二连浩特市格林富农牧业发展有限公司,公司企业,二连浩特市,,,惠民路,43.467375,112.146725,
45,艾格餐饮,餐饮服务,苏尼特右旗,,,乌日根街与乌兰牧骑路交叉口东220米,42.747195,112.648378,
45,苏尼特左旗德源餐饮酒店,住宿服务,苏尼特左旗,,,满都拉图镇达日罕街党校东侧,43.855906,113.649277,
45,多味多餐饮店,餐饮服务,锡林浩特市,,,城关北5公里处多味多餐饮店,43.988666,116.032365,
45,锡林浩特市迈阿密餐饮管理有限公司,公司企业,锡林浩特市,,,二连路与上都街交叉口南120米,43.915595,116.035584,
45,线焖九号餐饮店,餐饮服务,锡林浩特市,,,锡林浩特大酒店东侧8号商铺,43.936715,116.054813,
45,胖小伙餐饮,餐饮服务,锡林浩特市,,,上都街与门德南巷交叉口东80米,43.924125,116.050025,
45,和盛羊庄食品有限公司,餐饮服务,锡林浩特市,,,广源福荣驾校考场北侧110米,43.980575,116.091725,
45,西贝餐饮(锡林浩特店),餐饮服务,锡林浩特市,,,上海路与查干街交汇处富俪华庭8号-1-10,43.919821,116.065425,
45,锡林浩特市苏太罕餐饮部,餐饮服务,锡林浩特市,,,希日塔拉街道溪林湾小区44号楼1区203商铺,43.915291,116.066404,
45,锡林郭勒盟盛诺餐饮服务有限责任公司,公司企业,锡林浩特市,,,达布希呼胡同与贝子庙大街交叉口东南180米,43.963675,116.100225,
45,老佳客餐饮店,餐饮服务,锡林浩特市,,,德盛·幸福社区东门北90米,43.963325,116.100475,
45,绿达餐饮管理有限公司,公司企业,锡林浩特市,,,锡林东大街与呼格吉勒路交叉口东160米,43.957192,116.097586,
45,洪记餐饮,餐饮服务,锡林浩特市,,,锡林大街东段38号商铺(四中十字路口东100米),43.957475,116.098075,
45,包鲜牛餐饮,餐饮服务,锡林浩特市,,,锡林东大街与锡林大街交叉口东北80米,43.960331,116.102248,
45,杨嘛子餐饮,餐饮服务,锡林浩特市,,,振兴大街与额吉淖尔路交叉口613号杨嘛子餐饮,43.933504,116.098510,
45,咪饭餐饮店,餐饮服务,锡林浩特市,,,鑫盛佳园南门,43.944666,116.104341,
45,锡林浩特市美味阁餐饮店,餐饮服务,锡林浩特市,,,101号,43.946529,116.112289,
45,太仆寺旗馋鸭记餐饮店,餐饮服务,太仆寺旗,,,宝昌农贸综合大市场东门,41.891097,115.278943,
45,正蓝旗桑根达来满奈蒙餐餐饮店,餐饮服务,正蓝旗,,,正蓝旗桑根达来镇满奈蒙餐,42.679578,115.958212,
45,麦尔餐饮有限责任公司,公司企业,正蓝旗,,,金莲川大街与侍郎城路交叉口东北160米,42.244975,116.014975,
45,多伦县世源民族用品工贸有限公司,公司企业,多伦县,,,新兴南路120号,42.191863,116.456690,
45,尚博餐饮部,餐饮服务,多伦县,,,龙城小区,42.202978,116.466206,
45,内蒙古腾膳源餐饮管理有限公司,公司企业,多伦县,,,会盟大街35号,42.209725,116.469897,
46,博尔罕餐饮服务,餐饮服务,四子王旗,,,江岸二队服务区,42.904115,110.757357,
46,聚福轩餐饮,餐饮服务,四子王旗,,,和平路美食街,41.545328,111.712450,
46,四子王旗榕宇餐饮服务店,餐饮服务,四子王旗,,,新华街与卫生路交叉口东60米,41.521675,111.707025,
46,四子王旗东梁二嫂羊杂碎,餐饮服务,四子王旗,,,东梁二嫂羊杂碎,41.521765,111.707053,
46,扎萨克草原风情餐饮,餐饮服务,四子王旗,,,209国道,41.769371,111.835771,
46,北京匹夫餐饮养殖基地,公司企业,四子王旗,,,白土线(白音敖包嘎查委员会附近100米),42.034445,112.516763,
46,蒙亘阿纪奈民俗餐饮,体育休闲服务,察哈尔右翼中旗,,,察汗哈达路西域商城东门南侧2-3底商,41.281400,112.622296,
46,凉城服务区餐厅,餐饮服务,凉城县,,,S24兴巴高速与凉城服务区交叉口西南440米,40.483624,112.420877,
46,卓资县李珍熏鸡有限责任公司,餐饮服务,卓资县,,,卓资山镇卓镇新区110国道旁,40.890618,112.573788,
46,品菜园子餐饮店,餐饮服务,凉城县,,,卓凉公路与胜利街交叉口西北60米,40.533025,112.513275,
46,卓资山服务区陈国庭熏鸡,餐饮服务,卓资县,,,卓资山服务区,40.862830,112.690795,
46,卓资山服务区千肴百味,餐饮服务,卓资县,,,卓资山服务区南30米,40.864882,112.691655,
46,卓资山服务区千肴百味,餐饮服务,卓资县,,,卓资山服务区南40米,40.863069,112.691839,
46,朋派餐饮,餐饮服务,察哈尔右翼后旗,,,见山民宿(乌兰哈达火山地质公园店)西北侧,41.643229,113.142095,
46,察哈尔右翼后旗佰嘉盛宴餐饮店,餐饮服务,察哈尔右翼后旗,,,团结街与马头琴路交叉口西北200米,41.447125,113.205325,
46,天成服务区餐厅,餐饮服务,凉城县,,,天成服务区北40米,40.493425,112.900438,
46,天成服务区餐厅,餐饮服务,凉城县,,,天成服务区南40米,40.490844,112.899666,
46,泽成·冰煮羊(乌兰察布红楼新苑店),餐饮服务,集宁区,,,新体大街12号红楼新苑·A区16号楼1001号,41.038970,113.116683,
46,东沙河社区为老服务餐厅(怡景茗苑店),餐饮服务,集宁区,,,工农北路27号怡景茗苑,41.037314,113.140313,
46,普尔森餐饮中心,餐饮服务,集宁区,,,泰和路11号,40.983649,113.132712,
46,乌兰察布市源味邦餐饮管理有限公司,公司企业,集宁区,,,杜尔伯特西大街与永宁路交叉口南140米,40.983020,113.142298,
46,集宁区周哥餐饮店,餐饮服务,集宁区,,,泰昌南路21号万达小区,40.999725,113.156375,
46,乌兰察布市金雕令酒业有限责任公司,餐饮服务,集宁区,,,[],41.028175,113.248525,
46,众成餐饮,餐饮服务,丰镇市,,,元山子街与巨宝庄路交叉口西280米,40.433534,113.112020,
46,集宁南服务区悦林餐饮服务,餐饮服务,察哈尔右翼前旗,,,集宁南服务区南40米,40.937829,113.336996,
47,黑鹰山服务区餐饮,餐饮服务,额济纳旗,,,G7京新高速与黑鹰山服务区交叉口西480米,42.009513,98.155048,
47,东风服务区餐厅,餐饮服务,额济纳旗,,,东风服务区,41.223327,100.566489,
47,真味绽放餐饮店(居延文化城),餐饮服务,额济纳旗,,,居延文化城东门向西五十米,41.947790,101.053717,
47,保险宾馆餐饮部,餐饮服务,额济纳旗,,,军民街43号1栋108,41.957498,101.059407,
47,芳芳餐饮店,餐饮服务,额济纳旗,,,胡杨街与巴音陶海路交叉口东160米,41.962515,101.062041,
47,聚财鑫餐饮,餐饮服务,阿拉善左旗,,,腾格里经济技术开发区腾格里斯镇腾格里斯镇特莫乌拉嘎查腾格里生活区长中公路西1号商业楼110-116号,37.606075,105.020012,
47,清风肆季餐饮店,餐饮服务,阿拉善左旗,,,"欣苑国际A区秋禾俪人东侧,康盟药店西侧",38.843296,105.726117,
47,阿日善服务区福悦餐厅,餐饮服务,阿拉善左旗,,,阿拉善左旗九泰龙服务区张家房方向,39.338468,105.920685,
47,敖镇外卖,餐饮服务,阿拉善左旗,,,富权全路丁字路口,40.529472,106.457108,
48,鄂尔多斯市巴音禾餐饮管理有限公司,公司企业,鄂托克旗,,,富康街与通宝路交叉口西南20米,39.383175,107.013475,
48,故乡情家园餐饮,餐饮服务,鄂托克前旗,,,城川北路与毛盖图西街交叉口南60米,38.184548,107.474891,
48,文旅餐饮部,餐饮服务,鄂托克前旗,,,文化产业园C区C6-6,38.167343,107.474529,
48,嗨鸭趣野餐饮店,餐饮服务,鄂托克旗,,,东方聚龙湾小区,39.097834,107.999517,
48,独贵北服务区饭店,餐饮服务,杭锦旗,,,兴巴高速巴拉贡方向服务区饭店,40.545078,108.630827,
48,杭锦旗伊泰化工园区有吃有喝餐饮店,餐饮服务,杭锦旗,,,杭锦旗伊泰化工园区海昌小镇3号楼103,40.026490,108.528391,
48,蒙鑫餐饮,餐饮服务,杭锦旗,,,316省道与215省道交叉口东420米,40.554225,108.720875,
48,苏台庙服务区餐厅,餐饮服务,杭锦旗,,,215省道与苏台庙服务区交叉口北440米,40.100489,108.667447,
48,百灵社区养老服务餐厅,餐饮服务,杭锦旗,,,百灵街与滨河路交叉口西南260米,39.849662,108.730153,
48,苏米图服务区餐厅超市,餐饮服务,鄂托克旗,,,苏米图服务区,38.817856,108.482349,
48,中和西服务区餐厅,餐饮服务,达拉特旗,,,S24兴巴高速与中和西服务区交叉口西500米,40.411859,109.255223,
48,佰源食坊餐饮店,餐饮服务,乌审旗,,,嘎鲁图镇南丁东路西朔月方学府S2号楼204铺,38.585849,108.815023,
48,乌审旗勇泰鸿沁轩餐饮服务有限公司,公司企业,乌审旗,,,乌审街与勇泰路交叉口西180米,38.609225,108.821825,
48,范大厨餐饮,餐饮服务,乌审旗,,,嘎鲁图镇四马路林荫路北二巷021号苏里格小区,38.596925,108.828075,
48,阿容希蜜餐饮店,餐饮服务,乌审旗,,,人民路21号附2号,38.603580,108.830728,
48,其布日很餐饮店,餐饮服务,乌审旗,,,塔拉音乌素街与锡尼路交叉口东南160米,38.582074,108.826668,
48,香里小馆餐饮店,餐饮服务,乌审旗,,,嘎鲁图镇林荫路北巷28号附1号畜牧局巷子北区路东商业房,38.604246,108.834256,
48,金朋餐饮店,餐饮服务,乌审旗,,,嘎鲁图街与鸿沁路交叉口东南320米,38.615025,108.841125,
48,珠兰餐饮,餐饮服务,乌审旗,,,人民路与嘎鲁图街交叉口南240米,38.612534,108.845126,
48,希德餐饮店,餐饮服务,乌审旗,,,阿吉泰商贸有限公司西南侧,38.472225,108.947275,
48,展旦召服务区杨大厨餐厅,餐饮服务,达拉特旗,,,展旦召苏木S24兴巴高速公路展旦召服务区南区,40.304817,109.857580,
48,自家店重庆村餐饮服务中心,餐饮服务,伊金霍洛旗,,,札萨克镇乌登柴达木村,39.184559,109.563597,
48,伊金霍洛旗蒙睿体脂餐饮服务中心,餐饮服务,伊金霍洛旗,,,熙尔登酒店3楼直播基地,39.576894,109.728178,
48,伊金霍洛旗老院儿餐饮部,餐饮服务,伊金霍洛旗,,,伊金霍洛旗公园路西102号,39.575309,109.729584,
48,伊金霍洛旗成祥府餐饮中心,餐饮服务,伊金霍洛旗,,,阿勒腾席热镇文明街尚岛国际小区底店成祥府餐饮中心,39.576546,109.752992,
49,呼和浩特西服务区百色百味,餐饮服务,土默特左旗,,,呼和浩特西服务区北40米,40.751406,111.369714,
49,托克托县万兴餐饮管理有限公司,公司企业,托克托县,,,托克托大街托克托县万兴广场,40.270825,111.236525,
49,尚座暖家餐饮,餐饮服务,土默特左旗,,,园区南路与海拉尔西街交叉口西160米,40.738072,111.402184,
49,内蒙古锦欣餐饮酒店管理有限责任公司,公司企业,土默特左旗,,,海拉尔西街与伊通路辅路交叉口西南100米,40.746498,111.461039,
49,湘虾巷子餐饮店,餐饮服务,土默特左旗,,,汇金道2号凯泰熙华商住小区F号楼101号,40.794769,111.563822,
49,回民区丰满情餐饮店,餐饮服务,回民区,,,丰满情,40.830484,111.596084,
49,厨安餐饮设备(内蒙古)有限公司,公司企业,回民区,,,盐站西街青城美墅时代天骄D12商铺,40.828466,111.602173,
49,钧奕餐饮,餐饮服务,回民区,,,新西兰小区钧奕餐饮,40.839689,111.607091,
49,内蒙古很有意思餐饮管理有限公司,公司企业,回民区,,,光明路街道磐基苑小区2号商业楼一单元6室,40.808614,111.605606,
49,呼钢大院老厂烧烤餐饮店,餐饮服务,回民区,,,新华西街71号,40.807274,111.613811,
49,内蒙古优堡乐餐饮管理有限公司,公司企业,回民区,,,新华西街与巴彦淖尔北路交叉口西120米,40.810975,111.630225,
49,老绥元餐饮,餐饮服务,玉泉区,,,鄂尔多斯西街畜科东路便民市场北6号,40.792665,111.624006,
49,成都西贝李刚奋斗餐饮管理有限公司龙湖西宸天街店,餐饮服务,新城区,,,气象局西路与赛马场北街交叉口北200米,40.852339,111.655925,
49,呼和浩特市伊兰吉祥斋餐饮有限责任公司第四分公司,公司企业,回民区,,,吉利东巷与县府街交叉口东南140米,40.802131,111.643009,
49,呼和浩特市玉泉区道爱餐饮店,餐饮服务,玉泉区,,,水语青城一期公建10号楼110,40.761149,111.632981,
49,粤金汤餐饮店,餐饮服务,回民区,,,文化宫路与中山西路交叉口西80米,40.811879,111.663235,
49,内蒙古伊古道餐饮管理有限公司,公司企业,新城区,,,文苑大厦B座,40.852175,111.678975,
49,内蒙古湘了又湘餐饮有限责任公司,公司企业,新城区,,,哲里木路与爱民街交叉口北500米,40.847916,111.679165,
49,内蒙古圣火鲜小满餐饮管理有限责任公司,公司企业,玉泉区,,,鄂尔多斯大街2号院内东北一楼,40.792186,111.661165,
49,内蒙古老船长餐饮管理有限责任公司,公司企业,回民区,,,海亮广场2期(中山路地铁站C口旁),40.815231,111.670703,
49,雪碳联赢(内蒙古自治区)餐饮管理有限公司,公司企业,回民区,,,中山西路1号海亮广场E座1214室,40.813977,111.670497,
49,鱼之鲜三文鱼生腌餐饮店,餐饮服务,回民区,,,五四商城B105号,40.811596,111.670758,
49,内蒙古楚田餐饮管理有限公司,公司企业,新城区,,,胜利街与哲里木路交叉口西380米,40.834518,111.679868,
49,呼和浩特市寂寞的鸭子餐饮管理有限责任公司,公司企业,新城区,,,金天帝广场(人民会堂地铁站B口步行310米),40.823048,111.679185,
49,内蒙古加勒比餐饮管理有限公司,公司企业,玉泉区,,,昭君路办事处南二环与昭君路十字路口东南角玉泉数智大厦,40.778867,111.665981,
50,达里诺尔宾馆-餐饮部,餐饮服务,克什克腾旗,,,达里湖景区北岸游客中心西侧80米,43.403025,116.673375,
50,达来诺日服务区餐厅,餐饮服务,克什克腾旗,,,达来诺日服务区西南30米,43.420506,116.824534,
50,鑫淼淼餐饮店,餐饮服务,克什克腾旗,,,304省道,42.591900,117.044752,
50,苏木额吉蒙餐餐饮饭店(个体工商户),餐饮服务,克什克腾旗,,,红山街与文化街交叉口东北80米,42.532975,117.235075,
50,客得河牧家乐餐饮饭店,餐饮服务,巴林右旗,,,105省道克德河大桥东北侧,43.380037,118.533236,
50,巴林右旗酒席自备餐饮中心,餐饮服务,巴林右旗,,,索博日嘎街82号,43.530917,118.659072,
50,巴林右旗百香园餐饮店,餐饮服务,巴林右旗,,,大板镇三区南市街北3-8-4-7,43.520973,118.679524,
50,将军台服务区餐饮,餐饮服务,巴林左旗,,,G5511集阿高速与将军台服务区交叉口西南480米,43.836576,119.301631,
50,喀喇沁旗福泽香餐饮有限公司,公司企业,喀喇沁旗,,,[],42.061861,118.451681,
50,沐厨鎏乡餐饮店,餐饮服务,翁牛特旗,,,红山路与向阳街交叉口北100米,42.930583,118.997866,
50,双盈酒店餐饮,餐饮服务,喀喇沁旗,,,喀喇沁旗旺业甸实验林场东侧110米,41.650225,118.364025,
50,隆诚商务酒店餐饮部,餐饮服务,松山区,,,北辰小区西南侧130米,42.296301,118.861702,
50,贝旺餐饮店,餐饮服务,松山区,,,乐业路与嘉兴街交叉口西60米,42.282676,118.877797,
50,酒零酒餐饮管理有限公司,公司企业,喀喇沁旗,,,河滨北街,41.929826,118.707114,
50,家赫餐饮厅,餐饮服务,松山区,,,罕山街30号成龙嘉园,42.263448,118.876038,
50,赤峰中达联合餐饮管理公司,公司企业,喀喇沁旗,,,锦山镇河北北街51-3,41.941100,118.716877,
50,内蒙古万亿餐饮管理有限公司,公司企业,松山区,,,御园财富广场B座1103室,42.250333,118.880859,
50,赤峰市鼎诚餐饮管理有限公司,公司企业,喀喇沁旗,,,喀喇沁经济开发区和美工贸园区总部经济新城(一期)A7-3,42.218058,118.869426,
50,贺奇大酒店·餐饮部(鲁商大厦店),住宿服务,喀喇沁旗,,,经棚路与兴安街交叉口南320米,42.235225,118.878425,
50,醉初围炉串串餐饮店,餐饮服务,松山区,,,天义路8号,42.252780,118.890488,
50,喀喇沁旗百狮楼江南餐饮饭店(个体工商户),餐饮服务,喀喇沁旗,,,喀喇沁旗和美工贸园区汽贸城中段东风日产后院三层及院落,42.228116,118.878708,
50,赤峰嘉晟餐饮服务有限公司,公司企业,松山区,,,玉龙大街53号金帝商务大厦,42.259488,118.898871,
50,刘一笼餐饮管理连锁店,餐饮服务,松山区,,,金御华城小区二期商业街47号楼1-110,42.290564,118.919419,
50,赤峰塞伦餐饮服务有限公司,公司企业,松山区,,,塞伦盖蒂酒店酒店3层301室,42.293929,118.927181,
50,赤峰市寂寞的鸭子餐饮管理有限责任公司,公司企业,松山区,,,平双路55-1号,42.264039,118.913688,
51,锦联餐饮,餐饮服务,霍林郭勒市,,,锦正物资再生利用有限公司西侧50米,45.418075,119.611925,
51,鲁北服务区餐厅,餐饮服务,扎鲁特旗,,,鲁北服务区与306省道交叉口西北120米,44.435470,120.669775,
51,新之助融合餐饮,餐饮服务,扎鲁特旗,,,鲁北镇宏业金街院里东侧B区1002号,44.555834,120.910982,
51,鲁北镇撸骨大叔餐饮店,餐饮服务,扎鲁特旗,,,鲁北镇东步行街二楼南侧30号商铺,44.554702,120.914010,
51,世嘉餐饮店,餐饮服务,扎鲁特旗,,,鲁北镇第九加油站对过,44.568125,120.954775,
51,代府餐饮美食快车,餐饮服务,奈曼旗,,,泰和花园,42.864107,120.671804,
51,奈曼服务区餐厅,餐饮服务,奈曼旗,,,奈曼服务区与G45大广高速交叉口南360米,42.704841,120.768568,
51,开鲁县豪特小区养老服务站惠民餐厅,餐饮服务,开鲁县,,,"豪特小区院内东侧1,2层",43.599896,121.304428,
51,东明服务区餐厅,餐饮服务,奈曼旗,,,G45大广高速与东明服务区交叉口北360米,43.148388,121.203272,
51,东明服务区餐厅,餐饮服务,奈曼旗,,,G45大广高速与东明服务区交叉口南340米,43.147122,121.206294,
51,内蒙古塔裕餐饮服务有限公司,公司企业,科尔沁区,,,通辽万力城,43.657124,122.218378,
51,再来鸭餐饮店,餐饮服务,科尔沁区,,,泰安家园8号楼103,43.613444,122.208341,
51,罕山·传奇,餐饮服务,科尔沁区,,,凤凰山大街欢乐河岸(南侧),43.654727,122.234321,
51,通辽市柏年餐饮管理服务有限公司,公司企业,科尔沁区,,,通辽经济技术开发区河西镇汪家开发段六街51-1号,43.629121,122.221573,
51,古塔裕餐饮服务有限公司,公司企业,科尔沁区,,,阿其玛大街与建华路交叉口西100米,43.647291,122.232726,
51,王小妹餐饮店,餐饮服务,科尔沁区,,,创业大道289号,43.630094,122.225027,
51,通辽市尊通餐饮管理有限责任公司,公司企业,科尔沁区,,,"柳荫路,金源郦都小区东南门",43.647255,122.237669,
51,百分餐饮,餐饮服务,科尔沁区,,,交通小学北1门旁,43.611614,122.249377,
51,喜家德虾仁水饺(五中店),餐饮服务,科尔沁区,,,清真办事处馨园小区16号楼1层,43.633325,122.270358,
51,二老懒饭堂餐饮店,餐饮服务,科尔沁区,,,新开小区南门旁,43.612775,122.263425,
51,科尔沁区乐恒餐饮店,餐饮服务,科尔沁区,,,万达沁府,43.637407,122.280178,
51,那家小串餐饮服务管理有限公司,公司企业,科尔沁区,,,滨河大街21路,43.640773,122.282740,
51,通辽市成威餐饮管理有限公司,公司企业,科尔沁区,,,西拉木伦大街与工农路交叉口西南100米,43.628075,122.276475,
51,昕意餐饮店(通辽市科尔沁区电影放映管理站西北木兰小区店),餐饮服务,科尔沁区,,,明仁大街与步行街交叉口西南140米,43.613632,122.268978,
51,通辽市王二胖米饭餐饮管理有限公司,公司企业,科尔沁区,,,明仁街道一委建国路与科尔沁大街交汇处东南角从南向北数一层第三户二楼,43.612323,122.272173,
52,林韵山居精品民宿酒店餐饮,餐饮服务,漠河市,,,瑞祥小区西侧310米,52.972913,122.557122,
52,盘古服务区餐饮,餐饮服务,塔河县,,,盘古服务区西30米,52.684759,123.865508,
53,鹤岗市高尔夫餐饮管理有限公司,公司企业,东山区,,,财富路(净水池公交站),47.321631,130.238701,
53,黑龙江亿腾添汇商贸有限公司,购物服务,工农区,,,团结街道东解放路南四道街,47.330287,130.281804,
54,仁和兴饭庄(城南佳园店),餐饮服务,嫩江市,,,墨尔根大街656-658,49.164486,125.222797,
54,天漠海电脑网络有限责任公司,公司企业,爱辉区,,,兴华街176-178号,50.244932,127.503802,
54,东方阳光餐饮,餐饮服务,爱辉区,,,中央东大街51号,50.243828,127.515573,
54,品悦居私房菜,餐饮服务,五大连池市,,,和平大街与勤俭路交叉口西80米,48.511633,126.203762,
55,横道河子服务区餐厅,餐饮服务,海林市,,,G10绥满高速与横道河子服务区交叉口东南140米,44.785702,129.128498,
55,横道河子服务区餐厅,餐饮服务,海林市,,,G10绥满高速与横道河子服务区交叉口东120米,44.786513,129.129403,
55,微醺茶语餐饮店,餐饮服务,海林市,,,高丽花园7号楼,44.575059,129.382213,
55,牡丹江大学餐饮中心,餐饮服务,爱民区,,,兴中路以西牡丹江大学北校区,44.596179,129.562015,
55,渤海服务区餐厅,餐饮服务,宁安市,,,G11鹤大高速与渤海服务区交叉口西南240米,44.082653,129.156742,
55,黑龙江福瑞佳餐饮管理有限公司,公司企业,爱民区,,,金龙家园12号楼14号车库,44.600673,129.578171,
55,牡丹江市雪乡村餐饮管理有限公司,公司企业,爱民区,,,森林防火指挥中综合第3栋,44.597575,129.601275,
55,黑龙江千果家餐饮管理有限公司,公司企业,西安区,,,太平路100号金融大厦,44.584576,129.615881,
55,华晟山城火锅(牡丹街店),餐饮服务,西安区,,,西一条路牡丹街33号(广汇电器对面),44.579459,129.616569,
55,牡丹江市汇龙餐饮服务有限公司,公司企业,东安区,,,太平路257号金城大厦(太平路)7号楼,44.576925,129.621375,
55,牡丹江祥和餐饮管理有限公司,公司企业,东安区,,,华威小区东南门旁,44.578352,129.628488,
55,东五扒肉酸菜汤特色餐饮小店,餐饮服务,东安区,,,康泰小区西门旁,44.585231,129.635240,
55,柴河服务区餐厅,餐饮服务,阳明区,,,柴河服务区东南30米,44.740556,129.767128,
55,老全州食品有限公司,公司企业,东安区,,,[],44.540871,129.610326,
55,粟氏天府•东北烧烤(兴隆街店),餐饮服务,东安区,,,兴隆街与泼雪泉路交叉口东北20米,44.550289,129.625248,
55,宁安市冷氏餐饮服务有限公司,公司企业,宁安市,,,环卫路与北仓东街交叉口南100米,44.354525,129.470125,
55,穆棱市小葫芦坑烧餐饮店,餐饮服务,穆棱市,,,雷锋路5号,44.925021,130.499469,
55,求方宴餐饮中心,餐饮服务,东宁市,,,301国道与兴阳街交叉口南180米,44.425225,130.894725,
56,伊春市大诚小匠建筑装饰有限责任公司,餐饮服务,伊美区,,,红升办万润城市花园4号楼第4号门市,47.723434,128.893808,
56,高老庄农家乐(傲城店),餐饮服务,伊美区,,,木雕园南50米,47.710767,128.882853,
56,回到从前铁锅烀羊肉(南郡B2区店),餐饮服务,伊美区,,,幸福街亲民小区林都南郡B232-108,47.720709,128.897506,
56,食香阁一元小油饼家常菜馆,餐饮服务,嘉荫县,,,龙江华府二期6号楼东11门市,48.890615,130.397855,
57,鸡西市喜乐汇酒店有限责任公司,餐饮服务,鸡冠区,,,新华街1号,45.309900,130.982355,
57,大军餐饮有限公司,公司企业,鸡冠区,,,中心名城花园综合住宅楼-车库-1,45.295615,130.978937,
58,甘南服务区餐厅,餐饮服务,甘南县,,,甘南服务区西南侧,47.962980,123.530909,
58,嘉禾餐饮,餐饮服务,龙江县,,,龙江镇长横街94号,47.340585,123.198115,
58,亿合城餐饮礼仪中心,科教文化服务,甘南县,,,通达家园东南侧280米,47.767825,123.547725,
58,泓源礼仪餐饮,餐饮服务,甘南县,,,龙飞加油站东侧140米,48.128675,123.944025,
58,鑫鸿运餐饮礼仪中心,餐饮服务,梅里斯达斡尔族区,,,共和镇,47.450129,123.681228,
58,甘南县金澜餐饮店,餐饮服务,甘南县,,,[],48.266791,124.353084,
58,礼仪餐饮,餐饮服务,富拉尔基区,,,杜尔门沁村民委员会东侧,47.142567,123.550185,
58,齐齐哈尔富航餐饮管理有限公司,公司企业,富拉尔基区,,,富江路110号,47.210366,123.618763,
58,雪碳联赢齐齐哈尔餐饮管理有限公司,公司企业,建华区,,,石伟路126号门市,47.369712,123.931201,
58,未来行餐饮,餐饮服务,建华区,,,军缘小区4号楼00单元01层02号,47.365775,123.942576,
58,齐齐哈尔大学中校区餐饮中心,餐饮服务,建华区,,,游览路5号,47.352707,123.934801,
58,一拌到底餐饮店,餐饮服务,建华区,,,中华西路64正东方向180米劳技小区,47.357986,123.941385,
58,齐齐哈尔味知餐饮管理有限公司,公司企业,龙沙区,,,劳卫路与文体街交叉口西100米,47.341175,123.938525,
58,黑龙江省沈膳坊餐饮连锁管理有限责任公司,公司企业,建华区,,,齐齐哈尔名凯农机有限公司东北侧90米,47.388480,123.974038,
58,宏园礼仪餐饮公司,餐饮服务,建华区,,,东四道街明园小区16号楼,47.358425,123.960589,
58,天下仓餐饮,餐饮服务,建华区,,,玉坤西小区东1门旁,47.347125,123.959275,
58,恒鲜纪餐饮,餐饮服务,建华区,,,东市场小区东区50号楼,47.353064,123.967670,
58,共创天成餐饮管理有限公司,公司企业,龙沙区,,,青云街230号,47.329897,123.951217,
58,小新餐饮店,餐饮服务,龙沙区,,,永安南大街243号大民市场,47.288456,123.924508,
58,沐风餐饮,餐饮服务,龙沙区,,,龙安路与安寿胡同交叉口北120米,47.338587,123.963178,
58,鸿彬餐饮,餐饮服务,铁锋区,,,新民西小区30号楼,47.343798,123.971153,
58,云厨佳源餐饮管理有限公司,公司企业,建华区,,,明海公路6号,47.367887,123.992250,
58,清水绿川椒餐饮公司,公司企业,铁锋区,,,龙华路211号明珠写字楼F5层,47.341526,123.973714,
58,齐齐哈尔新东方餐饮配送有限公司,公司企业,龙沙区,,,中汇城商贸广场B02栋00单元01层19号,47.293010,123.941510,
58,黑龙江省德小牛餐饮管理有限公司,公司企业,龙沙区,,,中汇城国际五金建材城B10栋113号,47.293054,123.946037,
59,日月鑫商务会馆餐饮部,餐饮服务,明水县,,,中兴路与文体街交叉口南100米,47.189638,125.910471,
59,安达南服务区餐厅,餐饮服务,安达市,,,S18绥大高速与安达南服务区交叉口西320米,46.349478,125.276175,
59,安达市高信餐饮店,餐饮服务,安达市,,,金牛北路与北横街交叉口东南160米,46.410204,125.329287,
59,安达服务区餐厅古大湖铁板三样鱼,餐饮服务,安达市,,,安达服务区西侧,46.352959,125.456411,
59,青冈县吉木餐饮有限公司,公司企业,青冈县,,,兴隆大道与秀水路交叉口西100米,46.691875,126.102175,
59,海伦市牧民人家餐饮服务有限公司,餐饮服务,海伦市,,,牧民人家小炉子地摊烤肉,47.465465,126.973433,
59,黑龙江醉千巡餐饮管理有限公司,公司企业,海伦市,,,南环路与永乐路交叉口西60米,47.454425,126.967275,
59,望奎县熊大餐饮管理有限公司,公司企业,望奎县,,,前进街与西环路交叉口东200米,46.829691,126.469459,
59,肇东服务区郭氏活鱼,餐饮服务,肇东市,,,G10绥满高速哈尔滨大庆方向547公里处肇东停车区内,46.005727,126.011295,
59,绥化市众鹏餐饮服务有限公司,公司企业,北林区,,,康庄北路与人和西街交叉口西北100米,46.634184,126.968662,
59,华氏龙虾餐饮店,餐饮服务,北林区,,,人和城南苑10号楼14号商服,46.635716,126.975994,
59,吉速餐饮,餐饮服务,北林区,,,广源街161号,46.632793,126.994924,
59,绥化市金麦地餐饮服务管理有限公司,公司企业,北林区,,,宝瑛街2号,46.585465,126.992781,
59,粳喜原汁牛肉餐饮店,餐饮服务,庆安县,,,庆一小区南门西50米,46.876508,127.513465,
59,庆安鑫鹏餐饮服务有限公司,公司企业,庆安县,,,鑫鹏广场,46.867464,127.509687,
60,馫飘香餐饮管理有限公司,公司企业,林甸县,,,花园街与同仁路交叉口南140米,47.186593,124.873501,
60,九品餐饮管理有限公司,公司企业,林甸县,,,金地朗小区南门东80米,47.182575,124.887775,
60,瑞祥涵餐饮,餐饮服务,让胡路区,,,景园公园北门东260米,46.632992,124.892136,
60,大庆市九合餐饮管理有限公司,公司企业,让胡路区,,,龙南综合批发市场,46.610502,124.893436,
60,大庆市海宴堂餐饮管理有限公司,公司企业,让胡路区,,,中原路60号,46.610569,124.902996,
60,尚醒笼餐饮管理有限公司,公司企业,让胡路区,,,新城街世奥中心,46.605975,124.908725,
60,东湖长者餐饮服务驿站,餐饮服务,让胡路区,,,东湖三街与天安路交叉口东南220米,46.577241,124.901344,
60,大庆泽圆餐饮管理有限公司,公司企业,萨尔图区,,,友谊二区,46.617123,124.998695,
60,黑龙江小妍董餐饮管理有限公司,公司企业,萨尔图区,,,中宝路8号中科创业园万宝中科创业园D座,46.584175,125.080225,
60,黑龙江古街小巷餐饮管理有限公司,公司企业,萨尔图区,,,萨尔图区经一街39号-19-11,46.607475,125.098074,
60,策食餐饮管理有限公司,公司企业,龙凤区,,,昌升皮革城2区10栋9号,46.566686,125.091662,
60,黑龙江百食百客餐饮管理有限公司,生活服务,龙凤区,,,热源街277号昌升商贸城03-03-07,46.565640,125.091403,
60,老昌春饼店餐饮有限公司,餐饮服务,龙凤区,,,龙升路与凤广街交叉口东南100米,46.565075,125.092825,
60,818餐饮管理有限公司,公司企业,龙凤区,,,凤阳路55巷,46.542578,125.085993,
60,大庆市萨尔图区军赢餐饮服务部,餐饮服务,萨尔图区,,,经八街与建设路交叉口北80米,46.588725,125.124125,
60,黑龙江利庆餐饮管理有限公司,公司企业,龙凤区,,,石金内科诊所东南侧,46.636675,125.163275,
60,黑龙江省众匠餐饮管理有限公司,公司企业,龙凤区,,,龙凤镇前进村原前进小学东侧房屋,46.410856,124.998334,
60,酒氏大鹏餐饮连锁,餐饮服务,龙凤区,,,黎明小区,46.579402,125.131941,
60,文明诚信餐饮店,餐饮服务,龙凤区,,,纬二路与富民街交叉口东南100米,46.577846,125.132225,
60,黑龙江省卢福记餐饮服务管理有限公司,公司企业,龙凤区,,,[],46.588218,125.140186,
60,味邦餐饮服务有限公司,公司企业,龙凤区,,,悦城馨苑6号门旁,46.574646,125.131792,
60,食光里·餐饮吧(学府花园店),餐饮服务,龙凤区,,,黎明街道行知街100号,46.600677,125.153978,
60,福阿婆湖南民间菜(双拥街店),餐饮服务,龙凤区,,,东风新村10-5-6(人民医院对面),46.577844,125.138980,
60,黑龙江朋友圈餐饮管理有限公司,公司企业,龙凤区,,,学府街与科技路交叉口东北160米,46.582350,125.145139,
60,大庆和牛餐饮服务有限公司,公司企业,龙凤区,,,纬二路与火炬新街交叉口西120米,46.573222,125.140383,
61,哈尔滨佳澄餐饮管理公司,公司企业,呼兰区,,,同盛路3号,45.908487,126.533488,
61,宏姐餐饮管理有限公司,公司企业,松北区,,,江安街299号,45.817826,126.526937,
61,黑龙江省大橙小诺餐饮管理有限公司,公司企业,松北区,,,龙川路1322号,45.819748,126.532622,
61,连华渔村餐饮有限管理公司,公司企业,松北区,,,松北街道中原大道龙江第一村二路688-8号,45.818602,126.578694,
61,哈尔滨市龙辰餐饮管理有限公司,公司企业,松北区,,,龙江第一村520-4栋,45.819931,126.582936,
61,欢乐果餐饮管理有限公司,公司企业,道里区,,,昆仑路与东湖路交叉口东南80米,45.694296,126.500645,
61,黑龙江食者仁心餐饮管理有限公司,公司企业,道里区,,,东湖路26号,45.695008,126.502173,
61,哈尔滨聚喜楼餐饮管理有限公司,公司企业,道里区,,,新发镇胜利村小三姓西路,45.686214,126.511130,
61,哈尔滨大船汇餐饮有限公司,公司企业,道里区,,,友谊西路1966号,45.754090,126.571240,
61,融江哈白杨涮肉餐饮饭店,餐饮服务,道里区,,,融江路1097号,45.713525,126.541425,
61,晨曦全案设计有限公司,公司企业,道里区,,,兴江路1209-23,45.730742,126.556453,
61,黑龙江省富集餐饮管理有限公司,公司企业,道里区,,,绿地中央广场B15栋S05,45.703623,126.539045,
61,王渔王得莫利炖鱼(爱建店),餐饮服务,道里区,,,紫园路10-6号,45.765073,126.605527,
61,黑龙江省四二四餐饮管理有限公司,公司企业,道里区,,,顾乡大街252号,45.734672,126.584410,
61,莹姐餐饮,餐饮服务,道里区,,,顾新路830号,45.719606,126.574640,
61,莲素御食餐饮管理有限公司,公司企业,道里区,,,建国北六道街22号,45.751762,126.599223,
61,哈尔滨朗旭餐饮管理有限公司,公司企业,南岗区,,,王岗镇汇智中心D座2楼,45.709664,126.569295,
61,战斗熊餐饮管理有限公司,公司企业,道里区,,,西九道街6号,45.774325,126.620674,
61,马记爆肚王餐饮店(个体工商户),餐饮服务,道外区,,,大兴街道长春街99号,45.789387,126.642773,
61,岭成食神炒饭餐饮管理有限公司,餐饮服务,南岗区,,,慧园路38号,45.695597,126.572504,
61,哈尔滨祝鹏餐饮管理有限公司,公司企业,道外区,,,胜利街道景阳街322号,45.780139,126.638122,
61,斯诺餐饮管理有限公司,公司企业,道里区,,,抚顺街300号,45.752307,126.617000,
61,哈尔滨刘帅餐饮管理有限公司,餐饮服务,南岗区,,,爱达尊御1A-04门市,45.711921,126.588817,
61,哈尔滨兰齐餐饮管理有限公司,公司企业,南岗区,,,王岗镇哈尔滨大街507号华润大厦B座501室,45.699849,126.579799,
61,铖记兴餐饮管理有限公司,公司企业,道外区,,,南极街183号,45.769634,126.634311,
62,佳木斯可礼客嘉餐饮有限公司,公司企业,郊区,,,友谊路212-1号,46.812577,130.303080,
62,工匠广告传媒有限公司,公司企业,向阳区,,,滨江路与松林街交叉口东80米,46.827525,130.333625,
62,佳木斯新道李餐饮服务有限公司,公司企业,郊区,,,伟业街与佳西街交叉口东南100米,46.801683,130.329075,
62,乌苏里江餐饮有限公司,公司企业,向阳区,,,沿江公园南门西150米,46.821225,130.353775,
62,光仙企业管理策划公司,公司企业,向阳区,,,建设街道西林路702号教育5小区,46.811263,130.348596,
62,驿佳老友餐饮管理有限公司,公司企业,向阳区,,,万达路176号,46.790517,130.332800,
62,德湘厨餐饮店,餐饮服务,向阳区,,,万达华府2期,46.792375,130.336175,
62,佳木斯叶子餐饮管理有限公司,公司企业,向阳区,,,长安西路与221国道交叉口东140米,46.807154,130.350026,
62,佳木斯璞院餐饮有限公司,餐饮服务,向阳区,,,万发路31正西方向190米华强璞院,46.795675,130.341475,
62,潘洪刚餐饮连锁管理有限公司(佳木斯总店),公司企业,向阳区,,,德祥街与忠信街交叉口东100米,46.811153,130.356659,
62,蔬小碗中式菜餐饮店,餐饮服务,向阳区,,,向阳巷与新立胡同交叉口西北60米,46.809825,130.366525,
62,昭远餐饮管理有限公司,公司企业,向阳区,,,西南岗街道胜利西路139号,46.791447,130.367727,
62,艳姐鲜味餐饮店,餐饮服务,向阳区,,,天福城观棠府东北2门西北150米,46.778668,130.357666,
62,酒大叔餐饮店杏林店,餐饮服务,前进区,,,港湾街道共建社区杏林路148号商服,46.814814,130.395712,
62,佳城餐饮管理有限公司,公司企业,向阳区,,,新华街与文昌街交叉口东南140米,46.788349,130.372752,
62,乌苏里江餐饮有限公司,公司企业,东风区,,,松江乡模范村,46.804375,130.454325,
62,宽坐露营餐饮,体育休闲服务,桦南县,,,向阳山,46.280296,130.683822,
65,杨杨餐饮店,餐饮服务,北屯市,,,生活家广场5栋1-16,47.353512,87.798342,
65,北屯市张龙青味阁餐饮店,餐饮服务,北屯市,,,华阳路1107-1-4号,47.336890,87.817352,
65,巴蜀制灶餐饮柒煮海椒火锅,餐饮服务,北屯市,,,正阳路(协和医院向新区方向80米),47.349418,87.820131,
65,法图麦儿餐饮店,餐饮服务,北屯市,,,江山丽景,47.329852,87.830266,
67,铁门关市云阿朵餐饮店,餐饮服务,铁门关市,,,滨河西路丝路香街4号楼1层11室,41.859691,85.668919,
67,营盘服务区餐饮,餐饮服务,铁门关市,,,营盘服务区北30米,40.816212,87.009821,
67,好再来餐饮饭店,餐饮服务,铁门关市,,,中油能源加油加气站(米罗仓储物流园店)北侧150米,39.189252,88.868435,
67,铁门关市东北小两口烧烤餐饮店,餐饮服务,铁门关市,,,三十六团农贸市场21号3室,39.241779,88.899765,
67,米兰服务区餐饮,餐饮服务,铁门关市,,,米兰服务区与G0612西和高速交叉口东440米,39.198318,88.915962,
68,香满楼餐饮,餐饮服务,可克达拉市,,,六十七团中学东北侧210米,43.801976,80.760558,
68,八八餐饮休闲城,餐饮服务,可克达拉市,,,友好南路28号,43.801531,80.764992,
68,兰兰餐饮(宏远新天地宜居店),餐饮服务,可克达拉市,,,汉江西路675号,43.942977,80.994687,
68,文远大酒店-餐饮部,餐饮服务,可克达拉市,,,安康东路与紫金山路交叉口东南100米,43.930221,81.002526,
68,疆味儿餐饮(润德·紫金名门店),餐饮服务,可克达拉市,,,紫金名门C2-115,43.934199,81.009076,
69,唐赛热美食餐饮店,餐饮服务,塔城市,,,光明路与生产街交叉口东南40米,46.743230,82.983230,
69,尝来餐饮旋转小火锅(卓越康城文景苑店),餐饮服务,乌苏市,,,天津路与海河东路交叉口南220米,44.425181,84.706245,
69,柒月楼兰特色餐饮店,餐饮服务,乌苏市,,,黄河东路578号,44.423264,84.739212,
70,昆玉市维恒餐饮有限公司,公司企业,昆玉市,,,昆泉镇团结路跃进水库蒙古包1号(皮山农场二连跃进水库旁),37.640144,78.347917,
70,贺贺餐饮店,餐饮服务,昆玉市,,,强国路与306乡道交叉口东北340米,37.685936,78.469107,
70,江湖味道餐饮店(光荣路店),餐饮服务,昆玉市,,,光荣路与勤劳路交叉口东北80米,37.684422,78.472837,
70,祝氏餐饮,餐饮服务,昆玉市,,,龙博苑,37.210775,79.278375,
70,豫梅餐饮店,餐饮服务,昆玉市,,,新疆维吾尔自治区昆玉市新疆昆玉市224团迎宾路东侧,37.208735,79.291212,
70,同乐餐饮店,餐饮服务,昆玉市,,,海尔专卖店(和泰新村商业街店)西侧140米,37.362431,79.338367,
71,新疆昆仑雪菊商贸有限公司,餐饮服务,皮山县,,,克里阳乡巴扎路17-24号,37.262175,77.836425,
71,和田地区皮山县味疆来餐饮,餐饮服务,皮山县,,,新城街道朝阳社区新时代广场6号楼103号,37.574363,78.283485,
71,楚味轩餐饮店,餐饮服务,皮山县,,,北纬三路与安徽大道交叉口西100米,37.576269,78.283963,
71,皮山县塞窝浦餐饮服务有限公司,公司企业,皮山县,,,固玛镇阿斯提阔什村安徽大道21-60号,37.609750,78.285989,
71,墨玉县金街餐饮店,餐饮服务,墨玉县,,,博斯坦库勒园区3号2号楼6号门面,37.120862,79.639620,
71,骆驼客餐饮馆,餐饮服务,和田市,,,315国道与326省道交叉口西100米,37.169925,79.870075,
71,和田市阗籁之园餐饮店,餐饮服务,和田市,,,肖尔巴格乡祥和村4小队84号1楼,37.112107,79.896507,
71,熊氏餐饮南昌拌粉瓦罐汤川亿店,餐饮服务,和田市,,,古勒巴格街道西大桥社区凯旋路4号A10栋1层111号,37.106389,79.917398,
71,和田市朵拉提餐饮店,餐饮服务,和田市,,,乌鲁木齐北路359号,37.135047,79.915403,
71,抓饭旺(和田总店),餐饮服务,和田市,,,广场西路49号,37.109173,79.921783,
71,辣辣贝餐饮,餐饮服务,和田市,,,塔乃衣北路115号1栋1层89号,37.119735,79.922144,
71,和田市何胖子家宴餐厅,餐饮服务,和田市,,,阿恰勒东路181号新夜市2层,37.098942,79.939379,
71,嘉宾餐饮店,餐饮服务,和田市,,,夏玛勒巴格路52号,37.110788,79.947961,
71,新疆玛啡琊餐饮有限公司和田分公司,公司企业,和田市,,,326省道679号,37.101475,79.950775,
71,赣味鲜餐饮店,餐饮服务,和田市,,,滨河南路86号川亿·君玉里,37.099050,79.955261,
71,铜锅餐饮馆,餐饮服务,和田市,,,315国道115号,37.120825,79.953825,
71,香鸡餐饮店,餐饮服务,洛浦县,,,城区街道英买里社区和田路10号艾德莱斯广场壹层1-23号,37.075397,80.183027,
71,秀花餐饮店,餐饮服务,洛浦县,,,多鲁吐格曼珞与北京路东延交叉口东北120米兰天凯景花苑B区秀花餐饮店,37.067925,80.191325,
71,洛浦县夏季美然餐饮酒店,餐饮服务,洛浦县,,,双拥路3号,37.074227,80.190765,
71,湘疆情餐饮店,餐饮服务,洛浦县,,,城区街道办事处喀勒尕其巴格社区蓝天凯景花苑B区一楼商铺120.121.122号,37.067568,80.191759,
71,民丰服务区新疆特色美食,餐饮服务,民丰县,,,G0612西和高速与民丰服务区交叉口西500米,36.994514,82.725322,
71,苦牙克服务区餐厅,餐饮服务,民丰县,,,216国道与苦牙克服务区交叉口北220米,36.560400,83.518591,
71,遂宁花木兰饭店(暂停营业),住宿服务,皮山县,,,花木兰饭店(人民政府背后),36.352434,78.030756,
72,香满厨餐饮,餐饮服务,哈巴河县,,,库勒拜镇喀拉布拉克村116号,48.287525,86.337675,
72,新疆乡肴餐饮管理有限公司,公司企业,哈巴河县,,,解放路与文化北路交叉口西100米,48.061739,86.418399,
72,清疆裕小木屋餐饮,餐饮服务,哈巴河县,,,阿勒泰地区新疆维吾尔自治区哈巴河县锦绣华庭小区韵达快递楼下,48.062121,86.421462,
72,哈巴河县粉巴扎米餐饮店,餐饮服务,哈巴河县,,,粉巴扎炒米粉,48.056957,86.426254,
72,早尚好餐饮店,餐饮服务,布尔津县,,,星光小区西南门旁,47.706612,86.856310,
72,祖母莱提阿图仕特色餐饮,餐饮服务,布尔津县,,,新疆阿勒泰地区布尔津县医药公司旁边友谊峰南路11号,47.703602,86.861335,
72,包餐谋餐饮店,餐饮服务,布尔津县,,,神湖路7号,47.699291,86.875378,
72,海流滩服务区餐厅,餐饮服务,布尔津县,,,铁喀段与海流滩服务区交叉口南360米,48.251132,87.020845,
72,克拉美丽服务区沙漠餐厅,餐饮服务,福海县,,,克拉美丽服务区西30米,45.251427,87.404251,
72,巴喜达斯特汗餐饮店,餐饮服务,福海县,,,幸福嘉园1-01,47.115343,87.486697,
72,沙亚巴合餐饮宴会厅,餐饮服务,福海县,,,福海镇永安东路农副产品批发交易市场分练中心一层03号商铺,47.106259,87.492841,
72,三个泉子停车区餐饮,餐饮服务,福海县,,,三个泉子停车区西北侧,46.168233,87.575367,
72,可爱的新疆丝路宴店,餐饮服务,布尔津县,,,禾木哈纳斯蒙古民族乡禾木村入口服务区C5,48.577566,87.467077,
72,天池秋红餐饮店,餐饮服务,福海县,,,一八二团光明南街海润宾馆1区105室,46.691076,87.886885,
72,巴乐黛餐饮店,餐饮服务,福海县,,,喀拉玛盖镇唐巴勒村,46.573490,88.110002,
72,阿勒泰市西西里餐饮店,餐饮服务,阿勒泰市,,,迎宾路克兰区24号家美家商业1栋2层46-53号,47.808209,88.117612,
72,嗨马合餐饮,餐饮服务,阿勒泰市,,,五指泉街黄金河谷3期16号楼底商,47.806582,88.124800,
72,阿勒泰市白凯热餐饮店,餐饮服务,阿勒泰市,,,1号麦芽民宿酒店一期1栋1层6号门面,47.869731,88.127621,
72,金山五道巷聚家餐饮,餐饮服务,阿勒泰市,,,五道巷与金山路交叉口东20米,47.852492,88.135636,
72,牛羊道餐饮,餐饮服务,富蕴县,,,幸福路与赛尔江西路交叉口北160米,46.997498,89.512635,
72,索菲雅餐饮,餐饮服务,富蕴县,,,迎宾西路与迎宾路交叉口东南200米,46.989142,89.521479,
72,富蕴县海峰兄弟餐饮,餐饮服务,富蕴县,,,库额尔齐斯镇人民路瑞祥苑小区8-001号门面房,46.996915,89.521724,
72,恰库尔图服务区餐厅,餐饮服务,富蕴县,,,恰库尔图服务区西侧,46.370822,89.583978,
72,雪域捌加壹餐饮,餐饮服务,富蕴县,,,可可托海镇迎宾西路6号5-118、5-119号,47.215723,89.822685,
72,七分饱餐饮,餐饮服务,富蕴县,,,可可托海镇艾斯食堂二楼,47.214248,89.828796,
73,城投云厨餐饮管理有限公司,公司企业,石河子市,,,北泉镇青岛路10号,44.347497,86.023524,
73,石河子铁榆树丸子汤.新疆菜,餐饮服务,石河子市,,,西一路112-1号,44.306505,86.028522,
73,石河子市艾尼一把抓餐饮馆,餐饮服务,石河子市,,,西环路99号,44.303241,86.035313,
73,方圆餐饮广场,餐饮服务,石河子市,,,北四路三十一号小区101号,44.308137,86.059389,
73,石河子椿不碗轻卡餐饮店,餐饮服务,石河子市,,,万达金街二楼6A11号,44.285459,86.067939,
74,石河子枫林晚餐饮管理有限公司,公司企业,玛纳斯县,,,莫索湾一五零团(西古城)青年宫社区七小区12号,45.016244,86.108615,
74,琦琦餐饮,餐饮服务,玛纳斯县,,,158县道与307乡道交叉口东80米,44.321797,86.184828,
74,高凡餐饮高师傅饭庄,餐饮服务,玛纳斯县,,,青年路与文化南路交叉口西140米,44.306848,86.214169,
74,绥来宴餐饮店,餐饮服务,玛纳斯县,,,中华碧玉园内(东侧),44.282225,86.223775,
74,玛纳斯县塔西河乡沃尔达餐饮服务店,餐饮服务,玛纳斯县,,,[],43.954843,86.305927,
74,香聚客餐饮店,餐饮服务,玛纳斯县,,,I区53幢包家店镇区乌伊路北侧312国道,44.250246,86.307451,
74,五工台服务区餐饮,餐饮服务,呼图壁县,,,五工台服务区南侧,44.169370,86.792973,
74,食道餐饮(五工台幸福村店),餐饮服务,呼图壁县,,,百福巷,44.189237,86.804807,
74,四季如阁餐饮服务店,餐饮服务,呼图壁县,,,五工台镇农牧业机械管理服务站中国石油呼图壁大桥加油站西侧,44.189951,86.828223,
74,昌吉市香满边城餐饮店,餐饮服务,昌吉市,,,昌吉高新区科技大道新型材料科技示范园1号楼8号商铺,44.109745,87.028770,
74,新疆臻味飨悦餐饮管理有限公司,公司企业,昌吉市,,,昌吉凯萨发艺工作室南侧230米,44.089025,87.059325,
74,老沙餐饮,餐饮服务,昌吉市,,,[],43.998822,87.065893,
74,铁世餐饮(东方金苑店),餐饮服务,昌吉市,,,东方金苑,44.003125,87.066760,
74,香特立餐饮店,餐饮服务,昌吉市,,,283乡道与281乡道交叉口南100米,44.054325,87.229625,
74,新疆众创共赢餐饮管理有限公司,公司企业,昌吉市,,,康源路1号,44.039541,87.232930,
74,昌吉学院一家亲餐饮美食广场,餐饮服务,昌吉市,,,南公园西路2739号,44.016325,87.246576,
74,昌吉祥财餐饮店香酥鸭拌饭,餐饮服务,昌吉市,,,南公园西路2739号一品商都东门面8-3,44.012456,87.247928,
74,新疆从疆来餐饮管理有限公司,公司企业,昌吉市,,,嘉迪科技大厦,43.985863,87.250915,
74,新疆疆铭餐饮管理有限公司,公司企业,昌吉市,,,和谐国际广场D座,44.015973,87.261235,
74,新疆人诚餐饮管理有限公司,公司企业,昌吉市,,,和谐巷与文苑路交叉口西北40米,44.017456,87.262752,
74,友情餐饮,餐饮服务,昌吉市,,,华洋上城,43.979525,87.266225,
74,忆兰世家餐饮店,餐饮服务,昌吉市,,,南公园西路特变世纪广场东苑C座209室,44.002575,87.273025,
74,江川右双禾驿餐饮店,餐饮服务,昌吉市,,,中山路天和婚恋广场77区3丘15栋1单元1区1层110号,44.015617,87.279425,
74,味之禧餐饮奇台三凉烧烤,餐饮服务,昌吉市,,,宁边路与天山路交叉口农机局楼下,44.024262,87.293384,
74,多禾餐饮,餐饮服务,昌吉市,,,新疆北京南路街道天方社区北京南路昌建花园1-023号商铺,44.003597,87.297648,
75,吐热木餐饮店,餐饮服务,轮台县,,,南环路与小康路交叉口东南40米,41.766275,84.260825,
75,夕阳红餐饮店,餐饮服务,轮台县,,,揽水小区,41.788454,84.288561,
75,轮台县丰满楼餐饮服务店,餐饮服务,轮台县,,,塔里木路9-12号,41.793607,84.289017,
75,阳霞服务区蜜泉饭店,餐饮服务,轮台县,,,阳霞服务区电动汽车充电站西侧120米,42.006242,84.597999,
75,阳霞服务区金丝路驿站风味餐厅,餐饮服务,轮台县,,,阳霞服务区北40米,42.009002,84.599337,
75,满口香餐饮店,餐饮服务,且末县,,,解放北路与八一巷交叉口西北180米,38.151075,85.530025,
75,且末服务区餐厅,餐饮服务,且末县,,,G0612西和高速与且末服务区交叉口西440米,38.216325,85.582204,
75,库尔勒豫疆食府餐饮店,餐饮服务,库尔勒市,,,华油工建塔二期生活营地西侧160米,41.916225,85.377725,
75,艾依斯特色餐饮,餐饮服务,库尔勒市,,,民主大道东路与樱花路交叉口东南340米,41.891752,85.417013,
75,一路好运餐饮店,餐饮服务,且末县,,,315国道路边,38.473878,85.761245,
75,塔提让镇国道服务区味之然风味餐厅,餐饮服务,且末县,,,塔提让镇阿德热斯曼村一组315国道,38.471404,85.778039,
75,和味田香餐饮店,餐饮服务,库尔勒市,,,普惠农场二队25懂1号,41.431658,85.891058,
75,颐品阁餐饮店,餐饮服务,库尔勒市,,,普惠农场库尔勒颐品阁餐饮店,41.431989,85.893513,
75,巴州留念餐饮管理有限公司,公司企业,库尔勒市,,,勇伽广域空调制冷设备中心西侧180米,41.794075,86.111975,
75,古丫餐饮公司,公司企业,库尔勒市,,,天山西路78号,41.801083,86.113424,
75,合雅丽坦餐饮店,餐饮服务,库尔勒市,,,88号小区西侧240米,41.780795,86.123745,
75,库尔勒绿胡杨戈壁餐饮店,餐饮服务,库尔勒市,,,复兴大道北段566号安丰综合楼1层1-2号,41.792874,86.126745,
75,金饭碗餐饮,餐饮服务,库尔勒市,,,铁克其乡腾飞路220号星海辰苑21栋1层06号,41.701301,86.133025,
75,巴烤疆餐饮店,餐饮服务,库尔勒市,,,团结建国南路华山龙湖苑29号楼1层21号,41.752003,86.136968,
75,老城滋味餐饮店,餐饮服务,库尔勒市,,,建国南路20号,41.751174,86.140001,
75,珍享受滋味餐饮店馆,餐饮服务,库尔勒市,,,其兰巴格街与英下路交叉口北360米,41.745375,86.141539,
75,香满居餐饮店,餐饮服务,库尔勒市,,,兰干路与团结北路交叉口西160米,41.754433,86.143224,
75,库尔勒太幕白合餐饮店,餐饮服务,库尔勒市,,,铁克其乡艾兰巴格村6组53-3号,41.735434,86.144916,
75,面条师餐饮店,餐饮服务,库尔勒市,,,铁克其乡海勒派艾日克村113号-33,41.729367,86.145435,
75,太慕白合餐饮,餐饮服务,库尔勒市,,,220县道与喀拉苏路交叉口北220米,41.733775,86.145225,
76,鑫源泉餐饮店,餐饮服务,温泉县,,,博格达尔镇温泉小镇7栋1层09-10号,44.972141,81.020672,
76,沙枣花餐饮,餐饮服务,博乐市,,,赛里木湖景区西海路华住美伦商业综合区,44.616927,81.389006,
76,柳羔羊烧烤餐饮,餐饮服务,博乐市,,,中国石油(城西加油站)西南侧60米,44.911175,82.045225,
76,苏福特餐饮(博乐店),餐饮服务,博乐市,,,永隆广场6号商铺,44.854785,82.062339,
76,博乐市百信长城餐饮管理有限公司,公司企业,博乐市,,,青得里街道联通路现代中心城1幢9-019,44.899504,82.072498,
76,精河县赛香十里餐饮服务中心,餐饮服务,精河县,,,八家户农场服务区枸杞产业园商业街4幢4号,44.565449,82.798074,
76,奔跑的肉饼子特色餐饮精河服务区分店,餐饮服务,精河县,,,G30精河服务区枸杞小镇8-3,44.567114,82.802800,
76,托托服务区丝路大尾羊餐厅,餐饮服务,精河县,,,托托服务区与G30连霍高速交叉口东南340米,44.538659,83.558196,
77,阿热斯餐饮,餐饮服务,察布查尔锡伯自治县,,,313省道与广东路交叉口东120米,43.684026,80.636647,
77,昭苏县味之享餐饮店,餐饮服务,昭苏县,,,天马商业楼W街区104室,43.154598,81.120595,
77,昭苏县巴斯陶主题餐饮店,餐饮服务,昭苏县,,,洪纳海街162号凤凰国际酒店162-7-8门店,43.154072,81.129864,
77,牛录人家餐饮,餐饮服务,察布查尔锡伯自治县,,,伊昭公路与纬一路交叉口东北60米,43.830875,81.179775,
77,伊宁市正莲餐饮店,餐饮服务,伊宁市,,,成都南路以西陇源枫璟B座商业楼1层104号,43.935475,81.235675,
77,伊宁市食欲味餐饮店,餐饮服务,伊宁市,,,巴彦岱镇墩巴扎村铁厂沟路二巷18号-4号店铺,43.970477,81.244605,
77,新疆一个七餐饮服务有限公司,公司企业,伊宁市,,,深圳南路6号20层,43.929170,81.255270,
77,新疆阿乐腾陶餐饮,餐饮服务,伊宁市,,,一桥路与伊兴大道交叉口西420米,43.871475,81.268225,
77,金粥缘餐饮,餐饮服务,伊宁市,,,汉滨乡汉滨村二组六巷49号,43.936557,81.262162,
77,新疆尚杰奕锦餐饮管理有限公司,公司企业,伊宁市,,,经济开发区上海路2699号万容广场商业综合体A座19层B座19层,43.932225,81.263825,
77,新疆青创德餐饮有限公司,公司企业,伊宁市,,,新华西路与阿勒玛勒路交叉口西300米,43.909375,81.271325,
77,伊犁旅游发展投资有限责任公司伊宁市餐饮分公司,公司企业,伊宁市,,,重庆中路与辽宁路交叉口南260米,43.944858,81.266912,
77,伊宁市老广味餐饮店,餐饮服务,伊宁市,,,深圳路与安徽路交叉口东北140米,43.943098,81.268662,
77,新茂业国际购物中心餐饮区,餐饮服务,伊宁市,,,经济合作区山东路朝北199号伊犁悦桐购物中心,43.924575,81.277425,
77,伊宁市恒鑫餐饮管理有限公司,公司企业,伊宁市,,,辽宁路1369号白桦国际F1层,43.941825,81.274975,
77,永丽餐饮,餐饮服务,伊宁市,,,经济合作区安徽路1116号盈佳菁华雅居商铺活动中心一层103室,43.938495,81.275571,
77,朝夕食间餐饮店,餐饮服务,伊宁市,,,春城西门北京北路108号,43.934748,81.279182,
77,啸迩膳餐饮店,餐饮服务,伊宁市,,,西拓世贸中心C2-119号,43.964073,81.276464,
77,乡味厨餐饮,餐饮服务,伊宁市,,,斯大林西路六巷与斯大林路六巷交叉口东南40米,43.924075,81.309725,
77,酷雅西芭格餐饮,餐饮服务,伊宁市,,,江苏路与解放路后七巷交叉口东南40米,43.931384,81.313987,
77,伊锅端餐饮小吃店,餐饮服务,伊宁市,,,飞机场路3号,43.920391,81.317550,
77,疆粒粒餐饮店,餐饮服务,伊宁市,,,解放路一巷29号,43.926222,81.319254,
77,甜脉阁餐饮店,餐饮服务,伊宁市,,,达达木图镇杏园街8号,43.974622,81.316298,
77,婲茶怡餐饮店,餐饮服务,伊宁市,,,都来提巴格街道红旗路97号,43.909938,81.328606,
77,民纵乐餐饮,餐饮服务,伊宁市,,,胜利南路与新华东路交叉口东北60米,43.913212,81.332952,
78,阿拉尔市安智云厨餐饮管理服务有限公司,公司企业,阿拉尔市,,,环城西路768号,40.555278,81.246305,
78,阿拉尔市预安餐饮服务有限公司鲁·鲜羊肉汤,餐饮服务,阿拉尔市,,,观云府南门西100米,40.570640,81.275313,
78,赵世餐饮拌面大盘鸡,餐饮服务,阿拉尔市,,,幸福路街道大学北路808号胡杨河商业街2号楼106商铺,40.558166,81.296786,
78,方脑壳餐饮店,餐饮服务,阿拉尔市,,,井冈山大道与将军大街交叉口东180米,40.558625,81.310225,
79,塔什库尔干老湘厨餐饮店,餐饮服务,塔什库尔干塔吉克自治县,,,塔什库尔干镇红其拉甫路022号附125号,37.778406,75.225503,
79,塔什库尔干湘湘满楼餐饮店,餐饮服务,塔什库尔干塔吉克自治县,,,自治县桥格里路055号8号楼101号,37.757099,75.234045,
79,紫花牧场服务区川菜馆,餐饮服务,塔什库尔干塔吉克自治县,,,汽车充电站(紫花牧场服务区充电站)南侧70米,37.205365,75.454098,
79,疏附县园丁我家餐饮店,餐饮服务,疏附县,,,布拉克苏乡代苏村团结路B区41号商铺,39.264092,75.806244,
79,疏附县黔湘聚餐饮服务部,公司企业,疏附县,,,津滨路3号,39.411925,75.905075,
79,八方来元餐饮店,餐饮服务,疏附县,,,花城大道与五羊大道交叉口东南400米,39.414434,75.910200,
79,御美味餐饮配送店,餐饮服务,喀什市,,,库克兰农产品批发市场,39.476325,75.923275,
79,喀什市胡麻餐饮店,餐饮服务,喀什市,,,西公园街道园丁路社区月星路19号南疆环球港星悦府S03幢S02号店铺,39.469898,75.944876,
79,喀什宏昌餐饮管理有限公司,公司企业,喀什市,,,西环路与团结路交叉口西240米,39.457527,75.965000,
79,悬铃木餐饮厅,餐饮服务,喀什市,,,夏马勒巴格路26号,39.477613,75.971523,
79,喀什市啤卤先生餐饮店,餐饮服务,喀什市,,,夏马勒巴格镇克孜勒都维村亚贝西路宝宏酒店2层2-1号,39.452106,75.981582,
79,喀什市锦筵餐饮店,餐饮服务,喀什市,,,玉吉米力克路与玉吉米力克路二巷交叉口东北20米,39.452725,75.988275,
79,尊享餐饮店,餐饮服务,喀什市,,,民主路与人民西路交叉口南200米,39.465325,75.987075,
79,新疆买香餐饮管理有限公司,公司企业,喀什市,,,解放南路43号渝都大厦,39.465516,75.990309,
79,美馔常逢餐饮馆,餐饮服务,喀什市,,,迎宾大道与广东路交叉口东北60米,39.482181,75.992047,
79,花坛餐饮馆,餐饮服务,喀什市,,,天南路29号院客运大厦,39.466909,75.997249,
79,金筷餐饮店,餐饮服务,喀什市,,,天南路71号(东单小区)13栋1号金筷餐饮店,39.465282,75.998585,
79,膳悦鸽坊餐饮店,餐饮服务,喀什市,,,吐曼路与中西亚市场路交叉口北260米,39.473882,75.999080,
79,新疆林洲沣餐饮管理服务有限公司,公司企业,喀什市,,,湖畔路与班超路交叉口东南160米,39.451891,76.003590,
79,新疆臻劳道餐饮管理有限公司,公司企业,喀什市,,,唐城国际商业步行街商务大厦,39.451864,76.003619,
79,名羊盛宴餐饮,餐饮服务,喀什市,,,亚瓦格街道清泉社区迎宾大道北巷385号,39.493277,75.998795,
79,喀什市烧无二餐饮店,餐饮服务,喀什市,,,恰萨街道南湖路社区南湖路11号(欧景名苑小区三期)54栋楼1层S03室商铺,39.448612,76.009905,
79,喀什市红河渠餐饮馆,餐饮服务,喀什市,,,昆仑大道403号,39.425051,76.017889,
79,精选鲜味餐饮,餐饮服务,喀什市,,,东湖街道永康社区青年南路005号院73号,39.457171,76.016282,
79,五斗餐饮,餐饮服务,喀什市,,,雪乡自助水饺对面,39.461857,76.017055,
80,漠上花开餐饮俱乐部,餐饮服务,独山子区,,,伊宁路与安庆路交叉口东40米,44.327525,84.868025,
80,托克逊老四号餐饮(一分店),餐饮服务,独山子区,,,准南路25号,44.323717,84.878855,
80,桃李翰文餐饮店,餐饮服务,独山子区,,,银川路与大庆东路交叉口东北60米,44.329343,84.885789,
80,托克逊老四号餐饮,餐饮服务,独山子区,,,大庆东路与盘锦路交叉口东200米,44.336005,84.926219,
80,阿罗新疆菜粤菜海鲜,餐饮服务,克拉玛依区,,,南新路A13栋101,45.576180,84.878477,
80,栗朵家餐饮店,餐饮服务,克拉玛依区,,,古海街道恒源路39-307号亚欧·缤润汇3楼,45.570134,84.906267,
80,克拉玛依区湘悦雅宴餐饮店,餐饮服务,克拉玛依区,,,吉祥路86-103号,45.573612,84.911397,
81,托克逊鑫沙枣花餐饮,餐饮服务,托克逊县,,,天雨煤化工东南侧约0.76公里处S301省道北侧约0.07公里处1层6-7号,42.798525,88.281475,
81,姜记餐饮,餐饮服务,高昌区,,,幸福路与小湾巷交叉口东40米,42.948175,89.179725,
81,石榴花开餐饮,餐饮服务,高昌区,,,高昌区绿洲西路303号,42.947011,89.185607,
82,梯子泉服务区餐厅,餐饮服务,伊州区,,,洪通燃气梯子泉服务区LNG/CNG加气站西北侧150米,43.252573,92.547609,
82,喜鹅.纳加餐饮(泽宇店),餐饮服务,伊州区,,,泽宇惠民小区西区东北门西北60米,42.834709,93.483529,
82,西域阿凡提主题餐饮,餐饮服务,伊州区,,,中和嘉苑,42.855175,93.484825,
82,福鑫宫餐饮,餐饮服务,伊州区,,,伊州区友谊商贸城4楼5楼,42.844846,93.500808,
82,勤福宫餐饮店(营丰大厦店),餐饮服务,伊州区,,,伊州区伊州区伊州区伊州区营丰大厦2楼,42.835824,93.506587,
82,驴大厨湘菜餐饮店,餐饮服务,伊州区,,,军垦路与312国道交叉口西180米,42.876614,93.547573,
82,梦湘源餐饮店(太阳·绿城店),餐饮服务,伊州区,,,伊州区青年北路与延安路交叉口东北200米,42.834706,93.548940,
82,白山泉服务区鸿顺餐厅,餐饮服务,伊州区,,,汽车充电站(白山泉服务区北区乌鲁木齐方向)东侧50米,42.115231,96.045080,
83,刘记餐饮,餐饮服务,新星市,,,新星市红星四场二牧场安置小区十一号楼1号门面,42.563743,94.145604,
83,新星市盛添抓饭盛添餐饮店(暂停营业),餐饮服务,新星市,,,红星一场暄花苑小区45-11号,42.774678,93.587692,
84,云味居餐饮店草湖店,餐饮服务,图木舒克市,,,41团草湖镇幸福路,39.286973,76.015903,
84,湘聚楼湘菜餐饮店,餐饮服务,图木舒克市,,,小海子东街21号富居康,39.876335,79.085719,
84,图木舒克市塞拉宫餐饮店(小海子东街店),餐饮服务,图木舒克市,,,小海子东街23号凯富国际广场2单元1层2-1-22号,39.876333,79.087593,
84,金公羊餐饮店,餐饮服务,图木舒克市,,,前海东街14号,39.859971,79.090430,
84,唐王村餐饮中心,体育休闲服务,图木舒克市,,,宝托段,39.912432,79.099121,
85,白杨餐饮店,餐饮服务,柯坪县,,,苏巴什路77号,40.533899,79.023761,
85,疆牧客餐饮,餐饮服务,柯坪县,,,生态佳苑1栋1层103/104/105/106,40.505318,79.056662,
85,阿恰服务区艾合买提江烤肉大王快餐厅,餐饮服务,柯坪县,,,阿恰服务区西侧,40.488006,79.307210,
85,寻味记餐饮店,餐饮服务,乌什县,,,乌什镇林基路11号,41.215341,79.231379,
85,麦香园餐饮店,餐饮服务,乌什县,,,友谊路与林基路西街交叉口东南220米,41.215352,79.241113,
85,红柳园餐饮馆,餐饮服务,乌什县,,,443乡道与麦盖提路交叉口北440米,41.240725,79.247225,
85,舒畅餐饮店,餐饮服务,阿克苏市,,,奥克闫家电维修中心东北侧50米,41.167275,80.208025,
85,温宿县疆域牧场餐饮店,餐饮服务,温宿县,,,复兴大道金桥-太古里7-105铺,41.243225,80.240825,
85,禾月餐饮,餐饮服务,阿克苏市,,,麦子街与幸福路交叉口东60米,41.179125,80.253175,
85,黄师傅餐饮有限责任公司,公司企业,温宿县,,,托峰路与金桥街交叉口北160米,41.243383,80.244949,
85,温宿县领越餐饮服务有限公司,公司企业,温宿县,,,乐美佳苑东南门旁,41.251969,80.245732,
85,新疆地亚热木餐饮服务有限公司,公司企业,阿克苏市,,,心怡路与祥和路交叉口西南200米,41.160103,80.261343,
85,前景餐饮馆,餐饮服务,阿克苏市,,,老街与民俗街交叉口东120米,41.143250,80.266611,
85,金鸿汇餐饮娱乐馆,餐饮服务,阿克苏市,,,衣杆其镇依干其村凤泉街10号楼1一2层101号商铺,41.145461,80.269763,
85,阿克苏市笨鸡小跑餐饮店,餐饮服务,阿克苏市,,,新城街道健康社区祥和路10号老药监局办公楼1楼,41.164499,80.269783,
85,美禾餐饮,餐饮服务,阿克苏市,,,阿克苏银基王朝小区,41.183425,80.270875,
85,小蒋餐饮,餐饮服务,阿克苏市,,,兰干街道英阿瓦提路社区英阿瓦提路北侧天成福都二期9号楼一楼135-1商铺,41.181746,80.271184,
85,星空火焰餐饮管理服务有限公司,公司企业,阿克苏市,,,北京东路与幸福北路交叉口西200米,41.175125,80.273775,
85,韵膳棠餐饮(阿克苏店),餐饮服务,阿克苏市,,,御湖庄园,41.197834,80.270770,
85,好味道餐饮店,餐饮服务,阿克苏市,,,上海西路与健康路交叉口东160米,41.153096,80.282496,
85,为你心动餐饮店,餐饮服务,阿克苏市,,,天力锦上云居3-8商铺门面,41.191407,80.279645,
85,明华大酒店·餐饮,餐饮服务,阿克苏市,,,解放北路与北京东路交叉口东北100米,41.179991,80.284066,
85,廖记餐饮牛扎煲,餐饮服务,阿克苏市,,,新城街道民主路7-37号,41.175579,80.286177,
85,疆潮麻辣餐饮店(解放中路店),餐饮服务,阿克苏市,,,解放中路11号3号门面,41.176701,80.287578,
85,美食园餐饮,餐饮服务,阿克苏市,,,建设路与北京东路交叉口东南120米,41.182123,80.289912,
86,乌鲁木齐南山森林康养度假酒店餐饮部,餐饮服务,乌鲁木齐县,,,西白杨沟风景区管理处西侧,43.423675,87.161725,
86,新疆领呗餐饮连锁管理有限公司,公司企业,头屯河区,,,东坪大道95-1号,43.923684,87.381551,
86,家利餐饮(椒麻鸡刀削面),餐饮服务,乌鲁木齐县,,,金桥路南七巷(海棠花园)2-107,43.838125,87.408075,
86,众联餐饮服务饭堂,餐饮服务,头屯河区,,,万盛大街4253号,43.832433,87.444496,
86,家乐餐饮店,餐饮服务,沙依巴克区,,,紫金城西湖锦园,43.789901,87.464752,
86,福贵餐饮重庆老火锅(西湖御园店),餐饮服务,沙依巴克区,,,西泉街1050号西湖御园小区19-D4商铺,43.782575,87.468675,
86,马良餐饮托克逊拌面大盘鸡,餐饮服务,沙依巴克区,,,兵团十二师西山农场沂蒙山街68号,43.822025,87.481875,
86,经济开发区(头屯河区)早膳坊餐饮店,餐饮服务,沙依巴克区,,,喀纳斯湖南路1275号,43.828392,87.488015,
86,小公羊烧烤餐饮店,餐饮服务,沙依巴克区,,,博湖路297号九点阳光二期B区113,43.806335,87.489553,
86,天惠餐饮,餐饮服务,新市区,,,乌鲁木齐国际机场当局办公楼西北侧140米,43.922816,87.495746,
86,新疆热阿哥餐饮管理有限公司,公司企业,沙依巴克区,,,经济技术开发区,43.839056,87.517776,
86,毅涛源餐饮(和兴·北城大观店),餐饮服务,新市区,,,东戈壁村二街111号和兴·北城大观,43.966881,87.516413,
86,新疆珍闽味餐饮管理有限公司,公司企业,头屯河区,,,科技园路与中亚北路辅路交叉口北80米,43.885402,87.523863,
86,新疆佳禾宴餐饮管理有限公司,公司企业,头屯河区,,,经济技术开发区卫星路515号秦基大厦D座8-03室,43.855827,87.525656,
86,新疆中膳餐饮集团有限公司,公司企业,头屯河区,,,嵩山街黄山街卫星路513号秦基国际大厦D座19楼1901,43.855909,87.525721,
86,新疆马丽丽餐饮管理服务有限公司,公司企业,新市区,,,北京北路3999号阳光恒昌·商务公园,43.934975,87.527375,
86,三回头餐饮店,餐饮服务,头屯河区,,,喀什西路七天酒店旁,43.882001,87.530083,
86,解行舟餐饮管理有限公司,公司企业,新市区,,,常州街88号通嘉·福地亚中心,43.912875,87.541375,
86,新疆风味麦尔合吧餐饮第四分店,餐饮服务,沙依巴克区,,,泽普街500号,43.812350,87.548459,
86,疆火火干锅餐饮店,餐饮服务,沙依巴克区,,,西城街685号荣和城二期B6-111,43.833262,87.552599,
86,冶世餐饮牛肉面拌面烧烤新疆菜(荣和城店),餐饮服务,沙依巴克区,,,西城街526号荣和城4期商住小区D区1,43.834248,87.558125,
86,好好吃餐饮,餐饮服务,新市区,,,喀什东路1111号吾悦广场,43.894185,87.555790,
86,马嘉楠餐饮,餐饮服务,新市区,,,河北东路1071号,43.881288,87.556704,
86,莱再提餐饮,餐饮服务,新市区,,,河北东路与河北东路北一巷交叉口东北40米,43.881512,87.557418,
86,尕盼舍餐饮(三工湖州路店),餐饮服务,新市区,,,湖州路1000号1层02号自建房,43.923261,87.569233,
87,膳聚餐饮馆,餐饮服务,胡杨河市,,,黄河北街与团结西路交叉口南200米,44.715125,84.825125,
88,新天地餐饮咨询服务部,公司企业,五家渠市,,,友谊路与长安西街交叉口南100米,44.168149,87.530590,
89,白杨市味美聚餐饮店,餐饮服务,白杨市,,,白杨市163团阿克乔克中街16号,46.726085,82.894726,
89,魔味鸭餐饮(163白杨市店),餐饮服务,白杨市,,,白杨市163团底商住宅2层光明路7号,46.726525,82.897975,
89,炊事班餐饮(育才路店),餐饮服务,白杨市,,,乌拉斯台街1号,46.844775,82.949875,
90,阿克陶县香遇餐饮店,餐饮服务,阿克陶县,,,塔尔塔吉克民族乡巴格村1组98号,37.846386,76.042046,
90,洪七公吃串串餐饮店,餐饮服务,阿克陶县,,,乐陶苑小区大门口右侧二楼,39.162702,75.970931,
90,帕尔拉餐饮,餐饮服务,阿图什市,,,人民路2-70-2-25号,39.722030,76.174356,
90,阿图什锅勺故事餐饮,餐饮服务,阿图什市,,,阿图什市天山东路33号金洋芋大厦综合楼二楼,39.718967,76.177037,
90,帕尔拉餐饮(幸福小区店),餐饮服务,阿图什市,,,幸福小区西门旁,39.713519,76.178695,
91,天池卤香餐饮店,餐饮服务,保康县,,,城关镇河街路东街,31.875891,111.258810,
91,保康县尚诚居餐饮店,餐饮服务,保康县,,,城关镇黄土岭村一组61号,31.842443,111.277520,
91,谷城服务区餐厅,餐饮服务,谷城县,,,谷城服务区东侧,32.266229,111.441914,
91,臻香餐饮店,餐饮服务,保康县,,,环山路4号,31.548399,111.337618,
91,嘉悦山居民宿餐饮,餐饮服务,谷城县,,,双阳街,32.326493,111.613405,
91,老河口服务区餐厅,餐饮服务,老河口市,,,S99邓老高速与老河口服务区交叉口西南460米,32.522574,111.673767,
91,梦缘餐饮店,餐饮服务,谷城县,,,粉阳路与园林路交叉口西北260米,32.264375,111.625075,
91,鑫旺达餐饮(县府西街店),餐饮服务,谷城县,,,县府西街33号,32.259484,111.643799,
91,云祥餐饮·烤串(影院街路口店),餐饮服务,谷城县,,,西关街与影院街交叉口西南40米,32.263775,111.645625,
91,舒家大院民宿馆•餐饮•住宿•休闲娱乐,体育休闲服务,谷城县,,,盛康镇陈家湾村二组18号,32.117725,111.609925,
91,文文餐饮店,餐饮服务,谷城县,,,庙滩镇万家营村3组137号,32.106625,111.766717,
91,钟岗服务区食必鲜自选餐厅,餐饮服务,襄州区,,,钟岗服务区与G70福银高速交叉口东南400米,32.260579,111.849589,
91,点子餐饮,餐饮服务,老河口市,,,张集镇神龙社区5号楼,32.350561,111.875106,
91,源源餐饮店,餐饮服务,谷城县,,,茨河镇白龙庙村白龙大道193号,32.037204,111.848629,
91,俊海餐饮店,餐饮服务,南漳县,,,凤凰大道279号俊海餐饮店,31.784859,111.838643,
91,南漳芳儒餐饮服务部,购物服务,南漳县,,,玉龙国际商城6-1-107(芳儒茗茶),31.786087,111.858099,
91,一家香餐饮,餐饮服务,襄州区,,,交通路10号,32.212652,111.978370,
91,南漳县周湾肖家大院餐饮店,餐饮服务,南漳县,,,肖堰镇周湾村四组,31.647526,111.855270,
91,湖北悦香阁餐饮管理有限公司,公司企业,樊城区,,,竹叶山水果区西门南B2栋01,32.092219,112.033665,
91,湖北红锐餐饮管理有限公司,公司企业,樊城区,,,牛首镇大李营村七组,32.099940,112.043992,
91,襄阳冰雪盛汇食品有限公司,餐饮服务,樊城区,,,襄阳淘大集冷链物流园内2-1-3,32.106536,112.048852,
91,郝伟餐饮,餐饮服务,南漳县,,,创业路与育英路交叉口西220米,31.713225,111.964825,
91,味你而来餐饮店,餐饮服务,襄城区,,,隆中居委会50号,32.000960,112.043508,
91,襄阳诚鼎牛味鲜食品有限公司,餐饮服务,樊城区,,,柿铺街道味都健康食品产业园内,32.052249,112.094083,
91,襄阳俊盛康餐饮服务有限公司,公司企业,樊城区,,,春园西路1号,32.052525,112.094275,
92,鑫鑫餐饮厅,餐饮服务,竹山县,,,451省道与088乡道交叉口西北60米,32.533383,109.740785,
92,陈小食光餐饮店,餐饮服务,竹溪县,,,城关镇鄂陕大道宏达公司对面停车场福源养老中心旁,32.316890,109.710484,
92,渝二娘菜市餐饮店,餐饮服务,竹溪县,,,鄂陕大道与幸福东路交叉口西北60米,32.312630,109.712236,
92,竹溪县笼里香餐饮店,餐饮服务,竹溪县,,,城关镇沿河路238号,32.315190,109.713449,
92,好食汇餐饮店,餐饮服务,竹溪县,,,竹溪游泳馆东门东南50米,32.317825,109.722575,
92,楠溪餐饮,餐饮服务,竹溪县,,,泉溪镇政府西南侧170米,32.032175,109.697775,
92,明梅餐饮,餐饮服务,竹山县,,,033县道与擂县路交叉口西北340米,32.364625,109.917425,
92,老汉城餐饮店,餐饮服务,竹山县,,,宝丰镇桂香路1-7号,32.299175,110.007225,
92,土又土餐饮店,餐饮服务,竹山县,,,宝丰镇南大街盛怡华府1层,32.296399,110.010757,
92,双子桥餐饮店,餐饮服务,竹溪县,,,向坝乡双桥村4组,31.566076,109.876351,
92,竹山县段厨餐饮,餐饮服务,竹山县,,,溢水镇竹家湾村2组,32.266247,110.091460,
92,燕子小栈餐饮馆,餐饮服务,竹山县,,,021乡道西侧,31.654625,110.033825,
92,七把叉餐饮店,餐饮服务,竹山县,,,十堰路与明清大道交叉口西南60米,32.237410,110.227224,
92,韵品小吃服务馆,餐饮服务,竹山县,,,人民路与广电路交叉口南20米,32.227925,110.226125,
92,竹山莘莘圆餐饮管理有限责任公司,公司企业,竹山县,,,242国道与纵横大道交叉口东北380米,32.241625,110.235925,
92,竹山县金厨卤虾餐饮店,餐饮服务,竹山县,,,城关镇人民路1号2幢1-4号,32.221927,110.236924,
92,兴客餐饮店,餐饮服务,竹山县,,,城关镇民族路2号,32.220367,110.237907,
92,竹山县小滋味餐饮店,餐饮服务,竹山县,,,施洋路与民族路交叉口东北100米,32.220875,110.238025,
92,小马特色餐饮店,餐饮服务,竹山县,,,航运巷与民族路交叉口西北20米,32.220325,110.238625,
92,湖北大唐香口生态农业科技发展有限公司大唐名羊餐饮分公司,公司企业,郧西县,,,老北街与城北路交叉口北60米,32.995322,110.423993,
92,天河金街餐饮区,餐饮服务,郧西县,,,城关镇天河金街三楼,32.984975,110.422875,
92,叁餐肆季餐饮店(七夕佳苑店),餐饮服务,郧西县,,,七夕佳苑门口,33.006977,110.442280,
92,鲍峡服务区方圆一品餐厅,餐饮服务,郧阳区,,,316国道与018县道交叉口西南260米,32.692301,110.454116,
92,房县百膳苑餐饮住宿服务有限公司,公司企业,房县,,,039县道与迎宾路交叉口,31.818271,110.350201,
92,房县服务区餐厅,餐饮服务,房县,,,房县服务区南侧,32.072207,110.579963,
93,古夫镇夫子巷青青餐饮店,餐饮服务,兴山县,,,夫子巷53号,31.344318,110.755893,
93,兴山县醉相思餐饮店,餐饮服务,兴山县,,,榛子乡幸福村四组一号,31.449901,110.984017,
93,良山小聚餐饮店,餐饮服务,夷陵区,,,昌达黑良山磷矿有限公司西侧100米,31.409725,111.098875,
93,董厨娘餐饮店,餐饮服务,秭归县,,,花园路与9号路交叉口东南140米,30.839125,110.972325,
93,夷陵区楚湘宜餐饮店,餐饮服务,夷陵区,,,花栗包老酒坊北侧110米,30.881680,110.983186,
93,老味餐饮店,餐饮服务,秭归县,,,九里杨贵店桥头,30.803246,110.986685,
93,高家堰服务区餐厅,餐饮服务,长阳土家族自治县,,,沪渝高速高家堰服务区,30.570148,111.081873,
93,高家堰服务区餐厅,餐饮服务,长阳土家族自治县,,,高家堰服务区南侧,30.571099,111.082585,
93,御世尚品餐饮,餐饮服务,五峰土家族自治县,,,南北路与胜利路交叉口东北180米,30.170825,111.077825,
93,夷陵区乐天溪镇老姜鸡餐饮店,餐饮服务,夷陵区,,,乐天溪镇兆吉坪村1组16号,30.801786,111.227640,
93,食悦客餐饮,餐饮服务,长阳土家族自治县,,,枫竹园社区9网格6-63号,30.484535,111.156410,
93,沅芷餐饮,餐饮服务,点军区,,,阳光花苑西门北100米,30.673875,111.267525,
93,宜昌浩客餐饮管理有限公司,公司企业,西陵区,,,美岸长堤,30.701183,111.277272,
93,长阳秦家院子餐饮店,餐饮服务,长阳土家族自治县,,,永和一路与永和路交叉口北280米,30.479625,111.231075,
93,湖北聚朗餐饮投资管理有限公司,公司企业,西陵区,,,CBD数码城,30.708593,111.286886,
93,长阳玉丽餐饮店,餐饮服务,长阳土家族自治县,,,永和一路与永和路交叉口东360米,30.476884,111.235094,
93,自家小厨好渔来餐饮店,餐饮服务,西陵区,,,西陵一路114号3-7层,30.704324,111.288821,
93,楚哥餐饮,餐饮服务,西陵区,,,东山大道与东湖二路交叉口南60米,30.717875,111.293525,
93,宜昌市食家庄餐饮管理有限责任公司,公司企业,西陵区,,,隆康路与云集路交叉口南40米,30.697175,111.289825,
93,宜昌厨禾餐饮管理有限公司,公司企业,西陵区,,,九州大厦A座,30.702120,111.291506,
93,宜昌食之味餐饮管理有限公司,公司企业,西陵区,,,常刘路与夜明珠路交叉口西80米,30.726492,111.298192,
93,宜昌三点酒餐饮服务有限责任公司,公司企业,西陵区,,,西陵一路51号T68创想城,30.704325,111.294225,
93,宜昌市西陵区龙虾江湖餐饮店,餐饮服务,西陵区,,,体育场北路169号双子星座,30.713292,111.299027,
93,长阳谭嫂餐饮店,餐饮服务,长阳土家族自治县,,,磨市镇救师口村一组191号,30.406684,111.228601,
93,夷陵区小溪塔佬三样餐饮店(锦绣星城店),餐饮服务,夷陵区,,,锦绣星城,30.765625,111.314075,
94,武汉佳穗餐饮服务有限公司,公司企业,汉南区,,,经济技术开发区汉南大道992号,30.327132,114.089701,
94,小川油边王餐饮店,餐饮服务,汉阳区,,,永丰街道燎原悦府三区1栋7号商铺,30.571078,114.194521,
94,武汉市九九缘文化餐饮管理有限公司,公司企业,汉阳区,,,琴台大道500号,30.572688,114.215429,
94,小妹当家餐饮店(红T时尚创意街区店),餐饮服务,江汉区,,,江旺路小妹当家,30.622869,114.235559,
94,巴厘岛时尚餐饮(后湖人家店),餐饮服务,黄陂区,,,横店街后湖人家1栋76号商铺,30.761165,114.274098,
94,陈员外家·全时段餐饮,餐饮服务,江汉区,,,万松街道云彩路196号泛海城市广场二期购物中心一层A-L1-17-A号商铺,30.601027,114.254154,
94,张家小馆餐饮店(菱角湖壹号店),餐饮服务,江汉区,,,菱角湖壹号中心公寓入口对面,30.605385,114.272719,
94,香港中心,商务住宅,硚口区,,,武胜路121号(利济北路地铁站A口步行240米),30.575274,114.267607,
94,武汉市汉北佑诚餐饮服务有限公司,公司企业,黄陂区,,,滠口街道枫橡咀村,30.739925,114.312825,
94,武汉蔡林记餐饮管理有限公司,公司企业,江汉区,,,精武路161号越秀国际金融汇T3写字楼,30.585584,114.277757,
94,中饮餐饮管理武汉有限公司,公司企业,洪山区,,,白沙洲中小企业城7栋2楼,30.459647,114.247021,
94,新疆库尔班餐饮烧烤店,餐饮服务,江岸区,,,后湖大道158号同鑫花园32栋,30.646268,114.302856,
94,武汉德华楼餐饮管理有限公司,公司企业,江汉区,,,花楼街与民族路的交汇处广益天下二期D F H栋2层1号,30.572494,114.288266,
94,ce plat二食事餐饮店(三阳路店),餐饮服务,江岸区,,,一元街道三阳路5号1栋,30.596051,114.306894,
94,企业中心5,商务住宅,江岸区,,,中山大道1628号(黄浦路地铁站C口步行470米),30.609419,114.311288,
94,大隐集餐饮服务馆(白沙未来城店),体育休闲服务,洪山区,,,白沙洲大道122号,30.479753,114.277715,
94,武汉醉得意餐饮管理有限公司,公司企业,武昌区,,,福星惠誉水岸国际K4号地块1栋四楼,30.575775,114.321375,
94,楚璟轩酒店餐饮(和璟国际店),餐饮服务,武昌区,,,民主路616号和璟国际一楼,30.543724,114.325059,
94,武汉市真茶屋餐饮管理有限公司,公司企业,洪山区,,,文化大道555号融创智谷A20-4楼,30.455349,114.318087,
94,弘成佳宴餐饮服务有限公司,公司企业,青山区,,,建港南街36号附1号,30.617087,114.372488,
94,嘉德礼宴餐饮管理有限公司,公司企业,江夏区,,,大桥新区文化大道117号中建文化星城二期酒店配套栋1号,30.390827,114.317250,
94,湖北石榴籽餐饮管理有限公司,公司企业,洪山区,,,雄楚大道588号(杨家湾地铁站D口步行460米),30.504900,114.378414,
94,武汉洁源兴创环保餐具有限公司,公司企业,青山区,,,长青路234号,30.655549,114.429791,
94,元宝纸上烤鱼(财大店),餐饮服务,江夏区,,,东湖新技术开发区南湖大道136号附55号,30.477477,114.384654,
95,食来运转餐饮店,餐饮服务,红安县,,,二程镇教育街60号,31.285930,114.497798,
95,康岗楚湘餐饮店,餐饮服务,红安县,,,407省道东40米,31.533427,114.629951,
95,红安县妙鑫餐饮,餐饮服务,红安县,,,信达城市广场13栋102号103号,31.255554,114.586003,
95,红安县蒸美味餐饮店,餐饮服务,红安县,,,收城南大道长安汽车旁朝启合作社院内,31.274852,114.591746,
95,红安县和家欢小吃服务店,餐饮服务,红安县,,,城关镇上店春晓临街5号,31.244337,114.584315,
95,水木山居餐饮部,餐饮服务,红安县,,,水木山居度假酒店西北侧,31.252025,114.689925,
95,麻城市小火慢炖餐饮店,餐饮服务,麻城市,,,宋埠镇英联大道257号,31.062373,114.795325,
95,三江餐饮,餐饮服务,麻城市,,,英联大道160号,31.066223,114.798534,
95,麻城市老伙计餐饮店,餐饮服务,麻城市,,,宋埠镇宋埠大道车站路250号,31.061724,114.798402,
95,平英餐饮,餐饮服务,麻城市,,,湖南火电大别山项目部东南侧190米,31.134175,114.891575,
95,牛三鲜餐饮,餐饮服务,麻城市,,,中馆驿派出所东侧150米,31.121980,114.892793,
95,永乐餐饮店,餐饮服务,麻城市,,,中馆驿镇彭畈村退役军人服务站东侧,31.151525,114.912725,
95,汉唐古驿餐饮店,餐饮服务,麻城市,,,G45大广高速出口与106国道交叉口南220米,31.148211,114.938127,
95,李明兰餐饮,餐饮服务,麻城市,,,和美家园小区17号,31.174292,114.996199,
95,城发餐饮管理有限公司,公司企业,麻城市,,,金桥大道与书院路交叉口西南160米,31.165690,114.993830,
95,粮膳餐饮供应链,公司企业,麻城市,,,规划路与亭川乡大道交叉口东300米,31.137025,114.989275,
95,麻城市格辉餐饮管理有限公司,科教文化服务,麻城市,,,金桥大道与教师巷交叉口西南80米,31.170975,115.012125,
95,中星餐饮,餐饮服务,团风县,,,广场路与民康路交叉口西40米,30.641325,114.870775,
95,彤华餐饮店,餐饮服务,麻城市,,,南湖嘉苑,31.133975,115.012775,
95,起动餐饮店,餐饮服务,麻城市,,,南湖办事处十里铺村周家大垸56号,31.146976,115.017885,
95,孙记餐饮(长河新城店),餐饮服务,团风县,,,和谐路269号,30.645430,114.891425,
95,鲁豫餐饮店,餐饮服务,麻城市,,,厦门路yd001号鲁豫餐饮店,31.083313,115.027447,
95,湖北一心生态农业发展有限公司,餐饮服务,团风县,,,方高坪镇雷湾村七组8号,30.687425,114.919725,
95,汉味餐饮,餐饮服务,麻城市,,,305县道与401县道交叉口北20米,31.041770,115.019893,
95,晓青餐饮店,餐饮服务,麻城市,,,南湖街道塘凌村冯家里垸11号,31.096063,115.038439,
96,天门怡田饮品科技有限公司(岳口连锁8店),餐饮服务,天门市,,,岳口镇新天地对面中国石化加油站旁,30.519075,113.093925,
97,安陆服务区餐饮,餐饮服务,安陆市,,,G70福银高速与安陆服务区交叉口西400米,31.363398,113.544726,
97,安陆服务区蔡林记,餐饮服务,安陆市,,,安桃线与水长线交叉口西南360米,31.365313,113.546940,
97,姜店村短港餐饮,餐饮服务,应城市,,,[],31.086482,113.509056,
97,李进明餐饮,餐饮服务,应城市,,,雷新线与025乡道交叉口南60米,30.793625,113.505375,
97,应城市坤哥三锅演义餐饮店,餐饮服务,应城市,,,工农路与建设街交叉口西40米,30.949128,113.568007,
97,应城市姐妹餐饮店,餐饮服务,应城市,,,光明街108号,30.937777,113.570471,
97,武汉星河汇餐饮管理有限责任公司,公司企业,应城市,,,广场大道与汉宜大道交叉口东南80米,30.934783,113.573866,
97,百胜餐饮(武汉)有限公司安陆永安广场店,公司企业,安陆市,,,紫金路1号永安广场,31.262225,113.685325,
97,万氏餐饮管理有限公司,公司企业,安陆市,,,滨河东路与紫金路交叉口东300米,31.263198,113.685722,
97,安陆市蟹小宝餐饮店,餐饮服务,安陆市,,,恒泰购物广场6层,31.256354,113.689970,
97,九味轩餐饮店,餐饮服务,安陆市,,,儒学路47号47,31.261654,113.692030,
97,安陆市左四吹餐饮店,餐饮服务,安陆市,,,凤凰路阳光新城1栋13号,31.251514,113.691330,
97,老蒋特色餐饮,餐饮服务,安陆市,,,江野青蛙局西南侧,31.268058,113.698265,
97,安陆市一双好手餐饮店,餐饮服务,安陆市,,,太白大道4号,31.253317,113.702795,
97,黄孝公路服务区餐饮,餐饮服务,云梦县,,,黄孝公路服务区与316国道交叉口西40米,31.066417,113.721081,
97,夜焰餐饮店(夜焰碳烤鲜生),餐饮服务,云梦县,,,"梦泽大道160号幸福社区幸福苑一楼门面10,11,12.13间",31.025378,113.748275,
97,遇小锅火锅餐饮店,餐饮服务,云梦县,,,梦泽大道与曲阳路交叉口南80米,31.020090,113.749934,
97,九味餐饮,餐饮服务,云梦县,,,友谊街与交通路交叉口西40米,30.939384,113.731672,
97,云梦县百味轩餐饮店,餐饮服务,云梦县,,,黄香大道将军台对面哥们烧烤旁边巷子,31.028799,113.766836,
97,朱哥餐饮店,餐饮服务,孝昌县,,,昌泰梅园东门旁,31.254596,113.957481,
97,孝昌西光风情餐饮店,餐饮服务,孝昌县,,,花园镇博士湾桥下6号铺面(原蒙古包私房菜),31.257998,113.965996,
97,司机之家餐饮住宿,住宿服务,孝昌县,,,卫店镇发展大道199号,31.325904,113.984662,
97,老友餐饮,餐饮服务,孝昌县,,,107国道与昌盛街交叉口北380米,31.322375,113.984975,
97,湖北曼菲餐饮服务有限公司,公司企业,汉川市,,,西湖大道与霞飞路交叉口西北40米,30.647975,113.813525,
97,杨氏铁板炒饭餐饮店,餐饮服务,孝昌县,,,花园镇环城路176-1,31.248408,113.973666,
98,华美第一家餐馆(华美小区店),餐饮服务,潜江市,,,广华办事处华美小区华美第一家餐馆,30.439688,112.706831,
98,巴蜀渔香餐饮店,餐饮服务,潜江市,,,中百仓储东南1门西南120米,30.422106,112.890381,
98,荆楚情餐饮,餐饮服务,潜江市,,,辉煌居委会三组86号,30.428422,112.900108,
98,关氏疯狂烤翅(陈家巷店),餐饮服务,潜江市,,,东风路48号陈家巷1号,30.417812,112.906577,
98,潜江市多美制衣有限公司,餐饮服务,潜江市,,,杨市街道杨市公业园,30.366109,112.893936,
98,潜江服务区霸楚虾王餐厅,餐饮服务,潜江市,,,潜江服务区与G50沪渝高速出口交叉口东北260米,30.380811,112.908434,
98,潜江服务区潜江龙虾城,餐饮服务,潜江市,,,潜江服务区购物中心南门西50米,30.380771,112.908891,
98,湖北虾呵呵餐饮管理有限公司,公司企业,潜江市,,,紫月路16号,30.390165,112.917718,
99,湖北张小琪烘焙食品有限公司,餐饮服务,掇刀区,,,杨店小区南区9栋31、20、21、22号商铺,30.997497,112.158586,
99,碧鲜惠餐饮,餐饮服务,东宝区,,,泉口路29号桃源商铺51号楼2楼,31.061634,112.190600,
99,荆门市卓汇餐饮管理有限公司,公司企业,掇刀区,,,国华汇金中心,30.999925,112.181275,
99,壹号渔洋餐饮店,餐饮服务,东宝区,,,泉口街道金龙泉社区泉口路附10号,31.054448,112.197893,
99,沧澜居餐饮经营部,餐饮服务,东宝区,,,象山大道68号(院内),31.035625,112.201119,
99,一满轩餐饮店,餐饮服务,钟祥市,,,南棚村二组133号,31.289016,112.263954,
99,乐掌柜餐饮店,餐饮服务,东宝区,,,竹园路40号,31.046765,112.205641,
99,掇刀区江哥餐饮店,餐饮服务,掇刀区,,,军马场一路与军马场二路交叉口东20米,30.998202,112.194593,
99,小史商贸餐饮供应链,公司企业,东宝区,,,沿河北路与象山一路交叉口南40米,31.037386,112.206079,
99,荆门市半秋山餐饮管理有限公司,公司企业,东宝区,,,北门路与中天街步行街交叉口东北40米,31.029025,112.205325,
99,湖北美界餐饮有限公司,公司企业,东宝区,,,大桥巷与果园二路交叉口西120米,31.046996,112.211364,
99,荆门市东宝区馔哆哆南台餐饮店,餐饮服务,东宝区,,,白云大道53号南台社区,31.027065,112.206783,
99,早上好餐饮(南京路店),餐饮服务,掇刀区,,,南京路5号001栋,30.978858,112.196043,
99,荆门市月月达餐饮管理有限公司,餐饮服务,掇刀区,,,掇刀石街道白云大道205号,30.977015,112.196770,
99,黔之味餐饮店,餐饮服务,钟祥市,,,胡集镇政务服务中心南,31.440132,112.312838,
99,钟祥名仕家园桂苑北疆烤肉亚克西餐饮店,餐饮服务,钟祥市,,,胡集镇地高名仕家园桂苑商铺07-09,31.441383,112.317715,
99,味可期餐饮店,餐饮服务,掇刀区,,,健康路与双严路交叉口西120米,30.948434,112.199241,
99,食八方餐饮店,餐饮服务,钟祥市,,,双河镇沿山大道134号,31.280296,112.282997,
99,荆门市小楚餐饮有限公司,公司企业,东宝区,,,东宝工业园,31.070645,112.234158,
99,双河镇斑竹村三哥餐饮,餐饮服务,钟祥市,,,207国道,31.353181,112.305655,
99,竹里居餐饮店,餐饮服务,钟祥市,,,胡集镇磷都公园停车场,31.438954,112.333660,
99,荆门市华味餐饮管理有限公司,公司企业,掇刀区,,,关公大道(东)与清水源路交叉口西140米,30.970075,112.218875,
99,彬德餐饮店,餐饮服务,掇刀区,,,兴隆街道惠泽园社区高新路生活驿站2号门面,30.930021,112.210682,
99,福荣餐饮店,餐饮服务,钟祥市,,,胡集镇湖山村乡味东南侧430米,31.439826,112.362512,
99,G55钟祥服务区宁夏三营清真餐厅,餐饮服务,钟祥市,,,G55钟祥服务区西30米,31.359182,112.351368,
100,粑粑餐饮店,餐饮服务,利川市,,,胖子洗车西北侧70米,30.445125,108.535475,
100,土家特色餐饮服务站,餐饮服务,利川市,,,318国道与营长路交叉口东南220米,30.389103,108.820043,
100,利川市瞿味轩餐饮店,餐饮服务,利川市,,,世纪家园北侧240米,30.304175,108.928775,
100,利川市老黄餐饮店,餐饮服务,利川市,,,滨江北路与体育街交叉口西北140米,30.285893,108.940826,
100,利川市宝鑫居餐饮店(个体工商户),餐饮服务,利川市,,,六合街69号,30.289023,108.946768,
100,郑幺妹餐饮管理有限公司,公司企业,利川市,,,金龙北路70号利川农贸城,30.303475,108.955125,
100,利川市汉味美食餐饮店,餐饮服务,利川市,,,利川国际汽车城北门东南110米,30.276475,108.958875,
100,广东丰泉餐饮管理集团有限公司,公司企业,利川市,,,应家坡巷附二巷与印家坡巷交叉口东南320米,30.274366,108.968148,
100,有缘餐饮,餐饮服务,咸丰县,,,杨洞村村民委员会南侧260米,29.524707,108.949534,
100,高坡餐饮店,餐饮服务,咸丰县,,,高坡村1组1号泽隆农业科技斜对面,29.612675,109.041118,
100,咸丰县一把火餐饮店,餐饮服务,咸丰县,,,咸丰皇城广场E栋5号,29.666413,109.138106,
100,咸丰县快优餐饮店,餐饮服务,咸丰县,,,沿河路与沿河路一巷交叉口西北40米,29.679425,109.152575,
100,海哥餐饮,餐饮服务,咸丰县,,,咸丰客运站东南门旁,29.684325,109.157275,
100,小陈私房餐饮经营部,餐饮服务,咸丰县,,,鄂州大道与晨光四巷交叉口东北160米,29.690025,109.161825,
100,咸丰县洪五姐餐饮店,餐饮服务,咸丰县,,,S89恩黔高速,29.797734,109.194363,
100,盛和居餐饮店,餐饮服务,咸丰县,,,文明巷68号,29.691027,109.186410,
100,苏记烤百味餐饮店,餐饮服务,恩施市,,,市府路一巷与市府路交叉口西北20米,30.294542,109.481894,
100,醉好聚餐饮馆,餐饮服务,恩施市,,,体育馆路与宏城街交叉口西南120米,30.282075,109.480158,
100,恩施市木楠餐饮有限公司,公司企业,恩施市,,,大桥路与大桥路二巷交叉口东北40米,30.287175,109.481225,
100,袁厨餐饮店,餐饮服务,恩施市,,,恩旅大厦,30.303075,109.494775,
100,恩施市鹊遇餐饮店,餐饮服务,恩施市,,,金桂大道耿家坪金凤大道板桥小区,30.328611,109.501278,
100,凌昕餐饮,餐饮服务,恩施市,,,汇德华庭1栋112号,30.343235,109.510431,
100,椒火火餐饮店,餐饮服务,恩施市,,,桂花园路与天星坝路交叉口西140米,30.287625,109.502075,
100,连年有余烤活鱼餐饮,餐饮服务,宣恩县,,,珠山镇沿河北路4号,29.984065,109.473441,
100,喜胜客餐饮馆,餐饮服务,来凤县,,,翔凤镇黄茅坪村二十组5号,29.478174,109.400524,
101,湖北半隐园餐饮文化有限公司,公司企业,仙桃市,,,莲池环道与莲花池绿道交叉口西南400米,30.187728,113.235133,
101,烟火南巷餐饮店,餐饮服务,仙桃市,,,烟火南巷餐饮店(龙华山社区卫生服务中心对面),30.360830,113.478539,
102,松滋市晶地葛园餐饮部,餐饮服务,松滋市,,,"晶地农业公司旁,距离乡政府1.5公里,位于卸甲坪4A景区内",29.983482,111.306326,
102,松滋市新神洞餐饮有限公司,公司企业,松滋市,,,洈水镇响水洞村新神洞景区1号,29.986160,111.455247,
102,桥源餐饮(交投水岸星城店),餐饮服务,松滋市,,,254省道,30.215175,111.602125,
102,松滋市巴比客优餐饮店,餐饮服务,松滋市,,,新江口街道金松大道金投划子嘴幸福家园30幢101室,30.180884,111.744910,
102,松滋市庭满香餐饮有限公司,公司企业,松滋市,,,贺炳炎大道268号,30.164637,111.748230,
102,松滋市小苑里餐饮店,餐饮服务,松滋市,,,老城镇天星市村十四组10号,30.221647,111.762610,
102,万加餐饮,餐饮服务,松滋市,,,024县道与广场路交叉口东南40米,29.965375,111.703625,
102,天天渔港餐饮店,餐饮服务,松滋市,,,新江口街道乐乡大道269号101室,30.169051,111.765859,
102,松滋市金波餐饮服务有限责任公司,公司企业,松滋市,,,松滋市民主路1-1号,30.208521,111.775912,
102,滋味小院餐饮店,餐饮服务,松滋市,,,民主路与351国道交叉口西北180米,30.155166,111.780090,
102,松滋市南风院子餐饮店,餐饮服务,松滋市,,,松滋市同兴桥社区收储地刘家寨柴火鸡对面,30.162891,111.788959,
102,松滋市自然居餐饮服务有限公司,公司企业,松滋市,,,建设街135号,30.125116,111.786366,
102,吉吉餐饮,餐饮服务,松滋市,,,新江口街道同兴路306号现代农博城18号楼201号,30.150695,111.793661,
102,南海服务区乐小二,餐饮服务,松滋市,,,S88岳宜高速与南海服务区交叉口东南400米,30.085527,111.801841,
102,田园人家餐饮店,餐饮服务,松滋市,,,八宝镇胜利村,30.228738,111.840359,
102,阿波餐饮,餐饮服务,松滋市,,,团结街与胜利街交叉口东南20米,29.978424,111.782565,
102,传元餐饮服务店,餐饮服务,松滋市,,,八宝镇群星村九组,30.205658,111.838446,
102,董先生餐饮店,餐饮服务,荆州区,,,菱湖路146-6,30.465372,111.963145,
102,松滋宴为餐饮店,餐饮服务,松滋市,,,沙道观镇向家渡村八组124号,30.230449,111.925577,
102,花姐餐饮店,餐饮服务,公安县,,,沿江街与中心街交叉口北80米,30.097018,111.929744,
102,章庄铺服务区大厅小厨自助餐厅,餐饮服务,公安县,,,章庄铺服务区西北侧,29.871450,111.898002,
102,周师傅餐饮店,餐饮服务,公安县,,,新建街203号,29.890360,111.933858,
102,湖北众源餐饮服务有限公司,公司企业,荆州区,,,荆州智慧冷链产业园26号楼,30.363385,112.116240,
102,胡老庄餐饮,餐饮服务,荆州区,,,李埠镇天鹅村胡老庄,30.313584,112.120809,
102,湖北幸福餐饮管理有限公司,公司企业,荆州区,,,家居建材大市场B15-214,30.383303,112.195820,
103,巧湘厨餐饮店,餐饮服务,赤壁市,,,周郎嘴回族镇石头口社区同心路208号,29.873373,113.635835,
103,伟宏餐饮,餐饮服务,赤壁市,,,新桥路与京广大道交叉口东南60米,29.566125,113.717475,
103,茶庵岭服务区餐厅,餐饮服务,赤壁市,,,G0422武深高速与茶庵岭服务区交叉口西南360米,29.661871,113.802827,
103,晨鸣餐饮,餐饮服务,通城县,,,石南镇人民政府东北侧100米,29.277375,113.718125,
103,老北街餐饮店,餐饮服务,嘉鱼县,,,沿湖大道与北街交叉口西南180米,29.969804,113.904103,
103,嘉鱼县富时餐饮店,餐饮服务,嘉鱼县,,,西正街2号南嘉商业城购物广场,29.974125,113.906325,
103,酷q餐饮,餐饮服务,嘉鱼县,,,鱼岳镇第一小学南门旁,29.973675,113.907175,
103,嘉鱼县串说餐饮店,餐饮服务,嘉鱼县,,,金街A区8号楼117号,29.970193,113.906310,
103,金街金地餐饮,餐饮服务,嘉鱼县,,,沿湖大道与岳公路交叉口东南20米,29.971017,113.906661,
103,湖北疆人餐饮管理有限公司,公司企业,嘉鱼县,,,岳公路与沿湖大道交叉口南180米,29.969502,113.906606,
103,嘉鱼县蔡记鸭掌柜餐饮店,餐饮服务,嘉鱼县,,,1江汉阳小区1栋216号门面,29.975897,113.939621,
103,志哥餐饮,餐饮服务,赤壁市,,,莼川大道与银河湾路交叉口南100米,29.717525,113.874275,
103,壹画餐饮,餐饮服务,赤壁市,,,陆水湖大道与东洲二巷交叉口西南20米,29.718925,113.895475,
103,味里香餐饮店,餐饮服务,赤壁市,,,北山大道9号,29.752800,113.905502,
103,嘉鱼东服务区餐厅,餐饮服务,嘉鱼县,,,G0422武深高速与嘉鱼东服务区交叉口西南260米,29.923383,113.970457,
103,兄弟姐妹餐饮店,餐饮服务,通城县,,,通城大道与隽水大道交叉口西北100米,29.260125,113.817912,
103,嘉鱼县好吃佬小吃服务店,餐饮服务,嘉鱼县,,,潘家湾镇老官通武街(现地址红光街80号),30.170031,114.093551,
103,爱云餐饮,餐饮服务,嘉鱼县,,,102省道,30.120884,114.117804,
103,嘉鱼服务区餐厅,餐饮服务,嘉鱼县,,,嘉鱼服务区北侧,29.992765,114.109653,
103,湖北名宴餐饮管理有限公司,公司企业,崇阳县,,,香泉路与人民大道交叉口南120米,29.553770,114.027865,
103,崇阳县锦绣大碗面餐饮店(土黄牛火锅),餐饮服务,崇阳县,,,天城镇白泉社区锦绣天城B26号楼1单元1层108号,29.541439,114.029950,
103,锦汇餐饮店,餐饮服务,崇阳县,,,天城镇白泉社区锦绣天成A01号楼1单元1层102铺,29.543793,114.031263,
103,新时代餐饮,餐饮服务,崇阳县,,,崇阳大道与新建路交叉口西北20米,29.541398,114.042687,
103,雅味轩餐饮店,餐饮服务,崇阳县,,,国际商贸城,29.548725,114.056225,
103,一米食光餐饮,餐饮服务,崇阳县,,,加泰•铂金湾,29.543475,114.061925,
104,夏大厨特色餐饮,餐饮服务,神农架林区,,,神农架驾校东南门西230米,31.749142,110.591963,
104,稻花香柏喜餐饮店,购物服务,神农架林区,,,狮象桥炎帝路26号,31.742084,110.680954,
105,廖六羊杂餐饮店,餐饮服务,随县,,,洪山镇烧烤街滨河名墅6号楼4-7,31.669114,112.912776,
105,随州市味美特食品有限责任公司,公司企业,曾都区,,,南郊街道解放西路316号,31.708911,113.348737,
105,陈有财餐饮店,餐饮服务,曾都区,,,马家榨村一组文苑之都湖提商铺8号,31.735018,113.361023,
105,湖北卡迪威餐饮管理有限公司,公司企业,曾都区,,,欧亚达家居生活广场1号楼门面1一2层112号,31.744440,113.375363,
105,随州市曾都区饺酒餐饮馆,餐饮服务,曾都区,,,白云湖东堤与迎水巷交叉口西南320米,31.701502,113.365043,
105,今约广式餐饮店,餐饮服务,曾都区,,,后街s1栋119号,31.737440,113.377634,
105,乡情餐饮店,餐饮服务,曾都区,,,桃园仁居9号楼一楼106,31.743427,113.386494,
105,四海香家宴餐饮饭店(文峰·湖岸新城店),餐饮服务,曾都区,,,文峰路1号,31.698365,113.383487,
105,源牧香餐饮部,餐饮服务,曾都区,,,东城街道蒋家岗社区文帝大道消防中队与八角楼中间门面房,31.716178,113.390685,
105,随州江湖汇餐饮店(随州湖岸新城店),餐饮服务,曾都区,,,神农大道文峰湖岸新城1栋1层,31.695321,113.385125,
105,随州市曾都区李开心餐饮店,餐饮服务,曾都区,,,东城海翼汉东至尊,31.705994,113.393369,
105,王先生餐饮服务管理有限公司,公司企业,曾都区,,,白云大道与风光大道交叉口东南260米,31.687725,113.393675,
105,随州市熙园餐饮(文峰佳苑C区店),餐饮服务,曾都区,,,文峰佳苑C区,31.700888,113.398853,
105,随州市随州高新区整点餐饮店,餐饮服务,曾都区,,,世纪未来城金街A115-A116号,31.718583,113.414912,
105,名翠餐饮,餐饮服务,随县,,,沿河大道与328省道交叉口东北140米,32.064947,113.508964,
105,院子里餐饮,餐饮服务,随县,,,淮河镇居委会347号院子里餐饮,32.342034,113.595911,
105,仟佰味餐饮,餐饮服务,广水市,,,长岭镇长堤衔57号,31.512876,113.593295,
105,广水市八家湾餐饮店,餐饮服务,广水市,,,蔡河镇南界村11组,31.833830,113.873119,
105,渔众不同餐饮店,餐饮服务,广水市,,,应山办事处三环路水岸星城旁,31.621228,113.833529,
105,四季餐饮,餐饮服务,广水市,,,碧桂园·凤凰湾,31.595875,113.852575,
105,河边小餐饮店,餐饮服务,广水市,,,北湖花园南100米,31.617285,114.014695,
105,卡车之家服务区,餐饮服务,广水市,,,府前大街56号,31.485088,114.028453,
106,玉龙缘餐饮,餐饮服务,鄂城区,,,江碧路涂家湾12号贻泽居门面,30.365242,114.869101,
106,炒和匠餐饮店(新亚太国际广场店),餐饮服务,鄂城区,,,新亚太国际广场4层4-09号铺位,30.391429,114.889415,
106,湖北香如故餐饮管理有限公司,公司企业,鄂城区,,,鄂燕老路7号,30.384771,114.922651,
106,天之宴餐饮店,餐饮服务,鄂城区,,,兴源装饰建材批发东北侧,30.298006,115.064931,
107,老张餐饮,餐饮服务,大冶市,,,三元路与保安大道交叉口西南20米,30.174225,114.742175,
107,中成餐饮,餐饮服务,大冶市,,,茗陈路与英才路交叉口西南20米,30.069317,114.762380,
107,金山店服务区蔡林记,餐饮服务,大冶市,,,金山店服务区东北30米,30.137095,114.783037,
107,大冶市焦静餐饮店,餐饮服务,大冶市,,,刘仁八镇果城大道22号华茂商居楼2栋沿街6-7号,29.934276,114.845991,
107,周姐餐饮农家菜,餐饮服务,阳新县,,,泉丰大道223号,29.800954,114.847330,
107,大冶长红大酒店餐饮宴会中心,餐饮服务,大冶市,,,[],30.122963,114.961716,
107,席俗记餐饮管理有限公司,公司企业,大冶市,,,矿冶大道石花路口,30.065775,114.947625,
107,知浩苑餐饮管理有限公司王太分公司,公司企业,大冶市,,,陈官路与路东路交叉口东200米,30.158257,114.981895,
107,春帅餐饮店,餐饮服务,大冶市,,,港湖还建楼二期西2门旁,30.133775,114.976025,
107,大冶市金笼餐饮服务店,餐饮服务,大冶市,,,东风路街道上冯路26-5号怡景花苑4栋1-5号1楼门面,30.118496,114.973975,
107,大冶市板子餐饮店,餐饮服务,大冶市,,,新冶大道59-8号怡景花苑,30.117325,114.974575,
107,酒伍餐饮店(万达广场黄石团城山店),餐饮服务,下陆区,,,广州路30号黄石团城山万达广场,30.185175,115.002225,
107,万邻餐饮店,餐饮服务,下陆区,,,广州路30号万达公馆,30.184825,115.003525,
107,科苑餐饮店,餐饮服务,大冶市,,,金山开发区金山大道188-4号,30.153084,114.996854,
107,黄石市大隐餐饮服务有限公司,公司企业,下陆区,,,大畈路6号团城山大厦,30.197017,115.012371,
107,一口金餐饮管理服务有限公司,公司企业,下陆区,,,青湖路与大泉路辅路交叉口西100米,30.222325,115.020875,
107,大漠餐饮店,餐饮服务,下陆区,,,磁湖路与樊家山路交叉口西南280米,30.205425,115.017125,
107,黄石市下陆区纪大厨餐饮店,餐饮服务,下陆区,,,磁湖路139号党群服务中心小二楼一楼,30.210258,115.020985,
107,晨香四溢餐饮店(大冶店),餐饮服务,大冶市,,,东岳路街道新城大冶吾悦广场综合体一期S7号楼1层1-5号,30.122578,114.997983,
107,总财火锅餐饮店,餐饮服务,下陆区,,,安达二巷与安达路交叉口东40米,30.195054,115.025353,
107,何家鱼嘴餐饮店,餐饮服务,下陆区,,,东山新村小区,30.197275,115.027475,
107,徐记餐饮,餐饮服务,大冶市,,,海雅香山湖一期东门旁,30.081165,114.997849,
107,武汉黄厨弘轩餐饮管理有限公司(黄石办事处),公司企业,下陆区,,,团城山三味坊小吃街A27楼上,30.199396,115.032259,
107,味串餐饮,餐饮服务,黄石港区,,,湖滨大道43号天方百花园玫瑰园,30.240475,115.049975,
107,下陆区锦记餐饮店,餐饮服务,下陆区,,,团城山桂林南路51号城上城,30.186773,115.035567,
108,建昌县双喜餐饮饭店,餐饮服务,建昌县,,,牤牛营子乡西沟村齐家窝铺屯237号,40.811441,119.784117,
108,东戴河服务区驿路食尚美食城,餐饮服务,绥中县,,,G1京哈高速与东戴河服务区交叉口西南460米,40.060268,119.841795,
108,邻居食坊餐饮店,餐饮服务,绥中县,,,渤海大街3号,39.998513,119.852141,
108,乐图餐饮酒店,住宿服务,绥中县,,,东戴河新区白金海小区,40.059884,119.950576,
108,齐芳餐饮店,餐饮服务,绥中县,,,前卫老道口红绿灯南20米,40.187775,120.105502,
108,顺心餐饮,餐饮服务,兴城市,,,东辛庄镇新市场路南,40.366312,120.443927,
108,大红门司机之家祥瑞餐饮店,餐饮服务,兴城市,,,羊安乡外环西路21-8,40.619647,120.671811,
108,葫芦岛云涛餐饮服务管理有限公司,公司企业,连山区,,,滨河路与化机路交叉口西北120米,40.749848,120.842562,
108,宝记九品餐饮店,餐饮服务,连山区,,,兴工路与连山大街交叉口西北200米,40.758275,120.855375,
108,福林园清真餐饮饭店(上东盛景B区店),餐饮服务,连山区,,,抚民街与铁北路交叉口东北60米,40.767158,120.871443,
108,馋嘴鸭小餐饮店,餐饮服务,连山区,,,锦北小区南门旁,40.774625,120.879125,
108,龙回头海景假日酒店餐饮部,餐饮服务,兴城市,,,揽月栈桥东北侧90米,40.649732,120.829938,
109,特色咸鱼饼子餐饮店,餐饮服务,瓦房店市,,,长兴岛经济区锦城路121-8号,39.600149,121.443278,
109,郭记连湘楼餐饮店,餐饮服务,旅顺口区,,,滨港路989-6号,38.787352,121.149608,
109,香铭轩餐饮店,餐饮服务,旅顺口区,,,旅顺口区开发区兴发路226-3号,38.785664,121.156448,
109,一锅炖天下院子餐饮(太阳沟店),餐饮服务,旅顺口区,,,宁波街西巷8-1号,38.814067,121.236155,
109,大连市旅顺口区国投餐饮服务有限公司,公司企业,旅顺口区,,,龙头街道盐场海鲜一条街,38.815575,121.314072,
109,大连冰酷餐饮有限公司,公司企业,甘井子区,,,辛逢街7号,38.982253,121.512627,
109,欣鹏餐饮馆(世茂·御龙海湾滢居店),餐饮服务,金州区,,,大魏家街道御龙园B区69一2号1层,39.179701,121.637736,
109,煮父餐饮,餐饮服务,甘井子区,,,虹港路24号4单元101,38.959066,121.547317,
109,大连连膳餐饮管理有限公司,公司企业,甘井子区,,,南关岭街道西洼东街100号,39.014599,121.585659,
109,向军餐饮,餐饮服务,甘井子区,,,七迎路与华中街交叉口东南20米,38.978625,121.579975,
109,丹东烤肉服务社(旭哥烧烤店),餐饮服务,甘井子区,,,校园街7-9号,38.994923,121.590489,
109,禹轩餐饮管理服务(大连)有限公司,公司企业,甘井子区,,,周山街32号,38.950528,121.570391,
109,一苇社区服务餐厅(万科社区店),餐饮服务,甘井子区,,,高云北路32号万科大家小广场二层,38.951999,121.574957,
109,大连麦花鲜食餐饮管理有限公司,公司企业,沙河口区,,,西南路607号,38.916556,121.569584,
109,大连品膳餐饮管理有限公司,公司企业,甘井子区,,,绿洲园与西南路辅路交叉口东340米,38.949775,121.591225,
109,丹东烤肉服务社,餐饮服务,沙河口区,,,南平街60a,38.902383,121.569008,
109,旅大印象·大连本帮菜馆(星海店),餐饮服务,沙河口区,,,中山路688号辰熙星海国际大厦4层,38.874363,121.558179,
109,大连挞弘记餐饮管理有限公司,公司企业,沙河口区,,,滨河街30-9,38.905261,121.585350,
109,大连鼎义丰餐饮管理有限公司,公司企业,沙河口区,,,万科·大都会星海(会展中心地铁站A口步行300米),38.890679,121.587349,
109,大连早范餐饮服务有限公司,公司企业,西岗区,,,新康巷62号1-1号公建,38.925419,121.606390,
109,大连王明餐饮文化管理有限公司,公司企业,金州区,,,金园名城南门旁,39.115175,121.709275,
109,大连盈伽金碧辉煌餐饮管理有限公司,公司企业,中山区,,,常青街与民生街交叉口西60米,38.927146,121.642630,
109,德记鑫悦楼餐饮店,餐饮服务,西岗区,,,新城街5-16号,38.892903,121.626717,
109,随圆餐饮服务中心(经典生活店),餐饮服务,中山区,,,经典生活A区东门东70米,38.927843,121.647734,
109,风笛直火窑炉餐饮店,餐饮服务,中山区,,,铁山巷32号,38.908004,121.641961,
110,通远堡服务区沟帮子熏鸡,餐饮服务,凤城市,,,通远堡服务区东侧,40.818936,123.912016,
110,大孤山服务区餐厅,餐饮服务,东港市,,,G11鹤大高速与大孤山服务区交叉口西280米,39.926503,123.544395,
110,大孤山服务区餐厅,餐饮服务,东港市,,,G11鹤大高速与大孤山服务区交叉口西南240米,39.924011,123.546248,
110,王帅餐饮供应链,公司企业,凤城市,,,辽宁省丹东凤城市亿林广场对面(富华市场正门西行200米),40.463367,124.066506,
110,筋味鲜(徐州肉筋卷饼)孟凡餐饮店,餐饮服务,凤城市,,,凤凰城街道办事处凤北路开发办开发京凤小区1号106号,40.456900,124.064840,
110,厚三秦餐饮店,餐饮服务,凤城市,,,龙源路与凤凰大街交叉口西南80米,40.453725,124.070325,
110,荣盛全牛餐饮店,餐饮服务,凤城市,,,银河湾二期荣盛食府,40.442476,124.069200,
110,阿姐餐饮,餐饮服务,东港市,,,滨河路696图497宅8栋103,39.879399,124.153812,
110,东港市前阳镇香约巷子里餐饮服务店,餐饮服务,东港市,,,前阳镇商业城小区2号楼3-1-9,39.962859,124.207324,
110,聚香鸭餐饮店,餐饮服务,东港市,,,前阳镇新安村3组,39.960354,124.206930,
110,安东往事餐饮店,餐饮服务,东港市,,,东兴家园东北2门旁,39.870225,124.162625,
110,生林餐饮,餐饮服务,元宝区,,,京东快递(丹东珍珠营业部)北侧,40.188525,124.363825,
110,振安区静瑜柿柿如院餐饮厅,餐饮服务,振安区,,,鸭绿江办事处鸭绿江村一组,40.179460,124.392375,
110,丹东渊东三合餐饮有限公司,公司企业,振兴区,,,地质路781-1号,40.058273,124.324067,
110,宽甸服务区贺大娘美食驿站,餐饮服务,宽甸满族自治县,,,宽甸服务区西北侧,40.717992,124.711705,
110,宽甸服务区贺大娘美食驿站,餐饮服务,宽甸满族自治县,,,宽甸服务区南侧,40.716202,124.713027,
110,高氏苗小鸭餐饮店,餐饮服务,振兴区,,,通春街47号1单元101室,40.099177,124.358924,
110,三宝饺子(爱玲美筑店),餐饮服务,振兴区,,,春三路7-2号,40.101042,124.365579,
110,季当家线下服务站(体育馆路店),餐饮服务,振兴区,,,体育馆路9号鸿安新村体育馆路9号楼,40.110125,124.374775,
110,皇朝酒店,餐饮服务,振兴区,,,丹东边境经济合作区口岸贸易区l区B座101室,40.109116,124.380119,
110,丹东嘉利餐饮配送有限公司,公司企业,元宝区,,,山东街与九道街交叉口西南120米,40.149225,124.404725,
110,贡辰餐饮店,餐饮服务,元宝区,,,锦山大街53-3号金海商业广场,40.142825,124.404475,
110,丹东维多利亚餐饮娱乐有限公司十纬路分公司,公司企业,振兴区,,,十纬路与一经街交叉口西40米,40.122184,124.392813,
110,丹东盈贤居餐饮服务有限公司,公司企业,振兴区,,,五纬路与二经街交叉口西北40米,40.126482,124.395847,
110,丹东益之餐饮服务有限公司,公司企业,振安区,,,东升路120号-2室,40.151095,124.420321,
111,义县服务区贺大娘美食驿站,餐饮服务,义县,,,G2512阜锦高速与义县服务区交叉口北280米,41.633917,121.298092,
111,义县服务区沟帮子熏鸡,餐饮服务,义县,,,G2512阜锦高速与义县服务区交叉口东北280米,41.633664,121.300094,
111,义县服务区贺大娘美食驿站,餐饮服务,义县,,,G2512阜锦高速与义县服务区交叉口东北320米,41.633965,121.300331,
111,锦州永瑞绿色食品有限公司,公司企业,太和区,,,沈阳亿承源餐饮配送有限公司锦州分公司西侧,41.093175,121.072175,
111,沈阳亿承源餐饮配送有限公司锦州分公司,公司企业,太和区,,,[],41.093217,121.072306,
111,锦州市太和区与米相遇餐饮店,餐饮服务,太和区,,,凌西大街双丝门市51-3号,41.103619,121.108225,
111,锦州悟空财务-注册执照-注销-代办-代账,公司企业,古塔区,,,北一里445-33-34号,41.112411,121.117684,
111,新麦子大王(新安里店),餐饮服务,古塔区,,,新安里6-54号,41.116333,121.124139,
111,暇日酒店餐饮(休闲水吧),餐饮服务,古塔区,,,山西街与和平路交叉口北140米,41.122846,121.137481,
111,优选餐饮厅,餐饮服务,凌河区,,,宜昌路与郑州街交叉口西40米,41.117046,121.149170,
111,锦州市品炙餐饮管理有限公司,公司企业,太和区,,,凌南街道锦绣天第C区27-43号,41.091687,121.137516,
111,辽宁德品佳餐饮连锁管理有限公司,公司企业,凌河区,,,解放路与肇东街交叉口西北80米,41.114975,121.159175,
111,晴天小馆餐饮店,餐饮服务,凌河区,,,兰花里,41.108711,121.166887,
111,美创餐饮管理,餐饮服务,太和区,,,锦娘路与淮南路交叉口北220米,41.084606,121.154329,
111,锦州市松山新区金石鑫厨房餐饮中心,餐饮服务,太和区,,,云快充汽车充电站(国际五金机电城公牛快充站)北侧,41.075570,121.161985,
111,天禄餐饮锦州港店,餐饮服务,太和区,,,开发区综合市场(滨海豪庭西南),40.848188,121.064370,
111,锦州滨海新区永坤记餐饮店,餐饮服务,太和区,,,滨海大街25-11号,40.857567,121.076660,
111,凌海服务区韩酷优品,餐饮服务,凌海市,,,[],41.059717,121.275420,
111,凌海服务区沟帮子熏鸡,餐饮服务,凌海市,,,[],41.059557,121.275365,
111,凌海服务区锦州老白烧烤,餐饮服务,凌海市,,,[],41.059986,121.276199,
111,凌海服务区餐厅,餐饮服务,凌海市,,,[],41.056516,121.276317,
111,锦州乔家大院餐饮管理有限公司,公司企业,凌海市,,,国道102线路北,41.145618,121.343827,
111,凌海市农乡禾餐饮配送有限公司,公司企业,凌海市,,,凌河路,41.157769,121.366631,
111,北镇市二印犇羴鱻餐饮馆(医闾江南店),餐饮服务,北镇市,,,医闾江南小区A-01号楼8门(建设大厦对面),41.593225,121.776625,
111,北镇服务区贺大娘美食驿站,餐饮服务,北镇市,,,北镇服务区与G4513奈营高速交叉口北440米,41.498250,121.827627,
112,百福老头餐饮(向阳小区店),餐饮服务,新民市,,,向阳新村北区,41.991608,122.830522,
112,沈阳市鸣驰餐饮有限公司,公司企业,铁西区,,,高花街道东狼村,41.713042,123.081294,
112,沈阳低卡食品有限公司,公司企业,铁西区,,,东沙街6号,41.776176,123.214064,
112,康师傅(沈阳)饮品有限公司,公司企业,铁西区,,,六号路14甲-2号,41.777372,123.237918,
112,沈阳金谷园餐饮管理有限公司,公司企业,铁西区,,,沈阳经济技术开发区七号街12甲3号万通汽车服务站,41.773705,123.256307,
112,沈阳简一餐饮有限公司,公司企业,于洪区,,,渤海路与巢湖街交叉口西160米,41.790317,123.294202,
112,辽宁枫之叶餐饮服务有限公司,公司企业,铁西区,,,莫愁湖街与沧海路交叉口西北120米,41.770925,123.291175,
112,辽宁胡记鑫隆餐饮管理有限公司,公司企业,于洪区,,,北陵街道黄河北大街206-595号3门,41.893753,123.377299,
112,辽宁零零玖零餐饮管理有限公司,公司企业,沈北新区,,,蒲河大道888号东北总部基地F1层,41.950906,123.428935,
112,喜厨餐饮管理有限公司,公司企业,于洪区,,,辉山西路27-3网点1门,41.882793,123.391590,
112,吉食稻餐饮服务有限公司,公司企业,沈北新区,,,蒲昌路22号1126门,41.916498,123.417666,
112,沈阳库伦餐饮企业管理有限公司,公司企业,铁西区,,,路官二街15号,41.773388,123.339883,
112,沈阳邓硬餐饮管理有限公司,公司企业,铁西区,,,保工北街3甲2号4门,41.813777,123.367138,
112,枕水江南餐饮三台子外卖店,餐饮服务,于洪区,,,陵西街道赤山路5号枕水江南3-1-1,41.872404,123.414134,
112,沈北新区禧圣园餐饮中心,餐饮服务,沈北新区,,,银河街31号(152中学对面),42.053885,123.524284,
112,王厚元饺子(黄河南大街店),餐饮服务,皇姑区,,,黄河南大街93号11门,41.837870,123.420252,
112,沈阳合易泓餐饮管理有限公司,公司企业,皇姑区,,,昆山中路82号,41.819460,123.411852,
112,意源金鑫餐饮包装,公司企业,和平区,,,南二温州城B座6号门市意源金鑫塑料袋餐盒真空袋,41.789750,123.395917,
112,沈阳众山餐饮包装总店,购物服务,和平区,,,民族南街42号甲1机电城楼下,41.790117,123.396597,
112,沈阳胜和餐饮管理有限公司,公司企业,沈北新区,,,联东优谷四期9-2,41.958843,123.498874,
112,斋藤外餐饮管理有限公司,公司企业,皇姑区,,,北陵小区11号楼2单元,41.835017,123.425551,
112,中安业(沈阳)餐饮配送有限公司,公司企业,和平区,,,哈尔滨路12号,41.812633,123.415369,
112,沈阳恒信餐饮企业管理有限公司,公司企业,沈北新区,,,蒲河路83-2号,41.962866,123.504510,
112,润麦餐饮中央厨房,公司企业,沈北新区,,,蒲河路83-41号,41.961122,123.504948,
112,沈阳市见山餐饮管理有限公司,公司企业,皇姑区,,,宁山中路18号6门,41.828062,123.426075,
113,香树湾餐饮,餐饮服务,调兵山市,,,兀术花园,42.446825,123.540275,
113,调兵山市撸啊撸串吧餐饮服务,餐饮服务,调兵山市,,,惠安公寓2楼104号,42.446365,123.540761,
113,调兵山市鑫悦府餐饮店,餐饮服务,调兵山市,,,调隆路与中央大街交叉口东南380米,42.447652,123.554818,
113,宝力服务区餐厅(平康高速店),餐饮服务,昌图县,,,平康高速宝力服务区,42.869880,123.817158,
113,铁岭县荷花餐饮店(个体工商户),餐饮服务,铁岭县,,,庐山路45号瑞峰·宸庭,42.235804,123.730119,
113,辽宁康恒卫生检测技术有限公司,公司企业,铁岭县,,,东北城大道53号A-5门市,42.220834,123.750454,
113,昌图服务区奉天中餐厅,餐饮服务,昌图县,,,G1京哈高速与昌图服务区交叉口西南480米,42.727657,124.076865,
113,鸿禧旺达餐饮管理有限公司,公司企业,银州区,,,北市路与盛兴街交叉口西80米,42.306175,123.845975,
113,铁岭市银州区禾意餐饮店,餐饮服务,银州区,,,工人街24委15组东梅组团3号楼102室,42.289721,123.841611,
113,铁岭广裕民俗风味村餐饮有限公司,公司企业,银州区,,,广济路与广裕街交叉口东40米,42.304074,123.851035,
113,开原服务区餐厅,餐饮服务,开原市,,,开原服务区与G1京哈高速交叉口西北500米,42.517639,124.001206,
113,铁岭服务区美食广场,餐饮服务,银州区,,,铁岭服务区西30米,42.284407,123.878402,
113,开原老字号扒肉砂锅居爱新港湾服务站点,餐饮服务,开原市,,,解放路15号-27号,42.539887,124.037833,
113,外婆家饭店(兴工路店),餐饮服务,开原市,,,开原市外婆家饭店,42.551461,124.048416,
113,铁岭金橙餐饮服务有限公司,公司企业,银州区,,,永兴路,42.219145,123.883799,
114,马记吉祥如意饭庄礼宾城餐饮服务店,餐饮服务,阜新蒙古族自治县,,,太平镇阜大线太平石化南50米,42.271425,121.193575,
114,阜新王府服务区餐厅,餐饮服务,阜新蒙古族自治县,,,四合大街32号阜新王府服务区,42.076706,121.591209,
114,阜新·金佳红色物业综合服务中心逸佳百姓餐厅(金地花园店),公司企业,细河区,,,阜新市开发区金地花园31号楼,41.995355,121.622875,
114,大芒果谁煮鱼餐饮店,餐饮服务,细河区,,,民族街甲219-229号银通公园里,42.040130,121.649511,
114,阜新服务区贺大娘美食驿站,餐饮服务,阜新蒙古族自治县,,,阜新服务区南30米,42.104272,121.696565,
114,百姓菜馆(河北住宅店),餐饮服务,海州区,,,矿工大街65-3-2门,41.998485,121.637754,
114,喜扬羊餐饮店,餐饮服务,细河区,,,人民大街40-3号120网,42.025056,121.667317,
114,老韩回头餐饮馆,餐饮服务,阜新蒙古族自治县,,,智发一期,42.059893,121.743635,
114,彰武县甜蜜蜜餐饮中心,餐饮服务,彰武县,,,彰武县西六镇,42.310056,122.573563,
115,溪湖区鑫淋美餐饮部,餐饮服务,溪湖区,,,石桥子经济技术开发区神农大街28号,41.428848,123.694089,
115,本溪市溪湖区川江餐饮店,餐饮服务,溪湖区,,,石桥子镇,41.458531,123.718962,
115,广宝餐饮娱乐(榆林华苑店),餐饮服务,溪湖区,,,银石街156号,41.457943,123.718845,
115,聚仙楼餐饮店,餐饮服务,溪湖区,,,张石线与木兰路交叉口南220米,41.454800,123.724824,
115,悦新餐饮管理中心,公司企业,明山区,,,滨河南路与一洞桥街交叉口东北120米,41.299625,123.752625,
115,火星潮玩娱乐餐饮中心,体育休闲服务,明山区,,,地工路88号银亿家园,41.310007,123.790188,
115,颐年智慧康养社区服务中心社区大食堂,餐饮服务,明山区,,,文化路华夏馨苑D座3号公建,41.287621,123.795055,
115,溪源居民宿餐饮部,餐饮服务,本溪满族自治县,,,中国石油水洞加油站东北侧140米,41.299074,124.054933,
115,阳光二姐家餐饮店,餐饮服务,本溪满族自治县,,,春光路与闵家巷交叉口西南180米,41.294849,124.130029,
115,桓仁满族自治县砬门饭店,餐饮服务,桓仁满族自治县,,,567乡道和平村6组砬门里(枫林谷下行近2公里),41.115602,125.251163,
115,桓仁满族自治县阿伟大席小碗菜餐饮店,餐饮服务,桓仁满族自治县,,,桓仁镇西关四组,41.269319,125.350725,
115,张记小竹叶餐饮店,餐饮服务,桓仁满族自治县,,,民族路与长江大街交叉口西南60米,41.267175,125.352125,
116,辽阳哦莫餐饮管理有限公司,公司企业,白塔区,,,新运大街文庙公园东侧文圣公安分局对面,41.260558,123.199998,
116,泓悦尚品(新派东北融合菜),餐饮服务,文圣区,,,天福路金域揽境6栋-5门市,41.273586,123.220906,
117,沈阳众口福餐饮管理有限公司,公司企业,望花区,,,沈东三路与中兴西一街交叉口东260米,41.801380,123.712637,
117,抚顺服务区餐厅,餐饮服务,顺城区,,,抚顺服务区西40米,41.901836,123.819722,
117,双凯餐饮饭堂,餐饮服务,望花区,,,光明一路18号1号楼1单元501号光明垣,41.848675,123.812925,
117,小欣很忙美食餐饮店,餐饮服务,望花区,,,滨河路与永济路交叉口南300米,41.856825,123.819875,
117,小可心餐饮,餐饮服务,望花区,,,海城二路18号,41.848942,123.818217,
117,抚顺天屹餐饮管理有限公司,公司企业,新抚区,,,沿滨路12-27号楼3号商业网点,41.857874,123.846069,
117,辽宁瑞比嘚餐饮管理有限公司,公司企业,顺城区,,,香山美墅西南侧270米,41.881301,123.881034,
117,炊间餐饮店,餐饮服务,新抚区,,,中和路与十一道街交叉口西南60米,41.859475,123.870575,
117,小梅啊餐饮店,餐饮服务,顺城区,,,将军街,41.875775,123.891967,
117,抚顺百香福餐饮咨询管理有限公司,公司企业,顺城区,,,黄旗村,41.939858,123.930824,
117,富力万达嘉华酒店美食汇,餐饮服务,新抚区,,,浑河南路中段56-11号万达嘉华酒店1层,41.866466,123.900970,
117,福雷德餐饮店,餐饮服务,顺城区,,,兴仁街与新城一路交叉口东南40米,41.879725,123.914375,
117,海上皇宫餐饮娱乐集团,餐饮服务,新抚区,,,东四路十八号,41.862962,123.909013,
117,豪大厨餐饮店,餐饮服务,新抚区,,,刘山二街与刘山一街交叉口西南60米,41.828637,123.895857,
117,卓选小餐饮店,餐饮服务,新抚区,,,刘山二街与刘山一街交叉口南140米,41.827609,123.896088,
117,福滋味餐饮店,餐饮服务,新抚区,,,南阳一街7号楼4号门市,41.857663,123.919122,
117,富贵铁锅炖(弘福俪景小区店),餐饮服务,顺城区,,,长春街抚顺公证对面,41.881204,123.944187,
117,一见轻心餐饮店,餐饮服务,顺城区,,,裕城路40号城东新区二十一方块,41.885425,123.967275,
117,好幸福餐饮店,餐饮服务,东洲区,,,搭连街2号搭连小区,41.851224,124.037179,
117,北三家服务区餐厅,餐饮服务,清原满族自治县,,,北三家互通与北三家服务区交叉口西200米,42.032785,124.698030,
117,老地方餐饮服务有限公司,公司企业,清原满族自治县,,,榆树街,42.105641,124.916033,
117,永陵服务区餐厅,餐饮服务,新宾满族自治县,,,永陵服务区与S10抚通高速出口交叉口西80米,41.694587,124.798010,
118,盘锦服务区餐厅,餐饮服务,盘山县,,,钦江路与横江路交叉口西480米,41.246937,121.955509,
118,蒸蒸日上餐饮店,餐饮服务,兴隆台区,,,陆家镇陆家村909号,41.160974,121.937058,
118,德亿餐饮食材供应链,公司企业,大洼区,,,新兴镇王家村114号,41.098339,122.000590,
118,盘锦咪咕互联网餐饮有限公司,公司企业,兴隆台区,,,盘锦互联网创业大厦-西座,41.154625,122.047025,
118,肆逸清幽别院餐饮店,住宿服务,兴隆台区,,,兴海街道东跃村,41.143319,122.042264,
118,盘锦天天鲜餐饮配送服务有限公司,公司企业,兴隆台区,,,锦城明郡B3104,41.131290,122.046864,
118,晟亚餐饮(柏景嘉苑店),餐饮服务,兴隆台区,,,柏景嘉苑商网5-109,41.144126,122.059344,
118,瑾一味灌汤包(瀚新花园店),餐饮服务,兴隆台区,,,瀚新花园南区2号门西90米,41.155247,122.066173,
118,八方来菜精品餐饮,餐饮服务,兴隆台区,,,长安华府东门南80米,41.107837,122.042336,
118,豪塞华大豪肉铺餐饮管理有限公司,公司企业,大洼区,,,田家镇新田街依云小镇南门西行300米,41.088316,122.047550,
118,辽宁京府江南餐饮有限公司,公司企业,兴隆台区,,,香稻路与兴油街交叉口南300米,41.134656,122.092869,
118,盘锦市兴隆台区兴隆宛李香快餐餐饮店,餐饮服务,兴隆台区,,,兴盛街道万达社区双兴路西友谊街南万达广场A2地块大商业112,41.099076,122.076391,
118,京府江南(祥和智能家园店),餐饮服务,兴隆台区,,,祥和家园1-78-54-1号上网2层,41.127080,122.094693,
118,陆海口(盘锦店),餐饮服务,兴隆台区,,,兴隆台街与青年路交叉口东60米,41.132852,122.099919,
118,盘锦三知餐饮服务有限公司,公司企业,兴隆台区,,,桔子广场,41.117625,122.094775,
118,辽宁茶港餐饮文化有限公司,公司企业,大洼区,,,汇美南街b9-08号,41.058873,122.076605,
118,尚懿(盘锦)餐饮管理有限公司,公司企业,大洼区,,,丽江街二号,41.032733,122.075102,
118,盘锦锦食餐饮服务有限公司,公司企业,大洼区,,,中心路与华鹤巷交叉口东南40米,40.993775,122.074525,
119,三十家子服务区餐厅,餐饮服务,凌源市,,,三十家子服务区与G25长深高速交叉口东北440米,40.996080,119.033036,
119,津香玉餐饮品牌策划工作室,公司企业,建平县,,,津香玉餐饮品牌策划,41.796850,119.489681,
119,凌源市司机之家餐饮店,餐饮服务,凌源市,,,兴源街道祝家营子村兴源大街油战线西50米处,41.305290,119.406129,
119,老建平服务区餐厅,餐饮服务,建平县,,,老建平服务区北侧,41.930536,119.735593,
119,淩源宾馆餐饮部,餐饮服务,凌源市,,,红山路90号淩源宾馆四楼,41.247100,119.399945,
119,鑫淼聚源餐饮店,餐饮服务,凌源市,,,南大街138号华麟升新世纪购物城负一层B区238号摊位,41.244475,119.406225,
119,凌源市正道餐饮配送管理有限公司,公司企业,凌源市,,,鑫苑小区12号A-01017,41.245708,119.417459,
119,建平县万寿高记对夹餐饮店,餐饮服务,建平县,,,"万寿街道体育场东北侧,烧烤一条街西入口",41.406203,119.659598,
119,大庙服务区餐厅,餐饮服务,朝阳县,,,G16丹锡高速与大庙服务区交叉口西340米,41.707479,120.248370,
119,大庙服务区餐厅,餐饮服务,朝阳县,,,G16丹锡高速与大庙服务区交叉口西北360米,41.709153,120.250007,
119,朝阳服务区餐厅,餐饮服务,龙城区,,,G25长深高速与朝阳服务区交叉口南400米,41.522350,120.172130,
119,朝阳市德辉餐饮服务有限公司龙城分公司,公司企业,龙城区,,,天池街,41.615866,120.398332,
119,鑫旺餐饮宴会大厅,餐饮服务,龙城区,,,中涝村村民委员会南侧170米,41.509721,120.360230,
119,朝阳鑫盛电子科技服务有限公司,公司企业,龙城区,,,海龙街道利民社区鑫丰园小区兴中路11号42C1层105号,41.569940,120.411468,
119,郭家小馆餐饮店,餐饮服务,双塔区,,,前进街道和平街云水家园24号324C1单元16室,41.585901,120.439544,
119,金厨餐饮食材原料供应链,公司企业,双塔区,,,文化路47-5百货站家属楼西北侧,41.572188,120.435151,
119,朝阳县李厨特味餐饮店,餐饮服务,朝阳县,,,柳城街道波赤村龙湾新城秀水名苑B区,41.505242,120.400731,
119,红旗大队煎烤涮餐饮店,餐饮服务,双塔区,,,友谊大街一段49号188c号,41.595775,120.455017,
119,丁村长餐饮,餐饮服务,双塔区,,,龙山街道马场村153号,41.555995,120.434692,
119,朝阳小煳南餐饮有限公司,公司企业,双塔区,,,珠江路与凌河街交叉口西100米,41.560325,120.453325,
119,朝阳县站点餐饮店,餐饮服务,朝阳县,,,柳城街道袁台子村,41.487625,120.418575,
119,双塔区滨河味道餐饮店,餐饮服务,双塔区,,,凤凰新城一期附近,41.562960,120.464753,
119,无忧部落餐饮休闲营地,餐饮服务,北票市,,,北塔镇勿苏吐噜村南,42.211414,120.810591,
119,朝阳天工伟业餐饮配送管理有限公司,公司企业,双塔区,,,滨河水城东门坝下路由北向南,41.538749,120.459097,
119,双塔区董家餐饮服务店,餐饮服务,双塔区,,,梧桐苑,41.577180,120.481715,
120,橙意鲜制辅食餐饮,餐饮服务,台安县,,,台安镇环城路西阳光小区3号楼4号门市,41.380473,122.434847,
120,食涂时尚餐饮,餐饮服务,海城市,,,牛庄镇街道办事处东方红路107-1,40.949554,122.527038,
120,甘泉服务区沟帮子,餐饮服务,海城市,,,港星石油甘泉服务区LNG加气站北侧240米,41.008111,122.776288,
120,海城大和二姐餐饮经营店,餐饮服务,海城市,,,大和美食街南街21号,40.859683,122.749033,
120,吉喜客大排档餐饮店,餐饮服务,海城市,,,兴海街道三里社区三里村704号,40.873385,122.769512,
120,央厨一品餐饮供应链,公司企业,铁西区,,,红旗南街与合宁街交叉口西南180米,41.156975,122.936975,
120,鞍山市仟佰合合腾达餐饮有限公司,公司企业,铁西区,,,千山西路311号,41.138605,122.945528,
120,臻乡餐饮管理有限公司,公司企业,铁西区,,,永庆街27号,41.097080,122.952360,
120,繁荣乐佳社区服务餐厅(社区食堂),餐饮服务,铁西区,,,陶官街41栋北,41.108134,122.969902,
120,蒋记餐饮店,餐饮服务,铁西区,,,解放西路36栋一层2号,41.098375,122.965826,
120,果欣餐饮,餐饮服务,铁西区,,,东方堂悦西门旁,41.086675,122.960125,
120,伊景休闲茶餐饮店,餐饮服务,铁东区,,,一道街31栋,41.101354,122.984012,
120,酒之魂餐饮店,餐饮服务,铁东区,,,钢城街与铁东一道街交叉口东北40米,41.119732,122.994870,
120,鞍山厚禾昌粮油有限公司,公司企业,铁东区,,,长大街16号综合区1号东门五号南北,41.085875,122.984525,
120,佳乐美食餐饮服务饭店,餐饮服务,立山区,,,佳泰丽景大厦,41.137528,123.016699,
120,大白鲨美食,餐饮服务,铁东区,,,中华路新华街20号人民公园,41.116814,123.005005,
120,鑫乾餐饮店,餐饮服务,立山区,,,恒通街与站南街交叉口东40米,41.181946,123.047802,
120,禧兜肉燕餐饮店,餐饮服务,铁东区,,,园林路241栋1层1号,41.118209,123.012490,
120,山茶书餐饮,餐饮服务,铁东区,,,工人街与永青巷交叉口东140米,41.090925,123.001125,
120,恒源三餐小馆餐饮店,餐饮服务,立山区,,,太平街104-1号,41.151396,123.041593,
120,万鑫发展实业有限公司莱弗仕餐饮分公司,公司企业,铁东区,,,解放东路与长兴街交叉口西北60米,41.084507,123.005483,
120,圣河湾小厨,餐饮服务,铁东区,,,新营路28号(湖南中医院东行100米),41.088985,123.012991,
120,海城市军发餐饮有限责任公司,公司企业,海城市,,,大盘线与镁都大街交叉口西120米,40.734248,122.829494,
120,玖福团膳餐饮管理(吉林)有限公司鞍山分公司,公司企业,立山区,,,激光产业园通讯工业园原女宿舍一层,41.117475,123.093825,
121,营口市施施然餐饮管理有限公司,公司企业,西市区,,,元美医疗美容东南侧,40.681475,122.210575,
121,玖福团膳餐饮管理(营口)有限公司,公司企业,西市区,,,科达路49号,40.644470,122.199498,
121,串来串趣餐饮店,餐饮服务,西市区,,,通惠路14-甲12号,40.675166,122.224485,
121,经依家餐饮店,餐饮服务,西市区,,,紫文苑小区2-甲16号,40.676576,122.230956,
121,丰禾餐饮饭店,餐饮服务,西市区,,,启文路11-甲11号,40.662628,122.224586,
121,笨三水煮鱼,餐饮服务,站前区,,,天宇宏府东9-12,40.654779,122.242425,
121,营口金汉城餐饮管理服务有限公司,公司企业,站前区,,,学府路与青花大街交叉口西北40米,40.651447,122.243472,
121,水产城服务区平安饭店,餐饮服务,大石桥市,,,营口辽东湾高坎现代水产城西北门东60米,40.765265,122.368321,
121,东鑫餐饮服务中心,餐饮服务,大石桥市,,,旗口镇第二中学西南侧120米,40.902325,122.465325,
121,金雪餐饮,餐饮服务,鲅鱼圈区,,,红海08-新兴街01-55号楼6号门市,40.249487,122.124834,
121,焰遇串巴餐饮店,餐饮服务,鲅鱼圈区,,,商业城十一草房商贸楼南数5号,40.254058,122.130519,
121,大厨锅包肉餐饮外卖店,生活服务,鲅鱼圈区,,,宋屯新区D3栋楼4号,40.242928,122.152952,
121,旺角卡门港风复古餐饮集合店,餐饮服务,鲅鱼圈区,,,红旗满族镇辽南大街红旗家园东,40.223263,122.149295,
121,爱香园餐饮超市,餐饮服务,老边区,,,上白线与老边北线交叉口南140米,40.676476,122.416339,
121,辽宁食传餐饮管理有限公司,公司企业,盖州市,,,红旗大街与人民路交叉口东120米,40.411248,122.350306,
121,营口新思为餐饮管理有限公司,公司企业,盖州市,,,清河石油销售有限公司加油站西南侧120米,40.389591,122.348812,
121,营口广汇餐饮管理有限公司,公司企业,大石桥市,,,西外环路55号,40.640132,122.488064,
121,盖州市嘉缘食品有限公司,餐饮服务,盖州市,,,太阳升街道沙沟子外环道口,40.368829,122.351835,
121,盖县餐饮店,餐饮服务,大石桥市,,,哈大中路与军民路交叉口西南160米,40.624575,122.500225,
121,金饭碗家宴,餐饮服务,大石桥市,,,大石桥市五堪交通岗早市道口西150米,40.638083,122.511956,
121,智益餐饮,餐饮服务,大石桥市,,,哈西里小区,40.634825,122.510775,
121,畅姐干锅餐饮店,餐饮服务,大石桥市,,,红万里小区,40.629225,122.509375,
121,秦大餐饮(华府天地店),餐饮服务,大石桥市,,,朝阳路与石桥大街交叉口北100米,40.626316,122.514758,
121,兄弟餐饮,餐饮服务,大石桥市,,,石桥大街与商业街交叉口东南60米,40.624925,122.515025,
121,串炒饭瑶瑶餐饮店,餐饮服务,大石桥市,,,辰威·金域华庭西北门东北120米,40.634175,122.520475,
122,美仑酒店-餐饮部,餐饮服务,利津县,,,水库北路与津三路交叉口东80米,37.483818,118.245280,
122,东营河口朱记大刀餐饮有限公司,餐饮服务,河口区,,,六合街道三义和和安路6号101室,37.870345,118.555374,
122,利来餐饮店,餐饮服务,利津县,,,贸源路与府苑街交叉口西南40米,37.680527,118.480679,
122,山东优百福餐饮管理有限公司,公司企业,垦利区,,,胜坨路40号,37.536395,118.459500,
122,东营市纤家禧餐饮管理服务有限公司,公司企业,东营区,,,辛店街道北二路与胜辛路路口向北1000米路西,37.484975,118.471575,
122,山东蓝悦汇餐饮有限公司,公司企业,东营区,,,鲁能商贸城,37.461875,118.476725,
122,东营苏庄餐饮有限公司,公司企业,东营区,,,胜泰路与宾安巷交叉口东60米,37.464475,118.485825,
122,牛运来餐饮店,餐饮服务,东营区,,,辛店街道济南路100号阳光大厦2幢3楼东厅,37.461716,118.490042,
122,东营胜权添可餐饮管理有限公司,公司企业,东营区,,,东营华东国际大饭店附近,37.442724,118.482261,
122,缘顺居餐饮,餐饮服务,东营区,,,和平路1号华安黄河小区,37.519770,118.518323,
122,井下作业公司第一生活服务区(职工食堂),餐饮服务,垦利区,,,锦花路3号,37.525765,118.530715,
122,东营德弘餐饮有限公司第一分公司,公司企业,东营区,,,广场路与西三路交叉口西20米,37.454825,118.504369,
122,东营隆事达餐饮管理有限公司,公司企业,东营区,,,北一路1076号伟浩大厦,37.457425,118.513025,
122,许记餐饮,餐饮服务,东营区,,,燕山路与芳华路交叉口南80米,37.455675,118.512425,
122,东营盛承餐饮管理合伙企业,公司企业,东营区,,,运鸿路与山河巷交叉口东140米,37.445966,118.512300,
122,山东泽膳餐饮管理有限公司,公司企业,东营区,,,新城家园一区西南侧370米,37.327849,118.465589,
122,东营区回兴顺餐饮店,餐饮服务,东营区,,,淄博路与育新路交叉口东100米,37.467298,118.523482,
122,苏宴楼餐饮店,餐饮服务,东营区,,,淄博路16号苏宴楼餐饮店,37.466891,118.526690,
122,东营区北山餐饮店,餐饮服务,东营区,,,金泰大厦,37.468402,118.528559,
122,东营市蜀润餐饮管理有限公司,公司企业,东营区,,,金泰大厦,37.467775,118.528475,
122,山东立信达餐饮包装,公司企业,东营区,,,海洋路与海东路交叉口西40米,37.455225,118.525775,
122,风华国际花园酒店餐饮中心,餐饮服务,垦利区,,,万兴路西南门,37.561463,118.576060,
122,东营市泰润餐饮管理有限公司,公司企业,东营区,,,陶然财富港,37.446675,118.529875,
122,东营市凯旭餐饮有限公司,公司企业,东营区,,,陶然财富港,37.446675,118.529875,
122,东营满谷餐饮有限公司,公司企业,东营区,,,鱼台路与海通路交叉口东北80米,37.446310,118.529734,
123,喜来乐休闲餐饮,餐饮服务,无棣县,,,棣州二路与万佳达电子大街交叉口北220米,37.753784,117.598399,
123,无棣县启明星餐饮店,餐饮服务,无棣县,,,无棣县第一中学东30米,37.745420,117.599228,
123,无棣县古城印象餐饮管理服务有限公司,公司企业,无棣县,,,海丰路27号无棣古城文化旅游区内(东侧),37.741385,117.604116,
123,聚豪园餐饮,餐饮服务,无棣县,,,海丰十五路与棣新四路交叉口西南40米,37.762744,117.618239,
123,惠民县孙武街道鸡满园餐饮店,餐饮服务,惠民县,,,孙武街道富河园底商4幢405-2铺,37.489517,117.509871,
123,壹心烧烤餐饮,餐饮服务,阳信县,,,127乡道与阳城三路交叉口东北160米,37.647160,117.573636,
123,臻韵味(山东)餐饮管理有限公司,公司企业,阳信县,,,工业八路西首,37.687300,117.605854,
123,品鲜餐饮,餐饮服务,惠民县,,,孙武街道东方花苑东门北50米,37.483343,117.530455,
123,阳信穆谊府餐饮管理有限公司,公司企业,阳信县,,,河东一路与阳城六路交叉口西140米,37.630706,117.591648,
123,和味餐饮店,餐饮服务,惠民县,,,南环东路与车站路交叉口西180米,37.480586,117.531431,
123,滨州九牛餐饮管理有限公司,公司企业,阳信县,,,阳城八路与河东二路交叉口西140米,37.623275,117.598075,
123,滨州铭禧餐饮管理公司,公司企业,惠民县,,,孙武五路与乐胡路交叉口东南220米,37.473577,117.553412,
123,福运餐饮经营店,餐饮服务,惠民县,,,姜楼镇梨行宋,37.246586,117.537220,
123,绥化百胜饭店服务区,餐饮服务,无棣县,,,段家付0,37.925031,117.842182,
123,无棣县西小王镇马肉餐饮店,餐饮服务,无棣县,,,西小王镇蔡古路东侧,37.855363,117.815361,
123,惠波餐饮管理有限公司,公司企业,惠民县,,,220国道与兴业路交叉口东80米,37.267141,117.596257,
123,滨州市沾化区腾越餐饮,餐饮服务,沾化区,,,文翰佳苑东7户,37.780056,117.968556,
123,小兵餐饮经营店,餐饮服务,沾化区,,,冯家镇西山后村,37.893748,118.033753,
123,滨州服务区餐厅,餐饮服务,滨城区,,,滨州服务区与G25长深高速交叉口南380米,37.522379,117.907442,
123,邹平西服务区餐厅,餐饮服务,邹平市,,,邹平西服务区南30米,36.891835,117.677446,
123,利新餐饮私房菜(黄河十二路渤海二十一路店),餐饮服务,滨城区,,,渤海二十一路与黄河十二路交叉口西南100米,37.405094,117.936320,
123,逸腾餐饮有限公司,公司企业,滨城区,,,渤海十九路与黄河一路交叉口东北440米,37.370304,117.950671,
123,老七家餐饮,餐饮服务,滨城区,,,滨北街道凤凰二路梧桐四路路口向北100米路西,37.468868,117.991806,
123,聂顺斋餐饮店,公司企业,滨城区,,,彭李办事处黄河七路渤海十七路以西188米路北,37.388379,117.960795,
123,中裕餐饮管理有限公司渤海十八路二店,公司企业,滨城区,,,彭李街道渤海十八路580号中银大厦(黄河四路),37.376309,117.956640,
124,牛客来鲜牛馆餐饮店,餐饮服务,龙口市,,,新嘉街道北曲村加油站旁,37.654683,120.446070,
124,山东玺堂文化餐饮有限公司,公司企业,龙口市,,,东江街道常伦街777号梦想公社11号楼,37.624775,120.492625,
124,龙口市包小雅餐饮店,餐饮服务,龙口市,,,诸由观镇官道街256号,37.687998,120.594539,
124,长岛鸿鼎川香阁餐饮店,餐饮服务,蓬莱区,,,乐园大街乐园村委东10米,37.914570,120.742113,
124,烟台辣中田餐饮有限公司,公司企业,蓬莱区,,,南关路21号,37.801209,120.735989,
124,山东赞稼餐饮管理有限公司,公司企业,莱阳市,,,莱阳双庆鞋业有限公司北侧100米,36.981334,120.658509,
124,栖霞亚东餐饮服务有限公司,公司企业,栖霞市,,,亚东汽车检测线西南侧70米,37.307675,120.814575,
124,鱼悦楼餐饮店,餐饮服务,莱阳市,,,五龙南路90号农行大楼,36.958975,120.706525,
124,万华河海新能源发展(烟台)有限公司,公司企业,福山区,,,大季家路3号,37.674179,121.067238,
124,烟台致远餐饮服务有限公司,公司企业,福山区,,,烟台良久汽车配件有限公司附近,37.511077,121.198344,
124,烟台聚航餐饮有限公司,公司企业,福山区,,,永达街984号,37.520483,121.226291,
124,荣力36号餐饮店(念慈别墅店),餐饮服务,福山区,,,烟台市开发区黄山路北头路东50米霞光小区36号别墅,37.569409,121.264022,
124,烟台东一餐饮服务有限公司,公司企业,福山区,,,鑫海街与松霞路交叉口东140米,37.534059,121.273563,
124,烟台市秀品餐饮管理有限公司,公司企业,福山区,,,烟台昊瑞金属制品有限公司南门旁,37.532215,121.273877,
124,福山区松霞路良和卿餐饮店,购物服务,福山区,,,松霞路169-4南3门,37.520850,121.273612,
124,尚德福餐饮,餐饮服务,福山区,,,松霞路151-33号,37.517872,121.274251,
124,烟台洪兴餐饮管理有限公司,公司企业,福山区,,,河滨南路与青龙山街交叉口西南200米,37.482588,121.260916,
124,烟台健力原餐饮有限公司,公司企业,福山区,,,双龙路69号,37.483033,121.280199,
124,山东铭鑫城餐饮服务有限公司,公司企业,芝罘区,,,楚玉路与魁玉路交叉口北480米,37.490525,121.308325,
124,烟台佳世源餐饮管理有限公司,公司企业,芝罘区,,,只楚街道西牟南街289号西6号,37.479075,121.304375,
124,优心购餐饮耗材供应链有限公司,公司企业,芝罘区,,,珠玑北街41号,37.550103,121.345948,
124,烟台福来齐餐饮管理有限公司,公司企业,芝罘区,,,芝罘屯路与西山路交叉口东80米,37.557625,121.361325,
124,烟台轩麦餐饮管理有限公司,公司企业,芝罘区,,,青年南路与上林街交叉口东南100米,37.522835,121.363931,
124,烟台智开四季餐饮管理有限公司,公司企业,芝罘区,,,大海阳路与璜山南街交叉口东北200米,37.535575,121.375025,
124,烟台金鳞汇餐饮供应链,公司企业,芝罘区,,,兴园路2号,37.480722,121.370618,
125,山东兴顺餐饮管理有限公司乳山分公司,公司企业,乳山市,,,深圳路与新华街交叉口南140米,36.910862,121.551317,
125,茂喜餐饮,餐饮服务,乳山市,,,大连路与天津路交叉口东南240米,36.908625,121.578425,
125,敏尚荣(威海)餐饮管理有限公司,公司企业,乳山市,,,威海路6号,36.913868,121.585047,
125,白玉兰餐饮,餐饮服务,环翠区,,,火炬八街与环海路交叉口南320米,37.523025,122.031575,
125,威海小财神餐饮管理有限公司,公司企业,环翠区,,,文化西路288号威海高新区火炬大厦,37.522275,122.034725,
125,威海景信餐饮有限公司,公司企业,环翠区,,,文化西路288号威海高新区火炬大厦,37.522262,122.034749,
125,威海蒙特餐饮有限公司,公司企业,环翠区,,,抚顺路与科技路交叉口南120米,37.516525,122.050675,
125,路道口餐饮经营店,餐饮服务,环翠区,,,孙家滩村成乐幼儿园位置,37.423762,122.006919,
125,威海优食邦餐饮管理有限公司,公司企业,环翠区,,,御鑫佳园23号楼,37.509625,122.050025,
125,威海伙力食足餐饮管理有限公司,公司企业,环翠区,,,火炬路166号-101-5,37.523255,122.062839,
125,威海宏焱餐饮管理有限公司,公司企业,环翠区,,,文化西路160号盛德大厦,37.527466,122.066933,
125,饭否餐饮店,餐饮服务,环翠区,,,新浪屿花园3-3号,37.532682,122.070896,
125,威海一味餐饮服务有限公司,公司企业,环翠区,,,世昌大道北侧世昌阳光,37.503505,122.066710,
125,威海火炬高技术产业开发区大博餐饮店,餐饮服务,环翠区,,,文化西路与福山路交叉口北180米,37.523175,122.080775,
125,威海湘盛园餐饮有限公司,公司企业,环翠区,,,花园中路与古寨西路交叉口西80米,37.522975,122.092575,
125,威海市润峰餐饮管理有限公司(高区分公司),公司企业,环翠区,,,世昌大道201-2号蓝堡大厦,37.502830,122.086186,
125,威海泓兴餐饮管理有限公司,公司企业,环翠区,,,北海大厦,37.544413,122.115204,
125,威海市山后餐饮管理有限公司,公司企业,环翠区,,,西北山路与宫松岭路交叉口南160米,37.518025,122.109975,
125,威海寰萃料理餐饮管理有限公司,公司企业,环翠区,,,统一路120号环翠楼公园内(东侧),37.505348,122.111659,
125,威海景冠餐饮有限公司,公司企业,环翠区,,,石河街与顺河街交叉口西南180米,37.496996,122.111084,
125,哧鲜餐饮,餐饮服务,环翠区,,,海港路与潍县街交叉口北80米,37.508625,122.122625,
125,威海润合餐饮有限公司,公司企业,环翠区,,,威高大厦,37.505751,122.122654,
125,威海市瀚坤餐饮管理有限公司,公司企业,环翠区,,,威高大厦,37.505499,122.122826,
125,威海市念壹餐饮管理有限公司,公司企业,环翠区,,,威高大厦,37.505499,122.122825,
125,青岛何勇餐饮管理咨询企业有限公司新威路餐厅,公司企业,环翠区,,,新威路17-2号威高SOHO,37.504474,122.123280,
126,青岛绿康瑞源餐饮服务有限公司,公司企业,平度市,,,天津路1375号,36.797132,119.930510,
126,青岛一加香禾餐饮管理有限公司,公司企业,平度市,,,同和路95号,36.740596,119.943910,
126,圣水臻源餐饮店,餐饮服务,平度市,,,赣州路与南京路交叉口东南240米,36.793659,119.979840,
126,青岛福海禧宴餐饮管理有限公司,公司企业,平度市,,,泉州路与南京路交叉口南220米,36.794575,119.994625,
126,平度市串通一气餐饮部,餐饮服务,平度市,,,平度市经济开发区青岛东路4号,36.780543,119.996258,
126,青岛厨匠东哥餐饮有限公司,公司企业,平度市,,,079县道与308国道交叉口南80米,36.788870,120.104156,
126,青岛烁美达餐饮服务有限公司,公司企业,胶州市,,,站前大道,36.308215,120.068250,
126,常乐幸福里餐饮管理有限公司,公司企业,胶州市,,,聚福家园东南门西50米,36.248799,120.061219,
126,青岛万仕和餐饮设备研发有限公司,公司企业,黄岛区,,,逄猛王工业园387-1旋转小火锅设备回转小火锅设备青岛旋转小火锅设备菏泽旋转小火锅设备旋转烤肉寿司设备,36.112366,120.026590,
126,青岛合众园餐饮服务有限公司,公司企业,胶州市,,,李哥庄镇魏家屯村南204国道南300米得高路2号,36.334586,120.176568,
126,三亩园餐饮管理有限公司,公司企业,黄岛区,,,珠山南路41号,35.850395,119.983357,
126,德隆泰(上海)密封科技有限公司,公司企业,黄岛区,,,红柳河路638号青岛盈康四季餐饮进门右手边第一个仓库,36.094894,120.114270,
126,青岛鑫康惠餐饮服务有限公司,公司企业,黄岛区,,,黄河西路499号,36.015625,120.097425,
126,青岛润旺餐饮配送有限公司,公司企业,城阳区,,,棘洪滩街道宏祥一路26号(科创城对面),36.308225,120.239281,
126,青岛汇力鑫餐饮管理有限公司,公司企业,城阳区,,,锦宏东路82-10号,36.333596,120.295171,
126,青岛悦味轩餐饮管理有限公司,公司企业,莱西市,,,南京路与龙口东路交接处,36.849752,120.539941,
126,青岛鑫食励餐饮管理有限公司,公司企业,即墨区,,,金黄海路55号,36.368678,120.333765,
126,青岛裕凯餐饮管理有限公司,公司企业,城阳区,,,裕园三路30号,36.312855,120.324566,
126,青岛比家美餐饮管理有限公司,公司企业,莱西市,,,经济开发区烟青路1448号,36.911019,120.587207,
126,宝福楼餐饮,餐饮服务,城阳区,,,棘洪滩街道青大工业园臻园路12-1号,36.317270,120.332310,
126,青岛欧麦德贸易有限公司,餐饮服务,即墨区,,,西元庄四路与六路交叉路口(华佗国药大药房)北150米,36.333128,120.354788,
126,青岛焦小酱食品有限公司,公司企业,即墨区,,,青威路与石林三路389-1号宝食捷餐饮公司进入三楼,36.412315,120.403213,
126,青岛宜品迪餐饮管理有限公司,公司企业,城阳区,,,流亭街道月河路5号联东U谷青岛流亭生态智造港12号楼1单元101户,36.272475,120.351875,
126,田野牧歌餐饮管理(青岛)有限公司,公司企业,城阳区,,,双元路与长白山路交叉口东南60米,36.281682,120.356901,
126,青岛欣美乐餐饮管理有限公司,公司企业,即墨区,,,福祥一路77号,36.330713,120.378124,
127,亭丽餐饮碗碗香,餐饮服务,冠县,,,清泉一品小区商业街2幢商15号,36.477375,115.444225,
127,段岐餐饮店,餐饮服务,临清市,,,八岔路与007县道交叉口西北20米,36.695773,115.616163,
127,栾记餐饮店高唐豆腐脑老豆腐,餐饮服务,临清市,,,青年路街道迅力社区书香大院小区5幢1层104号,36.822790,115.695693,
127,临清市三盛供应链管理有限公司,公司企业,临清市,,,青年路街道办事处土桥村豪瀚商贸城1-2号楼hh1-2幢2-144,36.824534,115.703721,
127,泓林餐饮店家常菜,餐饮服务,临清市,,,古楼东街104号,36.831995,115.724688,
127,临清市畅春园餐饮服务店,餐饮服务,临清市,,,天雨置业紫云府,36.824075,115.728625,
127,临清市鸿运居餐饮有限公司,餐饮服务,临清市,,,新华开发区杨八里居委121号,36.848404,115.771334,
127,铂臻餐饮管理有限公司(康记蒸碗),公司企业,莘县,,,燕店镇政府对面向西20米,36.305608,115.614203,
127,食悦学膳优配餐饮批发配送公司,生活服务,莘县,,,雁塔街道杨平路南段路西食悦学膳优配餐饮批发公司,36.230521,115.644762,
127,聊城市宴平乐悦餐饮有限公司,公司企业,东昌府区,,,聊城市宴平悦餐饮有限公司,36.443787,115.727490,
127,穆清斋清真食品有限公司,餐饮服务,莘县,,,莘县水源新能源科技有限公司东南侧250米,36.037675,115.605075,
127,呀蜜餐饮,餐饮服务,莘县,,,莘州街道滨河美食城昌盛花园(东街早市),36.233282,115.678418,
127,京鹤源(莘县)餐饮管理有限公司,公司企业,莘县,,,鸿图街1号创新大厦西裙楼,36.259648,115.714047,
127,千户府餐饮,餐饮服务,阳谷县,,,狮子楼售票处往西路北108米南门,36.111375,115.781275,
127,阳谷县多福餐饮馆,餐饮服务,阳谷县,,,博济桥街道育英街东顺胡同4号(小刀电动车北胡同第四家),36.114196,115.783522,
127,聊城市聊阳聚餐饮管理有限公司,公司企业,阳谷县,,,谷山路与赵王河路交叉口东北角二楼,36.123908,115.792418,
127,山东隆食坊餐饮管理有限公司,公司企业,阳谷县,,,清河西路与大寺街交叉口东北40米,36.106325,115.786375,
127,三多利餐饮(金凤华府店),餐饮服务,阳谷县,,,黄山北路260号金凤华府,36.130088,115.805259,
127,山东多顺炉业科技有限公司,公司企业,东昌府区,,,嘉明路14号,36.507925,115.940425,
127,鲁阳餐饮有限公司,公司企业,阳谷县,,,黄山路与大众东路交叉口东北100米,36.116175,115.801175,
127,芊芊餐饮老济南把子肉(水慕华府店),餐饮服务,阳谷县,,,博济桥办事处博济路58号水幕华府小区13号楼108商铺,36.110622,115.801297,
127,山东万合食域餐饮管理有限公司,公司企业,东昌府区,,,京通路1号,36.509119,115.972680,
127,食味轩餐饮管理,公司企业,东昌府区,,,古楼街道军干路东胡同2号,36.439212,115.950479,
127,食频道餐饮有限公司,餐饮服务,东昌府区,,,恒昌街34号,36.465472,115.960190,
127,鸿福贵和餐饮有限公司,公司企业,东昌府区,,,兴华西路与向阳路交叉口西南60米,36.461175,115.965875,
128,济南槐荫风炊杨柳餐饮酒店,餐饮服务,槐荫区,,,春风路与墨林街交叉口西南角杨柳郡22号商铺,36.681799,116.884992,
128,济南御源餐饮配送有限公司,公司企业,槐荫区,,,美里湖办事处李家寺黄河工业园20号,36.730813,116.913980,
128,济南槐荫区荣食方餐饮店,餐饮服务,槐荫区,,,齐州路2038号,36.669706,116.898111,
128,济南谷粮餐饮管理有限公司,公司企业,槐荫区,,,日照路与水秀路交叉口东南80米,36.666079,116.899677,
128,商河串王餐饮店,餐饮服务,商河县,,,爱琴海超市南玫瑰金街,37.297900,117.156613,
128,济南金喜利餐饮有限公司,公司企业,槐荫区,,,粟山路新沙工业园四街12号,36.701943,116.939157,
128,济南食之源餐饮有限公司,公司企业,槐荫区,,,新沙工业园二街2-2号,36.703132,116.941597,
128,醉知己餐饮酒店,餐饮服务,槐荫区,,,刘长山路延长线任庄小区对面路南2号门头房,36.625801,116.913268,
128,济南乐家餐饮管理有限公司,公司企业,槐荫区,,,粟山路新沙工业园一街南区4号,36.698190,116.940989,
128,济南统邦餐饮配料有限公司,公司企业,天桥区,,,小清河北路黄岗冷链仓储配送中心院内,36.693016,116.950546,
128,楠城湘餐饮管理服务有限公司,公司企业,天桥区,,,北马鞍山路12号,36.699690,116.973161,
128,美团餐饮系统(美团收银济南分公司),公司企业,天桥区,,,无影山北路92号金牛小区9号楼门头房,36.696978,116.978440,
128,山东冠源餐饮有限公司,公司企业,市中区,,,党家街道裕通大街东首路北1号,36.573561,116.932520,
128,润泽学膳(山东)餐饮配送服务有限公司,公司企业,天桥区,,,堤口路149号(益康路地铁站B口步行210米),36.674647,116.972240,
128,山东为民央厨餐饮配送有限公司,公司企业,市中区,,,济微公路134号,36.605475,116.954911,
128,东朋餐饮食味添餐厅(西市场店),公司企业,槐荫区,,,经三路480号,36.659432,116.976114,
128,金德利餐饮集团有限公司,公司企业,槐荫区,,,经四路396号,36.659003,116.982480,
128,山东信翔餐饮管理有限公司,公司企业,天桥区,,,天成路62号洪强宾馆三楼,36.672759,116.996377,
128,餐饮一次性包装,公司企业,天桥区,,,北园大街与联四路交叉口西南200米,36.682734,117.009146,
128,美团餐饮系统(济南站),公司企业,历下区,,,泉城路街道泺源大街98号天安时代广场601-6,36.659950,117.023559,
128,美团餐饮系统(美团收银系统济南分公司),公司企业,历下区,,,泉城路26号世茂广场B座508室,36.665390,117.030963,
128,裕贵和济南院子餐饮管理有限公司,公司企业,历下区,,,千佛山西路与马鞍山路交叉口西南160米,36.641375,117.025475,
128,山东致诚餐饮有限公司,公司企业,历城区,,,北园大街36号大院内27幢,36.694517,117.055290,
128,济南泉意餐饮有限公司,公司企业,历城区,,,工业北路189号南全福工业园2号院内,36.715661,117.086755,
128,山东金乌餐饮管理有限公司,公司企业,历城区,,,花园路84号,36.685475,117.075629,
129,平邑县不误正夜餐饮店,餐饮服务,平邑县,,,厚德路2-21号,35.513142,117.620404,
129,平邑家宴餐饮,餐饮服务,平邑县,,,平邑街道宗圣路,35.483985,117.646217,
129,蒙阴县她的花餐饮店,餐饮服务,蒙阴县,,,龙廷居D区10栋,35.704887,117.942931,
129,北京鲁晨餐饮管理有限公司临沂分公司,公司企业,蒙阴县,,,汶河三路17号,35.696877,117.987153,
129,山东中禾餐饮管理有限公司,公司企业,费县,,,鲁银希望小学南侧110米,35.292395,117.917280,
129,山东状元餐饮管理有限公司,公司企业,费县,,,建设西路111号,35.286897,117.926857,
129,雲巢餐饮清真大院,餐饮服务,费县,,,费城街道钟山路与站前路交汇处向东200米路南,35.277968,117.971953,
129,花点食间花卉餐饮,餐饮服务,费县,,,站前路天平花苑北沿街花点食间,35.276382,117.988769,
129,都先生餐饮(十二路老店),餐饮服务,兰山区,,,大山路与中央大街东300米顺和二期南门,35.107585,118.233423,
129,临沂恒盛纸业有限公司,公司企业,兰山区,,,山松二路2号,35.233638,118.286495,
129,临沂市蒋小亿餐饮管理有限公司(总部),公司企业,兰山区,,,蒙山北路半程镇农业银行北80米路西席客简火锅二楼,35.246129,118.309904,
129,临沂圣旺三达餐饮供应链,公司企业,兰山区,,,解放路433号,35.069775,118.249448,
129,食全食美(聚财八路店),餐饮服务,兰山区,,,鲁班书香世家,35.146457,118.289716,
129,马家大院特色餐饮,餐饮服务,兰山区,,,凯歌文化城东南角,35.107794,118.289152,
129,临沂煜丰餐饮设备有限公司,公司企业,兰山区,,,前十街与宏大路交汇向东200米路南永兴闲置商品市场B3区1-2号,35.093624,118.291182,
129,三餐四季粗粮餐饮(旗舰店),餐饮服务,兰山区,,,王庄路1号,35.114714,118.308412,
129,临沂南服务区美食广场,餐饮服务,罗庄区,,,临沂南服务区与G2京沪高速交叉口南460米,34.831307,118.215571,
129,天天过年(北京路店),餐饮服务,兰山区,,,北京路与文峰山路交汇处和润香堤21号楼106号,35.116555,118.324621,
129,鎏鑫私厨服务(银盛泰·博观新城店),餐饮服务,兰山区,,,银盛泰·博观新城一期,35.141583,118.340300,
129,临沂蓝之海餐饮管理有限公司,公司企业,兰山区,,,蒙山大道与银雀山路交叉口西北100米,35.060597,118.312413,
129,临美广告有限公司,公司企业,兰山区,,,长沙路与沂蒙北路交汇处金升华府T1-1002号,35.134722,118.342616,
129,叁餐肆季餐饮店,餐饮服务,罗庄区,,,八块石小区A区一巷14户(思学书屋北),35.000375,118.296625,
129,满口榴香餐饮店湖南崖店,餐饮服务,罗庄区,,,金湖花园沿街商铺东30米,34.982232,118.291553,
129,临沂粤茗汇餐饮管理有限公司,公司企业,兰山区,,,北城新区南京路与蒙河路交汇处天灏中心1601室,35.129934,118.349462,
129,临沂辰邦食品有限公司,公司企业,沂水县,,,祁连山路,35.830734,118.623497,
130,东明县福瑞阁餐饮服务有限责任公司,公司企业,东明县,,,长兴集乡王店村老戏园院内,35.102744,114.910529,
130,仁恒餐饮,餐饮服务,东明县,,,曙光路99号,35.284040,115.123782,
130,山东百味餐饮管理有限公司,公司企业,东明县,,,城武路与武海路交叉口东340米,35.317375,115.188475,
130,十里焰遇餐饮大排档(曹县庄寨店),餐饮服务,曹县,,,曹县庄寨镇金鑫路与泰昌路交叉口西北角,34.998626,115.205005,
130,城南炖大鹅餐饮店,餐饮服务,牡丹区,,,解放南街,35.222929,115.453480,
130,万群骉餐饮,餐饮服务,牡丹区,,,中北·新都心,35.243128,115.469370,
130,菏泽智鼎餐饮设备有限公司,公司企业,鄄城县,,,凤凰镇鲁楼行政村村西100米路北,35.567783,115.594192,
130,菏泽香思食品有限公司,公司企业,牡丹区,,,经四路与富贵街交叉口东南100米,35.252367,115.536804,
130,山东探匠餐饮管理服务有限公司,公司企业,牡丹区,,,凡小果智能创业园C栋3层,35.236502,115.552467,
130,益膳堂餐饮有限公司,公司企业,定陶区,,,长江东路3666号,35.216925,115.581875,
130,菏泽鼎申餐饮设备有限公司,公司企业,鄄城县,,,078县道,35.479818,115.671772,
130,菏泽尚美餐饮管理有限公司,公司企业,曹县,,,青菏中路99号,34.926963,115.563733,
130,乡村小毛驴(曹县店),餐饮服务,曹县,,,中央华府北2门旁,34.850120,115.562271,
130,富甲一方头牌甲鱼餐饮(德嘉公园壹号店),餐饮服务,曹县,,,德嘉公园壹号E19-101号,34.827566,115.555836,
130,菏泽宴天下餐饮,餐饮服务,牡丹区,,,佳美路6号,35.271756,115.744818,
130,云滇餐饮(云南辣妹子),餐饮服务,曹县,,,青创科技原创楼106,34.814434,115.594317,
130,郓城铭德餐饮管理有限公司,公司企业,郓城县,,,[],35.607308,115.909451,
130,菏泽市佳美餐饮管理有限公司,公司企业,定陶区,,,冉堌镇双庆路天鸿纸业公司院内办公楼106号,35.031341,115.715601,
130,山东爽滋餐饮管理有限公司,公司企业,郓城县,,,廪丘路与郓州大道交叉口西北160米,35.574051,115.907638,
130,粤来粤好餐饮店,餐饮服务,郓城县,,,交通枢纽西门路西往北66米,35.570732,115.907940,
130,启点餐饮,餐饮服务,郓城县,,,胜利西街与盘沟路交叉口北40米,35.600575,115.939875,
130,郓州大酒店餐饮楼,餐饮服务,郓城县,,,西门街与郓州大道交叉口西北200米,35.575575,115.932180,
130,路烤餐饮店,餐饮服务,郓城县,,,郓州街道西门街南段水浒上城2号楼104号,35.578359,115.934308,
130,康圆餐饮,餐饮服务,郓城县,,,于北村北头路西,35.560887,115.990570,
130,郓城县盛世佳宴餐饮店,餐饮服务,郓城县,,,随官屯镇华灵路农贸市场,35.475247,116.013102,
131,夏津服务区餐厅,餐饮服务,夏津县,,,夏津服务区南30米,37.023619,115.856878,
131,杨家·真如意餐饮(银城国际店),餐饮服务,夏津县,,,中山北路141号,36.975585,116.007137,
131,半天妖烤鱼(银城国际店),餐饮服务,夏津县,,,人民公园对过全家福超市北侧,36.975254,116.007179,
131,真如意餐饮,餐饮服务,夏津县,,,金都花城东北门东120米,36.980275,116.015925,
131,德州百草扒鸡有限公司,餐饮服务,德城区,,,运河街道办事处杨家圈社区杨家圈街区主街,37.442085,116.274638,
131,龙昌火锅餐饮,餐饮服务,德城区,,,天衢中路1986号,37.459478,116.292753,
131,德州市盛世百姓餐饮管理有限公司,公司企业,德城区,,,青年路与建新街交叉口东南140米,37.462908,116.302551,
131,德州麦霸餐饮娱乐有限公司,公司企业,德城区,,,天衢街道办事处湖滨北路以东果园路以南太平洋市场三层综合楼一、二楼,37.477425,116.312925,
131,德州市德城区雪域牦牛宴餐饮店(个体工商户),餐饮服务,德城区,,,新华路新街口东首,37.438935,116.301183,
131,金凯莱餐饮有限公司,公司企业,德城区,,,湖滨中大道667号区委小区南门,37.455233,116.310103,
131,浩德餐饮社,餐饮服务,德城区,,,东地北大街233号,37.475192,116.320879,
131,刚哥餐饮管理有限公司,公司企业,德城区,,,天衢街道富民小区四区三排11号,37.475617,116.321280,
131,德州市德城区星通餐饮有限公司,公司企业,德城区,,,富民小区5区4排1903号,37.475853,116.322048,
131,花花味稻餐饮店,餐饮服务,德城区,,,新华街道办事处新湖南路东仓西路家尚民宿旅店东,37.423438,116.306916,
131,德州市德城区三口大锅大锅菜餐饮店,餐饮服务,德城区,,,盛园路823号,37.480788,116.334037,
131,伊兴德手抓羊肉餐饮店,餐饮服务,德城区,,,东地大街万达华府B区12号楼7号商铺,37.430699,116.315688,
131,山东晋韩记餐饮管理有限公司,公司企业,德城区,,,新四合南门东侧第2间商铺3楼,37.492082,116.339490,
131,山东华帅餐饮产品应用中心,餐饮服务,德城区,,,唐人公馆南2门旁,37.450025,116.327575,
131,德州一哥餐饮管理有限公司,公司企业,德城区,,,华耀城建材一区11栋24号,37.481742,116.344691,
131,蒙羊小馆餐饮店,餐饮服务,德城区,,,金华街与东方红东路交叉口北340米,37.442525,116.364775,
131,映像德州·德州菜地标餐饮,餐饮服务,德城区,,,经济技术开发区宋官屯街道办事处德州新城钢结构建筑有限公司院内12号厂房,37.457690,116.380037,
131,老德州·德州菜·地标餐饮(董子文化园店),餐饮服务,德城区,,,宋官屯街道(董子文化街南门对面往东80米路南底商酒店商铺),37.438044,116.373851,
131,德州经济技术开发区安然餐饮中心,餐饮服务,德城区,,,新河东路舜和慢城南门73号楼1单元6号门市二层,37.419703,116.374481,
131,德州海韵餐饮管理有限公司,公司企业,德城区,,,东方红东路与崇德七大道交叉口东320米,37.429275,116.444575,
131,德州天禹餐饮服务有限公司,公司企业,平原县,,,五岳街与光明大街交叉口东北280米,37.176751,116.446617,
132,荟琳餐饮,餐饮服务,莒县,,,城阳街道山东南路西侧555号院通达物流园1号楼东侧,35.560035,118.809163,
132,莒县豆麦香餐饮店,餐饮服务,莒县,,,北坛路晨曦花园南区沿街西边第一家,35.595868,118.828850,
132,聚尚餐饮,餐饮服务,莒县,,,青年北路与岳石路交叉口北80米,35.601160,118.831357,
132,初酒餐饮馆,餐饮服务,莒县,,,浮来中路67号雅都小区,35.580175,118.826625,
132,日照凤丽餐饮有限公司,公司企业,莒县,,,金润大厦,35.585075,118.850075,
132,上喜餐饮店,餐饮服务,莒县,,,文城路与广场西路交叉口西100米,35.588343,118.854502,
132,乡村驿站餐饮店,餐饮服务,五莲县,,,乡村驿站,35.705174,119.143163,
132,鑫城餐饮店,餐饮服务,东港区,,,三庄镇三庄三村,35.504663,119.164060,
132,故园居餐饮,餐饮服务,五莲县,,,叩管镇丁家楼子村,35.675234,119.366586,
132,日照市大厨三宝餐饮配料有限公司,公司企业,东港区,,,南湖镇工业园,35.467729,119.352592,
132,代军餐饮店,餐饮服务,岚山区,,,莆田路与疏港大道交叉口南160米,35.177716,119.249421,
132,仙渔舫餐饮(岚山西路店),餐饮服务,岚山区,,,[],35.127093,119.287389,
132,日照服务区餐厅,餐饮服务,岚山区,,,日照服务区与G15沈海高速交叉口西南260米,35.359572,119.380189,
132,御桂园餐饮店,餐饮服务,五莲县,,,潮河大集西上南200米路东,35.646092,119.504415,
132,禹客餐饮有限公司,公司企业,东港区,,,丹阳路与天德路交叉口西南260米,35.438075,119.447075,
132,笑品餐饮,餐饮服务,东港区,,,山东中路371号,35.433530,119.468245,
132,众安餐饮(滨河佳苑西区店),餐饮服务,东港区,,,高新技术产业开发区河山镇明阳路35号滨河佳苑西区,35.444501,119.481673,
132,高新技术产业开发区秦城香餐饮店,餐饮服务,东港区,,,河山镇昭阳北路374号香河农贸市场,35.444075,119.487775,
132,海悦酒店·餐饮部(海上碑商业广场店),餐饮服务,岚山区,,,海上碑商业广场,35.089384,119.348476,
132,日照市东港区白玉兰餐饮有限公司,公司企业,东港区,,,昭阳路辅路与云海路交叉口西南120米,35.416844,119.482092,
132,海曲印象餐饮服务有限公司,公司企业,东港区,,,海曲东路1号丽枫酒店旁,35.420598,119.485509,
132,日照山海天旅游度假区两万五千里餐饮店,餐饮服务,东港区,,,山海天旅游度假区卧龙山街道山口村沿街6号,35.483709,119.520301,
132,日照仲惠餐饮有限公司,公司企业,东港区,,,海曲东路与兖州路交叉口西北80米,35.417537,119.494141,
132,日照市东港区缘著餐饮店,餐饮服务,东港区,,,海曲东路33号安泰水晶城,35.423125,119.496925,
132,日照鲁禾餐饮管理有限公司,公司企业,东港区,,,宁海路与临沂路辅路交叉口东200米,35.448541,119.507450,
133,滕州市嘉食餐饮管理有限公司,公司企业,滕州市,,,荆河街道智贸城8号楼329号,35.124366,117.116557,
133,滕州市锦味坊餐饮企业管理咨询有限公司,公司企业,滕州市,,,学院西路8号,35.093439,117.108140,
133,山东翔园餐饮服务管理有限公司,公司企业,滕州市,,,荆河街道办事处小河圈居委会街7号,35.088868,117.121149,
133,山东省班墨餐饮管理咨询有限公司,公司企业,滕州市,,,北辛西路与振兴北路交叉口正西320米,35.105764,117.129350,
133,山东金康餐饮管理有限公司,公司企业,滕州市,,,北辛兴工街8号,35.101170,117.153330,
133,徐老四渔馆(忠真新天地店),餐饮服务,滕州市,,,国家税务总局滕州市税务局西门旁,35.109995,117.158410,
133,滕州市滕客香餐饮管理有限公司,公司企业,滕州市,,,新兴路步行街与西门里街交叉口西60米,35.082025,117.157025,
133,悦和餐饮有限公司,公司企业,滕州市,,,塔寺北路与育才路交叉口西北180米,35.105175,117.169125,
133,春玺酒店餐饮部(腾龙嘉苑店),餐饮服务,滕州市,,,红荷大道88号春玺酒店5-8层,35.124086,117.180366,
133,山东王国印食品有限公司,餐饮服务,滕州市,,,浩然集团东门北140米,35.060275,117.162825,
133,滕州市京善火锅餐饮店,餐饮服务,滕州市,,,金河湾B区荆河中路24号门市房,35.080775,117.171275,
133,初筵餐饮,餐饮服务,滕州市,,,府前路与塔寺中路交叉口东140米,35.083975,117.173825,
133,滕州张大炮餐饮管理有限公司,公司企业,滕州市,,,善国商贸城东南1门东70米,35.068978,117.175725,
133,食光里餐饮店,餐饮服务,滕州市,,,龙泉街道海德保利和园北门东188米017号商铺,35.108751,117.196372,
133,滕州市食安美餐饮有限公司,公司企业,滕州市,,,善南街道滕国路(原青啤大道)城建清华园小区北门东旁12-113号营业房,35.064247,117.181425,
133,滕州市鸡鱼馆农家乐餐饮店,餐饮服务,滕州市,,,东郭镇赵坡村村委会向南300米路北,35.153825,117.233633,
133,滕州服务区餐饮,餐饮服务,滕州市,,,滕州服务区东30米,35.029906,117.219123,
133,佳睿圆餐饮,餐饮服务,滕州市,,,东沙河街道朝阳社区29号,35.093667,117.251868,
133,叶师傅炒鸡店农家乐餐饮店,餐饮服务,滕州市,,,官桥镇前掌大村桥东50米路北,34.899039,117.215935,
133,枣庄市喜巧餐饮管理有限公司,公司企业,薛城区,,,兔喜快递超市东侧80米,34.801525,117.238925,
133,山东耿记源餐饮管理有限公司,公司企业,薛城区,,,黄河路与永福中路交叉口西380米,34.798973,117.258576,
133,小友记餐饮管理有限公司,公司企业,薛城区,,,永兴路91号嘉吉大厦,34.795125,117.258975,
133,枣庄格辉餐饮管理有限公司,公司企业,薛城区,,,永福中路与临山路交叉口西北220米,34.793045,117.261158,
133,舜华餐饮,餐饮服务,薛城区,,,祁连山路2166号,34.829064,117.298050,
133,山东腾香阁餐饮有限公司,公司企业,薛城区,,,规划一路与文苑路交叉口东40米,34.829390,117.306070,
134,梁山丰富粥稻餐饮店,餐饮服务,梁山县,,,龙城国尊府北区,35.816273,116.099591,
134,海上升餐饮折扣仓,公司企业,嘉祥县,,,大集市场东1门旁,35.403725,116.330225,
134,山东凯森新材料股份有限公司,公司企业,金乡县,,,羊山镇,35.124803,116.259182,
134,金乡县惠丰餐饮服务有限公司,公司企业,金乡县,,,原惠丰大酒店,35.071275,116.260149,
134,海景丽家餐饮,餐饮服务,金乡县,,,奎星路海景丽家商务宾馆,35.080211,116.317048,
134,山东康元餐饮服务有限公司,公司企业,任城区,,,济宁中油石化第十二加油站南侧120米,35.432375,116.540375,
134,济宁市任城区醉意浓餐饮店,餐饮服务,任城区,,,南苑街道车站西路83号A12-01,35.387593,116.579209,
134,济宁市任城区菜多多餐饮经营店,餐饮服务,任城区,,,阜桥街道古楷园小区回迁7号第一间一层西起一二间,35.410265,116.600465,
134,常喜民谣餐饮店,餐饮服务,任城区,,,阜桥街道太白东路19号太东市场B1区36-43号,35.409034,116.600557,
134,济宁市德润餐饮服务管理有限公司,公司企业,兖州区,,,颜店派出所北50米路东,35.562382,116.659358,
134,济宁直方达餐饮管理有限公司,公司企业,任城区,,,南工业路与运河路辅路交叉口东220米,35.381275,116.596275,
134,山东味多居餐饮管理有限公司,公司企业,任城区,,,海关东路 16 号 E 座,35.417703,116.609432,
134,湖上人家(北湖店),餐饮服务,任城区,,,北湖度假区游客服务中心1-3层,35.331102,116.583160,
134,东北风情铁锅炖(火炬路二店),餐饮服务,任城区,,,李营街道火炬路与机电二路交汇处西北角第一家1-2层,35.437149,116.622354,
134,济宁福荣餐饮管理服务有限公司,公司企业,任城区,,,火炬路西李三元鱼馆院内,35.403845,116.623031,
134,济宁市祥霖餐饮包装有限公司,公司企业,任城区,,,同济路与杨家河路交叉口东南160米济宁源尚农产品批发市内场209号,35.444725,116.669375,
134,山东佳润和餐饮有限公司,公司企业,任城区,,,山博路23号,35.396548,116.666103,
134,济宁服务区餐厅,餐饮服务,兖州区,,,济宁服务区北侧,35.521149,116.760655,
134,永华舜耕国际酒店-餐饮部,餐饮服务,兖州区,,,青州路与九州中路辅路交叉口东南100米,35.549090,116.792028,
134,鱼台好酒好菜餐饮饭店,餐饮服务,鱼台县,,,滨湖街道观鱼大道北湖陵三路东锦绣华城1期2号楼2-201商铺,35.011617,116.645791,
134,钱库里餐饮娱乐,餐饮服务,曲阜市,,,裕隆路11号,35.591084,116.972209,
134,山东省儒源文化集团有限公司,公司企业,曲阜市,,,歧黄街2号,35.598986,116.978777,
134,金饭碗餐饮小院(逵泉中路店),餐饮服务,曲阜市,,,逵泉中路111号院,35.585259,116.994575,
134,大莉小地锅餐饮,餐饮服务,邹城市,,,平阳东路362号,35.400216,116.984716,
134,红泥餐饮安徽土菜馆,餐饮服务,邹城市,,,崇义路2683号,35.417229,117.010267,
135,淄博申星餐饮服务有限公司,公司企业,高青县,,,希望路与芦湖路交叉口东180米,37.163648,117.843377,
135,山东齐牧斋餐饮管理有限公司,公司企业,高青县,,,蓑衣樊村西北角,37.235606,117.888837,
135,依诺家海鲜餐饮店,餐饮服务,周村区,,,永安北路西塘村1409号,36.818722,117.836608,
135,山东梦三关餐饮管理有限公司,公司企业,周村区,,,青年路街道办事处人民路与明阳路路口西北角19米,36.821375,117.879925,
135,淄博胜景餐饮有限公司,公司企业,周村区,,,胜景花园东南侧160米,36.798925,117.891425,
135,昆仑服务区畅享味(南服务区),餐饮服务,淄川区,,,石牛工业路与石牛西路交叉口西北400米,36.630281,117.842870,
135,淄博溪林园餐饮有限公司,公司企业,周村区,,,学院东路与联通路(西段)交叉口西南200米,36.831397,117.931807,
135,避暑山庄餐饮,餐饮服务,博山区,,,淄博博山红叶柿岩酒店东南侧170米,36.487330,117.809795,
135,宴福餐饮,公司企业,张店区,,,耀昌路333号,36.865724,117.963744,
135,青炉里餐饮管理有限公司,公司企业,张店区,,,中润大道与原山大道交汇处西200米路北,36.840025,117.961863,
135,佑一家餐饮店,餐饮服务,桓台县,,,唐山镇西毕村卫生室往西50米再往北30米,36.936088,118.016311,
135,博山区容伶餐饮农场,公司企业,博山区,,,005县道20号,36.527925,117.862575,
135,沈三碗餐饮,餐饮服务,博山区,,,冠华·龙凤城南门西100米,36.515467,117.860970,
135,淄博张锐涵餐饮管理有限公司,公司企业,博山区,,,北山路21号,36.523358,117.867622,
135,淄博品海餐饮有限公司,公司企业,张店区,,,丰泰路与天乙路交叉口西160米,36.846308,118.000356,
135,淄博·越来越好餐饮(唐山店),餐饮服务,桓台县,,,西五路北首(唐山镇府斜对过中心路与槐荫路交叉口西80米),36.962920,118.050367,
135,淄博恩良餐饮管理有限公司(华侨大厦店),购物服务,张店区,,,华侨大厦东南角1楼26号(恩良酒庄),36.819402,117.993326,
135,晚间餐饮小院烧烤,餐饮服务,张店区,,,张店区高新区裕民工业园22号,36.870287,118.027118,
135,淄博一泓居餐饮有限公司,公司企业,张店区,,,王舍路房家小区,36.791425,118.013225,
135,淄博格瑞餐饮服务有限公司,公司企业,张店区,,,北西七路北首路西1-5号,36.816472,118.023976,
135,聚力原 淄博聚力原进出口有限公司,餐饮服务,淄川区,,,傅家镇淄河大道F6号营业房34号,36.747726,117.996800,
135,淄博火刻餐饮管理有限公司,公司企业,张店区,,,北西五路御景大厦4楼401室,36.831778,118.036318,
135,淄博大满炉餐饮管理有限公司,公司企业,张店区,,,张桓路与莲池中心路交叉口东南100米,36.829598,118.044941,
135,山东犟心餐饮管理有限公司淄博分公司,公司企业,张店区,,,柳泉路109号创业火炬广场E座F21层,36.841137,118.056573,
135,淄博兴胜永餐饮管理有限公司,公司企业,桓台县,,,渔洋街1870号院内西侧平房,36.950075,118.102575,
136,青州鑫诚包装有限公司,公司企业,青州市,,,益都街道东夹涧村东南角,36.784425,118.444775,
136,青州壹号烤厂餐饮店,餐饮服务,青州市,,,益都街道云门山北路青云宾馆888号,36.700425,118.484825,
136,寿光服务区餐厅,餐饮服务,寿光市,,,寿光服务区与G18荣乌高速交叉口东南440米,37.092985,118.695103,
136,沐晨老港滑蛋饭餐饮坊(凌云居店),餐饮服务,青州市,,,云门山街道华邦凌云居19栋,36.689729,118.532341,
136,临朐锦熙棠餐饮有限公司,公司企业,临朐县,,,晟林四季铁锅炖·烧烤西南侧100米,36.514739,118.562666,
136,范儿餐饮店,餐饮服务,寿光市,,,洛城街道顺河路与金光街交叉路口南80米路东,36.874860,118.811554,
136,山东皓扬餐饮管理有限公司,公司企业,昌乐县,,,新昌北路526号3号楼1楼,36.744675,118.844875,
136,昌乐小红帽餐饮,购物服务,昌乐县,,,宝都街道新昌路1号,36.708935,118.837034,
136,潍坊西服务区朝天锅,餐饮服务,潍城区,,,广富街与开拓路交叉口北320米,36.750766,119.000274,
136,潍坊聚成禾美餐饮管理有限公司,公司企业,潍城区,,,工业一街641号院内,36.743875,119.034075,
136,明宗餐饮管理有限公司,公司企业,潍城区,,,工业三街与彩虹路交叉口东160米,36.728906,119.031236,
136,山东禾米味厨餐饮管理有限公司,公司企业,潍城区,,,长松路中南高科鸢都智谷产业园内西北角79-3号,36.707319,119.054027,
136,禾米餐饮社区大食堂(西关街道前进街店),餐饮服务,潍城区,,,东风西街与清平路交叉口东60米,36.715634,119.074372,
136,潍坊阿宝酒家有限公司,餐饮服务,奎文区,,,新华路928号7号楼1.234,36.734464,119.146421,
136,潍坊乐道美膳餐饮有限公司,公司企业,奎文区,,,虞河路与民生街交叉路口南20米进入向东100米,36.701040,119.135130,
136,山东禾米味厨餐饮管理有限公司(奎文分公司),公司企业,奎文区,,,南苑街鑫汇进出口有限公司里面向南直走200米,36.638103,119.114742,
136,潍坊进福牛餐饮店,餐饮服务,奎文区,,,福寿东街228号建工局机关生活区,36.719925,119.149775,
136,山东山芽芽餐饮管理有限公司,公司企业,奎文区,,,民生东街7号,36.701422,119.149677,
136,禾米餐饮九龙山社区大食堂,餐饮服务,奎文区,,,德润康城26号楼沿街商铺1层东区,36.685683,119.157274,
136,潍坊华庭云汇餐饮管理有限公司,公司企业,坊子区,,,潍州路与八马路交汇处西南角,36.587114,119.131419,
136,潍坊润禾餐饮管理有限公司,公司企业,奎文区,,,惠贤北路附近,36.738305,119.199940,
136,潍坊东昊餐饮管理有限公司,公司企业,坊子区,,,文苑巷与郑营路交叉口东180米,36.640550,119.165620,
136,潍坊古点餐饮有限公司,公司企业,奎文区,,,盛瑞街189号院内,36.686458,119.224019,
136,山东乐道美膳餐饮管理(集团)有限公司银通街分公司,公司企业,奎文区,,,银通街6666号,36.666091,119.223350,
136,安丘天路服务中心 安丘味道馆,餐饮服务,安丘市,,,安丘天路服务中心,36.215417,119.083966,
137,东平湖宴餐饮有限公司,餐饮服务,东平县,,,老湖镇水泊社区,35.957675,116.288775,
137,盛德轩餐饮(焦村店),餐饮服务,东平县,,,义兴街与天平路交叉口,35.935055,116.425592,
137,君悦楼餐饮管理有限公司,公司企业,东平县,,,问礼路与汇河街交叉口北100米,35.932625,116.436525,
137,东平县友酒友肉餐饮店,餐饮服务,东平县,,,榕晟康桥丹郡东北侧,35.926575,116.434725,
137,东平焦大厨餐饮有限公司,公司企业,东平县,,,东原路659号,35.941705,116.458497,
137,肥矿餐饮(王瓜店),餐饮服务,肥城市,,,肥城市高新区矿业大街024号,36.211148,116.693763,
137,食全食美小厨帽专业餐饮,餐饮服务,肥城市,,,矿业大街与康王西路交叉口南200米,36.200811,116.692834,
137,顺鑫雅居餐饮店,餐饮服务,肥城市,,,丰园北街与工业三路交叉口北300米,36.201325,116.748875,
137,祥誉楼餐饮,餐饮服务,肥城市,,,泰临路096号,36.189585,116.753917,
137,井楼炒鸡餐饮经营店,餐饮服务,肥城市,,,井楼小区公建乙段5号(康庄路),36.202378,116.779654,
137,西贝七号院餐饮店,餐饮服务,肥城市,,,长山街004号东孙小市场内,36.170040,116.772660,
137,峪膳坊农家乐餐饮店,餐饮服务,岱岳区,,,道朗镇里峪村,36.254572,116.918584,
137,实惠餐饮,餐饮服务,肥城市,,,府前街与326省道交叉口东60米,36.006807,116.866162,
137,梨园服务区餐厅,餐饮服务,岱岳区,,,梨园服务区与G22青兰高速交叉口东440米,36.146694,116.946172,
137,佰福餐饮,餐饮服务,宁阳县,,,文庙街道杜家村社区西门佰福餐饮,35.751832,116.819839,
137,为食不晚餐饮店,餐饮服务,岱岳区,,,西湖胜景西南角公建楼1楼,36.187575,116.986775,
137,泰安市岱岳区初夏餐饮娱乐店,餐饮服务,岱岳区,,,[],36.199292,116.993228,
137,墨玉瓷悦艺术酒店餐饮部,餐饮服务,岱岳区,,,石腊河路与大辛庄路交叉口西300米,36.223845,117.010541,
137,泰安市豫然传媒文化有限公司(金龙大厦店),餐饮服务,岱岳区,,,天平街道泰山大街以西金龙大厦b区,36.174938,116.997608,
137,丰华·泰和酒店餐饮部,餐饮服务,岱岳区,,,泰安市公安局泰山景区分局西侧90米,36.207175,117.054175,
137,盛锦园养生餐饮,餐饮服务,岱岳区,,,粥店农贸市场东首,36.191915,117.049044,
137,熙琳餐饮美食汇,餐饮服务,岱岳区,,,泰山云集商业街8号楼1层10号,36.175462,117.051517,
137,山东应氏餐饮管理有限公司,公司企业,泰山区,,,时代明珠商务大厦,36.191625,117.074775,
137,轩昱雅居国际酒店餐饮部,餐饮服务,岱岳区,,,云茂大厦南门旁,36.172874,117.072046,
137,吕氏疙瘩汤·新派鲁菜(泰安万达店),餐饮服务,泰山区,,,财源街道泰山大街566号泰安万达广场3F层3019,36.181338,117.087303,
139,味诚餐饮,餐饮服务,赤水市,,,人民南路149号,28.575320,105.699822,
139,越来悦餐饮店,餐饮服务,赤水市,,,仁岸之语东侧100米,28.582828,105.719421,
139,赤水柴米油盐餐饮店(个体工商),餐饮服务,赤水市,,,白云街315号,28.693493,105.972266,
139,赤水市元厚镇许华餐饮店,餐饮服务,赤水市,,,元厚镇交通路328号,28.364049,105.940817,
139,小糊涂仙酒业有限公司,餐饮服务,习水县,,,土城镇高坪村(习水白酒园区),28.235556,105.993506,
139,识味轩餐饮店,餐饮服务,习水县,,,希望城·香漫林西区2号门东180米,28.322554,106.192804,
139,习水县百草山餐饮店,餐饮服务,习水县,,,杉王街道虹顶社区天星小区12栋1-2号,28.328217,106.198012,
139,正德火餐饮(习水店),餐饮服务,习水县,,,[],28.326984,106.201477,
139,田园归私房菜,餐饮服务,习水县,,,习水东路122号,28.329701,106.202237,
139,香满楼餐饮店,餐饮服务,仁怀市,,,三合镇人民政府政务服务中心第一大厅西侧,28.074925,106.353775,
139,贵州星辰尊悦酒店餐饮管理有限公司,公司企业,仁怀市,,,端午路与醉美大道交叉口北160米,27.789081,106.393166,
139,玉仙餐饮店,餐饮服务,仁怀市,,,飞天路346号,27.786761,106.402429,
139,仁怀市城中城餐饮店,餐饮服务,仁怀市,,,城中城餐饮店,27.803275,106.413586,
139,仁怀市森林餐饮服务有限公司,公司企业,仁怀市,,,高大坪镇银水村茅台机场航站楼东北200米处,27.967193,106.445140,
139,香辣坊餐饮店(仁怀酒都妇产医院店),餐饮服务,仁怀市,,,仁怀酒都妇产医院东门南70米,27.821560,106.426543,
139,仁怀市林阳餐饮服务有限公司,公司企业,仁怀市,,,茅台镇尧坝村银水水库坝上,27.964813,106.456147,
139,惠民餐饮小区食堂,餐饮服务,桐梓县,,,君悦国际东北门旁,28.116764,106.830738,
139,大娄山服务区餐厅,餐饮服务,桐梓县,,,大娄山服务区与G7521渝筑高速交叉口西南400米,28.371810,106.874537,
139,海龙屯土司遗址遵义市谢家坝驿站餐饮股份有限公司,公司企业,汇川区,,,世界文化遗产海龙屯核心景区(东北角),27.811025,106.840225,
139,罗记餐饮(华诚都汇店),餐饮服务,播州区,,,桂花桥街道遵南社区华诚都汇7号楼1-5号门面,27.547411,106.835751,
139,遵义市播州区赤之味餐饮店,餐饮服务,播州区,,,桂花桥街道桂花社区南城丽景1号楼1层56号门面,27.577842,106.849936,
139,贵州百卤记餐饮管理有限公司,公司企业,播州区,,,樱花路343号京腾丽景小区二楼,27.583538,106.851266,
139,喜见餐饮-贵阳老素粉马家湾分店,餐饮服务,播州区,,,桂花桥社区美域中央二期22栋1-5号,27.573773,106.851522,
139,雨竹轩餐饮(娄山关路店),餐饮服务,汇川区,,,娄山关路与古镇路交叉口北260米,27.968425,106.915758,
139,娄山印象餐饮,餐饮服务,汇川区,,,板桥汇塘河社区,27.969309,106.918563,
140,复兴服务区餐厅,餐饮服务,德江县,,,G56杭瑞高速出口与复兴服务区交叉口西80米,28.089643,107.902993,
140,复兴服务区餐厅,餐饮服务,德江县,,,复兴服务区与G56杭瑞高速入口交叉口南80米,28.088362,107.904786,
140,刚哥餐饮服务队,餐饮服务,思南县,,,宽坪派出所东北侧110米,28.020975,108.022425,
140,明香餐饮店,餐饮服务,沿河土家族自治县,,,洪渡镇洪渡社区退役军人服务站西南侧120米,29.012375,108.303025,
140,贵州藏龙湾餐饮服务有限公司,公司企业,思南县,,,鹦鹉溪镇鹦鹉社区,28.050898,108.176980,
140,官舟服务区餐厅,餐饮服务,沿河土家族自治县,,,S25沿榕高速与官舟服务区交叉口西200米,28.529434,108.314249,
140,利民餐饮,餐饮服务,思南县,,,滨江新城,27.737080,108.193184,
140,晨曦餐饮,餐饮服务,思南县,,,桃园小区南侧240米,27.933484,108.236385,
140,江边小厨餐饮,餐饮服务,思南县,,,思唐街道办事处安化社区温泉大道166号,27.932653,108.255074,
140,白鹭洲国际大酒店餐饮部,餐饮服务,思南县,,,铜遵路与城东街交叉口西北280米,27.944325,108.261875,
140,思南县秦平餐饮店,餐饮服务,思南县,,,思南县中等职业学校北侧180米,27.946225,108.270125,
140,五德刘大姐餐饮店,餐饮服务,石阡县,,,佛顶山南路与盐井沟东巷交叉口北260米,27.513125,108.222525,
140,名聚烤吧餐饮店,餐饮服务,石阡县,,,佛顶山北路35号石阡夜郎古泉景区(东北角),27.509245,108.225144,
140,鲜花餐饮店,餐饮服务,石阡县,,,佛顶山北路与大沙坝路交叉口东北20米,27.529175,108.231075,
140,石阡县姐妹餐饮店,餐饮服务,石阡县,,,人民广场,27.518725,108.231075,
140,石阡东服务区餐厅,餐饮服务,石阡县,,,S32玉新高速与石阡东服务区交叉口东南380米,27.531166,108.303962,
140,君红餐饮,餐饮服务,沿河土家族自治县,,,思源社区居民委员会西南侧230米,28.534775,108.495725,
140,代鹏餐饮店,餐饮服务,印江土家族苗族自治县,,,梵净山中路与紫薇路交叉口南60米,27.993521,108.414484,
140,珩海中式餐饮店,餐饮服务,印江土家族苗族自治县,,,百信·尚城国际,27.992675,108.416825,
140,梵净山服务区餐厅,餐饮服务,印江土家族苗族自治县,,,S17秀印高速与梵净山服务区交叉口西南300米,28.005161,108.525089,
140,木黄会师服务区餐厅,餐饮服务,印江土家族苗族自治县,,,S12松道高速与木黄会师服务区交叉口西南380米,28.101133,108.744439,
140,梵旅餐饮文化有限公司,公司企业,江口县,,,梵静阿明山庄农宿东北侧60米,27.809036,108.758481,
140,江口县煜鑫航庄餐饮店,餐饮服务,江口县,,,太平镇梵净山村寨沙组,27.824786,108.769749,
140,侗楼小憩餐饮,餐饮服务,江口县,,,梦幻梵净山剧场西南侧250米,27.823475,108.771375,
140,木场情缘餐饮聚乐场,餐饮服务,江口县,,,508县道,27.766658,108.774169,
141,盘州市三个小朋友餐饮店,餐饮服务,盘州市,,,盘州市红果街道聚然居小区5-1-02号门面,25.726551,104.443430,
141,盘州市兴婉隆餐饮店,餐饮服务,盘州市,,,迎宾大道与红沙大道交叉口东南340米,25.716100,104.454766,
141,盘州市柏果长板凳餐饮有限公司,公司企业,盘州市,,,盘州景泰大酒店(柏果站店)东北侧,26.002375,104.503575,
141,盘州市洋夷餐饮店(土豆驾到),餐饮服务,盘州市,,,合力生活广场三楼,25.705460,104.470180,
141,盘州市火铺小房子餐饮店,餐饮服务,盘州市,,,金秋路66号,25.695639,104.469096,
141,丁播餐饮店,餐饮服务,盘州市,,,河滨路与银杏大道交叉口东南80米,25.716100,104.472267,
141,清啵鹅餐饮店,餐饮服务,盘州市,,,翰林街道翠屏路翰林苑小区58栋地下室二号,25.727814,104.478707,
141,盘州市鲜牛记餐饮店,餐饮服务,盘州市,,,山脚树居委会东南侧90米,25.879675,104.502025,
141,欣瑞航餐饮店盘州龙氏传统小炒肉,餐饮服务,盘州市,,,桃源路与锦程路交叉口东南320米,25.691075,104.485175,
141,盘州市柒妙餐饮店,餐饮服务,盘州市,,,响水路与320国道交叉口东280米,25.731595,104.491263,
141,盘州忠胜餐饮店,餐饮服务,盘州市,,,翰林街道迎旭居委会2号桥美食城5-8号,25.730280,104.493266,
141,盘州市大斌餐饮店,餐饮服务,盘州市,,,盘江东路与旭东大道交叉口东300米,25.730075,104.498925,
141,盘州市很好吃餐饮店,餐饮服务,盘州市,,,兴盘路72-73号,25.772867,104.527172,
141,外滩餐饮,餐饮服务,钟山区,,,韭菜坪大道与大湾互通交叉口东南280米,26.745225,104.660425,
141,韭菜坪风景区-餐饮中心,餐饮服务,钟山区,,,韭菜坪风景区-会议中心东南侧,26.838984,104.693115,
141,丹霞服务区原香味餐厅,餐饮服务,盘州市,,,S77水兴高速与丹霞服务区交叉口东北240米,25.674845,104.583689,
141,桃味餐饮店,餐饮服务,盘州市,,,盘州市鸡场坪官山居委会3组18号,25.905121,104.623343,
141,珺梅餐饮,餐饮服务,盘州市,,,双凤镇遵义路原盘州市电影发行放映公司门面,25.782036,104.657626,
141,以羊围煮餐饮,餐饮服务,钟山区,,,人民路与001乡道交叉口北60米,26.612575,104.785075,
141,食愈餐饮,餐饮服务,钟山区,,,德坞街道西宁路8号12栋5号,26.608363,104.798288,
141,羊霸轩餐饮店,餐饮服务,盘州市,,,大山镇大山居委会一小区127号,25.528802,104.667432,
141,养生苑餐饮部,餐饮服务,钟山区,,,六盘水市儿童福利中心东侧220米,26.619125,104.810525,
141,黔哆哆餐饮物资(德坞)仓储中心,公司企业,钟山区,,,德南街174号,26.596949,104.818769,
141,钟山区洁蕊餐饮店,餐饮服务,钟山区,,,黄土坡街道凉都大道与箐兴路交汇处北侧博雅馨居A区1.2号楼118铺,26.589107,104.826836,
141,泽海洋餐饮食府(百盛店),餐饮服务,钟山区,,,百盛超市(六盘水钟山西路店),26.594625,104.830325,
142,小赵炒鸡餐饮店,餐饮服务,长顺县,,,外环路与平安路交叉口西180米,26.182625,106.386175,
142,摆塘服务区餐厅,餐饮服务,长顺县,,,摆塘服务区北侧,26.080586,106.482899,
142,必辉餐饮店,餐饮服务,长顺县,,,新发路与世兴路交叉口南40米,25.702725,106.460625,
142,贵州民盛餐饮营运有限公司,公司企业,长顺县,,,长顺东立交桥与长威东路交叉口北160米,26.034125,106.526925,
142,梁琼餐饮店,餐饮服务,惠水县,,,人民南路与程番路交叉口西北380米,26.124675,106.648875,
142,刘芳干锅餐饮店,餐饮服务,惠水县,,,世善堂中医诊所西南侧100米,26.141975,106.654125,
142,一心餐饮·烤肉拌饭(五中店),餐饮服务,惠水县,,,黔龙悦府,26.153025,106.659675,
142,惠水县奇伟餐饮店,餐饮服务,惠水县,,,伯爵铭筑西门旁,26.147864,106.661907,
142,华莉餐饮店,餐饮服务,惠水县,,,园台路与长征路交叉口北40米,26.133075,106.661875,
142,宽老爷餐饮店,餐饮服务,惠水县,,,涟江街道涟江社区振兴路202号,26.129115,106.661838,
142,洋宝餐饮店,餐饮服务,惠水县,,,惠水县中等职业学校北侧150米,26.116725,106.660275,
142,罗万餐饮店,餐饮服务,惠水县,,,朝顺公园A区,26.140976,106.669434,
142,惠水县曾琴餐饮店,餐饮服务,惠水县,,,长田小学东侧200米,26.258225,106.687375,
142,李小厨餐饮店,餐饮服务,龙里县,,,空港工业区东北侧270米,26.539175,106.854975,
142,贵州浙海餐饮有限公司,公司企业,龙里县,,,继望路与210国道交叉口西280米,26.497675,106.886175,
142,罗姐餐饮店,餐饮服务,龙里县,,,谷脚镇继望路申通门口集装箱M8号,26.497774,106.888478,
142,龙里县李记姐弟餐饮店,餐饮服务,龙里县,,,冠山街道正大街名门时代B栋一层62号、63号,26.447438,106.980107,
142,浣槿餐饮店,餐饮服务,龙里县,,,腾龙路与和平巷交叉口西40米,26.450775,106.981675,
142,龙里县院子里餐饮店,餐饮服务,龙里县,,,冠山街道北门街98号,26.447996,106.982574,
142,鸿福记餐饮馆,餐饮服务,龙里县,,,金龙东路与和平巷交叉口东南20米,26.451625,106.983375,
142,龙里县聿源堂餐饮店(聿源堂药食同源养生馆),医疗保健服务,龙里县,,,冠山街道铁龙路42号附118号,26.442112,106.982692,
142,贵州蜀厨餐饮管理有限公司,公司企业,龙里县,,,小罗煤场东南侧,26.445475,107.005375,
142,龙里洗马停车区餐饮,餐饮服务,龙里县,,,S36玉盘高速与龙里洗马停车区交叉口西北360米,26.703120,107.127731,
142,一碗螺霸餐饮店,餐饮服务,贵定县,,,贡茶路200号老球场旁,26.214592,107.083555,
142,中创德润建设工程有限公司,公司企业,瓮安县,,,仁轩餐饮服务南侧150米,27.091428,107.448120,
143,圣美饭庄一条龙服务,餐饮服务,普定县,,,006乡道与奇石路交叉口西南160米,26.319878,105.550256,
143,烧烤西施白家餐饮店,餐饮服务,关岭布依族苗族自治县,,,灞陵大道与城阳路交叉口西北300米,25.953513,105.536604,
143,好时光餐饮,餐饮服务,关岭布依族苗族自治县,,,学府豪庭,25.943180,105.547885,
143,关岭服务区老鲍公,餐饮服务,关岭布依族苗族自治县,,,G60沪昆高速与关岭服务区交叉口西360米,25.931510,105.565136,
143,关岭服务区老鲍公,餐饮服务,关岭布依族苗族自治县,,,G60沪昆高速与关岭服务区交叉口西南340米,25.929792,105.566152,
143,罗妹餐饮店,餐饮服务,关岭布依族苗族自治县,,,关索大道与龙潭路交叉口东160米,25.933175,105.603425,
143,关岭蒋奎餐饮馆,餐饮服务,关岭布依族苗族自治县,,,龙潭街道信达大厦二期负2层19号,25.933350,105.605499,
143,小滋味餐饮店,餐饮服务,关岭布依族苗族自治县,,,关索镇92平方小滋味餐饮店,25.937250,105.613927,
143,源滋味餐饮店,餐饮服务,关岭布依族苗族自治县,,,水韵佳缘一期,25.950025,105.615975,
143,小恋餐饮,餐饮服务,关岭布依族苗族自治县,,,城内路与水厂路交叉口东北20米,25.943425,105.616375,
143,关岭叶志国餐饮店,餐饮服务,关岭布依族苗族自治县,,,滨河大街与瓦厂路交叉口东南360米,25.947725,105.619925,
143,陌灏餐饮店,餐饮服务,关岭布依族苗族自治县,,,关索街道玉屏路12号,25.943578,105.620362,
143,李念特色餐饮,餐饮服务,关岭布依族苗族自治县,,,上水巷与莲井路交叉口东南60米,25.941416,105.620963,
143,观品餐馆服务点,餐饮服务,镇宁布依族苗族自治县,,,米蒂巷与三街交叉口西南20米,26.139502,105.690715,
143,中顺餐饮服务有限责任公司,公司企业,镇宁布依族苗族自治县,,,迎宾大道与453县道交叉口西北220米,25.998697,105.685539,
143,贵州丹孃孃爱尚餐饮品牌有限公司,公司企业,普定县,,,新城集贸市场A1栋2-34号,26.295624,105.730003,
143,普定县卷王餐饮店,餐饮服务,普定县,,,玉秀街道金地翠园1号楼10号,26.296591,105.731517,
143,定食约餐饮店,餐饮服务,普定县,,,园丁路与园丁北路交叉口东北20米,26.303175,105.743475,
143,馅食主义餐饮,餐饮服务,普定县,,,颐景园西南门北60米,26.301849,105.747716,
143,关岭冰臼有家小院餐饮店,餐饮服务,关岭布依族苗族自治县,,,断桥镇坡舟村坡脚组96号,25.804081,105.707354,
143,北盘江服务区盘江餐馆,餐饮服务,关岭布依族苗族自治县,,,北盘江服务区与关兴公路交叉口西北40米,25.648283,105.699599,
143,正美餐饮美食店,餐饮服务,西秀区,,,大云新村2栋101,26.237077,105.871414,
143,食知味餐饮,餐饮服务,西秀区,,,机场路与定安大道交叉口南200米,26.249491,105.877100,
143,吉嘉斯栋贵州鲜霖熙餐饮有限公司,公司企业,西秀区,,,黄果树大街与屯风路交叉口北220米,26.205309,105.879185,
143,安顺顺联餐饮运营管理有限公司,公司企业,西秀区,,,豪生温泉酒店侧楼写字楼二楼,26.230075,105.887375,
144,兴义市李玉焕餐饮店,餐饮服务,兴义市,,,希望路与求是路交叉口西100米,24.834775,104.608225,
144,柴上餐饮店,餐饮服务,兴义市,,,贵醇北路与生威路交叉口南200米,25.276416,104.742425,
144,任美餐饮店,餐饮服务,兴义市,,,清水河镇政府东南侧220米,25.238625,104.845325,
144,兴义市可比鲜食品有限公司,公司企业,兴义市,,,凤阳街10号,25.095625,104.876025,
144,兴义市雲勇餐饮店(个体工商户),餐饮服务,兴义市,,,[],25.087525,104.880975,
144,贵阳手抓糯米饭兴义市高桂勋餐饮店,餐饮服务,兴义市,,,黄草办南环路新时代花园B区B三栋101门面,25.080150,104.885104,
144,万峰餐饮管理有限公司,公司企业,兴义市,,,老城街与红星路交叉口西南60米,25.090675,104.893425,
144,贵州嘉树餐饮服务管理有限公司,公司企业,兴义市,,,红星路与云南路交叉口西40米,25.090312,104.895236,
144,琴裕餐饮店,餐饮服务,兴义市,,,黄草街道笔山路22号,25.082725,104.895075,
144,兴义市周昌菊餐饮店,餐饮服务,兴义市,,,七星路与盘江路交叉口西南80米,25.082253,104.897567,
144,榕橙餐饮店,餐饮服务,兴义市,,,金果路与贸易路交叉口北280米,25.144225,104.911125,
144,贵州尚嘉餐饮服务管理有限公司,公司企业,兴义市,,,贸易路与金果路交叉口西南60米,25.141425,104.911625,
144,贵州南厨餐饮服务有限公司,公司企业,兴义市,,,贸易路与金果路交叉口西南20米,25.141673,104.911789,
144,贵州糯云间餐饮管理有限公司,公司企业,兴义市,,,水库村四组贺家院(厂房),25.079256,104.905141,
144,贵州壹家人供应链管理有限公司事业部,餐饮服务,兴义市,,,荷塘郡府9栋,25.109552,104.910555,
144,锋桐月餐饮店,餐饮服务,兴义市,,,五寨安置区,25.116580,104.912044,
144,红福餐饮,餐饮服务,兴义市,,,河塘郡府,25.110006,104.911455,
144,仟佰味餐饮,餐饮服务,兴义市,,,[],25.076124,104.907363,
144,维姐餐饮,餐饮服务,兴义市,,,桔香路8号,25.108651,104.912718,
144,周圣方老兵餐饮店,餐饮服务,兴义市,,,桔香路8号,25.108537,104.913260,
144,兴义市亚乜厨餐饮店,餐饮服务,兴义市,,,桔山街道浙兴商贸城7号馆33栋1号门面,25.141056,104.917370,
144,饱饱屋餐饮,餐饮服务,兴义市,,,滴水东路一街与宏源路一街一巷交叉口北20米,25.109675,104.915075,
144,泽兮餐饮店,餐饮服务,兴义市,,,兴郑小区西门旁,25.099525,104.915375,
144,梦乐城大酒店餐饮部,餐饮服务,兴义市,,,兴义大道与桔香路交叉口东北160米,25.107898,104.916488,
144,渝旺川餐饮店,餐饮服务,兴义市,,,公园首府,25.106271,104.917970,
145,凯里市诚哥餐饮店,餐饮服务,凯里市,,,碧波镇五寨村大坪组,26.518841,107.638463,
145,旧州服务区餐饮,餐饮服务,黄平县,,,S36玉盘高速与旧州服务区交叉口西南360米,26.928179,107.774772,
145,皂宝鹅肉餐饮店,餐饮服务,凯里市,,,下司镇马场村退役军人服务站北侧,26.522875,107.787225,
145,余记餐饮店,餐饮服务,丹寨县,,,金钟大道与长兴大道交叉口南400米,26.197875,107.832075,
145,锦喜福红酸餐饮店,餐饮服务,凯里市,,,麒龙香山美域,26.518134,107.886145,
145,凯里笋当家餐饮店,餐饮服务,凯里市,,,"开元大道15号3栋1号楼1层,2层",26.527175,107.888125,
145,贵州增辉餐饮管理有限公司,公司企业,凯里市,,,G60沪昆高速出口与凯开大道交叉口西北280米,26.543725,107.929125,
145,贵州大歌寨餐饮管理有限公司,公司企业,凯里市,,,凯开大道与禾秀大道交叉口西260米,26.552375,107.941375,
145,杨氏餐饮店,餐饮服务,凯里市,,,凯开大道75号御景天下,26.556575,107.946525,
145,兵姐(的哥)特色餐饮店,餐饮服务,凯里市,,,永丰西路岔路口停车场,26.571596,107.957162,
145,贵州鸿杨苗侗寨餐饮管理服务有限公司,公司企业,凯里市,,,凯里商贸城8区8002,26.562000,107.957763,
145,瑾睿餐饮店,餐饮服务,凯里市,,,光明大道与大桥路交叉口东220米,26.585525,107.962925,
145,乡嘎啦猪刨汤餐饮店,餐饮服务,凯里市,,,风情大道6号国际商贸城A3区第30栋第1层第101号,26.560244,107.958836,
145,凯里餐饮管理有限公司,公司企业,凯里市,,,滨江大道与红岩一路交叉口西180米,26.597075,107.968425,
145,隐厨餐饮店,餐饮服务,凯里市,,,清江路197号,26.598760,107.976513,
145,湘铛快餐饮店,餐饮服务,凯里市,,,文昌路与永乐路交叉口西南280米,26.577625,107.973725,
145,小样餐饮店鸭脚饭火锅,餐饮服务,凯里市,,,营盘西路与韶山北路交叉口西180米,26.582975,107.975257,
145,贵州传黔记餐饮管理有限公司,公司企业,凯里市,,,风情大道与友庄南路交叉口西南260米,26.559984,107.973765,
145,朋友圈餐饮,餐饮服务,凯里市,,,营盘东路与韶山北路交叉口东60米,26.585025,107.978475,
145,贵州馒笼喜餐饮管理有限公司,公司企业,凯里市,,,货场路80号,26.605544,107.981838,
145,凯里侗嘎佬餐饮发展有限公司韶山南路分公司,公司企业,凯里市,,,韶山南路8号凯里方圆荟购物广场,26.580225,107.978225,
145,黔东南苗族侗族自治州风情园餐饮店蚩尤部落,餐饮服务,凯里市,,,风情大道与会展路交叉口东220米,26.557025,107.975275,
145,黔东南州鑫恺餐饮管理服务有限公司,公司企业,凯里市,,,韶山南路与文昌路交叉口东北60米,26.576661,107.979647,
145,捌零后的厨房餐饮店,餐饮服务,凯里市,,,牛场坝路19号,26.579539,107.980697,
145,尝见面餐饮店,餐饮服务,凯里市,,,文化北路19号隆丰商贸城,26.588575,107.984425,
146,威宁县美味坊餐饮店,餐饮服务,威宁彝族回族苗族自治县,,,凯乐迪K歌沐足东侧50米,27.080175,103.886625,
146,绍情餐饮店,餐饮服务,威宁彝族回族苗族自治县,,,朝阳路与滨海大道交叉口北40米,26.867859,104.275119,
146,威宁县湫树里餐饮店,餐饮服务,威宁彝族回族苗族自治县,,,六桥街道民中社区明星组杨材会1号门面,26.876826,104.284814,
146,旱莲花服务区餐厅,餐饮服务,赫章县,,,S20毕威高速与旱莲花服务区交叉口西南220米,27.037377,104.554934,
146,古基服务区驿小食餐厅,餐饮服务,赫章县,,,S61赫六高速与古基服务区交叉口西北440米,27.252544,104.772880,
146,佳园餐饮店,餐饮服务,赫章县,,,野马川镇东城学苑1栋1-104,27.127752,104.832257,
146,炊烟人家餐饮,餐饮服务,赫章县,,,水城汤锅羊肉粉东北侧60米,27.030394,104.862187,
146,颖颖餐饮店,餐饮服务,纳雍县,,,774县道与673乡道交叉口西420米,27.000822,105.097496,
146,凤凰重生肚包鸡餐饮店,餐饮服务,纳雍县,,,维新镇农贸大街中段,27.006978,105.195718,
146,一管好味餐饮店,餐饮服务,七星关区,,,翠屏路与环城北路交叉口西南280米,27.296525,105.273725,
146,毕节市仟味餐饮服务有限公司,公司企业,七星关区,,,民贸大楼6楼,27.300956,105.283390,
146,周周餐饮店,餐饮服务,七星关区,,,洪山路与南环路交叉口北160米,27.291425,105.283475,
146,偶爸康养乐园一站式养老服务中心,餐饮服务,七星关区,,,怡景国际新城,27.308818,105.286016,
146,南山大酒店餐饮部,餐饮服务,七星关区,,,深圳路与招商三巷交叉口南60米,27.276551,105.286191,
146,贵州禾唛餐饮有限公司毕节招商花园城分公司,公司企业,七星关区,,,City花园城购物中心,27.279293,105.286928,
146,纳雍县食巧佳餐饮店,餐饮服务,纳雍县,,,董地街上(董地中学门口),26.940322,105.242426,
146,贵州雷远餐饮管理有限责任公司,公司企业,七星关区,,,滨河西路国防教育主题公园,27.287225,105.296225,
146,仨鲜之家餐饮店,餐饮服务,七星关区,,,望城路金明观湖壹号11栋9号、10号,27.284315,105.309014,
146,贵州鸿耀餐饮管理有限公司,公司企业,七星关区,,,鸭池镇草堤社区乾麟龙翡翠华城12栋商业2层13号,27.269358,105.313965,
146,七星关区浩晟餐饮店,餐饮服务,七星关区,,,观音桥街道塘房社区退役军人服务站东北侧120米,27.331870,105.330385,
146,家湘宴餐饮,餐饮服务,七星关区,,,碧阳大道744号鸭池镇头步村毕节创美农副产品批发交易中心二期3栋3层9号商铺,27.269732,105.341548,
146,贵州省瑞合餐饮服务有限公司,公司企业,七星关区,,,鸭池镇创美农副产品批发交易中心一期3栋08、09门面,27.272473,105.343037,
146,汪海兰餐饮店,餐饮服务,大方县,,,猫场镇长沙村下店组九洞天西门,26.959057,105.307889,
146,大方县汪勇祥餐饮店,餐饮服务,大方县,,,猫场镇长沙村下店组九洞天小石林游客服务区,26.958376,105.308217,
146,川味鲜餐饮,餐饮服务,七星关区,,,观音桥街道工业大道青云台2号商业1层7号商铺,27.352425,105.366625,
147,清镇市江湖与茶餐饮店东原店(水塘路店),餐饮服务,清镇市,,,东原朗阅三期S-1-11号门面,26.578316,106.433839,
147,北顺阁餐饮,餐饮服务,清镇市,,,红旗北路与地质路交叉口西南80米,26.564155,106.472022,
147,贵州鸿景餐饮管理有限公司,公司企业,观山湖区,,,兴达路3号,26.565537,106.551968,
147,贵州顺旺餐饮管理有限公司,公司企业,观山湖区,,,联东U谷贵阳科技创新园07A栋1层,26.568272,106.564774,
147,贵州祝华餐饮管理有限公司,公司企业,观山湖区,,,观山湖互通与宾阳大道交叉口西北320米,26.630191,106.586696,
147,观山湖区渔门福参鱼片餐饮店,餐饮服务,观山湖区,,,云潭街道德盛将军山新城C19负1层20号,26.643532,106.589404,
147,陈和记餐饮店,餐饮服务,观山湖区,,,宾阳大道与温州路交叉口东北200米,26.611037,106.588430,
147,小龙妹柴火鸡餐饮店,餐饮服务,观山湖区,,,金华镇金龙村十一组114B,26.586315,106.585682,
147,白云区青山潮水森林人家餐饮店,餐饮服务,白云区,,,麦架镇青山村潮水河组,26.751604,106.616398,
147,贵州辣么香餐饮管理有限公司,公司企业,白云区,,,"白云北路276号,白云区陶瓷建材城内,车匠修理厂隔壁",26.706337,106.626251,
147,观山湖丰客轩餐饮店(金阳新世界店),餐饮服务,观山湖区,,,金华园街道金朱路1号新世界碧潭园2D-4号楼1层18号,26.663733,106.620778,
147,财狗鸡餐饮有限公司,公司企业,白云区,,,云峰大道与南湖路交叉口南140米,26.672943,106.623575,
147,安邦餐饮·贵遵宴,餐饮服务,观山湖区,,,金阳街道翠柳路喀斯特公园K1508商业街区11号楼A区一层二层,26.618153,106.616132,
147,观山湖区村菇出山餐饮店(个体工商户),餐饮服务,观山湖区,,,贵州省贵阳市观山湖区金华园街道金朱路1号金阳新世界碧潭园2A、2C-G9栋1层47号,26.660939,106.623048,
147,榕超牛瘪餐饮富力中心店,餐饮服务,观山湖区,,,富力新天地一期2栋1层101号,26.638774,106.621323,
147,云岩区老味道片片鱼餐饮服务店,餐饮服务,观山湖区,,,茶园路街道金阳南路与北京西路交叉口西南侧地块贵阳中航城城市综合体棚户区成片改造项目23组团L3层9-10号,26.599536,106.615999,
147,贵州大唛餐饮管理有限公司,公司企业,观山湖区,,,金阳南路与翠柳路交叉口华润悦府F11栋802室,26.618586,106.621694,
147,一剑钟情餐饮店,餐饮服务,观山湖区,,,世纪城龙瑞路1号(金阳南路地铁站C口步行50米),26.604272,106.620852,
147,观山湖区贤敏铜锅洋芋饭餐饮店,餐饮服务,观山湖区,,,金华园街道金阳北路378号电建地产观府壹号第5号商业1层7号,26.655701,106.632528,
147,贵州千里香餐饮管理有限公司,公司企业,白云区,,,龚家寨街道龚西路98号,26.686435,106.647754,
147,何记姐妹特色餐饮店,餐饮服务,白云区,,,白沙关社区服务中心龚家寨龚西路31一3一3,26.686474,106.650313,
147,渔友范脆鱼餐饮(七米路嗨乐街店),餐饮服务,观山湖区,,,长岭街道长岭北路中天·会展城A9组团6-8栋负1层27B号,26.637593,106.643705,
147,贵州益禾堂餐饮管理有限公司,公司企业,观山湖区,,,通宝路与缤纷路交叉口东南20米,26.650057,106.646399,
147,郝福源餐饮店,餐饮服务,白云区,,,云城尚品A3-3组团,26.673775,106.650975,
147,上善酒店餐饮部(高新区店),餐饮服务,观山湖区,,,长岭南路33号天一国际广场5栋2层,26.620086,106.643840,
150,安徽永诚餐饮配送有限公司,公司企业,枞阳县,,,枞阳镇青山北路和煦农贸市场二楼,30.703173,117.239826,
150,安徽艾檬特食品有限公司,餐饮服务,铜官区,,,经济开发区翠湖五路西段349号,30.980475,117.816475,
150,铜官山·肴香阁餐饮,餐饮服务,铜官区,,,翠湖一路407号优博生活超市(凤凰城店)二楼,30.953011,117.815457,
150,铜陵茗一阁餐饮配送中心,公司企业,郊区,,,郊区丽景小镇7栋,30.899894,117.800508,
150,安徽小菜园餐饮管理有限责任公司,公司企业,铜官区,,,翠湖一路北斗星城B4栋8楼,30.951091,117.817598,
150,铜陵市乡味居餐饮有限公司,公司企业,铜官区,,,北京中路1068号德森商业广场一层,30.928282,117.830440,
150,铜陵和声广告有限公司,公司企业,铜官区,,,福景东方城(凤祥路)一期北门,30.955814,117.860205,
150,犁桥水镇餐饮喜宴楼,餐饮服务,义安区,,,011县道与015乡道交叉口西南180米,31.031005,117.892144,
150,铜陵大院里餐饮有限公司,公司企业,郊区,,,沿新大道,30.884090,117.847426,
150,铜陵市合味餐饮管理有限公司,公司企业,铜官区,,,栖凤路2632号,30.931698,117.901889,
150,安徽铜雀二乔生物科技有限责任公司,公司企业,义安区,,,义安区农业循环经济实验区001号,30.931449,117.943041,
150,永泉小镇主楼餐饮,餐饮服务,义安区,,,永泉旅游度假区(永泉小镇),30.960736,118.029654,
151,安徽老酱园食品有限公司,公司企业,石台县,,,丁香镇石泉村,30.184504,117.321104,
151,红灯笼餐饮店,餐饮服务,贵池区,,,香溪路与万成路交叉口西220米,30.650093,117.465622,
151,嘎北餐饮店,餐饮服务,贵池区,,,百牙中路与长江中路交叉口东100米,30.664275,117.482775,
151,安徽川中渝夫餐饮管理有限公司,公司企业,贵池区,,,清风街道百牙中路商之都购物中心二期一栋108室,30.664044,117.484658,
151,私友荟美食会客厅,餐饮服务,贵池区,,,池州长江中路华泰中鑫城3号楼,30.658643,117.487126,
151,池州市贵池区米甲餐饮店,餐饮服务,贵池区,,,长江中路16号同晖·城市广场Z2栋,30.649952,117.487006,
151,印山鸿餐饮,餐饮服务,贵池区,,,九华山大道584号,30.666186,117.502025,
151,兴源·悠悠民宿-餐饮部,餐饮服务,石台县,,,仙寓镇大山村茶园里组20号仙寓山风景区,30.070375,117.352325,
151,马衙服务区餐厅,餐饮服务,贵池区,,,G50沪渝高速与马衙服务区交叉口东北400米,30.649236,117.588181,
151,君肴阁餐饮,餐饮服务,贵池区,,,凤鸣大道辅路与汉江西路交叉口东南100米,30.723380,117.660235,
151,石台牯牛降服务区餐饮,餐饮服务,石台县,,,石台牯牛降服务区与G0321德上高速交叉口南360米,30.137419,117.624767,
151,石台牯牛降服务区餐厅,餐饮服务,石台县,,,G0321德上高速与石台牯牛降服务区交叉口东160米,30.134423,117.628209,
151,慈光阁餐饮,餐饮服务,青阳县,,,228省道与佛国外环南路交叉口北380米,30.595275,117.779475,
151,池州鲜达小院餐饮,餐饮服务,青阳县,,,乡村振兴创业园南侧,30.637425,117.840175,
151,青峰隐民宿餐饮,住宿服务,青阳县,,,莲花大道与228省道交叉口西180米,30.480626,117.802521,
151,九华山清泉山居民宿-团建露营餐饮,餐饮服务,青阳县,,,陵阳镇清泉村长泉组4号,30.412432,117.813700,
152,诚良餐饮,餐饮服务,太湖县,,,百里镇虹桥路88号,30.667505,115.959722,
152,银家餐饮,餐饮服务,太湖县,,,凤形街与057县道交叉口西北40米,30.558912,116.066946,
152,安庆市徽湘厨餐饮有限公司,餐饮服务,岳西县,,,莲云乡腾云社区和平组19号,30.867177,116.300371,
152,彦旭餐饮服务有限公司,公司企业,岳西县,,,步文大道与莲云大道交叉口北400米,30.868275,116.311425,
152,本色大酒店,住宿服务,宿松县,,,新发地大市场(龙门南路东)京街7幢,30.149379,116.108548,
152,宿松扬帆餐饮服务有限责任公司,公司企业,宿松县,,,孚玉路与龙腾路交叉口西南40米,30.155675,116.134675,
152,宜尚餐饮酒楼,餐饮服务,岳西县,,,回龙小区西南门西北130米,30.850025,116.337975,
152,温泉服务区餐厅,餐饮服务,岳西县,,,温泉服务区与G4221沪武高速出口交叉口北220米,30.877484,116.358681,
152,温泉服务区享当当金牌小碗菜,餐饮服务,岳西县,,,温泉镇解放村熊湾组18号南区,30.875837,116.360554,
152,龙湖餐饮,餐饮服务,太湖县,,,北正街与爱民街交叉口南40米,30.425370,116.275973,
152,宿松七号露营基地餐饮服务营业部,生活服务,宿松县,,,松兹街道牌楼村蒋岭组3号,30.137858,116.199244,
152,园园餐饮,餐饮服务,太湖县,,,法华路与军站巷交叉口北100米,30.453128,116.303454,
152,饺朋友餐饮店,餐饮服务,太湖县,,,晋湖家园二期C1-一号楼108铺,30.438047,116.307308,
152,安庆市中泰餐饮管理有限公司,公司企业,太湖县,,,晋熙镇晋湖路115号,30.446070,116.316531,
152,宿松县鑫隆餐饮店,餐饮服务,宿松县,,,程岭乡凿山村上角组14号,30.161262,116.239493,
152,太湖县兴刚餐饮管理有限公司,公司企业,太湖县,,,富强路与学士路交叉口西南40米,30.439642,116.323712,
152,安徽陈记餐饮管理有限公司,公司企业,太湖县,,,晋熙镇外环南路与富强路交叉口(太湖农产品物流园)E6幢109铺,30.431922,116.327976,
152,安庆徽狮餐饮管理有限公司,公司企业,太湖县,,,外环路外环南路农产品物流园B4,30.434964,116.330054,
152,天柱亦居民宿(天仙峡景区店)·餐饮,餐饮服务,潜山市,,,水吼镇天柱村河湾组2号,30.728657,116.435104,
152,瘦牛岭客栈,体育休闲服务,潜山市,,,水吼镇水吼村桥头商店往右200米,30.678493,116.427478,
152,跃芳餐饮,餐饮服务,太湖县,,,246省道与058县道交叉口东南100米,30.432782,116.412888,
152,继红餐饮,餐饮服务,太湖县,,,春康大药房东南侧,30.248225,116.443724,
152,舒州院子·民宿餐饮,餐饮服务,潜山市,,,舒州大道1152号,30.634306,116.566560,
152,大林餐饮,餐饮服务,潜山市,,,梅城镇舒州大道761号,30.641179,116.574186,
152,潜山市爱心驿站餐饮店,餐饮服务,潜山市,,,潜阳路288号,30.631750,116.589042,
153,百善服务区餐饮,餐饮服务,濉溪县,,,中国石化百善服务区加油站西南侧110米,33.840979,116.651881,
153,淮北徽香昱原早餐工程有限责任公司,公司企业,相山区,,,凤凰山经济开发区凤鸣路2号,33.986102,116.760717,
153,王记餐饮好婆婆·地锅鸡,餐饮服务,濉溪县,,,五沟镇新村迎宾大道28-29号,33.523471,116.606083,
153,方彦餐饮店,餐饮服务,相山区,,,淮海西路12号凤凰城15栋楼西头,33.983671,116.770967,
153,珂妙餐饮,餐饮服务,濉溪县,,,经济开发区国槐路路东新城中心学校南30米,33.912777,116.755113,
153,朋悦餐饮,餐饮服务,濉溪县,,,求实高中东南侧200米,33.862368,116.741426,
153,孙义餐饮店,餐饮服务,濉溪县,,,濉溪大市场,33.867273,116.748501,
153,胖果鸭餐饮管理,公司企业,相山区,,,濉溪北路与渠沟东路交叉口东北360米,33.959624,116.781998,
153,濉溪服务区亳州药膳小馆,餐饮服务,濉溪县,,,濉溪服务区南侧,33.748982,116.712297,
153,濉溪服务区王仁和,餐饮服务,濉溪县,,,濉溪服务区与G1516盐洛高速交叉口西北440米,33.750954,116.714391,
153,濉溪县萍萍餐饮店,餐饮服务,濉溪县,,,濉溪镇(烈北社区)烈山路赵一鸣食品店隔壁南侧,33.918309,116.773235,
153,安徽誉威餐饮管理有限公司,公司企业,相山区,,,孟山北路31号和协大厦,33.970775,116.793725,
153,友进餐饮店,餐饮服务,相山区,,,相南街道南翔云集街区一期一区04栋01层03号、04号,33.955345,116.789058,
153,淮北湘满园餐饮管理有限公司,公司企业,相山区,,,神话KTV往东20米,33.961606,116.794504,
153,米禧餐饮,餐饮服务,相山区,,,孟山北路与人民中路交叉口北140米,33.955725,116.793857,
153,阿军餐饮店(农村传统大席折菜),餐饮服务,濉溪县,,,嘉和御景园西门南侧30米,33.919225,116.782279,
153,玖焗餐饮服务有限公司,公司企业,相山区,,,黎苑路与相山北路交叉口西180米,33.958425,116.797525,
153,街西青年餐饮休闲,餐饮服务,濉溪县,,,濉溪古城内(西侧),33.913475,116.782825,
153,阶侠餐饮,餐饮服务,相山区,,,融华仕家东门东北50米,33.962725,116.801025,
153,暄记餐饮(三店),餐饮服务,相山区,,,惠苑路与站前路交叉口东80米,33.962305,116.803997,
153,知味坊餐饮总店,餐饮服务,杜集区,,,李洼集知味坊餐饮店,34.031195,116.847898,
153,军军餐饮店,餐饮服务,相山区,,,梅苑东路与丁庄东街交叉口西北40米,33.948765,116.821175,
153,濉溪县梓墨餐饮服务有限公司,公司企业,濉溪县,,,孙疃中心学校郭集小学南侧150米,33.543986,116.712679,
153,湖山荟·餐饮接待中心(中湖店),餐饮服务,相山区,,,绿金中央公园绿金湖二节点,33.941190,116.852573,
153,淮北维康餐饮管理服务有限公司,公司企业,濉溪县,,,幸福路,33.569441,116.745969,
154,清溪服务区餐厅,餐饮服务,含山县,,,清溪服务区西北侧,31.635415,118.017765,
154,北京英姿餐饮管理集团有限公司马鞍山分公司,公司企业,含山县,,,环峰镇西苑C区16号楼17号门面一层,31.719507,118.082237,
154,金域城大酒店-餐饮部,餐饮服务,含山县,,,万创·金域城,31.716565,118.096916,
154,含山县金达国宾府芳姐餐饮店,餐饮服务,含山县,,,环峰西路50号金达国宾府,31.719388,118.107564,
154,均达餐饮,餐饮服务,含山县,,,鸿联四季花城东门旁,31.735375,118.113725,
154,吴厨家宴上门服务,餐饮服务,含山县,,,运漕镇三台路三十号,31.429225,118.079284,
154,香泉服务区餐厅,餐饮服务,和县,,,香泉服务区西侧,31.925889,118.343213,
154,和县恒旭餐饮服务有限公司,公司企业,和县,,,陋室西街与龙潭中路交叉口西80米,31.719515,118.358754,
154,马鞍山天祁餐饮管理有限公司,公司企业,和县,,,历阳镇台湾农民创业园海峡大道111号标准化厂房综合楼1-01室,31.753639,118.379026,
154,安徽采石老歪餐饮管理有限公司,公司企业,雨山区,,,唐贤街与牛渚路交叉口东南20米,31.654396,118.466665,
154,阿康水上人家餐饮店,餐饮服务,雨山区,,,安民街道陶庄村后陶12号,31.677632,118.484664,
154,马鞍山鑫圆餐饮管理有限公司,公司企业,雨山区,,,安民路与雨田路交叉口西北120米,31.668451,118.483344,
154,马鞍山七里松餐饮管理有限公司,公司企业,雨山区,,,红旗中路与新安花园路交叉口西北60米,31.666184,118.488049,
154,马鞍山亿条鱼餐饮管理有限责任公司,公司企业,雨山区,,,湖西中路与花园路交叉口北100米,31.667802,118.498407,
154,马鞍山湖光餐饮管理有限公司,公司企业,花山区,,,湖东路街道湖北路29号雨山湖公园(东南角),31.684752,118.507307,
154,马鞍山市鎏金宴餐饮管理有限公司,公司企业,花山区,,,大华锦绣国际6栋,31.683215,118.508057,
154,马鞍山小蛮妖餐饮管理有限公司,公司企业,花山区,,,大华锦绣国际6栋,31.683075,118.508175,
154,马鞍山睿晟餐饮管理有限公司,公司企业,花山区,,,湖东中路与黄梅巷交叉口西160米,31.682325,118.508575,
154,INFULL契初餐饮,餐饮服务,花山区,,,湖东路街道佳山新村26栋104室,31.686780,118.510492,
154,延喜餐饮配送中心,生活服务,雨山区,,,阳湖路818号5号楼,31.641325,118.495975,
154,米香谷香鸡餐饮(金瑞店),餐饮服务,花山区,,,金瑞新城二村北门西190米,31.720916,118.524388,
154,皖小厨·中式餐饮(金星新村店),餐饮服务,花山区,,,金星新村24栋104(凌云广告向东50米),31.697532,118.517511,
154,皖米苏餐饮公司,公司企业,花山区,,,蓬莱路与江东大道北段交叉口东80米,31.696740,118.524409,
154,柒彩餐饮,餐饮服务,花山区,,,桥山路与慈湖河路交叉口西220米,31.709817,118.528915,
154,半盏餐饮店,餐饮服务,花山区,,,师苑路与石岗路交叉口西南140米,31.667775,118.519225,
155,安徽尤小四餐饮管理有限公司,公司企业,叶集区,,,民强路与史河路交叉口西北20米,31.846743,115.913041,
155,許记餐饮,餐饮服务,叶集区,,,花园路银河巷,31.861475,115.921725,
155,简约餐饮店,餐饮服务,金寨县,,,盼桥巷与金江大道交叉口东北20米,31.691402,115.885922,
155,燚鑫商贸有限有限公司,公司企业,金寨县,,,燚鑫餐饮配送有限公司,31.799279,115.937310,
155,金寨县彭姐特色炒饭餐饮店(个体工商户),餐饮服务,金寨县,,,梅山镇石船巷正和一中K区K1114室,31.732553,115.943301,
155,寨山虎餐饮铺,餐饮服务,金寨县,,,梅山镇瑞泰中央城19栋104/204,31.711872,115.937417,
155,福子餐饮馆(祥和家园店),餐饮服务,金寨县,,,祥和家园22栋115号门面,31.721790,115.943546,
155,金寨县老妈蹄花·锦上添花餐饮店,餐饮服务,金寨县,,,正和一中A区A145-A146,31.730099,115.947025,
155,尚约客西厨餐饮店,餐饮服务,金寨县,,,江天路与红石谷路交叉口西北140米,31.730590,115.947215,
155,御花源餐饮(金寨御花园店),餐饮服务,金寨县,,,御花园,31.708125,115.940575,
155,河口服务区蒸小皖美食广场,餐饮服务,霍邱县,,,G35济广高速与河口服务区交叉口西北380米,32.143704,116.074147,
155,河口服务区蒸小皖美食广场,餐饮服务,霍邱县,,,G35济广高速与河口服务区交叉口北400米,32.144442,116.075716,
155,金寨县赣饭餐饮店,餐饮服务,金寨县,,,梅山镇玉博园A1栋07.08号商铺,31.715297,115.949344,
155,六安市叶集区翔元餐饮管理有限公司,公司企业,叶集区,,,翔元餐饮管理有限公司,31.933317,116.048086,
155,六安市叶集区翔元餐饮管理有限公司分拣中心,公司企业,叶集区,,,桃园路,31.901719,116.053872,
155,油店特色小餐饮,餐饮服务,金寨县,,,油坊店乡油店村,31.553149,115.964892,
155,王老板伍圆面餐饮店,餐饮服务,霍邱县,,,双湖路与光明大道交叉口东260米,32.343375,116.280725,
155,涵旭餐饮管理配送有限公司,公司企业,霍邱县,,,育才路与新蓼大道交叉口东南160米,32.334820,116.282014,
155,美佳乐连锁餐饮(港澳广场店),餐饮服务,霍邱县,,,港澳广场,32.348207,116.290280,
155,安徽聚贝餐饮管理有限公司霍邱分公司,公司企业,霍邱县,,,创新二路与科技四路交叉口西南200米,32.386725,116.338125,
155,聚友餐饮,餐饮服务,叶集区,,,姚李镇光华大街新圆盘西侧,31.821121,116.171955,
155,罗集服务区餐厅,餐饮服务,裕安区,,,罗集服务区南侧,31.845825,116.251489,
155,镇得味餐饮有限公司,公司企业,裕安区,,,009县道与091乡道交叉口南240米,31.920475,116.357325,
155,安徽博文餐饮管理,公司企业,裕安区,,,佳益大道,31.735057,116.363890,
155,皋肴餐饮管理有限公司,公司企业,裕安区,,,平桥大道与金盛路交叉口东260米,31.790712,116.432581,
156,临泉县皖宴餐饮店,餐饮服务,临泉县,,,城南街道办事处四化路西园阁小区11栋西数102铺,33.053886,115.254157,
156,艺雅居餐饮,餐饮服务,临泉县,,,阜台小区南院向西天瑞物业楼三楼,33.040448,115.258812,
156,三锅烩餐饮,餐饮服务,临泉县,,,港口路98号,33.061624,115.268331,
156,太和县高庙镇包原餐饮店,餐饮服务,太和县,,,高庙镇振兴路与廉政路交叉口,33.262869,115.532300,
156,茂财电动餐饮车小吃车研发生产基地,公司企业,太和县,,,旧县镇万寿中路国家电网西50米,33.212411,115.609958,
156,赵老陕餐饮(东方新天地店),餐饮服务,太和县,,,开发区管理委员会东方新天地6号楼,33.184675,115.614053,
156,锐鲜餐饮阿能面桐乡特色(太和总店),餐饮服务,太和县,,,长征路晶宫世纪城15号楼106.107铺,33.187300,115.623962,
156,三角元服务区蒸小皖美食广场,餐饮服务,太和县,,,G36宁洛高速与三角元服务区交叉口西500米,33.215508,115.661244,
156,阜小熙餐饮店,餐饮服务,颍泉区,,,闻集镇集行政村一村27号,33.062106,115.630937,
156,太和县包原餐饮管理有限公司,公司企业,太和县,,,赵集乡现代农业产业园西南侧,33.156736,115.697450,
156,阜南县喜立来餐饮酒店,餐饮服务,阜南县,,,洪河桥镇220省道,32.469245,115.510815,
156,阜南县亿康餐饮服务有限公司,公司企业,阜南县,,,060乡道北50米,32.635960,115.574518,
156,阜南县李森板鸡餐饮饭店,餐饮服务,阜南县,,,三塔中路与谷河西路交叉口东北60米,32.639863,115.587437,
156,淼福猪肚鸡餐饮店,餐饮服务,阜南县,,,地城北路与润河路交叉口东北20米,32.642725,115.590425,
156,安徽来则福餐饮管理老街口早中晚绿色餐厅,餐饮服务,颍泉区,,,行流镇行流加油站西侧一百米19号,33.040621,115.720482,
156,阜南串门儿餐饮店,餐饮服务,阜南县,,,鹿城镇现代商贸城现代锦园东门对面,32.634579,115.606046,
156,阜阳鑫亿达餐饮有限公司,公司企业,颍泉区,,,[],33.047275,115.744875,
156,安徽席满堂餐饮管理有限公司,公司企业,颍州区,,,049县道998号,32.857284,115.712045,
156,金龙鱼餐饮配送中心,生活服务,颍州区,,,"十二里庙瑶海批发市场,蔬菜区二楼,上楼右手边第二个棚进去第四家",32.846837,115.754302,
156,阜阳市颍州区阿扎提餐饮店,餐饮服务,颍州区,,,清河街道淮河路2236号新城吾悦广场7号商办配套楼1S009室,32.875206,115.789760,
156,安徽安澜酒店餐饮管理有限公司,公司企业,颍州区,,,府前路与庙东路交叉口西120米,32.861587,115.786216,
156,天聚源餐饮连锁有限公司,公司企业,颍州区,,,正基首府东南2门南100米,32.872401,115.796178,
156,阜阳市颍州区郭淑芬餐饮店(个体工商户),公司企业,颍州区,,,五道河路与西清路交叉口西北80米,32.855703,115.792584,
156,面霸餐饮店(润河路店),餐饮服务,颍州区,,,保丰路99号华润阜阳中心旭府31栋,32.849783,115.793848,
156,阜阳市外婆居餐饮店(颍泉区店),餐饮服务,颍泉区,,,太和路363号乐富强·悦澜湾,32.932270,115.819693,
157,定远县炭点餐饮店,餐饮服务,定远县,,,炉桥镇郑郢一期44-45号,32.558206,117.243452,
157,徽盐人家餐饮店,餐饮服务,定远县,,,炉桥镇盐化新村1期商住楼1-3号,32.548905,117.266670,
157,凤翔餐饮,餐饮服务,凤阳县,,,涂山大道与顺城路交叉口东南120米,32.860175,117.515075,
157,花鼓乡老味道餐饮配送管理有限公司,公司企业,凤阳县,,,经六路与门临路交叉口西北80米,32.907752,117.555117,
157,凤阳县云味餐饮管理服务有限公司,公司企业,凤阳县,,,府西街与工人路交叉口西北20米,32.866161,117.557773,
157,凤阳好吃街,公司企业,凤阳县,,,花铺廊街38号,32.864508,117.564088,
157,凤阳县云味餐饮管理服务有限公司,公司企业,凤阳县,,,父道街与三元街交叉口东80米,32.862631,117.567300,
157,凤阳县凤仪尹健餐饮经营部,餐饮服务,凤阳县,,,板桥镇凤宁产业园888,32.902025,117.714175,
157,大溪河服务区一千零一味,餐饮服务,凤阳县,,,大溪河服务区与G36宁洛高速出口交叉口西320米,32.890823,117.802341,
157,定远县沙仔餐饮店,餐饮服务,定远县,,,华邦·汇富大厦,32.530304,117.686897,
157,玖紫餐饮嘎嘎龙虾王烧烤,餐饮服务,定远县,,,定城东城南路32-21号,32.521861,117.687317,
157,街坊餐饮店,餐饮服务,定远县,,,定城镇鲁肃大道8229号,32.518346,117.689630,
157,定远县君利餐饮服务有限公司,公司企业,定远县,,,定城镇广园路与梅园路交口东南侧202,32.530978,117.701277,
157,游泳馆餐饮部,餐饮服务,定远县,,,靠山路与长征东路交叉口西北140米,32.529373,117.716130,
157,仓镇服务区王仁和,餐饮服务,定远县,,,S12滁新高速与仓镇服务区交叉口西北480米,32.390820,117.741877,
157,定远服务区餐厅,餐饮服务,定远县,,,定远服务区西北30米,32.390817,117.804391,
157,吾家小院餐饮龙虾螃蟹外卖(培培水产),餐饮服务,明光市,,,车站路581-583号,32.783091,117.995902,
157,南谯服务区餐饮,餐饮服务,南谯区,,,南谯服务区东南30米,32.265037,118.006537,
157,玉娟餐饮有限公司,公司企业,明光市,,,沿河街与321省道交叉口南20米,32.577951,118.122264,
157,明光服务区餐厅,餐饮服务,明光市,,,明光服务区西南40米,32.666253,118.164851,
157,明光服务区餐厅,餐饮服务,明光市,,,明光服务区东北侧,32.667706,118.167624,
157,小食堂餐饮,餐饮服务,全椒县,,,草庵街道红绿灯西50米,32.079709,118.141504,
157,滁州市珈裕珈餐饮管理有限公司,公司企业,琅琊区,,,西涧街道西涧北路1号(世纪大道北滁定路东200米),32.344898,118.285615,
157,全椒服务区餐厅,餐饮服务,全椒县,,,G40沪陕高速与全椒服务区交叉口西南400米,32.082127,118.200451,
157,阿青餐饮供应链,公司企业,琅琊区,,,惠民农副产品批发大市场A区13号,32.348682,118.316860,
158,云味快捷餐饮,餐饮服务,黟县,,,033县道与026乡道交叉口东南20米,30.110570,117.750444,
158,张苑家餐饮店,餐饮服务,祁门县,,,凤凰小区东北门西侧55栋底商(口袋体育公园),29.851298,117.707331,
158,柏溪服务区淝上人家,餐饮服务,祁门县,,,柏溪服务区西南30米,29.907485,117.793630,
158,凫峰服务区餐饮,餐饮服务,祁门县,,,G0321德上高速出口与凫峰服务区交叉口西南460米,29.732304,117.833491,
158,枫桥泊酒店餐饮部,餐饮服务,黄山区,,,审计厅黄山培训中心北门旁,30.291371,118.134987,
158,月牙半岛餐饮,餐饮服务,黄山区,,,曙光村,30.415315,118.205499,
158,休宁县一碗云餐饮店,餐饮服务,休宁县,,,率水东路与梨园路交叉口东100米,29.787756,118.189673,
158,黄山市迎客松啤酒股份有限公司,公司企业,休宁县,,,万安镇休宁县经济开发区福寺路5号,29.801755,118.208390,
158,呈坎服务区老乡鸡,餐饮服务,徽州区,,,呈坎镇呈坎服务区东区,29.934926,118.287110,
158,老徽乡餐饮管理有限公司,公司企业,屯溪区,,,梅林大道与徽光路交叉口西南80米,29.777347,118.263366,
158,黄山徽州印象餐饮管理有限公司,公司企业,屯溪区,,,百川路与梅林大道交叉口东北500米,29.790235,118.269829,
158,安徽强工新能源科技有限公司,公司企业,屯溪区,,,昱山路17号(必利精密厂内),29.721025,118.249475,
158,黄山泗海楼精品客栈住宿餐饮,住宿服务,徽州区,,,潜口镇紫霞大道17号二楼,29.867430,118.295956,
158,黄山丹凤楼餐饮服务有限公司,公司企业,屯溪区,,,黎山路与商山路交叉口南200米,29.704256,118.287369,
158,黄山缓冲空间餐饮管理有限公司,公司企业,屯溪区,,,文峰西路与龙山路交叉口北320米,29.705225,118.290375,
158,黄山响当年餐饮管理有限公司,公司企业,徽州区,,,龙骏家园西南侧180米,29.807877,118.326419,
158,黄山市广交餐饮服务有限公司,公司企业,屯溪区,,,昱新路与昱阳路交叉口东20米,29.710416,118.299369,
158,笨笨熊餐饮公司,公司企业,休宁县,,,东临溪镇黄山学院率水校区一楼第二食堂,29.688729,118.295707,
158,黄山市徽常鲜餐饮管理有限公司,公司企业,徽州区,,,徽州区置业大厦,29.832475,118.340125,
158,翰山人家农家乐餐饮店,体育休闲服务,徽州区,,,山深线与环城西路交叉口东南480米,29.800095,118.332214,
158,老阳湖三江饮餐饮,餐饮服务,屯溪区,,,八一大道1号,29.693577,118.311441,
158,黄山九宴餐饮管理有限公司,公司企业,屯溪区,,,阳湖东路与南滨江路交叉口西南140米,29.699781,118.319639,
158,小练红色服务中心,科教文化服务,徽州区,,,小练红色餐厅东南侧,29.779479,118.345013,
158,黄山市合乐餐饮管理有限公司,公司企业,休宁县,,,新安大道与023县道交叉口东北240米,29.676425,118.314375,
158,黄山泽优餐饮管理有限公司,公司企业,歙县,,,郑村镇呈歙旅游公路边百味山庄五区2幢1001号,29.868768,118.388006,
159,双桥集服务区餐饮,餐饮服务,怀远县,,,双桥集服务区北侧,33.222093,116.965709,
159,双桥集服务区餐饮,餐饮服务,怀远县,,,S08五亳高速与双桥集服务区交叉口西500米,33.219732,116.965306,
159,山东尚品尚餐饮服务有限公司怀远分公司,公司企业,怀远县,,,206国道与041县道交叉口南160米,33.267347,117.065734,
159,胜发餐饮,餐饮服务,怀远县,,,135乡道与046县道交叉口北160米,32.818136,116.997860,
159,小香菇餐饮,餐饮服务,固镇县,,,连城路谷阳新城566号铺,33.285601,117.300657,
159,海玉火锅餐饮店,餐饮服务,固镇县,,,汇金国际湖畔花园,33.311795,117.320604,
159,安徽省当代餐饮服务有限责任公司固镇分公司,公司企业,固镇县,,,仲兴路与黄园南路交叉口东南300米,33.281497,117.310935,
159,安徽新伙伴餐饮服务有限公司,公司企业,怀远县,,,榴城路与荆涂路交叉口东120米,32.979750,117.209633,
159,小香菇餐饮,餐饮服务,固镇县,,,迎宾大道与吉祥路交叉口西南260米,33.320775,117.333625,
159,蚌埠君乐滋餐饮管理有限公司,公司企业,固镇县,,,灵均路与石湖东路交叉口西北120米,33.278475,117.332975,
159,怀远县通配餐饮,餐饮服务,怀远县,,,怀远县工业园区龙腾路10号,32.984146,117.245756,
159,万佳餐饮管理有限公司,公司企业,怀远县,,,世纪大道辅路与配天大道交叉口西180米,32.988275,117.261125,
159,聚丰楼餐饮店,餐饮服务,淮上区,,,梅桥镇梅桥行政村梅桥152号,33.031887,117.300571,
159,安徽隆顺餐饮管理有限公司,公司企业,固镇县,,,[],33.304902,117.409814,
159,安徽伟伟冰米酒食品有限公司,公司企业,禹会区,,,力图控股华东科技园西门,32.888853,117.297913,
159,安徽合笙餐饮服务有限公司,公司企业,禹会区,,,长青南路与长兴路交叉口西南40米,32.920925,117.317518,
159,安徽蚌味柒纯餐饮管理有限公司,公司企业,禹会区,,,兴华路169号,32.912522,117.318437,
159,安徽绿达餐饮管理有限公司,公司企业,禹会区,,,金叶滤材科技有限公司,32.916384,117.321537,
159,老铺人家餐饮有限公司,餐饮服务,禹会区,,,吴湾路690号,32.920475,117.334025,
159,蚌埠市财米餐饮管理有限公司,公司企业,禹会区,,,冠宜大厦,32.903525,117.338275,
159,安徽交仁膳食餐饮管理有限公司,公司企业,淮上区,,,中旭·紫阳大厦,32.961925,117.358925,
159,粟喜餐饮店,餐饮服务,淮上区,,,桃花园小区东区,32.972025,117.365725,
159,小磊烫菜餐饮店,餐饮服务,禹会区,,,红阳小区9号楼,32.931120,117.353732,
159,味厨源餐饮店,餐饮服务,蚌山区,,,前进路23号三径书苑,32.937225,117.357075,
159,蚌埠淘闪闪餐饮管理有限公司,公司企业,蚌山区,,,丽都巷万方新都会4号楼107号商铺,32.904429,117.346200,
160,友邦混凝土有限公司食堂,公司企业,蜀山区,,,小蜀山东路与槐树湾路交叉口东360米,31.845792,117.073892,
160,合肥饕醉餐饮管理有限公司,公司企业,长丰县,,,052乡道高塘社区王庄村三北组(巷内广场边),32.090231,117.183895,
160,安徽王一碗食品有限公司,餐饮服务,肥西县,,,[],31.773825,117.098025,
160,合肥福玺楼餐饮服务有限公司高新区店,餐饮服务,蜀山区,,,高新技术产业开发区创新大道汇景城4楼,31.829181,117.135034,
160,合肥扬良餐饮管理有限公司,公司企业,蜀山区,,,井岗路1788号安广规上谷科技园2号楼208,31.858175,117.147525,
160,安徽行者餐饮管理有限公司,公司企业,蜀山区,,,高新区滴珠路与会胜路交口新宇创谷科技园A座,31.833425,117.150425,
160,蜀王优芙得餐饮服务有限公司,公司企业,长丰县,,,华佗路与阜阳北路交叉口西南200米,32.046875,117.243625,
160,裕鼎鲜餐饮店(世纪金源店),餐饮服务,长丰县,,,世纪金源A座4F,32.004599,117.246386,
160,合肥食元味餐饮服务有限公司,公司企业,蜀山区,,,天柱路与天达路交叉口西100米,31.844675,117.198975,
160,洪福楼餐饮,餐饮服务,蜀山区,,,香枫创业园B栋101,31.827305,117.193995,
160,长胜娱乐(科学大道店),生活服务,蜀山区,,,天乐社区服务中心科学大道108号F-5幢2楼201号商铺,31.853230,117.209800,
160,胡不停餐饮棋牌,餐饮服务,蜀山区,,,蜀鑫路四号,31.858201,117.212204,
160,合肥牛少主餐饮管理有限公司,公司企业,蜀山区,,,维也纳森林花园A17栋103,31.839321,117.223846,
160,安徽七心居餐饮管理有限公司,公司企业,庐阳区,,,青竹街6层,31.887829,117.241704,
160,庐州月茶牌餐饮,餐饮服务,蜀山区,,,绿地蓝海C座2楼(市政务中心地铁站A口旁),31.822281,117.232494,
160,合肥索帕士餐饮设备有限公司,公司企业,长丰县,,,魏武路与凤丹路交叉口东北200米,31.986790,117.289978,
160,安徽卡旺卡餐饮有限公司,公司企业,蜀山区,,,长江西路287号万科金域国际,31.851275,117.250025,
160,安徽蒸小皖餐饮有限公司,公司企业,庐阳区,,,耀远路372号1幢,31.924312,117.274338,
160,陈家六道菜A区(百乐门广场店),餐饮服务,蜀山区,,,繁华大道与莲花路百乐门名品广场9号楼123号(百乐门广场底商),31.775703,117.228661,
160,合肥牛漫山餐饮管理有限公司,公司企业,庐阳区,,,蒙城路与固镇路交叉口东北120米,31.895425,117.277075,
160,合肥丰延餐饮管理有限公司,公司企业,庐阳区,,,合瓦路199号庐州意库2号楼201,31.895413,117.277080,
160,宏源餐饮小排档,餐饮服务,包河区,,,宿松路和绩溪路交叉口,31.844195,117.272533,
160,安徽庐员外食品科技有限公司,餐饮服务,肥西县,,,三里村严丰路7号,31.574580,117.189550,
160,合肥市包河区小老头餐饮店,餐饮服务,包河区,,,黄山路196号,31.842169,117.274646,
160,合肥新顶正餐饮公司,公司企业,瑶海区,,,长淮街道北一环路5号惠康大厦604室,31.880634,117.303756,
161,金塔大酒店餐饮部,餐饮服务,无为市,,,金塔西路与府苑路交叉口西60米,31.309825,117.900525,
161,听竹轩餐饮店,餐饮服务,无为市,,,无开路127号国控柏瑞东方,31.295675,117.898925,
161,琪峰酒店餐饮部,餐饮服务,无为市,,,比亚迪大道与军二路交叉口南100米,31.277417,117.911722,
161,西河米香餐饮连锁店,餐饮服务,无为市,,,无城镇幸福路无为城市广场2号楼101室,31.284198,117.939839,
161,玫瑰园吉子酒店·餐饮部(无为全球家居生活广场店),餐饮服务,无为市,,,长江路与比亚迪大道交叉口东北100米,31.281214,117.939377,
161,芜湖金翎餐饮管理有限公司,公司企业,无为市,,,长江路与比亚迪大道交叉口东南80米,31.279598,117.939234,
161,禾誉餐饮,公司企业,鸠江区,,,福州路1号,31.470575,118.258225,
161,芜湖鲁乡情餐饮管理有限公司,公司企业,镜湖区,,,"江湾路1号,江东府12号楼203",31.382856,118.354943,
161,芜湖市谷普名流餐饮有限公司,餐饮服务,镜湖区,,,石头路与海关路交叉口东100米,31.334693,118.360006,
161,芜湖艺贤餐饮有限公司,公司企业,镜湖区,,,银湖中路与天门山西路交叉口东北100米,31.370102,118.374054,
161,芜湖子扬餐饮有限公司,公司企业,镜湖区,,,长江中路15号10楼1006,31.327649,118.361701,
161,芜湖味动天下餐饮管理有限公司,公司企业,镜湖区,,,世茂物业写字楼,31.327325,118.361725,
161,芜湖凯酷餐饮服务有限公司,餐饮服务,镜湖区,,,中山北路33号八佰伴,31.340925,118.366575,
161,老袁餐饮店,餐饮服务,镜湖区,,,银湖中路118号大富新村西区,31.364473,118.375084,
161,芜湖春业餐饮有限公司,公司企业,镜湖区,,,天门山东路与园丁路交叉口西160米,31.368642,118.376651,
161,雪碳联赢(芜湖)餐饮管理有限公司,公司企业,镜湖区,,,更兴路与中山北路交叉口西60米,31.336675,118.369525,
161,新派(上海)餐饮管理有限公司芜湖第二分公司,公司企业,镜湖区,,,中山路32号苏宁广场F8层,31.328525,118.367275,
161,芜湖迪隆餐饮管理有限公司,公司企业,镜湖区,,,中和路与中山路步行街交叉口南100米,31.328450,118.368453,
161,芜湖市学东餐饮有限公司,公司企业,镜湖区,,,枫尚奥莱广场(赭山公园地铁站1号口步行280米),31.347025,118.374625,
161,芜湖市雪绒花餐饮管理有限公司,公司企业,镜湖区,,,枫尚奥莱广场(赭山公园地铁站1号口步行280米),31.347025,118.374625,
161,芜湖锐轩餐饮管理有限公司,公司企业,镜湖区,,,和平大厦,31.326525,118.370225,
161,安徽柑蓝餐饮管理有限公司,公司企业,弋江区,,,天井山路与长江南路交叉口西80米,31.265575,118.351575,
161,红孩儿餐饮店,餐饮服务,鸠江区,,,湾里街道民营集贸市场2号门面,31.417798,118.406318,
161,安徽名铸餐饮有限公司,公司企业,镜湖区,,,芜湖名铸广场B座,31.335425,118.379775,
161,安徽迷苏餐饮管理有限责任公司,公司企业,弋江区,,,花津中路辅路与三潭路交叉口南240米,31.316725,118.375125,
162,赠汪伦土菜馆餐饮酒店,住宿服务,泾县,,,桃花潭镇桃花潭村万村街入口处,30.478908,118.144796,
162,泾县服务区餐饮,餐饮服务,泾县,,,中国石油泾县服务区加油站东南侧130米,30.647148,118.358494,
162,通德餐饮,餐饮服务,泾县,,,泾川镇桃花潭中路汇金雅苑18号楼101商铺,30.684839,118.419996,
162,安徽朗富餐饮管理有限公司,公司企业,宣州区,,,文昌镇贾公村内318国道北侧,30.894919,118.516827,
162,江南乡村酒店餐饮部,餐饮服务,泾县,,,205国道与013乡道交叉口西南60米,30.564998,118.449534,
162,晨馨餐饮,餐饮服务,旌德县,,,孙村乡卫生监督站南侧80米,30.312059,118.419173,
162,老虎土菜馆(始于1980年),餐饮服务,泾县,,,蔡村镇蔡村街道101号,30.712535,118.558419,
162,小满的乡野食堂,餐饮服务,泾县,,,月亮湾风景区空中漂流终点,30.670771,118.587169,
162,宣城裕丰楼餐饮,餐饮服务,宣州区,,,麦莎广场5号馆1-2层,30.936397,118.730861,
162,新江南餐饮,餐饮服务,宣州区,,,敬亭路与双塔路交叉口北120米,30.962072,118.748286,
162,悠味悠线上餐饮美食城,餐饮服务,宣州区,,,西林街道梅溪路锦润商业中心4-5幢2号,30.941764,118.744363,
162,宣城市尚记餐饮管理有限公司,公司企业,宣州区,,,锦城北路与文星楼商业步行街交叉口南60米,30.957820,118.755628,
162,宣城聚客通餐饮管理有限公司,公司企业,宣州区,,,鳌峰街道星隆国际广场21栋1楼1318室,30.932179,118.748430,
162,时味餐饮管理有限公司,公司企业,宣州区,,,梅溪路129号,30.938903,118.751490,
162,清清缘餐饮,餐饮服务,宣州区,,,谢眺楼公园北门东北50米,30.949180,118.761858,
162,宣味楼餐饮店,餐饮服务,宣州区,,,济川街道柏庄B1幢6号,30.933321,118.771313,
162,甜柒柒餐饮<乡野厨子农家菜>,餐饮服务,宁国市,,,板新路119号,30.526928,118.647865,
162,日日鲜餐饮店,餐饮服务,宣州区,,,方翔时代广场北侧2-S3号门面房,30.966393,118.816090,
162,途溪餐饮,餐饮服务,宣州区,,,溪口镇红星村,30.679770,118.724426,
162,宣城市思源餐饮管理有限公司,公司企业,宣州区,,,宣大祥街与汇通街交叉口西南80米,30.961525,118.819725,
162,华阳服务区蒸小皖美食广场,餐饮服务,绩溪县,,,华阳服务区北区,30.062876,118.544770,
162,徽源山庄大酒店餐饮部,餐饮服务,绩溪县,,,徽源山庄大酒店东南侧,30.079575,118.577125,
162,花筑·皖约餐饮,餐饮服务,宁国市,,,003乡道与阳北路交叉口西南120米,30.476075,118.730475,
162,山间小院餐饮民宿,住宿服务,宣州区,,,洪林镇施村上同兴岭,30.956875,118.986175,
162,港汇大酒店-餐饮部,餐饮服务,宁国市,,,山北路与宁港路交叉口西北80米,30.723075,118.915325,
163,肴火餐饮鼎火碳锅鸡,餐饮服务,砀山县,,,梨都华庭北门明珠街100号,34.439425,116.359525,
163,必惠客餐饮运营中心,公司企业,砀山县,,,人民东路133号,34.423209,116.372969,
163,砀山县谷运餐饮服务有限公司,公司企业,砀山县,,,李庄镇新农发农贸市场,34.384963,116.484823,
163,王寨服务区云禾餐饮,餐饮服务,萧县,,,王寨服务区与G30连霍高速交叉口西340米,34.108511,116.752770,
163,萧县余家餐饮,餐饮服务,萧县,,,马井镇S01省道,34.274071,116.814611,
163,安徽洁诚餐饮管理有限公司,公司企业,萧县,,,金海大道与道北路交叉口北240米,34.332325,116.864375,
163,汤浴汗蒸餐饮,餐饮服务,萧县,,,行政大道与龙凤大道交叉口东北100米,34.193314,116.961033,
163,老谢餐饮,餐饮服务,萧县,,,安粮中央花园百合苑北门东60米,34.195266,116.963786,
163,老街坊餐饮(万基·大观天下店),餐饮服务,萧县,,,万基联华北约160米路东,34.200629,116.965725,
163,娅姐餐饮店,餐饮服务,萧县,,,车站路与教育路交叉口东280米,34.162834,116.960073,
163,皇藏峪服务区蒸小皖,餐饮服务,萧县,,,G3京台高速与皇藏峪服务区交叉口西南300米,33.972600,116.974854,
163,皇藏峪服务区蒸小皖美食广场(东区),餐饮服务,萧县,,,皇藏峪服务区(东区),33.970882,116.977550,
163,符离服务区刘老二符离集烧鸡(符离服务区西区店),餐饮服务,埇桥区,,,符离镇沈圩京台高速公路符离服务区,33.728903,116.934504,
163,符离服务区老乡鸡,餐饮服务,埇桥区,,,符离服务区东侧,33.728786,116.936340,
163,圣百年餐饮店,餐饮服务,埇桥区,,,万成哈佛国际A区,33.658647,116.944511,
163,宿州市符离集刘老二烧鸡有限公司,公司企业,埇桥区,,,206国道,33.742464,116.973509,
163,宿州市东江餐饮管理有限公司,公司企业,埇桥区,,,银河二路与陈道村路交叉口东120米,33.649188,116.953896,
163,宿州市青农茗时餐饮有限公司,餐饮服务,埇桥区,,,银河一路757号,33.645624,116.953517,
163,宿州市六禾餐饮有限公司,公司企业,埇桥区,,,竹邑路与人民北路交叉口东280米,33.689525,116.969725,
163,花开嫁日餐饮部(云集店),餐饮服务,埇桥区,,,银河三路与通济二路交叉口北40米,33.653343,116.960473,
163,侯小七餐饮管理有限公司,公司企业,埇桥区,,,磬云北路磬云大市场侯小七餐饮管理有限公司三楼,33.635917,116.957334,
163,晟之春餐饮管理有限公司,公司企业,埇桥区,,,乐天路547号,33.664768,116.967724,
163,八禧餐饮,餐饮服务,埇桥区,,,裕城花园东区,33.632775,116.976675,
163,苏果凤凰台餐饮旗舰店,餐饮服务,埇桥区,,,银河一路与淮海中路交叉口东南100米,33.645247,116.981376,
163,花开嫁日绿都婚礼庄园,生活服务,埇桥区,,,洪西巷与张家巷交叉口西南200米,33.663519,116.996961,
164,柴记餐饮,餐饮服务,谯城区,,,十八里镇侯桥集北头,33.784540,115.650358,
164,卤刀客餐饮店,餐饮服务,谯城区,,,亿都国际商城南门卤刀客餐饮店,33.849098,115.738876,
164,安徽庄稼人餐饮管理有限公司,公司企业,谯城区,,,酒城大道与夏侯渊路交叉口北220米,33.790825,115.720125,
164,亳州公交餐饮有限公司,公司企业,谯城区,,,105国道88号,33.911739,115.761312,
164,亳州市超宏餐饮有限公司,公司企业,谯城区,,,百萃金方超宏餐饮有限公司,33.840684,115.742147,
164,卢庄合碗餐饮服务,餐饮服务,谯城区,,,华佗镇菁英日用商行北侧260米,33.913458,115.768043,
164,田应山餐饮店,餐饮服务,谯城区,,,天运物流园向北90米,33.824332,115.747774,
164,亳州二手合居餐饮管理有限公司,公司企业,谯城区,,,人民路与高家巷交叉口东60米,33.872126,115.772933,
164,乐意亿家餐饮店(文帝西路店),餐饮服务,谯城区,,,刘庄还原小区北区16栋101铺(沿河路向北80米),33.862107,115.777188,
164,安徽玺厨餐饮管理有限公司,公司企业,谯城区,,,希夷大道与薛阁路交叉口西南200米,33.858067,115.777497,
164,亳州市真是味餐饮管理有限公司,公司企业,谯城区,,,希夷大道与柴胡路交叉口西北80米,33.835682,115.777981,
164,三知三幸餐饮管理服务有限公司,公司企业,谯城区,,,芍花路与三曹路交叉口西140米,33.847455,115.782067,
164,月下三旬餐饮店,餐饮服务,谯城区,,,龙凤新村三巷二号月下三旬创意料理餐厅,33.835276,115.781787,
164,亳州高新技术产业开发区朴大叔餐饮店,餐饮服务,谯城区,,,宝龙广场一楼金街,33.813375,115.776375,
164,安徽豆天下餐饮管理有限公司,公司企业,谯城区,,,汤王大道与茴香路交口向南200米,33.773766,115.766190,
164,古道养生餐饮管理有限公司,公司企业,谯城区,,,魏武大道与杜仲路交叉口西南60米,33.829633,115.786808,
164,安徽顺客餐饮管理有限公司,公司企业,谯城区,,,芍花路80号,33.847669,115.794816,
164,心安餐饮店,餐饮服务,谯城区,,,槐花路与魏武大道交叉口西380米,33.784302,115.783514,
164,李林干锅餐饮店,餐饮服务,谯城区,,,建投东方名府·玖著南门东170米,33.813473,115.814175,
164,安徽巧掌柜餐饮管理有限公司,公司企业,谯城区,,,茴香东路与文采路交叉口西160米,33.774208,115.817040,
164,安徽湘伯伯餐饮管理有限公司,公司企业,谯城区,,,茴香东路和文采路交叉口,33.774353,115.817991,
164,亳州市双明餐饮有限公司,公司企业,谯城区,,,龙扬镇周寨村党群服务中心东侧190米,33.507325,115.794475,
164,至臻园餐饮有限公司,公司企业,利辛县,,,小李集居委会西500米路北666号,33.319973,115.951372,
164,涡阳县绿色家园餐饮有限公司,公司企业,涡阳县,,,星园街道尹沟小学院内,33.542119,116.158777,
164,尝湘聚酒店餐饮,餐饮服务,利辛县,,,永兴路与法堂路交叉口西北20米,33.092173,116.026363,
165,毛集实验区姚腊梅餐饮店,餐饮服务,凤台县,,,颍凤路与服装街交叉口南120米,32.651630,116.551686,
165,毛集实验区津都餐饮店,餐饮服务,凤台县,,,兴湖路17号,32.648824,116.639887,
165,迎河服务区餐厅,餐饮服务,寿县,,,G3611宁信高速与迎河服务区交叉口东460米,32.296285,116.560416,
165,大碗湘餐饮服务有限公司,餐饮服务,凤台县,,,康宁皇冠花园北侧,32.715684,116.697799,
165,方圩浴场餐饮,生活服务,寿县,,,涧沟镇,32.548751,116.665444,
165,传顺餐饮,餐饮服务,凤台县,,,凤城大道与州来南路交叉口西北200米,32.710092,116.717979,
165,风台县深嗨鲜餐饮店,餐饮服务,凤台县,,,滨河大道与州来南路交叉口西100米,32.703075,116.720425,
165,寿县徐率男餐饮有限公司,公司企业,寿县,,,双桥镇,32.490426,116.703415,
165,正宗八公山豆腐馆,餐饮服务,寿县,,,八公山乡政府东侧,32.601982,116.781316,
165,烟火巷餐饮店,餐饮服务,寿县,,,现代汉城C区2栋129铺,32.566264,116.787939,
165,淮南牛寿州餐饮管理有限公司(旗舰店),公司企业,寿县,,,寿春镇东津大道国投邻里中心综合楼项目附楼1层,32.551959,116.810022,
165,芍陂服务区小圆满餐厅,餐饮服务,寿县,,,芍陂服务区东侧,32.377009,116.762841,
165,淮南市金蒂莱餐饮管理有限公司,公司企业,潘集区,,,祁集镇祁集新街,32.692232,116.869457,
165,刘士强餐饮店,餐饮服务,谢家集区,,,卧龙山路与卧园路交叉口东80米,32.589648,116.845893,
165,楚宣王-安丰宴-玉兰春酒业有限公司,餐饮服务,寿县,,,安丰镇工业园区(237国道西侧),32.181221,116.729132,
165,陶香鸡餐饮,餐饮服务,谢家集区,,,望峰岗北路老法院东巷子20米,32.610961,116.909999,
165,淮南卤小哥餐饮管理有限公司,公司企业,谢家集区,,,河东小区东侧80米,32.577198,116.899054,
165,涂氏餐饮店,餐饮服务,谢家集区,,,淮望小区东门向北36米联通营业厅对面,32.603668,116.914055,
165,名崇餐饮,餐饮服务,谢家集区,,,[],32.563917,116.913966,
165,正邦苏咔餐饮管理有限公司(淮南总部),公司企业,田家庵区,,,泉山湖A区49-101,32.604674,116.973088,
165,安徽骏怡餐饮管理有限责任公司,公司企业,田家庵区,,,青桐大道辅路与民裕大街交叉口北120米,32.593011,116.981759,
165,安徽八合戒餐饮服务有限责任公司,公司企业,田家庵区,,,会战路与刘家山路交叉口南120米,32.621275,116.995325,
165,沃润餐饮管理有限公司,公司企业,田家庵区,,,金大地龙湖中心,32.644834,117.014207,
165,淮南知味轩餐饮服务有限公司,公司企业,田家庵区,,,民祥街9号,32.602167,117.000406,
165,安徽庞清餐饮管理有限公司,公司企业,田家庵区,,,朝阳中路28号商贸文化广场F2层,32.642858,117.015913,
166,五华山服务区菌菇宴,餐饮服务,古田县,,,五华山服务区北侧,26.615694,118.665795,
166,美味乐餐饮,餐饮服务,屏南县,,,235国道与甘长路交叉口东北500米,26.790225,118.941225,
166,山头厂餐饮店,餐饮服务,屏南县,,,熙岭乡三峰村山头厂38号,26.784979,119.074793,
166,秀珍餐饮店,餐饮服务,周宁县,,,李墩镇陈厝村村民委员会西南侧140米,27.043075,119.273825,
166,食知味餐饮,餐饮服务,寿宁县,,,梦龙街与东郊路交叉口东南40米,27.455572,119.510126,
166,福州英特利餐饮有限公司宁德寿宁梦龙路分店,餐饮服务,寿宁县,,,梦龙街与湖滨北路交叉口西北60米,27.454310,119.513559,
166,兆翔餐饮,餐饮服务,寿宁县,,,寿宁县瑞铭铝制品有限公司西北侧280米,27.390275,119.579975,
166,霍童花开富贵餐饮店,餐饮服务,蕉城区,,,霍童镇霍童村坂中2号霍童古镇景区(东南角),26.844622,119.426410,
166,林厝服务区闽菜馆,餐饮服务,蕉城区,,,林厝服务区与G1523甬莞高速入口交叉口西60米,26.853092,119.557244,
166,林厝服务区印象宁德风味餐厅,餐饮服务,蕉城区,,,林厝服务区与G1523甬莞高速入口交叉口南260米,26.850870,119.557397,
166,宁德市炖罐掌柜餐饮管理有限公司,公司企业,蕉城区,,,下申厝51号,26.678387,119.510473,
166,福安市陈振生餐饮店,餐饮服务,福安市,,,博亚口腔(东百店)北侧120米,27.081725,119.633225,
166,金涵韵阁餐饮店,餐饮服务,蕉城区,,,104国道与贝溪路交叉口西160米,26.687775,119.521375,
166,金客来餐饮,餐饮服务,福安市,,,兴业北路与察阳路交叉口西240米,27.081356,119.637437,
166,老肖餐饮店,餐饮服务,福安市,,,亭兜小区北区东北门北50米,27.072725,119.637775,
166,宁德市德润餐饮管理服务有限公司,公司企业,蕉城区,,,奉御塘路与104国道交叉口东南220米,26.746299,119.547949,
166,黄义隆餐饮店,餐饮服务,蕉城区,,,环城路与署前路交叉口东南60米,26.664032,119.526665,
166,容嘉餐饮联采,餐饮服务,蕉城区,,,七都镇工业路12号,26.731665,119.547347,
166,福建四季餐饮管理有限公司,公司企业,福安市,,,富民园69号,27.087837,119.654355,
166,百之味餐饮店,餐饮服务,蕉城区,,,坪塔路与鹤峰中路交叉口东北60米,26.648625,119.528575,
166,宁德市安品餐饮管理有限公司,公司企业,蕉城区,,,聚星楼,26.655975,119.532725,
166,宁德市国色餐饮管理有限公司,公司企业,蕉城区,,,聚星楼,26.655975,119.532725,
166,福州亿鑫祥餐饮管理有限公司,公司企业,蕉城区,,,天湖西路与鹤峰南路交叉口东320米,26.645775,119.532525,
166,宁德悦府餐饮管理有限公司,公司企业,蕉城区,,,侨兴路与侨兴巷交叉口南40米,26.656425,119.537825,
166,彭鼎古餐饮店,餐饮服务,蕉城区,,,侨兴路与侨兴巷交叉口南80米,26.656212,119.538146,
167,上烹仙药膳(福州)餐饮有限公司,公司企业,闽侯县,,,上街镇国宾大道1-219号,26.070164,119.213483,
167,福州建州宴餐饮管理有限公司,公司企业,闽侯县,,,正荣SOHO,26.017267,119.218810,
167,福州益品丰餐饮管理有限公司,公司企业,闽侯县,,,旗山大道37号,26.003074,119.216174,
167,草木香餐饮店(金山店),生活服务,仓山区,,,洪湾中路10号吉元小区2区,26.048903,119.248297,
167,福汤爷餐饮管理有限公司,公司企业,仓山区,,,卢滨路639-14号楼(维也纳同栋13层1303室),26.041753,119.249434,
167,互联网小镇,商务住宅,仓山区,,,互联网小镇2号楼4楼创客六,26.061527,119.255913,
167,百胜餐饮(福州)有限公司,公司企业,鼓楼区,,,洪山镇洪山园路华润置地中心A座2楼,26.075682,119.277647,
167,蛙哈哈餐饮店,餐饮服务,鼓楼区,,,洪山镇西二环路218号部分(黎明职业学院旁)7-10号铺位,26.077525,119.279275,
167,新能源科创中心,公司企业,鼓楼区,,,乌山西路518号,26.069200,119.277433,
167,福州尚聚餐饮管理有限公司,公司企业,仓山区,,,仓山万达A1写字楼21楼2101室,26.036625,119.273825,
167,福州市柘澧餐饮服务有限公司,公司企业,鼓楼区,,,湖前路150号柘荣大厦一层,26.116879,119.299748,
167,富黎华大酒楼有限公司,餐饮服务,仓山区,,,水都路与水岸路交叉口东南80米,26.044975,119.283475,
167,饱龙餐饮(融侨江南水都·美域A区店),餐饮服务,仓山区,,,燎原路214号店面,26.042733,119.285362,
167,福建奥特莱斯名牌折扣城有限公司,公司企业,闽侯县,,,福通路88号砂之船小镇F3层,25.971238,119.266668,
167,福建京元餐饮管理有限公司,公司企业,鼓楼区,,,中山路23号建发大楼9层,26.095699,119.300783,
167,福州市鼓楼区寄海餐饮管理有限公司,公司企业,鼓楼区,,,八一七北路81号五洲大厦12号楼,26.087716,119.299275,
167,福建五谷香餐饮管理有限公司,公司企业,晋安区,,,西凤路8号碧桂园融侨时代城3号楼沿街商铺三层15号,26.117203,119.315264,
167,青衫烟雨·音乐酒馆,体育休闲服务,鼓楼区,,,五一北路34号(蒙古营站)置福大厦2层,26.085337,119.308218,
167,福建陆海餐饮管理有限公司,公司企业,仓山区,,,盘屿路854号六号仓,26.000533,119.286087,
167,正劲道餐饮管理有限公司,公司企业,仓山区,,,盘屿路与照屿路交叉口西北180米,26.002341,119.288216,
167,福州山海智慧餐饮管理有限公司,公司企业,台江区,,,江滨西大道233号半岛国际4号楼4层,26.046343,119.307443,
167,食井天科技集团(福建)有限公司,餐饮服务,仓山区,,,仓山区盖山镇齐安路756号(财贸城总校)东北侧210米,26.014663,119.299176,
167,手心的你餐饮管理有限公司,公司企业,仓山区,,,财茂科工贸城14-2号楼,26.012421,119.298839,
167,三味一体餐饮管理有限公司,公司企业,仓山区,,,利嘉国际商业城预制菜中心10号馆B2层42号,25.996471,119.299668,
167,福建省佛跳墙餐饮产业发展有限公司,公司企业,晋安区,,,长乐北路154号1号楼,26.080517,119.326493,
168,菜溪岩服务区餐厅,餐饮服务,仙游县,,,菜溪岩服务区与G1523甬莞高速交叉口南440米,25.585441,118.722471,
168,壹起来餐饮,餐饮服务,仙游县,,,城南西路3711号,25.347909,118.663842,
168,好旺角餐饮,餐饮服务,仙游县,,,万晨伯爵山,25.369875,118.680325,
168,大蜚山龙辉餐饮,购物服务,仙游县,,,富洋村岭头78号,25.394944,118.690205,
168,鱼和顶餐饮管理有限公司,公司企业,仙游县,,,和平路与龙仙路交叉口东北160米,25.357073,118.685379,
168,仙游县优柒餐饮管理有限公司,公司企业,仙游县,,,学府东路与宝福街交叉口西南440米,25.370848,118.711434,
168,鲤南方国文餐饮店,餐饮服务,仙游县,,,翔安北街与城南东路交叉口北160米,25.350975,118.708425,
168,诚丰餐饮集团,公司企业,仙游县,,,温泉东路1234号,25.340675,118.712125,
168,仙游县雾都月半餐饮服务有限责任公司,公司企业,仙游县,,,玉田街789号14号楼116,25.355744,118.717606,
168,前行餐饮店,餐饮服务,仙游县,,,鲤南镇温泉东路3333号15号楼2号,25.354952,118.724494,
168,仙游县枫亭镇刘素茶餐饮店,餐饮服务,仙游县,,,蔡襄南街与枫亭西路交叉口南60米,25.248016,118.856325,
168,南风餐饮,餐饮服务,仙游县,,,枫亭东路281号,25.250862,118.859797,
168,百胜餐饮(福州)有限公司,公司企业,仙游县,,,枫江北街928号枫城新都广场F1层,25.256472,118.861876,
168,福建艮森食品供应链有限公司,公司企业,仙游县,,,仙港大道666号,25.250653,118.879511,
168,枫记快捷餐饮,餐饮服务,仙游县,,,海平北路与东兴路交叉口北80米,25.265125,118.885075,
168,众顶餐饮店,餐饮服务,城厢区,,,凤凰山街道白洋村退役军人服务站东侧,25.429105,118.953160,
168,莆田一味餐饮有限公司,公司企业,城厢区,,,华亭镇腾飞街66号智汇购物广场,25.399816,118.968531,
168,梅果餐饮店,餐饮服务,城厢区,,,霞林街道荔华东大道8号万达广场(莆田城厢店)3F层商铺386室,25.417775,118.995475,
168,椿野餐饮店,餐饮服务,城厢区,,,筱塘南街与新梅路交叉口南60米,25.424825,118.999675,
168,莆田云膳餐饮管理有限公司,公司企业,城厢区,,,三迪国际公馆,25.451682,119.009986,
168,全斌餐饮店,餐饮服务,城厢区,,,霞林街道沟头社区华达小区西门旁,25.421425,119.003875,
168,莆田市城厢区龙桥街道李振江餐饮店,餐饮服务,城厢区,,,溪北路14号,25.460365,119.015336,
168,白沙服务区木兰餐厅,餐饮服务,涵江区,,,白沙服务区与G1517莆炎高速入口交叉口西北80米,25.576386,119.048686,
168,野榷餐饮店,餐饮服务,城厢区,,,富邦学苑二期,25.416575,119.007525,
168,海上(福建)餐饮有限公司,公司企业,城厢区,,,灵川东大道与灵华线交叉口东160米,25.289875,118.975575,
169,厦门口留香餐饮管理服务有限公司,公司企业,海沧区,,,坂南路9-2号,24.550011,117.933990,
169,厦门聚宜福餐饮管理有限公司,公司企业,海沧区,,,东瑶西二路与龙瑶路交叉口西南100米,24.533998,117.962082,
169,厦门利新源餐饮有限公司,公司企业,集美区,,,三社路518号厦门利新源餐饮有限公司,24.600716,118.011072,
169,厦门一品威客网络科技股份有限公司,公司企业,集美区,,,集美北大道1156号厦门软件园三期F33号楼6-7层,24.612207,118.022152,
169,智小厨厦门餐饮管理有限公司,公司企业,集美区,,,苏营一里202-1号,24.644975,118.035424,
169,厦门四海星厨餐饮管理有限公司,公司企业,集美区,,,邱厝里115号,24.575869,118.039767,
169,街坊四邻餐饮店,餐饮服务,集美区,,,杏林街道纺织路12-1-105号,24.565268,118.047148,
169,厦门炭达餐饮管理有限公司,公司企业,集美区,,,中苑路与中宛路交叉口东160米,24.575283,118.050809,
169,厦门达斯汀餐饮管理有限公司,公司企业,集美区,,,苑西路小白鹭幼儿园东北侧约100米,24.572834,118.056698,
169,飞也(厦门)空间设计有限公司,公司企业,海沧区,,,刘山中路12号3层311室,24.488876,118.043621,
169,厦门臻品三峰餐饮管理有限公司,公司企业,海沧区,,,嵩屿街道鳌冠村庙兜62-15楼,24.522494,118.053488,
169,厦门好享尝餐饮管理有限公司,公司企业,集美区,,,孙坂南路936号,24.620389,118.080909,
169,厦门利生餐饮管理有限公司同安分公司,公司企业,同安区,,,汀溪街566-1号,24.778849,118.138568,
169,厦门面头师餐饮管理有限公司,公司企业,同安区,,,美林街道美禾三路183号301室之一,24.653193,118.118720,
169,厦门轻本良食餐饮管理有限公司,公司企业,湖里区,,,双狮北路21号203,24.492390,118.079802,
169,厦门同尚品餐饮,餐饮服务,同安区,,,集安路602号101,24.703124,118.135332,
169,古镇茶楼(东渡店),餐饮服务,湖里区,,,湖里街道仙岳路49号东镀文化古玩城4号楼301,24.493360,118.086749,
169,厦门市明厨酒店用品有限公司,餐饮服务,湖里区,,,港中路1250号102店面,24.533532,118.098745,
169,厦门市德之膳餐饮管理有限公司,公司企业,同安区,,,集群路580号-102,24.691244,118.137895,
169,王呆呆热炒公社(印华1980),餐饮服务,湖里区,,,悦华路2号6号楼101-1,24.513198,118.095268,
169,厦门筷马星厨餐饮管理有限公司,公司企业,湖里区,,,长乐路与长治路交叉口南120米,24.519075,118.099675,
169,厦门蓼花卿语餐饮有限公司,公司企业,思明区,,,蓼花路16号(中山公园地铁站3B口步行50米),24.457035,118.090788,
169,厦门市小马驹餐饮管理有限公司,公司企业,思明区,,,湖滨东路307号宏泰中心文创综合楼1号楼705单元,24.485693,118.103801,
169,厦门第稻风味餐饮管理有限公司,公司企业,湖里区,,,高崎北五路高崎社2510号4楼,24.544558,118.119392,
169,厦门全优选餐饮配送有限公司,公司企业,湖里区,,,高崎社2507号,24.545275,118.119625,
170,戴云山服务区海丝驿厨,餐饮服务,德化县,,,戴云山服务区东侧,25.744261,118.160795,
170,品竹竹木有限公司,餐饮服务,德化县,,,顺和街与守正巷交叉口东60米,25.512725,118.286875,
170,永春县觅初餐饮店,餐饮服务,永春县,,,五里街镇桃源南路907-59,25.319671,118.275117,
170,福建茶里功夫供应链科技有限公司,餐饮服务,安溪县,,,河滨南路2080号,25.063790,118.222007,
170,谭记餐饮店,餐饮服务,永春县,,,桃源南路602号,25.316131,118.288998,
170,泉州市行远餐饮管理有限公司,公司企业,安溪县,,,城厢镇大同南路356号,25.031674,118.266847,
170,旺多多快速餐饮管理有限公司,餐饮服务,南安市,,,福源路58号,25.015207,118.356288,
170,泉州市金兰坊餐饮管理有限公司,公司企业,南安市,,,新华南路99号,24.949428,118.362779,
170,吕侠村餐饮-寻味店,餐饮服务,南安市,,,安长路77-1号,24.953524,118.377690,
170,泉州市金鼎煎坊餐饮管理有限公司,公司企业,南安市,,,官桥镇金庄街409号,24.803417,118.423977,
170,南安市源康餐饮管理有限公司水头分公司,公司企业,南安市,,,水头大盈工业园区1号,24.754275,118.420725,
170,金海海鲜餐饮,餐饮服务,南安市,,,世纪大道与新大路交叉口南60米,24.709209,118.412784,
170,泉州市瑞昇餐饮服务有限公司,公司企业,晋江市,,,磁灶镇陶泽路288-8号,24.799050,118.486479,
170,福建省宜悦餐饮管理有限公司(安东园区),公司企业,晋江市,,,园东路27号D区1楼,24.700763,118.465714,
170,泉州丰晟餐饮有限公司,公司企业,晋江市,,,[],24.849475,118.515425,
170,小嘟嘟快速餐饮,餐饮服务,晋江市,,,东石镇东升路729号,24.664276,118.474218,
170,泉州市味享家餐饮管理有限公司,公司企业,丰泽区,,,北清西路301-84,24.946698,118.557994,
170,晋江五里爽筷餐饮店,餐饮服务,晋江市,,,灵源灵安路93-95-97号,24.737971,118.522923,
170,味淳禄餐饮服务有限公司,公司企业,鲤城区,,,火炬街97号味淳禄商贸有限公司,24.895174,118.565584,
170,厦门全优选餐饮配送有限公司泉州分公司,公司企业,晋江市,,,泉州经济技术开发区智泰路100-8号1楼-102,24.868522,118.563960,
170,福建乘疯破浪餐饮管理有限公司,公司企业,鲤城区,,,西街238号二层,24.914280,118.582417,
170,金辉餐饮店(瑞璟·香榭花都店),餐饮服务,晋江市,,,迎宾路422号(瑞璟香榭花都),24.807165,118.564811,
170,健贤餐饮管理有限公司,公司企业,晋江市,,,文创路与纬九路交叉口东南140米,24.787374,118.561271,
170,四两米餐饮管理有限公司,公司企业,晋江市,,,桂泉路69号,24.813264,118.568290,
170,泉州市松花春水餐饮服务有限公司,公司企业,晋江市,,,灵源街道小浯塘锦山路50-1号,24.750375,118.557225,
171,邻家饭店,餐饮服务,南靖县,,,云水谣景区北门南280米,24.670886,117.092596,
171,龙港城餐饮有限公司,公司企业,平和县,,,福环路与迎宾路交叉口西北160米,24.374798,117.323691,
171,诏安县银记餐饮店,餐饮服务,诏安县,,,安居小区6幢112号,23.709857,117.173121,
171,诏安县唐牛餐饮店,餐饮服务,诏安县,,,南诏镇中山西路10号,23.705759,117.179296,
171,小溪服务区苗家八大碗,餐饮服务,平和县,,,小溪服务区西北30米,24.368994,117.349440,
171,格莱美餐饮有限公司,餐饮服务,云霄县,,,莆政路117号,23.935727,117.343216,
171,中景(福建)餐饮有限公司,公司企业,云霄县,,,丽峰路2-2号,23.912360,117.358021,
171,常山服务区驿里香餐厅,餐饮服务,云霄县,,,G15沈海高速与常山服务区交叉口北380米,23.821638,117.385305,
171,漳州市瑞和餐饮集团有限公司,公司企业,芗城区,,,华埔路1-2号,24.554125,117.608775,
171,丰盛餐饮服务有限公司,公司企业,华安县,,,九龙大道55号,24.659930,117.635973,
171,醉翁意餐饮住宿有限公司,公司企业,华安县,,,九龙兴城B1幢D01号,24.661775,117.637297,
171,云上餐饮有限公司,公司企业,东山县,,,新城路与通港路交叉口东160米,23.714470,117.424149,
171,三木餐饮(大唐三木印象西湖店),餐饮服务,芗城区,,,大唐三木印象西湖,24.525679,117.618440,
171,漳州金投集团有限公司,公司企业,芗城区,,,金达路5号,24.548425,117.626825,
171,乐鱼纪餐饮店,餐饮服务,东山县,,,中信2期东门南50米,23.700066,117.430496,
171,木子李餐饮店,餐饮服务,东山县,,,祥和路与东环路交叉口东420米,23.704179,117.437317,
171,漳州市伊味心餐饮管理有限公司,公司企业,芗城区,,,下高坑村327-13号,24.549925,117.644425,
171,街小坐餐饮管理运营中心,公司企业,芗城区,,,博爱西道与北京路交叉口西南40米,24.501175,117.654475,
171,城东餐饮(龙江岁月店),餐饮服务,芗城区,,,漳州战备大桥与南江滨路辅路交叉口东240米,24.496525,117.655325,
171,诚东餐饮龙江夜宴1-2号厅,餐饮服务,芗城区,,,桥南后田164号,24.496730,117.656374,
171,宇阅餐饮管理有限公司,公司企业,芗城区,,,打铜街陆达花园二幢2-5号,24.512207,117.660611,
171,熊二餐饮,餐饮服务,东山县,,,环岛铺路海明威4幢1号,23.685987,117.471593,
171,闽南古早味满满餐饮店,餐饮服务,东山县,,,康美镇东山恒大御景1号103商铺,23.711298,117.483289,
171,漳州衡丰餐饮管理有限公司,公司企业,龙文区,,,朝阳镇打山村打山415号,24.539503,117.678011,
171,过厝香餐饮店,餐饮服务,芗城区,,,文华街5-9号,24.510798,117.673799,
172,宁化县良杰餐饮店,餐饮服务,宁化县,,,慈恩路与连冈北路交叉口北140米,26.260203,116.674139,
172,建宁县幸福楼餐饮店,餐饮服务,建宁县,,,河南东路与江滨东路交叉口东北120米,26.826846,116.845925,
172,青云餐饮,餐饮服务,清流县,,,长兴中街与碧林南路交叉口北40米,26.170854,116.813016,
172,刚哥餐饮店,餐饮服务,清流县,,,水东路与翠园后街交叉口西南40米,26.180725,116.822875,
172,三明悠然国餐饮管理有限公司,公司企业,清流县,,,南山村悠然小镇东侧80米,25.940305,116.902905,
172,清流温郊服务区餐厅,餐饮服务,清流县,,,G72泉南高速与清流温郊服务区交叉口东南120米,26.188670,116.989912,
172,口口道餐饮店,餐饮服务,泰宁县,,,红军街8号,26.897446,117.175647,
172,大金湖服务区餐饮,餐饮服务,泰宁县,,,大金湖服务区与S31浦武高速入口交叉口东南80米,26.950075,117.190183,
172,鱼乐餐饮,餐饮服务,清流县,,,沙芜乡铁石村明珠甲15号,26.010481,116.969221,
172,清流县福满园餐饮服务有限公司,公司企业,清流县,,,G72泉南高速,26.197825,117.041475,
172,三明汇友餐饮配送服务有限公司,公司企业,明溪县,,,紫岭路与新大路交叉口西北120米,26.355699,117.195829,
172,三明市卓跃氟硅有限公司,餐饮服务,明溪县,,,天成天然气有限公司东南侧160米,26.332226,117.252588,
172,福建省奶油西施餐饮管理有限公司,公司企业,永安市,,,燕北街道新府路168号名流公馆小区7栋217室,25.977875,117.365275,
172,迎客松餐饮,餐饮服务,永安市,,,仙泉坑路与燕江东路交叉口西南140米,25.974925,117.373825,
172,华哥餐饮,餐饮服务,永安市,,,蓝燕大厦,25.975375,117.375025,
172,小面包餐饮重庆脆皮烤鱼,餐饮服务,永安市,,,巴溪大道14号楼1753号,25.935288,117.366977,
172,连喜餐饮管理有限公司,公司企业,永安市,,,燕东荣康东路129-22号,25.961408,117.374104,
172,福建膳禾安餐饮管理有限公司,公司企业,永安市,,,麻岭村26-1号,25.964421,117.389014,
172,西洋服务区永安美食,餐饮服务,永安市,,,西洋服务区与G72泉南高速交叉口西260米,25.856741,117.404514,
172,楚氏餐饮店,餐饮服务,三元区,,,荆东村上城18好号,26.196778,117.563262,
172,晚风餐饮店,餐饮服务,三元区,,,荆东路93号,26.202747,117.567256,
172,三元服务区餐饮店,餐饮服务,三元区,,,三元服务区与205国道交叉口西140米,26.241385,117.580961,
172,三明市悦来餐饮管理服务有限公司,公司企业,三元区,,,江滨路与双园路交叉口南160米,26.258051,117.633549,
172,难得怪味·客家山宴(列东店),餐饮服务,三元区,,,梅岭路157号,26.268576,117.639832,
172,三明市三元区焰丰金餐饮店,餐饮服务,三元区,,,庆丰路66-56号店,26.273329,117.641870,
173,萤川餐饮店,餐饮服务,光泽县,,,二一七路与中山路交叉口西南160米,27.542297,117.333947,
173,云灵山服务区餐厅,餐饮服务,邵武市,,,云灵山服务区与S10宁光高速交叉口西北320米,27.430253,117.422216,
173,大埠岗服务区餐厅,餐饮服务,邵武市,,,大埠岗服务区北侧,27.173703,117.391093,
173,大埠岗服务区餐厅,餐饮服务,邵武市,,,大埠岗服务区与S31浦武高速入口交叉口东100米,27.171950,117.391960,
173,越肴餐饮管理有限公司,公司企业,邵武市,,,元宝路与嘉顺路交叉口东40米,27.322275,117.492075,
173,邵武一道园餐饮服务,餐饮服务,邵武市,,,一道园会务服务有限公司东南侧,27.354670,117.528685,
173,外石服务区餐厅,餐饮服务,邵武市,,,外石服务区与S10宁光高速交叉口西南220米,27.087688,117.664989,
173,许记餐饮,餐饮服务,武夷山市,,,武夷山国家公园1号风景道与齐云大道交叉口北20米,27.634936,117.923079,
173,月胜餐饮店,餐饮服务,顺昌县,,,819县道与万达路交叉口东320米,26.931075,117.782075,
173,八零后知味餐饮,餐饮服务,武夷山市,,,三姑街27号101室,27.647336,117.979403,
173,朝食夕酒文公小叙餐饮店,餐饮服务,武夷山市,,,三姑街与玉华街交叉口东南40米,27.646475,117.979675,
173,武夷山市鑫琦餐饮服务有限公司,公司企业,武夷山市,,,兴贤路与仁智路交叉口西北220米,27.727002,118.002329,
173,郎缘茶业有限公司,餐饮服务,武夷山市,,,苏闽步行街F幢,27.647629,117.981887,
173,武夷山汉唐小玖餐厅(武夷汉城店),餐饮服务,武夷山市,,,大王峰路103号,27.665386,117.986957,
173,武夷山市熹水筑园餐饮(水竹园),体育休闲服务,武夷山市,,,五九北路石雄街桥头47-1,27.765327,118.015106,
173,后厨烧烤餐饮店(学院路店),餐饮服务,武夷山市,,,学院路17号,27.726351,118.008332,
173,味友福虎餐饮,餐饮服务,武夷山市,,,武夷大道22号,27.725184,118.009385,
173,福建武夷山竹林酒肆餐饮有限公司,餐饮服务,武夷山市,,,学府三路与学府一路交叉口向西100米,27.724998,118.009502,
173,三食酒记餐饮店,餐饮服务,武夷山市,,,里洋路10号,27.738718,118.020788,
173,小惠家美食餐饮(武夷水庄店),餐饮服务,武夷山市,,,角亭街668号,27.672192,118.004428,
173,武夷山市茉莱餐饮店,餐饮服务,武夷山市,,,农业路与彭祖路交叉口西南120米,27.745125,118.025425,
173,武夷山市玖分饱餐饮店,餐饮服务,武夷山市,,,朱子路58-2号,27.748075,118.030025,
173,武夷山市聚珍御味餐饮管理有限公司,公司企业,武夷山市,,,柳永路与朱子路交叉口东100米,27.748875,118.031798,
173,桃花十里餐饮店,餐饮服务,顺昌县,,,中山东路与城北路交叉口南100米,26.795075,117.814175,
173,春哥餐饮店,餐饮服务,武夷山市,,,湖山路与崩山路交叉口西北40米,27.500625,118.070075,
174,古城服务区驿之味,餐饮服务,长汀县,,,古城服务区与古城互通交叉口东100米,25.857640,116.173927,
174,吴贞秀餐饮店,餐饮服务,武平县,,,永平镇人民政府北侧180米,25.280125,116.119575,
174,金桥服务区餐厅,餐饮服务,武平县,,,357国道与045县道交叉口东南100米,25.048577,116.138771,
174,职工餐饮中心,餐饮服务,长汀县,,,大同镇汀州大道北路86-2号国资大厦1楼,25.836525,116.343525,
174,长汀县财富餐饮有限公司,餐饮服务,长汀县,,,金碧支路9-41号财富广场,25.834725,116.346075,
174,观英餐饮店,餐饮服务,长汀县,,,金碧花园三区五区东北门西北120米,25.833551,116.347951,
174,水云间餐饮店,餐饮服务,长汀县,,,红星村雪梨坝2号,25.817672,116.346086,
174,爱文餐饮店,餐饮服务,长汀县,,,县前街33-139号卧龙书院内(东侧),25.830725,116.353425,
174,长汀县侨歌餐饮店,餐饮服务,长汀县,,,腾飞一路23-11号,25.851380,116.362344,
174,四季餐饮店,餐饮服务,长汀县,,,"汀州镇梅林路5-1号梅林夜市A3,B3",25.822741,116.355874,
174,祥康餐饮店,餐饮服务,长汀县,,,祥鸿山庄西北门旁,25.831975,116.370725,
174,游客中心餐饮部,生活服务,上杭县,,,才溪小学北侧90米,25.248791,116.417735,
174,七峰山服务区餐厅,餐饮服务,上杭县,,,七峰山服务区与G25长深高速交叉口西南180米,25.092231,116.412785,
174,福建龙岩井居餐饮有限公司,公司企业,上杭县,,,同心路与人民西路交叉口南60米,25.050411,116.417146,
174,雀喜阁 餐饮服务(私厨),餐饮服务,上杭县,,,临江镇北大路125-7号,25.051968,116.420489,
174,上杭县山河餐饮店,餐饮服务,上杭县,,,人民东路与米仓路交叉口西北40米,25.051906,116.425324,
174,财迷家餐饮店,餐饮服务,上杭县,,,振兴路与东环路交叉口东60米,25.051670,116.432265,
174,潇香馆餐饮店,餐饮服务,上杭县,,,临城镇黄竹村黄竹路3号,25.026648,116.444234,
174,上杭县兰依小吃服务店,餐饮服务,上杭县,,,朱吉街153-1号,25.206952,116.500463,
174,水荣餐饮酒店,住宿服务,上杭县,,,中都镇长富路56号,24.876857,116.448926,
174,上杭县晶晶餐饮服务有限公司,公司企业,上杭县,,,635县道新丰路1号,25.053619,116.537057,
174,朋口服务区餐厅,餐饮服务,连城县,,,中国石化汽车充电站(连城红牛物流重卡充电站)西北侧,25.494543,116.677306,
174,财春餐饮馆,餐饮服务,上杭县,,,茶地镇樟树村1号,25.065675,116.604025,
174,大当家餐饮店,餐饮服务,上杭县,,,蛟洋镇坪埔村铜兴路23号,25.183457,116.740762,
174,上杭县自古有田餐饮店,餐饮服务,上杭县,,,坪埔村和谐路30一6号,25.183732,116.743354,
175,华容县饭小亚餐饮店,餐饮服务,华容县,,,章华镇二桥西路,29.529728,112.555322,
175,华容县味尔康一中餐饮服务管理有限公司,公司企业,华容县,,,德雅苑东北侧200米,29.542475,112.563325,
175,洪福楼餐饮店,餐饮服务,华容县,,,华容城市广场,29.529025,112.562725,
175,豫见铜画雅集餐饮店,餐饮服务,华容县,,,章华镇东街A栋1层06-08号,29.526491,112.572221,
175,勾勾客餐饮茶座,餐饮服务,华容县,,,353国道与211省道交叉口东320米,29.537402,112.617232,
175,望湘楼餐饮店,餐饮服务,湘阴县,,,文星街道东湖社区新世纪大道(锦绣苑)临街门面,28.687325,112.889416,
175,爱满家餐饮店,餐饮服务,湘阴县,,,文星街道宗棠社区江东中路宗棠广场7栋102号,28.672350,112.889999,
175,鹏程餐饮,餐饮服务,湘阴县,,,接官亭街与旺商街交叉口东北80米,28.674841,112.891654,
175,湛钱哥炖肠餐饮店,餐饮服务,湘阴县,,,先锋南路湛钱哥炖肠店远情音乐吧旁边,28.683834,112.898576,
175,湘阴县南赛餐饮店,餐饮服务,湘阴县,,,文星街道旭东社区先锋东路,28.682144,112.902657,
175,帝豪餐饮中心,餐饮服务,湘阴县,,,文星街道新世纪大道帝豪国际大酒店三楼,28.687925,112.904125,
175,长沙亚飞餐饮管理有限公司,公司企业,湘阴县,,,芙蓉北路与新世纪大道交叉口东北420米,28.692975,112.914025,
175,湖南佰源餐饮管理服务有限公司,公司企业,湘阴县,,,兴源路与江东东路交叉口东南140米,28.681410,112.914993,
175,湖南食递康农业发展有限公司,餐饮服务,湘阴县,,,新世纪大道与240国道交叉口西南180米,28.688783,112.922488,
175,网网有鱼特色河鲜(花都店),餐饮服务,岳阳楼区,,,东风湖路428号,29.396284,113.109317,
175,辉哥餐饮,餐饮服务,岳阳县,,,中洲乡卫生院东北侧160米,29.087610,113.039469,
175,佳禾餐饮(德胜南路店),餐饮服务,岳阳楼区,,,得胜北路66号,29.375843,113.110295,
175,湖南宏发餐饮管理有限公司岳阳分公司,公司企业,岳阳楼区,,,凯鑫商厦,29.374625,113.120725,
175,伟创餐饮有限公司,公司企业,岳阳楼区,,,幕阜街与站前路交叉口北200米,29.376225,113.130325,
175,岳阳宇晨餐饮管理有限公司,公司企业,岳阳楼区,,,天伦城银座,29.364775,113.129575,
175,嘉嘉餐饮店,餐饮服务,湘阴县,,,金龙镇安置小区,28.541990,112.938500,
175,双杨餐饮店,餐饮服务,湘阴县,,,芙蓉北路与064县道交叉口西北480米,28.537505,112.938919,
175,郴州和润餐饮管理有限公司岳阳分公司,公司企业,岳阳楼区,,,桂花园路与上江陵路交叉口南80米,29.432425,113.151525,
175,岳阳县花迹小院餐饮店,餐饮服务,岳阳县,,,荣家湾镇荣湾湖村大成片五组,29.163224,113.092167,
175,吉心餐饮,餐饮服务,岳阳楼区,,,中心医院健康管理中心斜对面榨屋组,29.294630,113.124330,
176,连连餐饮店,餐饮服务,新晃侗族自治县,,,新晃侗族自治县人民医院南门旁,27.360775,109.174625,
176,新晃勤奋餐饮店,餐饮服务,新晃侗族自治县,,,晃山路与通达路交叉口西40米,27.353934,109.174735,
176,好想来餐饮,餐饮服务,新晃侗族自治县,,,064县道与242国道交叉口南240米,27.278925,109.232475,
176,利群餐饮,餐饮服务,新晃侗族自治县,,,064县道与242国道交叉口东南200米,27.279275,109.232925,
176,湘英餐饮,餐饮服务,新晃侗族自治县,,,碧朗供销农资经营部西南侧,27.181696,109.356507,
176,芷江港龙大酒店餐饮部,餐饮服务,芷江侗族自治县,,,明山路与前进路交叉口西北100米,27.435558,109.681442,
176,憨包包餐饮店,餐饮服务,芷江侗族自治县,,,芷江镇东正街41号,27.441647,109.690924,
176,和美乡村餐饮店,餐饮服务,麻阳苗族自治县,,,763乡道与038县道交叉口西40米,27.695325,109.739075,
176,丽丽餐饮店,餐饮服务,麻阳苗族自治县,,,002县道与354国道交叉口北80米,27.878725,109.800775,
176,杨妞餐饮,餐饮服务,芷江侗族自治县,,,罗旧镇工业园杨妞餐饮,27.523219,109.811540,
176,湖南省宝华阁餐饮管理有限公司,公司企业,会同县,,,林城大道与李园路交叉口西160米,26.872425,109.715775,
176,鑫盛餐饮,餐饮服务,靖州苗族侗族自治县,,,拥军路与再思路交叉口北280米,26.584034,109.672257,
176,湘见餐饮,餐饮服务,会同县,,,藕塘路9-10号,26.875177,109.727125,
176,进宝餐饮店,餐饮服务,会同县,,,红旗村退役军人服务站东侧70米,26.957825,109.743575,
176,湖南佘大姐餐饮管理有限公司,公司企业,会同县,,,藕塘路与星子坡南路交叉口西北120米,26.875272,109.729433,
176,汇光隆姐餐饮,餐饮服务,靖州苗族侗族自治县,,,渠阳中路556正东方向110米鼎禾名苑,26.576875,109.684425,
176,香缘餐饮,餐饮服务,会同县,,,鸿运佳苑,26.898040,109.742718,
176,鸡棚子餐饮会同店,餐饮服务,会同县,,,五环健身中心辅楼1楼1户,26.884394,109.742148,
176,米姐家餐饮店,餐饮服务,洪江市,,,龙标大道与玉壶路交叉口西北420米,27.211625,109.821875,
176,乐进餐饮店,餐饮服务,洪江市,,,黔城镇蓉园小区B区13栋105店铺,27.215144,109.828583,
176,洪江市鸭回味鸭子粉餐饮店,餐饮服务,洪江市,,,冰心路与荷塘路交叉口南180米,27.201405,109.833076,
176,靖州服务区火宫殿餐厅,餐饮服务,靖州苗族侗族自治县,,,信冲枢纽与靖州服务区交叉口东北100米,26.563005,109.721723,
176,洪江市镡城山水酒店餐饮管理有限责任公司,公司企业,洪江市,,,209国道与龙标大道交叉口西南360米,27.207904,109.847391,
176,粉三鲜餐饮店,餐饮服务,鹤城区,,,城中街道新家庄村亿丰二手车市场旁,27.547090,109.925403,
176,怀化市度小鲜餐饮有限公司,公司企业,洪江市,,,209国道118号,27.237541,109.867935,
177,文鑫餐饮,餐饮服务,龙山县,,,桂塘汽车站里耶方向300米,29.102346,109.262292,
177,龙山县小家常餐饮店,餐饮服务,龙山县,,,小家常餐饮店,29.469725,109.433525,
177,龙山县家香厨餐饮店,餐饮服务,龙山县,,,岳麓大道454号,29.461824,109.432181,
177,龙山建波餐饮店,餐饮服务,龙山县,,,土城坝保障性住房,29.437225,109.433725,
177,饭熟了餐饮店,餐饮服务,龙山县,,,民安街道西门垅路46-2号,29.452417,109.439035,
177,龙山县宴华府餐饮店(个体工商户),餐饮服务,龙山县,,,民安街道209国道旁东立印象1栋201号二楼,29.445451,109.439633,
177,夜色餐饮,餐饮服务,龙山县,,,王府井商业广场东南门旁,29.445225,109.445875,
177,龙山县李骏餐饮店,餐饮服务,龙山县,,,城东路与浏阳河路交叉口东北160米,29.460034,109.451765,
177,龙山县隐院餐饮店,餐饮服务,龙山县,,,石羔街道办事处十字社区2-2号,29.483579,109.457483,
177,小食候湘(龙山店),餐饮服务,龙山县,,,新城大道165号,29.455235,109.463605,
177,龙山服务区餐厅,餐饮服务,龙山县,,,龙山服务区东侧,29.415755,109.479943,
177,老味牛羊杂餐饮店,餐饮服务,花垣县,,,花垣镇钟佛山北路学府雅苑2栋106、107号门面,28.581881,109.465139,
177,花垣服务区蒸浏记,餐饮服务,花垣县,,,花垣服务区西南侧,28.502824,109.458838,
177,花垣服务区蒸浏记,餐饮服务,花垣县,,,花垣服务区东北侧,28.503643,109.459740,
177,湖南勤锭餐饮管理有限公司,公司企业,花垣县,,,紫霞大道与031县道交叉口西80米,28.529848,109.469221,
177,花垣县臻味餐饮服务管理有限公司,公司企业,花垣县,,,臻味餐饮服务管理有限公司,28.589081,109.486069,
177,茨岩塘服务区好相食佬谢头小吃店南区,餐饮服务,龙山县,,,茨岩塘中山村高速服务区南区,29.409407,109.682032,
177,茨岩塘服务区好相食餐厅,餐饮服务,龙山县,,,茨岩塘镇中山村高速服务区北区,29.411986,109.684872,
177,茨岩塘服务区好相食呷面嗦粉小吃二店,餐饮服务,龙山县,,,茨岩塘镇中山村高速服务区北区,29.412000,109.684957,
177,小城餐饮,餐饮服务,吉首市,,,209国道与张社大道交叉口南280米,28.233775,109.632125,
177,嘎子饭庄,餐饮服务,凤凰县,,,江天广场东南门旁,27.948747,109.606262,
177,双蒸记餐饮店,餐饮服务,吉首市,,,牯牛路与滨溶路交叉口西北320米,28.209225,109.666725,
177,吉首市柿季如院茶餐饮厅,餐饮服务,吉首市,,,绿道步旅之家东南侧110米,28.308775,109.687175,
177,小唐餐饮店,餐饮服务,吉首市,,,电站路与武陵山大道交叉口西120米,28.230075,109.678425,
177,砂锅堂餐饮店,餐饮服务,吉首市,,,吉首乾州街道竹园社区西一环南28-18号102号商铺,28.252344,109.687662,
178,桑龙高速桑植服务区北区好相食餐厅一区店,餐饮服务,桑植县,,,陈家河镇下洞街村服务区北区,29.451355,110.018495,
178,桑龙高速桑植服务区北区呷面嗦粉,餐饮服务,桑植县,,,陈家河镇下洞街村服务区北区,29.451387,110.018540,
178,桑龙高速桑植服务区北区佬谢头小吃一店,餐饮服务,桑植县,,,陈家河镇下洞街村桑龙高速桑植服务区北区内,29.451332,110.018521,
178,桑植全熙堂餐饮经营部,餐饮服务,桑植县,,,澧源镇建兴岭李家湾组,29.412035,110.141372,
178,泥谷鸭餐饮店,餐饮服务,桑植县,,,帅乡中路118号,29.403917,110.168598,
178,桑植县文玉餐饮有限责任公司,公司企业,桑植县,,,文明东路447号,29.406006,110.204210,
178,茅岩河服务区众胜餐厅,餐饮服务,永定区,,,S10张花高速与茅岩河服务区交叉口西400米,29.116040,110.269194,
178,远方的家餐饮,餐饮服务,永定区,,,尹家溪镇瓦窑岗村二组,29.203930,110.405785,
178,莱德士餐饮管理有限公司,公司企业,永定区,,,大栗坡公园峪口水库入口处,29.140172,110.445269,
178,老火盆土家生态餐饮(月亮湾店),餐饮服务,永定区,,,月亮湾南2门旁,29.127966,110.454581,
178,张家界市永定区见山餐饮服务店,餐饮服务,永定区,,,民惠家园二期东北侧250米,29.141687,110.469475,
178,张家界市永定区衢卤记餐饮店,餐饮服务,永定区,,,南庄坪办事处个体商业城199号,29.127715,110.466742,
178,张家界市永定区三把火餐饮店,餐饮服务,永定区,,,南庄坪街道办事处5巷,29.125316,110.471447,
178,湘府魚莊园林式餐饮(天门山店),餐饮服务,永定区,,,三邢路69号天门中学斜对面,29.107480,110.467825,
178,京鸭坊餐饮店,餐饮服务,永定区,,,古庸路与子午路后溶街巷交叉口东40米,29.130275,110.476625,
178,张家界老八区餐饮管理有限公司,公司企业,永定区,,,官黎路与仙人溪路交叉口东500米,29.106125,110.479625,
178,逮一逮餐饮,餐饮服务,永定区,,,天门中心负一楼逮一逮新餐饮,29.112460,110.481463,
178,张家界妙度餐饮管理有限公司,公司企业,永定区,,,永定街道紫云社区子午路王家岗3号,29.133350,110.485982,
178,张家界市鑫科餐饮管理有限公司,公司企业,永定区,,,子午路中天大厦,29.132525,110.486225,
178,湖南澧源小镇餐饮管理有限公司,公司企业,永定区,,,步行街与金街交叉口东北40米,29.122402,110.486794,
178,二当家餐饮(景源雅居店),餐饮服务,武陵源区,,,景源雅居A栋26号,29.338166,110.534850,
178,张家界市敦谊餐饮管理有限公司,公司企业,永定区,,,迎宾路辅路与滨河路交叉口北80米,29.119470,110.489259,
178,张家界市武陵源区茶野饭香餐饮店,餐饮服务,武陵源区,,,军地坪街道未央路希顾酒店旁边,29.351214,110.540263,
178,李念餐饮(武陵源店),餐饮服务,武陵源区,,,未央路与白鹭路交叉口西100米,29.348475,110.547675,
178,米宝宝码饭餐饮店,餐饮服务,永定区,,,崇文办事处宝塔岗社区通达国际酒店2号栋1S02-1,29.115175,110.510525,
179,食里乡风餐饮店,餐饮服务,新化县,,,242省道与紫兴路交叉口东北300米,27.677825,111.004875,
179,湖南中膳荣达餐饮管理有限公司,公司企业,新化县,,,枫林街道五里亭社区鑫泰农贸大市场C3栋20号-21号门面,27.715430,111.291399,
179,新化县光启餐饮管理有限公司,公司企业,新化县,,,鑫泰农贸大市场,27.715519,111.291931,
179,思源华府湘小笼餐饮店,餐饮服务,新化县,,,枫林街道燎原社区紫鹊路东侧思源华府7栋105,27.729410,111.295646,
179,向东街老玖餐饮大众食堂,餐饮服务,新化县,,,上渡街道111号,27.731586,111.319460,
179,情真楼酒店餐饮,餐饮服务,新化县,,,曹家镇卫生院西北侧140米,27.818786,111.341696,
179,新化港诚餐饮管理有限公司,公司企业,新化县,,,信义街与梅苑北路交叉口西南160米,27.733367,111.325300,
179,大味厨餐饮店(万盛店),餐饮服务,冷水江市,,,万盛锑都广场1期,27.678375,111.441225,
179,华新院子餐饮店,餐饮服务,新化县,,,295乡道与K47县道交叉口东北140米,27.875499,111.514041,
179,车田江服务区享当当金牌小碗菜,餐饮服务,新化县,,,S50长芷高速与车田江服务区交叉口西380米,27.850565,111.613903,
179,涟源湘礼厨娘餐饮店,餐饮服务,涟源市,,,五江君天城市广场12栋,27.696279,111.683618,
179,青松餐饮店,餐饮服务,涟源市,,,石马山医院北门旁,27.691725,111.692825,
179,涟水雅苑餐饮店,餐饮服务,涟源市,,,湖南省娄底市涟源市人民东路老三一公司前100米叉路口,27.692379,111.698343,
179,桥头河服务区嘉桐小镇餐厅,餐饮服务,涟源市,,,桥头河服务区南侧,27.815236,111.879224,
179,兄弟情餐饮,餐饮服务,娄星区,,,碧溪路与碧溪街交叉口东北160米,27.757225,111.979425,
179,四哥餐饮(涟滨西街店),餐饮服务,娄星区,,,山水绿城西北门北50米,27.734375,111.984375,
179,娄底市食康餐饮服务有限公司,公司企业,娄星区,,,涟滨街西314-316号,27.735756,111.990910,
179,清梅餐饮(凯易琪园小区店),餐饮服务,娄星区,,,丽春路与小科街交叉口北20米,27.717185,111.991167,
179,娄底市伍姜柴米油盐餐饮店,餐饮服务,娄星区,,,环府路与人和街交叉口东北20米,27.700444,111.996282,
179,万国臻品餐饮店(娄底万豪店),餐饮服务,娄星区,,,氐星路1227号万豪公馆7栋,27.727675,112.006575,
179,相思椒餐饮(三一店),餐饮服务,娄星区,,,娄涟公路318号31街区营销中心108号门面,27.764409,112.017797,
179,全新家园餐饮,餐饮服务,娄星区,,,育星街与氐星路交叉口东100米,27.711471,112.007898,
179,涟水肴餐饮(城南店),餐饮服务,娄星区,,,万宝镇静安街嘉熙荣台3-27.28门面,27.681312,112.006519,
179,焗其林餐饮店,餐饮服务,娄星区,,,乐坪街道金谷社区金谷市场38栋3-101号,27.736869,112.018504,
179,常德师傅炒滴菜钵子餐饮店(白塘路店),餐饮服务,娄星区,,,罗家小区西区3A栋123号,27.726193,112.023298,
180,好又来餐饮,餐饮服务,东安县,,,广利桥东侧190米,26.380525,111.180975,
180,秀涛餐饮店,餐饮服务,东安县,,,东安县公安局交通警察大队巡逻中队西北侧50米,26.408925,111.288125,
180,晓料有味餐饮,餐饮服务,东安县,,,文艺路与大众路交叉口北60米,26.398675,111.291025,
180,东安县食香记餐饮店,餐饮服务,东安县,,,大众路29号,26.398321,111.291437,
180,一面之圆餐饮店(赵记重庆小面),餐饮服务,东安县,,,建设大道与东新路交叉口东160米,26.396125,111.296825,
180,相辅相成餐饮店,餐饮服务,东安县,,,锦阳路与建设大道交叉口北60米,26.398025,111.303825,
180,顺新餐饮店,餐饮服务,东安县,,,恒惠春天里西北门西90米,26.402275,111.307325,
180,湘味人家餐饮店,餐饮服务,江永县,,,大众木业有限责任公司南门旁,25.096234,111.076115,
180,卫加餐饮,餐饮服务,东安县,,,白牙市镇东安大道徐福桃花园1栋05室,26.390202,111.337963,
180,大盛停车区餐饮,餐饮服务,东安县,,,大盛停车区与G55二广高速交叉口东南380米,26.781909,111.432841,
180,东安服务区餐饮,餐饮服务,东安县,,,东安服务区南30米,26.416926,111.385009,
180,琳荣餐饮店,餐饮服务,东安县,,,014县道与103乡道交叉口东40米,26.572625,111.441575,
180,李建社餐饮店,餐饮服务,零陵区,,,长塘完小东侧130米,26.057775,111.405475,
180,湖南过山瑶餐饮管理有限公司,公司企业,江永县,,,江永县文化旅游广电体育局西侧150米,25.278325,111.346975,
180,广西仔餐饮店,餐饮服务,江永县,,,桃花源小区北侧50米,25.277109,111.349399,
180,花园里餐饮店,餐饮服务,冷水滩区,,,珊瑚街道湖塘西路101号花园里餐饮店,26.475430,111.581680,
180,味尚连锁餐饮,餐饮服务,冷水滩区,,,荣昌路与通化街交叉口西北20米,26.446575,111.587425,
180,永州市冷水滩区粉一碗餐饮店,餐饮服务,冷水滩区,,,零陵中路九嶷巷6号,26.445741,111.595271,
180,简阳市海捞餐饮管理有限公司永州第一分公司,公司企业,冷水滩区,,,凤凰路与零陵北路交叉口西北20米,26.448999,111.602070,
180,春江绿餐饮店,餐饮服务,冷水滩区,,,春江路与紫霞路交叉口南60米,26.465575,111.607375,
180,永州唐小茶餐饮管理有限公司,公司企业,冷水滩区,,,凌角山街道舜德摩尔副食批发城189-190,26.450814,111.604811,
180,唐大厨餐饮店,餐饮服务,冷水滩区,,,兴旺街与湘永路交叉口北60米,26.438025,111.602825,
180,永州市慧康餐饮管理有限公司,公司企业,冷水滩区,,,轻纺时尚产业园6号楼,26.486113,111.613010,
180,永州市湘浓之家餐饮管理有限公司,公司企业,冷水滩区,,,紫霞路紫霞安置小区9栋,26.468231,111.614601,
180,好友来餐饮店,餐饮服务,冷水滩区,,,菱角山街道永州大市场第一栋对面东北第一间,26.457827,111.617635,
181,九玉餐饮,餐饮服务,桃源县,,,318省道与064县道交叉口西40米,29.093040,111.209984,
181,德湘缘餐饮,餐饮服务,桃源县,,,桃源县茶庵铺镇桥东0150号,28.643597,111.153652,
181,周先生品记餐饮,餐饮服务,石门县,,,永固社区38号,29.590774,111.437337,
181,湘遇食光钵子小炒餐饮店,餐饮服务,桃源县,,,漆河镇仙鹤大道,29.129386,111.384187,
181,湖南半亩山农副产品有限公司,餐饮服务,临澧县,,,120乡道,29.723555,111.544186,
181,爱留餐饮店,餐饮服务,石门县,,,石门县国土资源局蒙泉镇国土资源所东侧50米,29.409925,111.476275,
181,永福餐饮,餐饮服务,临澧县,,,常德市周缘府记生态农业有限公司东北侧190米,29.642309,111.567062,
181,喜宴餐饮中心,餐饮服务,临澧县,,,合口镇群丰4组恒鑫石材对面,29.636971,111.579322,
181,味多多餐饮店,餐饮服务,桃源县,,,桃花源镇水溪村民委员会东侧70米,28.781147,111.421403,
181,友缘茶社,餐饮服务,桃源县,,,建设西路22号,28.893387,111.476981,
181,青一轩擂茶餐饮店,餐饮服务,桃源县,,,浔阳街道天子岗社区临沅路桃花源里6栋110-113铺,28.875733,111.482673,
181,炊烟记餐饮店,餐饮服务,桃源县,,,中心路与桂花路交叉口东20米,29.047775,111.543475,
181,临澧蒋家大院餐饮文化有限公司,餐饮服务,临澧县,,,湘福大道与临岗公路交叉口东260米,29.467975,111.640275,
181,湖南麦香缘悉味食品有限公司,公司企业,鼎城区,,,岗中西路,29.095076,111.614373,
181,小成的烧鸟餐饮店,餐饮服务,武陵区,,,长庚街道杨桥社区恒大天玺s6号商铺,29.058125,111.659675,
181,禾甜小厨餐饮店,餐饮服务,武陵区,,,中建滨江府山林苑,29.027175,111.660275,
181,湖南意新餐饮管理有限公司,公司企业,武陵区,,,白湖巷与桃花路交叉口南100米,29.054677,111.670133,
181,武陵区沪太餐饮店,餐饮服务,武陵区,,,皂果路1099号常德万达广场,29.056408,111.680777,
181,湖南食在西湖餐饮管理有限公司,公司企业,武陵区,,,阳山大道与柳叶大道交叉口南120米,29.052725,111.681925,
181,城头山服务区餐饮,餐饮服务,澧县,,,城头山服务区西侧,29.799752,111.858039,
181,城头山服务区美食每刻,餐饮服务,澧县,,,城头山服务区西北侧,29.799858,111.858063,
181,文记一家人餐饮店,餐饮服务,武陵区,,,新兴二巷与新光巷交叉口西北60米,29.038175,111.688775,
181,德川烧鸟餐饮店,餐饮服务,武陵区,,,葫芦口巷与建设路交叉口东南40米,29.032825,111.689325,
181,宴彬馨厨餐饮店,餐饮服务,武陵区,,,芷兰街道沙河社区7组4-55号,29.063725,111.697625,
181,渔舟灯火餐饮店,餐饮服务,武陵区,,,金友大厦(人民路)1719号,29.028995,111.690467,
182,相思椒餐饮(毛田店),餐饮服务,湘乡市,,,055县道与056县道交叉口东240米,27.676759,112.115300,
182,少哥餐饮,餐饮服务,韶山市,,,327省道与046县道交叉口北240米,27.889465,112.416019,
182,桃桃餐饮店,餐饮服务,韶山市,,,041县道与354国道交叉口东北100米,27.958942,112.455290,
182,鱼来香休闲餐饮,餐饮服务,湘乡市,,,山枣龙泉村10组187号,27.646686,112.452315,
182,小慧餐饮店,餐饮服务,湘乡市,,,泉塘镇泉塘村五组112号,27.727806,112.484327,
182,湘乡中邦餐饮管理有限公司,公司企业,湘乡市,,,湘乡大道与文昌路交叉口西北140米,27.755540,112.510930,
182,靓仔餐饮部,餐饮服务,湘乡市,,,德泽小区西北门旁,27.740925,112.517075,
182,韶山味庭餐饮管理服务有限公司,公司企业,韶山市,,,高新区新能源新材料产业园23栋员工餐厅,27.894512,112.551515,
182,湖南钰晴餐饮管理有限公司,公司企业,韶山市,,,银河路与红旗路交叉口东南300米,27.895080,112.570130,
182,湘乡市印领餐饮文化管理有限公司,公司企业,湘乡市,,,涟滨南路与朝阳路交叉口西南80米,27.730692,112.541333,
182,湖南浔鲜餐饮管理有限公司,公司企业,湘乡市,,,旺兴村,27.756226,112.553543,
182,阿香餐饮,餐饮服务,雨湖区,,,楠竹路与云华路交叉口东北20米,27.848875,112.660425,
182,古城伟记餐饮,餐饮服务,湘潭县,,,049乡道与219省道交叉口西360米,27.792417,112.702663,
182,柴火饭店餐饮,餐饮服务,湘潭县,,,219省道与049乡道交叉口南80米,27.792748,112.706185,
182,武记餐饮,餐饮服务,湘潭县,,,花石中心卫生院东北侧,27.510125,112.728275,
182,盛昌餐饮管理有限公司,公司企业,雨湖区,,,华银生态园南侧170米,27.860325,112.842375,
182,有哥餐饮,餐饮服务,湘潭县,,,014县道与019县道交叉口北200米,27.813422,112.852905,
182,粥面餐饮店(粥香面暖),餐饮服务,雨湖区,,,长城乡红旗村红旗农贸市场B区12号,27.885651,112.870028,
182,湘潭泗海餐饮服务有限公司,公司企业,雨湖区,,,新湘路与北二环路交叉口东100米,27.880064,112.872119,
182,萤萤餐饮店,餐饮服务,雨湖区,,,文鑫园大厦东侧160米,27.887725,112.875175,
182,小食代餐饮,餐饮服务,雨湖区,,,新湘路与潭邵路交叉口北260米,27.864225,112.870975,
182,湖南来展餐饮管理有限公司,公司企业,雨湖区,,,湘潭开放大学北门西北60米,27.887225,112.880225,
182,湖南晨裕餐饮管理有限公司,公司企业,雨湖区,,,高岭路13号,27.882753,112.882680,
182,有粉有面餐饮店,餐饮服务,雨湖区,,,湘衡路99号,27.852964,112.879033,
182,江花餐饮店,餐饮服务,雨湖区,,,韶山西路399号,27.857977,112.886280,
183,卤阿妹餐饮(人民医院对面分店),餐饮服务,绥宁县,,,东正路15-5号,26.580317,110.157772,
183,城步服务区鼎飨悦餐厅,餐饮服务,城步苗族自治县,,,城步服务区西北侧,26.579875,110.417231,
183,城步服务区鼎飨悦餐厅,餐饮服务,城步苗族自治县,,,湖南高速能源城步服务区加油站西南侧130米,26.579712,110.419495,
183,福禧居餐饮,餐饮服务,洞口县,,,毓兰镇仙泉路北45号,26.980249,110.525472,
183,湖南清源居餐饮服务管理有限公司,公司企业,洞口县,,,文昌街道平栋村村民委员会东南侧160米,27.075038,110.587905,
183,鸣家餐饮孵化(洞口东站店),餐饮服务,洞口县,,,桔城东路499号,27.062908,110.593398,
183,湖南鑫华维餐饮管理有限公司洞口分公司,公司企业,洞口县,,,梨园东路与江边路交叉口东北20米,27.047883,110.604469,
183,育德餐饮店,餐饮服务,武冈市,,,迎春亭街道皇冠世纪城四期1栋105号,26.738799,110.652217,
183,武冈市铭泰餐饮服务有限责任公司,公司企业,武冈市,,,G59呼北高速与武冈东互通交叉口西320米,26.743637,110.698124,
183,福泽长者餐饮,体育休闲服务,隆回县,,,司门前镇向阳路福泽长者餐饮,27.487375,110.894375,
183,舜华鸭蛋面(金石桥服务区北区),餐饮服务,隆回县,,,G59呼北高速与金石桥服务区交叉口东北340米,27.613416,110.961650,
183,铭锅餐饮,餐饮服务,隆回县,,,鸭田大道与鸭乐路交叉口东南60米,27.590725,111.017425,
183,录录餐饮店,餐饮服务,隆回县,,,荷田乡文联村退役军人服务站东北侧170米,27.359230,110.992774,
183,隆回县汇四方餐饮店,餐饮服务,隆回县,,,澄水村六组十号(学府名苑入口处),27.129566,110.994966,
183,崀山餐饮服务管理有限公司,公司企业,新宁县,,,焦家垅路与解放路交叉口西北60米,26.442207,110.866143,
183,湖南禾厨餐饮管理有限公司,公司企业,新宁县,,,金石镇枫叶街188号,26.444145,110.867226,
183,祖厨湖南菜餐饮管理有限公司,公司企业,隆回县,,,伏龙江南路与思源路交叉口西280米,27.098892,111.043719,
183,早点湘见餐饮店,餐饮服务,隆回县,,,桃花坪街道双井社区华悦名府小区2号楼2-108商铺,27.112269,111.050514,
183,香云餐饮(思源小区店),餐饮服务,隆回县,,,思源小区西门旁,27.099264,111.050940,
183,好日子餐饮部,餐饮服务,隆回县,,,滩头镇三溪村6组17号,27.309330,111.183330,
183,小舒餐饮店,餐饮服务,新宁县,,,育新街与资兴街交叉口西南20米,26.744125,111.115075,
183,钉古仔餐饮,餐饮服务,邵阳县,,,金称市镇中心学校东侧150米,26.841525,111.150175,
183,味极鲜餐饮(祥达·夫夷国际社区店),餐饮服务,邵阳县,,,开元大道与福康大道交叉口西北100米,27.005498,111.326230,
183,九公桥停车区顺之达餐饮管理,餐饮服务,邵阳县,,,九公桥停车区与G55二广高速交叉口北340米,27.140803,111.371029,
183,城市乡村宴席服务公司,公司企业,北塔区,,,320国道与杨晞路交叉口西140米,27.234186,111.403427,
184,笨大厨餐饮店(生源时代广场店),餐饮服务,嘉禾县,,,金田西路与人民路交叉口西南40米生源时代广场4楼,25.592375,112.366875,
184,好味相伴餐饮店,餐饮服务,嘉禾县,,,行廊镇行市村西面桂嘉公路海朋宾馆旁,25.633507,112.479333,
184,许广高速临武服务区鸭蛋面北上店,餐饮服务,临武县,,,万水乡岳临高速服务区,25.444156,112.452775,
184,来福餐饮,餐饮服务,桂阳县,,,敖泉镇太平村社区1组,25.922375,112.582425,
184,临武县平民煮义餐饮店,餐饮服务,临武县,,,武水镇环城南路222号微电影小镇龙凤美食街西区B5-1,25.259235,112.555591,
184,临武县郭大厨餐饮店,餐饮服务,临武县,,,朝阳路25号,25.273900,112.561726,
184,临武县醉宵遥餐饮店,餐饮服务,临武县,,,武水镇临武大道242号,25.275070,112.567854,
184,非凡餐饮部,餐饮服务,桂阳县,,,龙潭西路尾巴塘31栋,25.747452,112.718884,
184,都来看餐饮店,餐饮服务,桂阳县,,,龙潭街道龙潭路一中斜对面102号,25.747167,112.727636,
184,碗稻餐饮店,餐饮服务,桂阳县,,,龙潭街道五云观社区赵家岭32号,25.744523,112.730598,
184,桂阳左庭右院餐饮店,餐饮服务,桂阳县,,,文化路腊树下村村口,25.755650,112.736728,
184,福来客餐饮店,餐饮服务,桂阳县,,,县府街与芙蓉西路交叉口南120米,25.738275,112.733825,
184,廿八铺野摊餐饮店,餐饮服务,桂阳县,,,蔡伦路与蒙泉路交叉口南180米,25.727977,112.733205,
184,三餐小馆餐饮店,餐饮服务,桂阳县,,,蔡伦南路1-4号,25.730938,112.734258,
184,金通煲仔餐饮店,餐饮服务,桂阳县,,,宝蓝城市广场,25.755925,112.739325,
184,塔背人家餐饮店,餐饮服务,桂阳县,,,山韵翰庭,25.742075,112.743925,
184,桂阳八味煲餐饮店,餐饮服务,桂阳县,,,鹿峰街道龙潭街道芙蓉东路2号桂阳文化园内(西侧),25.746725,112.746425,
184,水清餐饮,餐饮服务,永兴县,,,悦来镇中学大门口对面,26.114547,112.827148,
184,梅姐餐饮店,餐饮服务,桂阳县,,,迎宾路五里桥桐子坪1号,25.741769,112.762123,
184,永兴服务区享当当中式自助餐,餐饮服务,永兴县,,,G4京港澳高速与永兴服务区交叉口东140米,26.090177,112.944881,
184,湖南九缇晴餐饮管理有限公司,公司企业,北湖区,,,557乡道与南岭大道交叉口西北200米,25.703129,112.981072,
184,郴州市北湖区米香客餐饮店,餐饮服务,北湖区,,,增福街道长冲村6组,25.719057,112.992522,
184,湘长桂餐饮有限公司,公司企业,北湖区,,,福泉花园南门西北110米,25.754924,113.002978,
184,兆禾餐饮烧鹅世家(七里洞店),餐饮服务,北湖区,,,南岭大道质安大厦红绿灯前十米,25.764776,113.006069,
184,长沙鲸天餐饮管理咨询有限公司,公司企业,北湖区,,,南岭大道辅路与博物馆路交叉口西北60米,25.771251,113.010430,
185,湖南省老熊家餐饮管理有限公司,公司企业,天元区,,,仙月环路855号,27.799877,113.036689,
185,建宁服务区蒸浏记·浏阳蒸菜,餐饮服务,天元区,,,G4京港澳高速与建宁服务区交叉口南300米,27.700671,113.042685,
185,株洲雅食乐餐饮管理有限公可,公司企业,天元区,,,株洲大道987号太子奶厂区内,27.823071,113.075658,
185,株洲青麦源餐饮管理服务有限公司,公司企业,天元区,,,栗雨工业园太子奶生物科技园2号厂房一楼112号,27.823078,113.075710,
185,中肯瑞创(湖南)餐饮管理有限公司,公司企业,天元区,,,栗雨街道湘芸路太子奶生物科技园区四合院,27.819027,113.076066,
185,湖南万事利餐饮管理有限公司株洲天元分公司,公司企业,天元区,,,株洲大道高新大厦,27.828325,113.083275,
185,株洲市元润餐饮管理有限公司,公司企业,天元区,,,高新大道与黑龙江路交叉口南200米,27.817175,113.084625,
185,天元区仁城餐饮店,餐饮服务,天元区,,,春藤小镇二期,27.792725,113.089075,
185,探味餐饮店,餐饮服务,天元区,,,栗塘路199号安泰小区1期9栋53-54号门面,27.800335,113.090926,
185,十二码餐饮店,餐饮服务,石峰区,,,新民路与田心路交叉口东80米,27.895475,113.129175,
185,株洲千喜鹤餐饮管理有限公司,公司企业,天元区,,,珠江北路199号悦湖国际,27.825225,113.117475,
185,天元区夜焰阁餐饮店,餐饮服务,天元区,,,株洲大道39号,27.836251,113.120492,
185,株洲煜承餐饮管理有限公司,公司企业,天元区,,,珠江北路199号悦湖国际,27.824994,113.118162,
185,湖南蜂巢餐饮文化有限公司,公司企业,天元区,,,珠江北路199号悦湖国际,27.824994,113.118162,
185,株洲红满天餐饮管理有限责任公司,公司企业,石峰区,,,规划支路与田林路交叉口西北320米,27.911065,113.139472,
185,株洲筷客天天有味餐饮有限公司,公司企业,天元区,,,泰山路658号株洲传媒大厦,27.815575,113.117975,
185,玉珍阁 餐饮会所,餐饮服务,天元区,,,庐山路277号慈善大厦2楼,27.832544,113.122036,
185,左记珍香姐姐餐饮店,餐饮服务,天元区,,,嵩山路街道庐山路69号庐山恋综合楼103、104号,27.835975,113.122925,
185,知味阁餐饮服务馆,餐饮服务,石峰区,,,田心街道中车大道455号轨道交通城产业园一期标准厂房项目1.1期综合楼104号,27.919964,113.143117,
185,朱亭服务区老马记清真餐饮,餐饮服务,渌口区,,,京港澳高速公路朱亭服务区北京方向,27.400072,113.035081,
185,犀城人家餐饮,餐饮服务,天元区,,,丽景滨江1期,27.838275,113.135625,
185,玲姐麻拐子餐饮店,餐饮服务,天元区,,,嵩山路街道长江北路耀华新村耀华楼120号门面,27.830731,113.134501,
185,湖南省陈兰湘餐饮管理有限公司,公司企业,天元区,,,长江北路8号保利大厦,27.829909,113.136240,
185,翼炊鲜餐饮,餐饮服务,天元区,,,韶山路169号泰华二村,27.831475,113.136775,
185,阿伟餐饮店,餐饮服务,天元区,,,银城路155号钻石怡园,27.818123,113.136167,
186,湘太餐饮,餐饮服务,祁东县,,,太和堂镇新开发区11-12栋,26.893573,111.650430,
186,衡阳雪碳联赢餐饮管理有限公司,公司企业,祁东县,,,玉合街道竹苑路南侧(曲艺文化公园北门)上桥2-3号,26.796525,112.096475,
186,好恰不贵餐饮店,餐饮服务,祁东县,,,玉合街道建设北路310号,26.792583,112.111662,
186,元启满满餐饮,餐饮服务,祁东县,,,颜家街与鼎山西路交叉口北100米,26.788676,112.113114,
186,客来福餐饮店,餐饮服务,常宁市,,,常宁农村商业银行西北侧170米,26.370175,112.163975,
186,味来轩餐饮店,餐饮服务,衡南县,,,泉湖镇衡祁西路73号,26.841670,112.290834,
186,朋友家餐饮店,餐饮服务,衡阳县,,,西渡镇滨江西路1-1号门面,26.962505,112.376320,
186,衡阳县城西森林餐饮店,餐饮服务,衡阳县,,,华中路,26.967299,112.387292,
186,西渡鼎一大酒店餐饮部,餐饮服务,衡阳县,,,船山西路与洪山路交叉口西北40米,26.982575,112.415325,
186,常宁西服务区好相食自助餐厅,餐饮服务,常宁市,,,S71华常高速与常宁西服务区交叉口西北380米,26.472994,112.393514,
186,万家小厨餐饮店,餐饮服务,常宁市,,,宜阳街道办事处万象城1-2栋商业M-5,26.425096,112.383867,
186,升升餐饮,餐饮服务,常宁市,,,杨家井路与南塘街交叉口西南120米,26.406275,112.384125,
186,常宁市国色天潇餐饮店,餐饮服务,常宁市,,,宜城街21号,26.413589,112.386076,
186,爱君餐饮店,餐饮服务,常宁市,,,桃江路与培元路交叉口东40米,26.402755,112.388278,
186,熊熊餐饮店,餐饮服务,常宁市,,,泉峰西路318号,26.399473,112.388022,
186,回味香餐饮,餐饮服务,常宁市,,,宜阳街道松塘社区北城美郡d栋17号商铺,26.422693,112.396987,
186,沙百味餐饮店,餐饮服务,蒸湘区,,,呆鸳鸯岭街158号金鹰花苑A栋207室,26.911351,112.504784,
186,常宁市三哥俩餐饮有限公司,餐饮服务,常宁市,,,中银时代广场,26.402825,112.402375,
186,万熙山房-餐饮,餐饮服务,蒸湘区,,,万熙山房民宿西北侧,26.833598,112.521645,
186,远桂餐饮店,餐饮服务,蒸湘区,,,振兴路23号,26.913013,112.539457,
186,高新技术产业开发区融冠云城沐邻餐饮店,餐饮服务,蒸湘区,,,蒸水大道58号融冠·云城,26.908900,112.551700,
186,衡阳蛮头很忙餐饮管理有限公司,公司企业,蒸湘区,,,白云路68号山水华庭6栋1单元1103室,26.900432,112.550877,
186,品真堂餐饮店,餐饮服务,蒸湘区,,,华新大道49号银泰红城二期E6栋101室,26.913967,112.556413,
186,衡阳市牡丹花品鲜坊(爱来又福往)餐饮店,餐饮服务,蒸湘区,,,凤凰北街阳光臻城5栋101-106,26.912309,112.560275,
186,炙火餐饮,餐饮服务,蒸湘区,,,恒大绿洲,26.880658,112.553968,
187,沐云阁餐饮管理有限公司,公司企业,宁乡市,,,玉潭镇花明南路八一农贸市场28-29门面,28.253028,112.550557,
187,海底捞企业火锅(真人桥店),餐饮服务,望城区,,,雷锋街道许龙路真人桥家园二期商业街S1栋一层101、102、103、104、105、106号,28.205975,112.815625,
187,长沙大算盘财税公司,公司企业,岳麓区,,,长沙高新开发区环联路13号长沙奥托机械股份有限公司1栋厂房101-201房,28.223822,112.845280,
187,三餐两顿牛餐饮店,餐饮服务,岳麓区,,,文轩路656号麓谷长丰大厦101一层东南角,28.208089,112.870287,
187,湖南衡湘君餐饮管理有限公司,公司企业,岳麓区,,,梅溪湖街道金菊路亿达中建智慧科技中心5A栋412室,28.175549,112.864561,
187,相思椒餐饮(望城富基店),餐饮服务,望城区,,,普瑞大道200号,28.294153,112.897176,
187,笨小柒餐饮店,餐饮服务,岳麓区,,,梅溪湖街道近湖七路32号卓越浅水湾9栋107号,28.175813,112.886834,
187,湖南一品佳餐饮管理有限公司,公司企业,开福区,,,普洛斯物流园西南侧290米,28.334071,112.924503,
187,湖南创业伙伴餐饮管理有限公司,公司企业,望城区,,,桑梓二路与桑梓路交叉口南180米,28.282551,112.915864,
187,长沙捷柯森餐饮管理有限公司,公司企业,岳麓区,,,望岳街道长望路206号,28.257478,112.928031,
187,古人塘家宴,餐饮服务,岳麓区,,,桃花岭村古人塘组58号,28.171489,112.914210,
187,得庐餐饮文化,餐饮服务,岳麓区,,,招牌指引下坡,28.189526,112.922931,
187,湖南速创派餐饮管理有限公司,公司企业,望城区,,,银杉路银星小区A4栋22号,28.271697,112.944671,
187,广苑茗品餐饮店,餐饮服务,开福区,,,秀峰街道芙蓉北路558号广泽上苑3栋商业301,28.308145,112.961816,
187,湖南移木客串出品餐饮管理有限公司供应链中心,公司企业,开福区,,,纸笔塘路与中青路交叉口东北200米,28.345205,112.992940,
187,华威商务·注册公司·代理记账·商标注册,生活服务,开福区,,,新河街道晴岚路68号北辰凤凰天阶苑B1E1区5栋20005-20009房,28.237084,112.982502,
187,湖南宣锜餐饮有限公司,公司企业,开福区,,,营盘路108号领御大厦,28.204425,112.977325,
187,北门饭店传统手工长沙菜(湘春路店),餐饮服务,开福区,,,望麓园路街道民主后街2号1楼西侧,28.208652,112.978849,
187,富桂厨房,餐饮服务,芙蓉区,,,定王台街道丰盈里7-1栋,28.188791,112.979494,
187,新富城餐饮部(富利大楼店),餐饮服务,芙蓉区,,,五一大道韭菜园路97号富利大楼F1层,28.193502,112.988752,
187,东江台餐饮(铁道学院店),餐饮服务,天心区,,,芙蓉南路一段258号爱尔总部大厦2栋2层,28.136862,112.986499,
187,湖南祥龙餐饮管理有限公司配送中心,公司企业,开福区,,,白霞路593号,28.302286,113.029010,
187,长沙市天心区竹山里茶苑餐饮馆,餐饮服务,天心区,,,友谊路五矿青苑7栋102号门面,28.125687,112.991662,
187,娄邵味餐饮店(火炬北三片店),餐饮服务,芙蓉区,,,火炬北三片46栋消防站斜对门,28.216246,113.026344,
187,高桥新农夫餐饮店,餐饮服务,雨花区,,,高福星小区南区A44栋1号(消防站后面),28.170925,113.033025,
188,古楼服务区佳源顺自助餐厅,餐饮服务,安化县,,,G59呼北高速与古楼服务区交叉口北360米,28.162806,111.075184,
188,资水河畔餐饮会所(鑫赋小区店),餐饮服务,安化县,,,鑫赋小区,28.368591,111.211810,
188,老友记时光餐饮店,餐饮服务,安化县,,,东坪镇建设社区望江路20号,28.374513,111.217001,
188,安化县和美餐饮店,餐饮服务,安化县,,,东坪镇南区金土佳苑2栋956号,28.368512,111.218128,
188,安化县掌柜爱炊牛餐饮店,餐饮服务,安化县,,,东坪镇城南区紫薇路78号元畅恒太城4F-009-2号,28.367932,111.222514,
188,安化湘厨餐饮,餐饮服务,安化县,,,东平镇城南区华莱城8-F098号,28.366903,111.222609,
188,茶香餐饮,餐饮服务,安化县,,,林家安置区1区,28.369176,111.225809,
188,安化县金山角餐饮店,餐饮服务,安化县,,,盛世第一城,28.372282,111.228888,
188,好百客餐饮店,餐饮服务,安化县,,,[],28.375565,111.231931,
188,少爷餐饮店,餐饮服务,安化县,,,安化县城南区船山小区4栋2单元10号,28.376098,111.235949,
188,艾上餐饮,餐饮服务,安化县,,,江英实验学校南门旁,28.388075,111.263075,
188,安化服务区享当当金牌小碗菜,餐饮服务,安化县,,,安化服务区北区,28.433521,111.300900,
188,众盈之家餐饮店,金融保险服务,安化县,,,金鹊路,28.385306,111.303415,
188,一品轩餐饮,餐饮服务,安化县,,,冷市镇家兴社区79号,28.503482,111.521364,
188,梅城服务区舜华临武鸭,餐饮服务,安化县,,,G55二广高速与梅城服务区交叉口西420米,28.122507,111.703955,
188,马迹塘服务区餐厅,餐饮服务,桃江县,,,马迹塘服务区,28.411353,111.767453,
188,马迹塘服务区餐厅,餐饮服务,桃江县,,,马迹塘服务区,28.411789,111.769685,
188,二广高速马迹塘服务区舜华湘品堂,餐饮服务,桃江县,,,二广高速马迹塘服务区湘文食品一店,28.411388,111.769994,
188,好又来餐饮,餐饮服务,桃江县,,,鲊埠派出所东侧160米,28.506525,111.813075,
188,张凡餐饮店,餐饮服务,南县,,,北河口石化加油站北侧120米,29.374440,112.312416,
188,醉龙餐饮后街饭铺(大汉龙城翡翠湾店),餐饮服务,桃江县,,,大汉龙城翡翠湾,28.510225,112.139775,
188,爱姐餐饮(幸福小区店),餐饮服务,桃江县,,,幸福小区南门西南70米,28.535696,112.148219,
188,一焗成名餐饮(翰林苑店),餐饮服务,桃江县,,,桃花江镇谷山路翰林苑,28.524044,112.147991,
188,凤凰台餐饮,餐饮服务,桃江县,,,桃花江镇罗溪路68号,28.512288,112.151801,
188,桃花岛餐饮店打石湾社区店,餐饮服务,桃江县,,,[],28.507369,112.154149,
189,胜乐堡餐饮店(枫木店),餐饮服务,屯昌县,,,枫香北路13号,19.209636,110.012717,
189,惠麦餐饮店,餐饮服务,屯昌县,,,东风小区B区16号,19.368949,110.096072,
189,屯昌小炭屋餐饮有限公司,餐饮服务,屯昌县,,,誉铖康郡尚品西侧210米,19.343743,110.096017,
189,丽姐千里香餐饮店,餐饮服务,屯昌县,,,誉铖康郡尚品西南侧190米,19.343575,110.096375,
189,佰香餐饮店,餐饮服务,屯昌县,,,红旗路与新建路交叉口东南20米,19.369999,110.100418,
189,屯昌屯城湘香木饭餐饮店,餐饮服务,屯昌县,,,屯城镇新建一路42号,19.368548,110.101408,
189,螺满螺餐饮店,餐饮服务,屯昌县,,,屯城镇文明路90号,19.350632,110.100056,
189,菊姐餐饮店,餐饮服务,屯昌县,,,文东路与文化路交叉口东140米,19.355725,110.101075,
189,陈光餐饮店,餐饮服务,屯昌县,,,屯城镇昌盛南路101号中国工商银行旁边,19.352932,110.103989,
189,树下餐饮店,餐饮服务,屯昌县,,,育新路29号,19.355878,110.105199,
189,越兴餐饮店,餐饮服务,屯昌县,,,大华东路70号,19.363323,110.106218,
189,蓉艳餐饮,餐饮服务,屯昌县,,,屯城尚迎国中医诊所西北侧70米,19.346032,110.106575,
190,利红餐饮店,餐饮服务,白沙黎族自治县,,,邦溪南路与邦溪东路交叉口东100米,19.367500,109.107734,
190,钰彩餐饮店,餐饮服务,白沙黎族自治县,,,邦溪东路40-2号,19.367626,109.108755,
190,鱼小胖餐饮店,餐饮服务,白沙黎族自治县,,,七坊镇七彩路鹭湖商铺8号,19.301332,109.232144,
190,福来餐饮店,餐饮服务,白沙黎族自治县,,,七坊镇七坊中路108号,19.300106,109.235907,
190,小李餐饮店,餐饮服务,白沙黎族自治县,,,七坊中路与七坊东路交叉口西北360米,19.299369,109.236301,
190,盈尚鱼生餐饮店(七坊店),餐饮服务,白沙黎族自治县,,,七坊镇广场一街11号101,19.304225,109.242825,
190,白沙七坊臻香园餐饮店,餐饮服务,白沙黎族自治县,,,七坊镇珠碧江路53号,19.304275,109.243625,
190,白沙七坊顺子餐饮店,餐饮服务,白沙黎族自治县,,,龙江绿源农贸市场北街86号,19.305249,109.244068,
190,白沙七坊庆乐餐饮店,餐饮服务,白沙黎族自治县,,,七坊镇珠碧江路65号,19.305672,109.244165,
190,双禾餐饮店,餐饮服务,白沙黎族自治县,,,龙江中心学校西侧200米,19.306275,109.244425,
190,龙旺餐饮店,餐饮服务,白沙黎族自治县,,,七坊镇-光雅-龙江农场三队路口旁,19.295683,109.296946,
190,白沙黎族自治县牙叉镇喜宴餐饮店,餐饮服务,白沙黎族自治县,,,方亮路与方溪路交叉口南420米,19.218521,109.437691,
190,乐益餐饮店,餐饮服务,白沙黎族自治县,,,公务员小区西门西南50米,19.224525,109.439875,
190,绿洲羊庄餐饮店,餐饮服务,白沙黎族自治县,,,金沙南路12号,19.215521,109.444090,
190,鱼生有你餐饮店,餐饮服务,白沙黎族自治县,,,祥和街牙叉派出所对面,19.227471,109.445621,
190,运琳餐饮店,餐饮服务,白沙黎族自治县,,,牙叉镇祥和街,19.226795,109.446155,
190,千艺餐饮店,餐饮服务,白沙黎族自治县,,,牙叉镇金沙南路庆华大厦一栋3-4号,19.215250,109.445336,
190,佬江餐饮店,餐饮服务,白沙黎族自治县,,,牙叉实验学校对面往下一百米,19.226002,109.447440,
190,壹号餐饮店,餐饮服务,白沙黎族自治县,,,浪崖村48号,19.229475,109.449225,
190,好味鲜餐饮店,餐饮服务,白沙黎族自治县,,,文源路与桥南路交叉口西北80米,19.218175,109.448075,
190,尝来尝往餐饮店(现炒现卖店),餐饮服务,白沙黎族自治县,,,牙叉镇桥南路万嘉市场B幢15号,19.218533,109.448874,
190,左左右右餐饮店,餐饮服务,白沙黎族自治县,,,金沙北路与牙叉东路交叉口西180米,19.229074,109.454530,
190,悠悠餐饮(工会店),餐饮服务,白沙黎族自治县,,,牙叉镇海南省白沙县工会商铺,19.223206,109.453911,
190,丰味餐饮店,餐饮服务,白沙黎族自治县,,,牙叉镇东路(工行综合楼)一楼,19.223285,109.454993,
190,金玉满堂餐饮店(牙叉东路店),餐饮服务,白沙黎族自治县,,,金沙北路与牙叉东路交叉口西南100米,19.228340,109.455761,
191,琼中服务区餐饮,餐饮服务,琼中黎族苗族自治县,,,G9811海三高速与琼中服务区交叉口西南380米,19.028699,109.656389,
191,香香餐饮,餐饮服务,琼中黎族苗族自治县,,,阳江一路东与阳江大道北交叉口东北100米,19.297397,109.756920,
191,好七点餐饮店,餐饮服务,琼中黎族苗族自治县,,,黎母山大丰农场好七点餐饮店,19.258957,109.759544,
191,阿娜餐饮店,餐饮服务,琼中黎族苗族自治县,,,海南省琼中黎族苗族自治县营根镇国兴大道32号,19.034903,109.832147,
191,骏哥餐饮店,餐饮服务,琼中黎族苗族自治县,,,老卫生局红十字会三栋101,19.032749,109.841727,
191,零公里餐饮店,餐饮服务,琼中黎族苗族自治县,,,城营乘路零公里强兴宾馆右侧(华园住宅区斜对面),19.036775,109.843775,
191,玉竹餐饮店,餐饮服务,琼中黎族苗族自治县,,,国兴大道与红棉巷交叉口东80米,19.046075,109.848275,
191,琼中营根强记柴火鸡餐饮店,餐饮服务,琼中黎族苗族自治县,,,兴教路与万泉路交叉口西北120米,19.038586,109.851547,
191,王记餐饮店,餐饮服务,琼中黎族苗族自治县,,,长安路与149乡道交叉口南200米,18.876875,109.836925,
191,顺祥餐饮店,餐饮服务,琼中黎族苗族自治县,,,吊罗山乡太平中学,18.791690,109.874353,
191,黎人坊餐饮,餐饮服务,琼中黎族苗族自治县,,,琼中黎族苗族自治县粮所旁,18.897298,110.022343,
192,泰湘会餐饮店,餐饮服务,东方市,,,园林西路与东海路交叉口东南40米,19.105275,108.657575,
192,聚民餐饮,餐饮服务,东方市,,,东方中学东门东北50米,19.106125,108.665325,
192,东方八所抓猫唱吧餐饮店,餐饮服务,东方市,,,东方大道建设银行左侧,19.107750,108.665947,
192,未听餐饮吧,餐饮服务,东方市,,,八所镇东方大道畅想国度二楼,19.107888,108.668256,
193,乐东莺歌海海韵福星餐饮店,餐饮服务,乐东黎族自治县,,,镇北二道中路01号,18.515106,108.696014,
193,乐东有面儿餐饮店,餐饮服务,乐东黎族自治县,,,光明街1号,18.508961,108.695667,
193,诚芯餐饮小米大吃店,餐饮服务,乐东黎族自治县,,,乐东县盐务局对面,18.527840,108.778409,
193,妙蛙餐饮店,餐饮服务,乐东黎族自治县,,,规划一路与利红路交叉口东南340米,18.479625,108.898475,
193,北方村餐饮酒店,餐饮服务,乐东黎族自治县,,,九所镇九所新区一横路南区东31号,18.455396,108.954881,
193,海南农小帮农业发展有限责任公司,餐饮服务,乐东黎族自治县,,,环热带雨林国家公园旅游公路西40米,18.757844,109.161332,
194,巷里餐饮店,餐饮服务,陵水黎族自治县,,,英州镇一品清水湾7栋6号商铺,18.423347,109.859993,
194,柴火记忆,餐饮服务,陵水黎族自治县,,,英州镇英榆大道79号,18.420909,109.859988,
194,海南景膳餐饮服务有限公司,公司企业,陵水黎族自治县,,,文兴路与664县道交叉口西北180米,18.512468,109.972033,
194,南湾北岸餐饮店,体育休闲服务,陵水黎族自治县,,,新村镇南湾村二队环湖路002号,18.397683,109.987420,
194,花屿南岛(海南)文化传媒有限公司,餐饮服务,陵水黎族自治县,,,新丰北路97号,18.513536,110.025137,
194,邓亚兰餐饮,餐饮服务,陵水黎族自治县,,,椰林北大道306号,18.533981,110.040032,
196,食字乐口餐饮店,餐饮服务,文昌市,,,冯坡镇宝冠养殖场旁,20.007380,110.782021,
196,十八餐饮工作室,餐饮服务,文昌市,,,会文镇朝阳街54号,19.460554,110.731348,
196,森记人家餐饮店,餐饮服务,文昌市,,,文城镇文蔚西二横路4号,19.585099,110.754664,
196,吃得香餐饮店,餐饮服务,文昌市,,,文城镇文建东路133号,19.610520,110.759967,
196,聚源餐饮店,餐饮服务,文昌市,,,文城镇文兴路7号,19.620075,110.761601,
196,食味坊餐饮店,餐饮服务,文昌市,,,文城镇霞兴路,19.608526,110.764608,
196,椰林六号餐饮店,餐饮服务,文昌市,,,海南百莱玛度假村东北门西北60米,19.531025,110.851225,
196,抱虎角餐饮·海味记忆,餐饮服务,文昌市,,,翁田镇湖心港,20.001612,110.927985,
196,福满楼食园餐饮店,餐饮服务,文昌市,,,183县道与航天大道交叉口西南80米,19.581321,110.870614,
196,力哥地道海南菜·联谊文昌鸡老店,餐饮服务,文昌市,,,龙楼镇新兴街70号,19.651476,110.968652,
198,何相缘餐饮店,餐饮服务,崖州区,,,崖州区临高村委会保港路81号,18.366309,109.141659,
198,云行餐饮贵州原汤羊肉粉,餐饮服务,崖州区,,,水南一村25号,18.363634,109.164344,
198,筷鲜客餐饮饭店,餐饮服务,崖州区,,,港口公路与2号路交叉口西100米,18.318204,109.160779,
198,梁八妹餐饮店,餐饮服务,崖州区,,,吴泊街与东岳庙一巷交叉口北80米,18.372070,109.168099,
198,三亚崖州小林子餐饮店,餐饮服务,崖州区,,,崖州区三亚崖州区崖城村臭油街25号,18.371546,109.168182,
198,郑笼餐饮,餐饮服务,崖州区,,,吴泊街与东门街交叉口北60米,18.370299,109.168275,
198,老火餐饮,餐饮服务,崖州区,,,崖州大道116号,18.362176,109.167755,
198,岢岢研(海南)餐饮管理有限公司,公司企业,崖州区,,,头塘路与创业街交叉口南80米,18.331125,109.170375,
198,三亚崖州鱼生宴餐饮中心,餐饮服务,崖州区,,,兴滨路39号商铺,18.350353,109.175108,
198,园缘餐饮,餐饮服务,崖州区,,,南滨农场东升队东北侧,18.354178,109.192600,
198,小董餐饮店,餐饮服务,崖州区,,,龙河路与120乡道交叉口东北380米,18.417120,109.232343,
198,潮汕乐记餐饮店,餐饮服务,天涯区,,,立才西街与育才大道交叉口西60米,18.409625,109.308775,
198,三亚天涯粉饭人家餐饮,餐饮服务,天涯区,,,海南环岛旅游公路与白龙北街交叉口西北100米,18.306598,109.330372,
198,茶哟哟餐饮店,餐饮服务,天涯区,,,[],18.324721,109.333628,
198,琼海福美餐饮管理有限公司,公司企业,天涯区,,,凤翔路与海田路交叉口西300米,18.297275,109.418325,
198,缘味抱罗粉餐饮店,餐饮服务,天涯区,,,羊新路112号,18.297151,109.453151,
198,食味餐饮店,餐饮服务,天涯区,,,泽兴路与匠心路交叉口东260米,18.319643,109.464338,
198,广州铁路悦享动车餐饮有限公司三亚基地,公司企业,天涯区,,,林家路26号靠近三亚市热带农业科学研究院,18.297586,109.478647,
198,海南麦克士餐饮管理有限公司,公司企业,天涯区,,,南果冷链集配中心A库,18.293179,109.480885,
198,三亚餐饮,餐饮服务,天涯区,,,解放路与金鸡岭街交叉口西南40米,18.270632,109.491722,
198,小姑餐饮店,餐饮服务,天涯区,,,槟榔河路与悦祥路交叉口北60米,18.322002,109.498154,
198,万宁小姑餐饮店,餐饮服务,天涯区,,,师部农场路333号悦菩提悦街商业街2号楼B1层底商12号,18.321311,109.499921,
198,旺角八号餐饮店,餐饮服务,吉阳区,,,海润路22号亿恒夜市A栋D-17号店铺,18.301179,109.498831,
198,三亚石亿餐饮管理有限公司,公司企业,吉阳区,,,迎宾路与川北巷交叉口西南140米,18.265181,109.500743,
198,鲜园餐饮,餐饮服务,天涯区,,,育德巷与解放路交叉口西南60米,18.257452,109.502546,
199,林妮餐饮店,餐饮服务,保亭黎族苗族自治县,,,224国道与什掘一二路交叉口北300米,18.584654,109.622301,
199,新政八姐餐饮店,餐饮服务,保亭黎族苗族自治县,,,新政大道70号,18.543278,109.628297,
199,凡华餐饮店,餐饮服务,保亭黎族苗族自治县,,,224国道与110乡道交叉口北180米,18.542407,109.628515,
199,新政文武餐饮店,餐饮服务,保亭黎族苗族自治县,,,224国道与什拂利路交叉口北280米,18.537003,109.629234,
199,海南保亭万家乡厨餐饮服务有限公司,公司企业,保亭黎族苗族自治县,,,保城镇潘文村路什么东路口第一栋01号,18.634452,109.684291,
199,保亭香草鸭海鲜餐饮店,餐饮服务,保亭黎族苗族自治县,,,保城镇什么东村154号,18.637218,109.690228,
199,搌兴餐饮店,餐饮服务,保亭黎族苗族自治县,,,保兴西路与番文路交叉口东220米,18.632125,109.691625,
199,叶记餐饮店,餐饮服务,保亭黎族苗族自治县,,,海南省保亭黎族苗族自治县保城镇庄园丽都A12栋117号,18.646251,109.698631,
199,帆彩餐饮店,餐饮服务,保亭黎族苗族自治县,,,保城镇丽都A12-122,18.646732,109.698730,
199,莹晨餐饮店,餐饮服务,保亭黎族苗族自治县,,,温泉北路与新星路交叉口北80米,18.643373,109.702077,
199,原之味餐饮店,餐饮服务,保亭黎族苗族自治县,,,温泉北路与新星路交叉口北60米,18.643325,109.702125,
199,福来美味餐饮店,餐饮服务,保亭黎族苗族自治县,,,温泉北路新星华庭小区18号商铺,18.642327,109.702163,
199,牛上煌,餐饮服务,保亭黎族苗族自治县,,,保城镇红毛丹东街44号,18.637275,109.701675,
199,亮仔牛肉干餐饮店,餐饮服务,保亭黎族苗族自治县,,,保城镇温泉北路新星农场(皇朝家私城对面第四间铺面)102铺面,18.642761,109.702336,
199,明记餐饮店,餐饮服务,保亭黎族苗族自治县,,,温泉北路与育才路交叉口北140米,18.641822,109.703162,
199,东巷记餐饮店,餐饮服务,保亭黎族苗族自治县,,,文明中路与红毛丹街交叉口南60米,18.636625,109.702593,
199,潮味原味汤粉王餐饮店,餐饮服务,保亭黎族苗族自治县,,,平安巷与新兴东街交叉口东南20米,18.636419,109.703813,
199,铭顺餐饮店,餐饮服务,保亭黎族苗族自治县,,,育才路与温泉北路交叉口东北160米,18.641839,109.704504,
199,保亭保城羊味馆餐饮店,餐饮服务,保亭黎族苗族自治县,,,保城镇保2兴东路北侧交通局综合楼,18.634030,109.704110,
199,三道百味酒席餐饮店,餐饮服务,保亭黎族苗族自治县,,,三道农场十二队118号,18.444537,109.684236,
199,饭点餐饮店,餐饮服务,保亭黎族苗族自治县,,,保城镇景中天国际文化城8栋111号商铺,18.639663,109.710685,
199,保亭保城栈前食客餐饮店,餐饮服务,保亭黎族苗族自治县,,,保亭汽车站站前广场1号铺面,18.634792,109.711550,
199,保亭保城鑫诚遇餐饮店,餐饮服务,保亭黎族苗族自治县,,,保亭黎族苗族自治县民族中学东南侧190米,18.635940,109.716492,
199,阳光餐饮店,餐饮服务,保亭黎族苗族自治县,,,环热带雨林国家公园旅游公路与621县道交叉口东200米,18.665725,109.782875,
199,保亭什玲煲您满意餐饮店,餐饮服务,保亭黎族苗族自治县,,,环热带雨林国家公园旅游公路与教育路交叉口北140米,18.668325,109.785475,
200,百家餐饮店,餐饮服务,五指山市,,,通什镇山庄路番茅村委会番茅小组01号,18.783463,109.512412,
200,山岚食语餐饮店,餐饮服务,五指山市,,,理文路润城山语1号楼三号铺面,18.769662,109.514543,
200,馨馨餐饮店,餐饮服务,五指山市,,,瑞景山庄东南2门北60米,18.786276,109.517498,
200,五指山通什旺通餐饮店,餐饮服务,五指山市,,,三月三国际购物广场,18.772534,109.519758,
200,壹方餐饮,餐饮服务,五指山市,,,夜市一条街60号,18.776364,109.520607,
200,新阿哥餐饮店,餐饮服务,五指山市,,,琼州学院附属中学东北门旁,18.769670,109.520299,
200,尝乐餐饮店,餐饮服务,五指山市,,,森林湖南门西220米,18.762275,109.529125,
200,永发营养餐饮店,餐饮服务,五指山市,,,迎宾路与苑文路交叉口南280米,18.748713,109.554711,
200,每食美客餐饮店,餐饮服务,五指山市,,,南圣镇南水路12-1家家福超市对面,18.737427,109.591261,
200,食全食美餐饮店,餐饮服务,五指山市,,,南水路27-1号,18.738175,109.592075,
200,欢味餐饮店,餐饮服务,五指山市,,,南水路与文化路交叉口东北160米,18.738880,109.593334,
200,有滋有味餐饮店(南水路店),餐饮服务,五指山市,,,南圣镇职工宿舍楼1层104号,18.738693,109.593428,
200,餐城餐饮店,餐饮服务,五指山市,,,牙南村民委员会东侧130米,18.740969,109.615089,
201,用顺福餐饮店,餐饮服务,昌江黎族自治县,,,北斗东路,19.378764,108.760236,
201,兴明餐饮店,餐饮服务,昌江黎族自治县,,,海尾镇中心大道130号,19.422489,108.817718,
201,周香来餐饮店,餐饮服务,昌江黎族自治县,,,石碌镇大坡财富港湾c区1栋01号铺面,19.312184,109.047576,
201,潮族人家餐饮店,餐饮服务,昌江黎族自治县,,,人民南路与昌盛路交叉口南100米,19.250850,109.048643,
201,阿琴餐饮店,餐饮服务,昌江黎族自治县,,,永昌路与人民北路交叉口西北80米,19.261065,109.050577,
201,妙蛙种子餐饮店,餐饮服务,昌江黎族自治县,,,昌江大道西侧春梅宾馆对面,19.290855,109.054744,
201,潮家人快速餐饮店,餐饮服务,昌江黎族自治县,,,人民北路58-104号,19.262264,109.051955,
201,金兰岛酒店餐饮部,餐饮服务,昌江黎族自治县,,,人民北路243-246号(和源小区对面),19.280260,109.055404,
201,名好记餐饮店(恒基广场店),餐饮服务,昌江黎族自治县,,,石碌镇市民广场二路山海黎巷美食街S13号楼一层01016、01017、01018号商铺,19.289715,109.056560,
201,顺顺利利餐饮店,餐饮服务,昌江黎族自治县,,,健民路与铁城路交叉口西40米,19.256789,109.055081,
201,绿竹新餐饮店,餐饮服务,昌江黎族自治县,,,民中路与人民北路交叉口东南260米,19.272487,109.057048,
201,金海餐饮店,餐饮服务,昌江黎族自治县,,,铁城北路,19.257153,109.055622,
201,钟记冰爽餐饮店,餐饮服务,昌江黎族自治县,,,海虹路8号,19.258902,109.058116,
201,周香餐饮店,餐饮服务,昌江黎族自治县,,,石碌镇和瑞园1栋108号,19.271742,109.060856,
202,澄迈鑫福休闲农庄有限公司,体育休闲服务,澄迈县,,,福山镇红光居土艳村临9号,19.786803,109.950253,
202,香辣皇族餐饮连锁,餐饮服务,澄迈县,,,金江镇文化北路66号,19.742807,110.007548,
202,貞味盐焗鸡,餐饮服务,澄迈县,,,省直辖县老城镇四季康一期ab区4号门入口处,19.957139,110.125369,
202,十八碗(澄迈老城店),餐饮服务,澄迈县,,,老城镇澄江南路东侧锦城百花里商场三楼3005号铺面,19.956475,110.126559,
203,海南日香餐饮服务有限责任公司,餐饮服务,定安县,,,省直辖县定城镇山椒社区多校村368号,19.703858,110.331785,
203,大嘉庭餐饮店,餐饮服务,定安县,,,和平南路29号,19.694682,110.330944,
203,龙盛香阁园餐饮店,餐饮服务,定安县,,,和平北路与见龙大道交叉口东北240米,19.698479,110.332885,
203,定安雷鸣奇顺牛腩粉店餐饮店,餐饮服务,定安县,,,雷鸣镇立新街102号,19.551375,110.324875,
203,佳佳恒富美源味餐饮饭店,餐饮服务,定安县,,,岳崧东三街与岳崧路东二街交叉口西60米,19.678984,110.348305,
203,岭口时光里餐饮店(繁兴街店),餐饮服务,定安县,,,岭口镇繁兴街14号,19.341975,110.310459,
203,虾满堂餐饮店(幸福路店),餐饮服务,定安县,,,黄竹镇幸福街185号,19.474964,110.446557,
203,有家蚝客餐饮店,餐饮服务,定安县,,,黄竹镇昌兴一横路2号,19.472631,110.447387,
204,改清餐饮店,餐饮服务,秀英区,,,海盛路辅路与兴贸路交叉口西160米,20.009275,110.245325,
204,美膳餐饮,餐饮服务,秀英区,,,西海岸长怡路23号城市海岸,20.018988,110.251256,
204,栢旺餐饮馆,餐饮服务,秀英区,,,一横路35号,19.997056,110.276080,
204,六万餐饮,餐饮服务,秀英区,,,儒益村路与儒益二街交叉口北40米,19.976325,110.277775,
204,海南佳派餐饮管理有限公司,公司企业,秀英区,,,岭北二路与创新路交叉口东南260米,19.937075,110.273275,
204,特惠享·私房药膳餐饮,餐饮服务,秀英区,,,海榆中线29号海口秀英万达广场,19.979458,110.280675,
204,海南银达国际餐饮管理有限公司海口紫荆百货分店,公司企业,龙华区,,,紫荆路1号紫荆百货,20.023175,110.298825,
204,凤姐餐饮·海鲜加工店,餐饮服务,龙华区,,,滨海街道滨涯路68号龙华区农贸市场,20.002025,110.301075,
204,食尚餐饮店,餐饮服务,龙华区,,,海燕小学苍西学校东南门西南110米,19.965820,110.301942,
204,容妈餐饮店,餐饮服务,龙华区,,,秀英村220号,20.018275,110.309258,
204,家合餐饮店,餐饮服务,龙华区,,,滨涯路24号铺面,20.002118,110.308172,
204,广味星火牛杂餐饮店,餐饮服务,龙华区,,,华垦路10号,20.015526,110.311779,
204,海口美源汇餐饮管理有限公司,公司企业,龙华区,,,中城商场,20.025034,110.319677,
204,海口嘉辉餐饮管理有限公司,公司企业,龙华区,,,国贸路49港澳发展大厦F4层,20.025625,110.321325,
204,海南品味餐饮管理有限公司,公司企业,美兰区,,,恒福居商业广场福满楼,20.062160,110.326293,
204,玖九号餐饮,餐饮服务,龙华区,,,海马一横路与海马一路交叉口东南60米,19.977425,110.314875,
204,海南北纬十八度餐饮管理有限公司,公司企业,美兰区,,,恒福居商业广场恒富楼,20.062326,110.326820,
204,海南芳姐餐饮管理有限公司,公司企业,龙华区,,,椰海大道361号,19.972065,110.316224,
204,海南梧市餐饮管理有限责任公司,公司企业,龙华区,,,国贸大厦B座,20.027725,110.324475,
204,猩鲜餐饮供应链(海口)有限公司,公司企业,龙华区,,,南沙路与金濂路交叉口东北120米,19.998498,110.320873,
204,薄河餐饮(海口)有限责任公司,公司企业,龙华区,,,国贸路19号城市精英F2层,20.027489,110.324943,
204,怡昌餐饮店,餐饮服务,美兰区,,,海昌路2-3号怡昌花园,20.062992,110.331896,
204,赖姐餐饮店,餐饮服务,龙华区,,,龙昆北路32-8号天骋康都,20.027075,110.328975,
204,川之源餐饮,餐饮服务,美兰区,,,白沙门中村2号,20.066499,110.337696,
204,海口龙华建仕餐饮店,餐饮服务,龙华区,,,龙华公寓西南门旁,20.036875,110.334175,
205,九记桂林米粉猪脚饭(凯丰滨海幸福城店),餐饮服务,儋州市,,,华浦路凯丰滨海幸福城11号-s191,19.759477,109.225950,
205,方味源餐饮店,餐饮服务,儋州市,,,那大东风路189号第14和15间商铺,19.509007,109.577152,
205,那大黎记干蒸餐饮店,餐饮服务,儋州市,,,兴隆路与文化北路交叉口西100米,19.522025,109.582015,
205,儋语栈餐饮店(烤吧),餐饮服务,儋州市,,,那大镇水岸名都三期名都天街3栋3层整层,19.535800,109.583786,
205,湘亲餐饮(夏日广场店),餐饮服务,儋州市,,,夏日广场6号楼122-123号商铺,19.527393,109.588898,
205,海南韩聚味餐饮管理有限公司,公司企业,儋州市,,,兰洋北路111号夏日广场,19.528375,109.589625,
205,儋州那大稻花湘餐饮店,餐饮服务,儋州市,,,那大镇新市民花园小区A29A30,19.519731,109.592219,
206,华东里餐饮店,餐饮服务,万宁市,,,兴生南路与兴隆大道交叉口西60米,18.745634,110.208829,
206,荣鑫桑拿菜馆(侨乡路店),餐饮服务,万宁市,,,兴隆橡胶第五分公司五十一队,18.705009,110.260499,
206,岛里椰·蒸汽桑拿菜(神州半岛店),体育休闲服务,万宁市,,,滨海大道神州半岛阿拉莫纳小镇Z3-5栋,18.674574,110.346149,
206,ManninG海岛商店,购物服务,万宁市,,,东澳镇神州半岛肆海集L3-1,18.674007,110.346378,
206,茶湘湖南菜餐饮店(万宁万城店),餐饮服务,万宁市,,,环市一路雅斯特国际酒店南侧20米,18.802243,110.381247,
206,匠子烤鱼(文化商业广场店),餐饮服务,万宁市,,,人民中路16号文化商业广场F1层,18.798625,110.389575,
207,全香鹅肉餐饮店(万泉河店),餐饮服务,琼海市,,,万泉河规划一路佳旺中西茶店对面,19.246087,110.458889,
207,果山餐饮店,餐饮服务,琼海市,,,爱海南路11号,19.235558,110.460816,
207,旺春餐饮店,餐饮服务,琼海市,,,爱华东路与双爱街交叉口东40米,19.240525,110.479275,
207,博鳌聚财蛙餐饮馆,餐饮服务,琼海市,,,东山街33号,19.160957,110.584912,
208,吴越人家餐饮文化管理(海安)有限公司,公司企业,海安市,,,弘扬路与北三环路交叉口东南240米,32.573025,120.461775,
208,南通晨品汇餐饮管理有限公司,公司企业,海安市,,,城东镇五坝村18组8号,32.578105,120.481167,
208,美豪丽致酒店·餐饮部(海安市政府店),餐饮服务,海安市,,,中坝南路与长江中路交叉口西南80米,32.529075,120.465875,
208,南通晟凡餐饮管理有限公司,公司企业,海安市,,,市城东镇迎宾路171号2幢104室,32.541875,120.502525,
208,南通昊驰餐饮管理有限公司,公司企业,如皋市,,,如皋市城北街道陆姚居四组29号,32.353906,120.509712,
208,江苏和府餐饮管理有限公司,公司企业,如皋市,,,益寿北路889号,32.426447,120.545139,
208,锦悦餐饮,餐饮服务,如皋市,,,如城街道中山西路288号,32.380875,120.530125,
208,和府餐饮采研中心,商务住宅,如皋市,,,益寿北路108号,32.418912,120.544833,
208,三餐四季餐饮(三餐四季如皋店),餐饮服务,如皋市,,,庆余路与益寿路交叉口东北80米,32.396675,120.549075,
208,如皋市随食小餐饮店,餐饮服务,如皋市,,,如城街道136号东,32.392792,120.572185,
208,雉膳屋餐饮店,餐饮服务,如皋市,,,皋南新村西区东1门旁,32.374623,120.566436,
208,佳愉餐饮邻里爱心食堂,餐饮服务,如皋市,,,如城街道红坝社区三组,32.386128,120.574464,
208,东北风餐饮店(如皋吾悦广场店),餐饮服务,如皋市,,,第吾大道吾悦广场四楼,32.367974,120.576347,
208,如皋知味轩餐饮店,餐饮服务,如皋市,,,如城街道解放新村新城吾悦广场2幢1131室、1132室、1133室,32.368027,120.577796,
208,钰锦园餐饮店,餐饮服务,如皋市,,,府西路909号,32.363225,120.576225,
208,如皋红富餐饮配送有限公司,公司企业,如皋市,,,庆余东路100号,32.400726,120.592703,
208,一二三快速餐饮(万颐广场店),餐饮服务,海安市,,,李堡镇惠民路28号2幢102-105室,32.556255,120.689893,
208,通味轩餐饮店,餐饮服务,如皋市,,,石庄镇石庄路86号业琛商业广场,32.142025,120.535575,
208,南通麦味坊餐饮有限公司,公司企业,崇川区,,,长江北路568号,32.040516,120.769530,
208,南通缘雅餐饮管理服务有限公司,餐饮服务,崇川区,,,起凤街28号(和平桥地铁站4号口步行260米),32.014234,120.854961,
208,兄弟餐厅(启秀路店),餐饮服务,崇川区,,,启秀路15号,32.010020,120.868814,
208,嘉华餐饮(南通总部),公司企业,崇川区,,,钟秀中路62-2号,32.032153,120.885574,
208,崇川福膳楼餐饮店,餐饮服务,崇川区,,,文峰街道虹桥路8号尚海湾附5-103号,31.994894,120.883594,
208,会客小馆餐饮店,餐饮服务,崇川区,,,果明路学士府42幢102号,31.998725,120.893425,
208,南通食宜坊餐饮管理有限公司,公司企业,崇川区,,,南通创新中心c-9,31.998774,120.897448,
209,连云港桃林蒋记食品有限公司,餐饮服务,东海县,,,牛桃公路与东门大街交叉口西180米,34.507764,118.496691,
209,炒鸡蛋芸之芸餐饮店,餐饮服务,东海县,,,东方银座309-1号,34.533255,118.797000,
209,吃了么餐饮店,餐饮服务,赣榆区,,,赣马镇官河村501号,34.924517,119.068041,
209,海州湾服务区真馨食驿,餐饮服务,赣榆区,,,海州湾服务区西30米,34.901900,119.117606,
209,大蚝宅餐饮店,餐饮服务,赣榆区,,,青口镇二道街文化街区C1-1-2号商铺,34.835599,119.126200,
209,正正香餐饮,餐饮服务,赣榆区,,,"海头镇海后村海龙路251号,紧靠新204路东",34.943312,119.171111,
209,美味小馆餐饮店,餐饮服务,赣榆区,,,青口镇华中路95号时代广场,34.837280,119.130117,
209,江苏松霖餐饮有限公司赣榆区储存基地,公司企业,赣榆区,,,海头镇南朱皋村洪村1号,34.954059,119.181644,
209,江苏安港餐饮管理有限公司,公司企业,海州区,,,洪门工业园区安百利路北2号,34.600425,119.114575,
209,朐缘餐饮店,餐饮服务,海州区,,,幸福路与园丁巷交叉口东南240米,34.579492,119.144680,
209,周小厨餐饮,餐饮服务,海州区,,,人民路66号宝安商业广场C区20号,34.609604,119.167993,
209,环煜餐饮,餐饮服务,海州区,,,大庆西路22号西城综合市场,34.592380,119.165151,
209,悦享中式餐饮,餐饮服务,海州区,,,南极北路与建国路交叉口西北180米,34.607537,119.173253,
209,红双喜淮扬菜(海昌北路店),餐饮服务,海州区,,,海昌北路21号,34.598449,119.179815,
209,柒星界(连云港)餐饮管理有限公司,公司企业,海州区,,,海昌南路与朝阳中路交叉口北140米,34.590425,119.180925,
209,江苏川满龙餐饮服务有限公司,公司企业,海州区,,,小学路14-1兆隆大厦,34.591745,119.186464,
209,连云港尊立方餐饮服务有限公司,公司企业,海州区,,,建设中路与龙西南路交叉口西南40米,34.585937,119.195098,
209,连云港百草萌餐饮服务有限公司,公司企业,海州区,,,2号楼101百草萌,34.618323,119.208882,
209,悦之来餐饮店,餐饮服务,海州区,,,锦屏镇通灌南路392号吾悦华府1号楼105室,34.568639,119.191575,
209,连云港校友餐饮服务有限公司,公司企业,海州区,,,苍梧路45号(校友川菜馆总店隔壁),34.601430,119.205095,
209,丰驰人家餐饮店,餐饮服务,海州区,,,东盐河路10-1号东盐河街B5栋一层L1-1号,34.612691,119.209531,
209,连云港鼎美餐饮服务有限公司,公司企业,海州区,,,科苑中路与凌州东路交叉口西南140米,34.615331,119.211458,
209,於氏餐饮虾神龙虾,餐饮服务,海州区,,,巨龙南路八百城市走廊99-26号,34.597125,119.205675,
209,连云港市口口发餐饮管理有限公司,公司企业,海州区,,,郁洲南路199号,34.576708,119.199941,
209,悦合嘉成连云港餐饮管理有限公司,公司企业,海州区,,,家得福(双盛花园店),34.592401,119.206167,
210,天都羊餐饮管理(南京)有限公司,公司企业,浦口区,,,星甸街道王村村党群服务中心对面,31.906907,118.444798,
210,南京香山湖餐饮管理有限公司,公司企业,浦口区,,,珠江工业园雅园路10号,32.030848,118.612328,
210,南京列卡广告科技有限公司,公司企业,浦口区,,,新科二路22号1层,32.170399,118.709392,
210,乐和餐饮(南京河西金地广场店),餐饮服务,建邺区,,,江东南路95号河西金地广场4楼L3004-3005L4003-4005号商铺,31.976092,118.691341,
210,南京逸淮轩餐饮管理有限公司,公司企业,建邺区,,,乐山路滨江公园(奥体中心地铁站6号口步行200米),32.010859,118.718257,
210,乐山小筑餐饮管理有限公司,公司企业,建邺区,,,应天大街辅路与乐山路交叉口西60米,32.024158,118.725085,
210,同庆楼(国泰金融中心店),餐饮服务,建邺区,,,庐山路266号国泰金融中心3栋,31.986684,118.716903,
210,九五侯私宴餐饮店,餐饮服务,雨花台区,,,西善桥街道417公路西风井厂房,31.943547,118.703017,
210,乐和餐饮(建邺万达店),餐饮服务,建邺区,,,江东中路98号万达广场(南京建邺店)3F层,32.032231,118.735594,
210,小菜园国际控股有限公司,公司企业,建邺区,,,河西金鹰A座33层,32.024358,118.740440,
210,江苏省金陵建工集团,公司企业,建邺区,,,国秀广场,31.983466,118.735561,
210,江苏翠意餐饮管理有限公司,公司企业,建邺区,,,奥体大街67号3层(新城科技园地铁站1号口步行190米),31.993402,118.740716,
210,南京食年鎏金餐饮有限公司,公司企业,建邺区,,,牡丹江街2号负一层,31.996929,118.748574,
210,豪七馆棋牌餐饮茶社店,餐饮服务,建邺区,,,熙乐汇广场4楼4F-05,32.026925,118.758875,
210,金洲宴餐饮馆,餐饮服务,栖霞区,,,临江烟酒店北侧,32.211766,118.835669,
210,鼎技餐饮创业,公司企业,秦淮区,,,集庆路与仙鹤街交叉口西北40米,32.018925,118.774425,
210,南京铁林科技发展有限公司,公司企业,秦淮区,,,熙南里B12号楼号12,32.026005,118.782520,
210,臻我健身keep real,体育休闲服务,秦淮区,,,茂业天地负二层1907-B02,32.022091,118.785776,
210,南京喜牛锅餐饮管理有限公司,公司企业,雨花台区,,,大定坊工业园区园林路8号2楼,31.944267,118.760392,
210,诗宴,餐饮服务,玄武区,,,龙蟠路88号,32.075481,118.809142,
210,南京广洋餐饮管理有限公司,公司企业,江宁区,,,秣陵街道秣陵街道将军大道6号南京J6软件创意园9幢,31.951919,118.779705,
210,南京梅花餐饮管理有限公司,公司企业,玄武区,,,童卫路与中山门大街交叉口西南120米,32.038692,118.840486,
210,南京笠旺餐饮管理有限公司,公司企业,玄武区,,,玄武大道699-8号徐庄软件园研发一区9幢A座210室,32.089493,118.880546,
210,南京路野餐饮管理有限公司,公司企业,玄武区,,,玄武湖街道苏宁大道64号6号楼510/511室,32.084492,118.881642,
210,江苏汉龙餐饮管理有限公司,公司企业,栖霞区,,,仙隐北路7号山居十六院别墅区3栋,32.104478,118.896587,
211,主流广告传媒有限公司,公司企业,张家港市,,,港城大道757号,31.895914,120.539147,
211,凯展图文广告有限公司,公司企业,吴中区,,,香山街道太湖国家旅游度假区云语铂园39幢201室,31.233583,120.419217,
211,苏州市玉兰花餐饮管理有限公司,公司企业,吴中区,,,松海路266号,31.260421,120.448962,
211,高新区枫桥御锦楼餐饮店,餐饮服务,虎丘区,,,马涧商业广场二期四楼,31.317409,120.503889,
211,新梅华餐饮管理有限公司,公司企业,吴中区,,,灵天路699号6号楼,31.282724,120.504549,
211,苏州浩博餐饮管理有限公司,餐饮服务,吴中区,,,胥口镇苏福路189号乐汇商业广场1幢1045室,31.252526,120.494848,
211,苏州东徽苑餐饮管理有限公司,公司企业,姑苏区,,,白洋湾街道商业中心,31.328374,120.567145,
211,苏州驰越餐饮有限公司,公司企业,常熟市,,,联丰路60号48幢,31.691475,120.709425,
211,苏州喜谷餐饮管理有限公司,公司企业,虎丘区,,,滨河路611号创业大厦3幢F1层,31.284395,120.571015,
211,苏州悦品枫江餐饮管理有限公司,餐饮服务,虎丘区,,,运河路28号永利广场B3幢,31.290230,120.574789,
211,姑苏区悦雅阁餐饮馆,餐饮服务,姑苏区,,,苏站路1599号好百年商业广场1号楼3层,31.330775,120.605525,
211,来噻阁餐饮店,餐饮服务,姑苏区,,,王天井巷142号,31.313609,120.617559,
211,苏州文海餐饮设备仓库,公司企业,相城区,,,泰元路88号,31.398625,120.648525,
211,苏州市姑苏区云贵客餐饮店,餐饮服务,姑苏区,,,旧学前8号(悬桥巷地铁站1号口步行70米),31.314489,120.628624,
211,闽蒲汇餐饮店,餐饮服务,姑苏区,,,十全街32号,31.299577,120.642981,
211,米渣烧鸡公餐饮店,餐饮服务,吴中区,,,欧蓓莎广场3幢,31.220625,120.619975,
211,苏州好之义餐饮服务有限公司,餐饮服务,吴中区,,,兴南路19号13栋,31.226746,120.644339,
211,江苏品绿餐饮管理有限公司,公司企业,常熟市,,,虞东公路568号,31.650925,120.813317,
211,松陵镇桂宝餐饮店,餐饮服务,吴江区,,,笠泽路与广源路交叉口,31.150023,120.645762,
211,苏州益华餐饮服务管理有限公司,公司企业,吴中区,,,金达路10号,31.358860,120.748776,
211,天添留香(江苏)餐饮文化有限公司,公司企业,吴中区,,,春辉路5号跨春工业坊7C一楼,31.351525,120.746425,
211,苏州新伊斯顿餐饮管理有限公司,公司企业,吴中区,,,春辉路5号,31.351441,120.748833,
211,苏州金品膳餐饮管理有限公司,公司企业,吴中区,,,苏州工业园区唯西路102号,31.354801,120.751620,
211,苏州市尚恩德餐饮服务有限公司,公司企业,吴江区,,,庞金路1801号16幢203,31.131881,120.672265,
211,桂喜山·苏州山里菜(斜塘老街店),餐饮服务,吴中区,,,松涛街斜塘老街2期20栋1-2层,31.304443,120.735128,
212,江苏三昊餐饮有限公司宿迁分公司,公司企业,宿城区,,,栖霞山路28号,33.957914,118.202770,
212,宿迁市大志餐饮有限公司,公司企业,宿城区,,,纬二路6号联东U股10号楼,33.920463,118.190857,
212,浙派餐饮,餐饮服务,宿城区,,,耿车镇新华村一组锦绣商贸城,33.906850,118.188056,
212,宿迁天成餐饮管理有限公司,公司企业,宿城区,,,箭鹿大道101号,33.949013,118.207256,
212,宿迁叁陆玖餐饮管理有限公司,公司企业,宿城区,,,耿车循环经济产业园创业南路,33.903131,118.191378,
212,宿迁亿腾餐饮管理有限公司,公司企业,宿城区,,,西城大厦,33.920892,118.204736,
212,勺勺鲜餐饮店,餐饮服务,宿城区,,,微山湖西路31-50号,33.953919,118.230191,
212,宿迁市鸿博餐饮管理有限公司,餐饮服务,宿城区,,,万存科技城2栋一层,33.916975,118.232875,
212,宿迁市互源餐饮管理有限公司,公司企业,宿豫区,,,湖滨新区玉兰路18号,34.050949,118.293388,
212,宿迁跃源餐饮管理有限公司,公司企业,宿豫区,,,玉兰路18号,34.050585,118.293350,
212,好食汇餐饮,餐饮服务,宿城区,,,府前和谐小区42排3号,33.958071,118.261886,
212,宿迁翔梦餐饮管理有限公司仓库(1号库),公司企业,宿城区,,,世纪大道299号,33.913605,118.259390,
212,香帅锅餐饮店,餐饮服务,宿豫区,,,晓店街道三台山大道与青铜路交叉口东100米,34.058199,118.318686,
212,嘉翼餐饮,餐饮服务,宿城区,,,幸福新城·阅湖花园南2门东60米,33.975159,118.291750,
212,张记摩吉餐饮(宿城店),餐饮服务,宿城区,,,幸福新城·阅湖花园南门西南100米,33.975406,118.292304,
212,可莱家餐饮店,餐饮服务,宿城区,,,宿城区经济开发区绿地琼苑南门往东60米,33.877898,118.272016,
212,宿迁市潮乐基餐饮管理有限公司,公司企业,宿城区,,,银座百货(宿迁宿城店),33.953475,118.299425,
212,宿城区巷往食研餐饮店,餐饮服务,宿城区,,,黄河南路166号八角楼书店一楼入口处,33.941863,118.297994,
212,瑞时达餐饮配送服务有限公司,公司企业,宿城区,,,华夏大道22号,33.901625,118.300525,
212,重岗山服务区合驿鲜餐厅,餐饮服务,泗洪县,,,S49新扬高速附近,33.547784,118.181688,
212,文龙餐饮店,餐饮服务,宿豫区,,,珠江花园西门02号,33.938275,118.323825,
212,重岗山服务区合驿鲜餐厅,餐饮服务,泗洪县,,,重岗山服务区东侧,33.548093,118.184475,
212,乐邦餐饮,餐饮服务,泗洪县,,,迎宾大道,33.443066,118.185280,
212,小食院金街小餐饮店,餐饮服务,泗洪县,,,zhoumo小食院,33.458447,118.200705,
212,宿迁橙市菜篮餐饮管理有限公司,公司企业,宿城区,,,临港路运河宿迁港产业园D栋,33.851965,118.344358,
213,明祖陵服务区餐饮,餐饮服务,盱眙县,,,明祖陵服务区东北侧,33.089340,118.417796,
213,鲜悦坊餐饮,餐饮服务,盱眙县,,,331省道三桥段三桥南端右侧,32.971393,118.465343,
213,盱眙舌不凡餐饮管理有限公司,公司企业,盱眙县,,,金源北路19号海通时代广场A区,33.007751,118.526921,
213,梦之蓝品牌餐饮(五环·中央公馆店),餐饮服务,盱眙县,,,盱城街道甘泉西路3号五环中央公馆23幢10009室,33.003993,118.527451,
213,满意龙虾馆叶姐餐饮,餐饮服务,盱眙县,,,盱城街道甘泉西路7号山水名都E1幢10010室,33.004671,118.531520,
213,全季酒店餐饮部,餐饮服务,盱眙县,,,金鹏大道58号家禧广场,32.983767,118.529214,
213,宽味堂餐饮店,餐饮服务,盱眙县,,,合欢大道与小康东路交叉口西北120米,33.005325,118.542375,
213,靠山屯餐饮店,餐饮服务,盱眙县,,,合欢大道10号,32.998199,118.543461,
213,江苏欧记餐饮管理有限公司,公司企业,盱眙县,,,甘泉路15号,32.999213,118.548944,
213,盱眙虾汁味餐饮管理有限公司,公司企业,盱眙县,,,工业集中区工业大道A16栋,33.004822,118.580258,
213,八仙台服务区餐厅,餐饮服务,盱眙县,,,中国石化江苏高速公路能源发展有限公司八仙台服务区加油站西侧100米,32.919489,118.655442,
213,淮安洪泽城南夜市运营管理有限公司,餐饮服务,洪泽区,,,高良涧街道方特大道东方欲晓东侧停车场对面城南夜市商户1号,33.272118,118.844261,
213,串巷子餐饮店,餐饮服务,洪泽区,,,高良涧街道东三街S0H0商办楼H幢15号,33.296768,118.871627,
213,淮安洪陵锅贴餐饮连锁有限公司,公司企业,洪泽区,,,洪泽区洪陵锅贴餐饮连锁有限公司,33.201780,118.849606,
213,淮安做大做强畜牧服务有限公司,公司企业,清江浦区,,,学院路9-5(高朋悦来餐厅隔壁),33.598728,119.003617,
213,清江浦区梨圆老店餐饮部,餐饮服务,清江浦区,,,中天西城商业广场2号楼102室,33.612107,119.008657,
213,淮安熊记餐饮管理服务有限公司,公司企业,清江浦区,,,北京北路与军营西路交叉口东北140米,33.615510,119.010206,
213,尊喜餐饮设备有限公司,公司企业,淮阴区,,,珠江路168-176,33.647066,119.022648,
213,菜更好餐饮店,餐饮服务,淮阴区,,,长江路街道尚都汇B区2幢112室,33.644868,119.025887,
213,江苏百品汇餐饮管理有限公司,公司企业,淮阴区,,,钱江路24号,33.652027,119.041784,
213,中豪餐饮,餐饮服务,淮阴区,,,王家营街道办事处东昇花园A号楼104号,33.622602,119.032736,
213,盱眙服务区餐厅,餐饮服务,盱眙县,,,盱眙服务区东侧,32.787138,118.735825,
213,强仔一饭一面餐饮店,餐饮服务,淮阴区,,,承德北路559号帝景豪庭,33.620075,119.037225,
213,甄材美味餐饮美食城,餐饮服务,清江浦区,,,新民西路与南门小街交叉口西140米,33.582071,119.025339,
213,君味记中式餐饮,餐饮服务,清江浦区,,,淮海南路与西大街交叉口南220米,33.587752,119.029507,
214,徐州丰食源餐饮管理有限公司袁集分公司,公司企业,丰县,,,袁集村党群服务中心南100米,34.728339,116.503688,
214,优鼎餐饮,餐饮服务,丰县,,,汉城商贸城东B区1-2,34.697925,116.591675,
214,非尝兄弟食品有限公司,餐饮服务,丰县,,,广源路与西城路交叉口东100米,34.674894,116.586612,
214,沛县旺角楼餐饮店(旺角楼烧烤自助中金广场),餐饮服务,沛县,,,"汉兴路中金商贸国际广场5号楼106,107,108号",34.746725,116.915275,
214,徐州美泉餐饮服务有限公司,公司企业,泉山区,,,时代大道与旺泉路交叉口东160米,34.320183,117.097878,
214,徐州郑氏餐饮管理有限公司,公司企业,铜山区,,,徐州市铜山区458镇道,34.265847,117.091648,
214,村上香餐饮,餐饮服务,铜山区,,,徐州市铜山区村上香餐饮,34.402755,117.157450,
214,滋滋香餐饮店,餐饮服务,鼓楼区,,,九里新苑五期,34.321485,117.153575,
214,齐轩茗餐饮,餐饮服务,鼓楼区,,,天齐路69号九里悦园46幢1单元119号,34.318723,117.161690,
214,君心喜悦酒店-餐饮部,餐饮服务,泉山区,,,二环西路与湖北路交叉口东南100米,34.248881,117.158311,
214,江苏朋膳餐饮管理有限公司,公司企业,铜山区,,,凤河西路与凤河路交叉口西340米,34.166165,117.133668,
214,团结十四餐饮店,餐饮服务,泉山区,,,王陵街道玉带西街培正巷41号二楼,34.257297,117.183153,
214,惠佰亿餐饮,餐饮服务,鼓楼区,,,公安局交警支队鼓楼大队事故中队北23米,34.279587,117.195754,
214,传红餐饮,公司企业,泉山区,,,泰山路泰山商贸中心A2号1层,34.233195,117.182022,
214,汉之源餐饮管理(徐州)有限公司,公司企业,云龙区,,,和平路90号三楼,34.250196,117.190698,
214,老虎餐饮连锁(民主南路店),餐饮服务,云龙区,,,民主南路3号综合楼7-121,34.255897,117.196254,
214,徐州市华盛餐饮企业管理有限公司,公司企业,泉山区,,,凤台路与凤鸣一巷交叉口东20米路南,34.238880,117.191796,
214,江苏米柒餐饮管理有限公司,公司企业,铜山区,,,珠江西路29号(浦江路地铁站1号口步行450米),34.169318,117.169120,
214,徐州麦麦羊信息技术有限公司,餐饮服务,泉山区,,,软件园路与奎淮路交叉口南100米,34.229424,117.202623,
214,朗祺长新餐饮管理有限公司,公司企业,铜山区,,,铜山新区铜山街道民园路32号,34.190597,117.195455,
214,思念餐饮食材(徐州美禾坊冻品有限公司),公司企业,泉山区,,,奎河路与迎宾大道交叉口东北300米,34.233127,117.214973,
214,徐州智享餐饮管理有限公司,公司企业,鼓楼区,,,长安大道76号,34.310875,117.270925,
214,徐州爱德餐饮管理有限公司,公司企业,鼓楼区,,,瑞威东路与金港路交叉口南180米,34.310306,117.290014,
214,妈饱饱餐饮店,餐饮服务,云龙区,,,云台路6号泊林公馆SY4号楼1-101,34.217804,117.272170,
214,早香来餐饮(新城区店),餐饮服务,云龙区,,,绿地中央公元2期东区东门旁,34.215685,117.284536,
215,三餐四季餐饮(溧竹线店),餐饮服务,溧阳市,,,溧阳勤富食品有限公司西北侧120米,31.546841,119.337358,
215,豪泓大酒店餐饮部,餐饮服务,溧阳市,,,永安路与五星大道交叉口西80米,31.447375,119.333075,
215,院子里乐妈餐饮·中餐(沿河东路店),餐饮服务,金坛区,,,沿河东路99号,31.739693,119.571570,
215,图宴餐饮会所,餐饮服务,金坛区,,,金坛大道与华阳路交叉口西北120米,31.720904,119.595019,
215,徽掌柜餐饮店,餐饮服务,溧阳市,,,昆仑南路20-4号,31.421191,119.497015,
215,溧阳市天目湖桑树田里农庄餐饮店,餐饮服务,溧阳市,,,天目湖镇田家山村委小陈庄村118号4幢,31.305680,119.459295,
215,溧阳市大树餐饮有限公司,公司企业,溧阳市,,,腾飞路388号,31.464063,119.523307,
215,金义福餐饮管理有限公司,公司企业,金坛区,,,开发区日新大厦7号,31.759739,119.640331,
215,家味鲜餐饮(迎宾花园店),餐饮服务,新北区,,,迎宾路A-77,31.845919,119.823713,
215,常州一品华盛餐饮管理有限公司,公司企业,钟楼区,,,友谊南路130号,31.775435,119.804851,
215,常州锦润餐饮管理有限公司,公司企业,武进区,,,坤鼎常州西太湖创新产业园23栋3楼,31.730862,119.817252,
215,常州市泓润餐饮管理有限公司,公司企业,钟楼区,,,常州市钟楼区邹区镇工业园(杨庄村),31.782699,119.838973,
215,江苏济善餐饮管理有限公司,公司企业,钟楼区,,,邹区镇工业大道15号,31.782667,119.838969,
215,江苏瑞康餐饮管理有限公司,公司企业,钟楼区,,,新西路与工业大道交叉口东160米,31.777385,119.840480,
215,喜子餐饮有限公司,公司企业,钟楼区,,,邹区镇岳津路8号,31.793932,119.848348,
215,常州市常宴餐饮管理有限公司,公司企业,武进区,,,锦程路与长虹西路交叉口东南360米,31.730575,119.834125,
215,常州企乐餐饮管理有限公司,公司企业,武进区,,,竹香路12号,31.709336,119.839436,
215,常州思迈尔餐饮管理有限公司,公司企业,武进区,,,禾香路20-1号,31.712625,119.841651,
215,江苏金立餐饮设备有限公司,公司企业,钟楼区,,,新闸街道龙城大道2265号城建中南创智云谷27幢2号楼,31.841881,119.890693,
215,常州隆翔餐饮食材供应链,公司企业,钟楼区,,,新阳光国际食品城36幢26-27,31.767287,119.864695,
215,常州市成业餐饮管理有限公司,公司企业,钟楼区,,,枫香路55-1号,31.780375,119.872925,
215,江苏伊江南餐饮管理有限公司,公司企业,钟楼区,,,怀德南路与玫瑰路交叉口西北240米,31.776023,119.881595,
215,常州市祖昌餐饮管理有限公司(新北店),公司企业,新北区,,,常州吉泽智能科技有限公司东北侧130米,31.925459,119.935757,
215,常州市鑫和顺餐饮管理有限公司,公司企业,新北区,,,滨江国际企业港2号楼5楼506室,31.936556,119.953212,
215,常州青枫餐饮管理有限公司,公司企业,钟楼区,,,星港路与龙江中路辅路交叉口东北80米,31.797675,119.911175,
216,响水县响水镇响里人家餐饮店,餐饮服务,响水县,,,花园小区门面(幸福路85一4),34.192279,119.577802,
216,和天下餐饮(台湾省牛肉面),餐饮服务,响水县,,,[],34.185457,119.594222,
216,响水县响水镇市井盐味手擀面大王餐饮,餐饮服务,响水县,,,开山路港电家园南侧,34.182995,119.593530,
216,蛋养道响水餐饮店一店(膳食调理),餐饮服务,响水县,,,响水镇浙江商贸城A1幢103室(响水湖西门对面),34.191450,119.598771,
216,盐城乐几几餐饮管理有限公司,公司企业,响水县,,,小尖镇郭庄村二组204国道东侧15号,34.134778,119.644152,
216,运河服务区餐厅,餐饮服务,响水县,,,204国道与运河服务区交叉口北120米,34.065944,119.743386,
216,寻籽粒餐饮,餐饮服务,滨海县,,,港城路289号臻园小区37幢111-112室,34.004103,119.814129,
216,全季酒店餐饮部,餐饮服务,滨海县,,,迎宾大道与港城路交叉口东南100米,33.986875,119.819225,
216,正红服务区餐厅,餐饮服务,滨海县,,,朱集公路8号正红服务区,33.873405,119.831149,
216,兰亭序大酒店餐饮部(东风北路店),餐饮服务,阜宁县,,,东风北路与阜城东大街交叉口南80米,33.780275,119.807725,
216,盐城各几几餐饮管理有限公司,公司企业,滨海县,,,陈涛镇幸福大街1号,34.033239,119.961808,
216,建湖县口福居餐饮店,餐饮服务,建湖县,,,建设路,33.465669,119.794441,
216,滨海服务区餐厅,餐饮服务,滨海县,,,滨海服务区,34.225150,120.160287,
216,射阳县临海镇杨水山餐饮店,餐饮服务,射阳县,,,兴盛街与联合南街交叉口东100米,33.986375,120.239925,
216,新兴服务区驿客餐厅,餐饮服务,亭湖区,,,新洋经济区袁河村新兴服务区,33.408104,120.076988,
216,农冠央厨餐饮管理江苏有限公司,公司企业,射阳县,,,凤凰线与226省道交叉口东南140米,33.742575,120.216275,
216,盐城市盐都区张庄天天聚餐饮店,餐饮服务,盐都区,,,张庄街道建业路39号文化广场1119号,33.375819,120.078302,
216,晨香居餐饮店,餐饮服务,盐都区,,,锦尚花城西门38幢108商铺,33.328786,120.081531,
216,江苏埃索特餐饮管理有限公司,公司企业,盐都区,,,汇鑫大厦,33.332334,120.085560,
216,江苏泓洋餐饮管理有限公司,公司企业,盐都区,,,郭猛节能环保装备产业园荣光路7号,33.270214,120.064466,
216,久旺阁火锅餐饮私房菜,餐饮服务,亭湖区,,,新城花园西园15幢107室,33.373907,120.123390,
216,射阳服务区驿客餐厅,餐饮服务,射阳县,,,射阳服务区与G15沈海高速交叉口西北440米,33.553660,120.209061,
216,射阳服务区驿客餐厅,餐饮服务,射阳县,,,射阳服务区与G15沈海高速交叉口北440米,33.554958,120.211282,
216,沐尊府餐饮,餐饮服务,亭湖区,,,人民中路公园道1号,33.359065,120.157549,
216,煮烤官餐饮店,餐饮服务,亭湖区,,,盐南高新区黄海街道东进中路3、5号东进路文化休闲一条街28、29栋1楼102室,33.361725,120.161625,
217,兴化市郯谭酸菜鱼餐饮店,餐饮服务,兴化市,,,千垛镇缸顾村镇和路28号,33.077417,119.800807,
217,食滋燇餐饮馆(湖埨小院私房菜饭店),餐饮服务,兴化市,,,千垛镇缸顾村缸亭南路150号,33.074183,119.800804,
217,二斤皮餐饮管理有限公司(总部),公司企业,兴化市,,,庞家路7号,32.908204,119.812614,
217,兴化优嘉餐饮管理有限公司,公司企业,兴化市,,,东潭路50号,32.879143,119.821309,
217,清风餐饮管理有限公司,公司企业,兴化市,,,英武中路与百花洲路交叉口东南40米,32.929325,119.841875,
217,兴乡荟精致餐饮,餐饮服务,兴化市,,,五里东路10号,32.916682,119.844387,
217,泰州市蟹家陈掌柜餐饮管理有限公司,公司企业,兴化市,,,临城街道楚水和院商业楼二楼10号,32.896549,119.845917,
217,老姚餐饮(西子御园店),餐饮服务,兴化市,,,文峰路259-16号,32.923496,119.856919,
217,茶瓦巷餐饮管理有限公司,公司企业,兴化市,,,垛田街道139号,32.930018,119.861126,
217,兴化市德轩船业有限公司,公司企业,兴化市,,,竹泓镇竹冯线03号,32.870315,119.990859,
217,福耀(江苏)船业有限公司,公司企业,兴化市,,,竹泓镇竹二村68号,32.871727,119.991995,
217,兴化服务区茉莉香餐厅,餐饮服务,兴化市,,,G1515盐靖高速与兴化服务区交叉口南240米,33.132095,120.110302,
217,泰州市旬味餐饮有限公司,餐饮服务,海陵区,,,宇晨路16号1号楼101,32.516587,119.888037,
217,泰州荣峥餐饮管理有限公司,公司企业,海陵区,,,站前路88号,32.521879,119.909213,
217,华鼎餐饮(鑫福源店),餐饮服务,海陵区,,,天虹路与梅兰西路交叉口北140米,32.463308,119.899370,
217,泰州金康禾餐饮服务有限公司,公司企业,海陵区,,,城北街道森园路310号凤麟苑15幢104室、201室、301室,32.511737,119.919845,
217,江苏粟秋餐饮管理有限公司,公司企业,海陵区,,,长泰路144号,32.412090,119.893924,
217,泰州万华餐饮服务有限公司,公司企业,海陵区,,,药城大道与瑞娜路口西北150米,32.395258,119.888203,
217,钦点荟餐饮部,餐饮服务,海陵区,,,明珠街道永兴路366号金通海棠湾,32.451525,119.909675,
217,天一楼餐饮公司,公司企业,海陵区,,,泰州大道299号4层,32.422427,119.903866,
217,泰州融合菜餐饮店,餐饮服务,海陵区,,,三水湾F-2栋北门,32.478270,119.925629,
217,泰州市王记顺餐饮管理有限公司,公司企业,海陵区,,,泰高路699号国际汽车城汽贸中心703室,32.420675,119.905475,
217,泰州海陵城市发展集团有限公司,公司企业,海陵区,,,南通路318号,32.497535,119.935150,
217,海陵区裕香阁餐饮店(鑫龙家园店),餐饮服务,海陵区,,,裕香阁,32.468248,119.930366,
217,泰州粤浙汇餐饮有限公司,公司企业,海陵区,,,东方小镇欧洲街b组团,32.394989,119.903960,
218,盛源餐饮店,餐饮服务,宝应县,,,阳光景城2-SY303盛源餐饮店,33.256480,119.328173,
218,百味寻餐饮店(鑫宝佳园店),餐饮服务,宝应县,,,鑫宝佳园综合楼52号门市百味寻餐厅港澳饼家隔壁,33.256222,119.328771,
218,友全餐饮(炒饭炒粉),餐饮服务,宝应县,,,苏中中路与工农路交叉口西南140米(金桥生活广场东门向西50米),33.229082,119.320260,
218,宝应县一家人餐饮店,餐饮服务,宝应县,,,宝应经济开发区尚东理想城荷6-6109,33.240750,119.366259,
218,翔达餐饮管理有限公司,公司企业,宝应县,,,东园路63号,33.094997,119.396283,
218,宝应服务区左左香老潼关肉夹馍,餐饮服务,宝应县,,,宝应服务区西南30米,33.094175,119.439496,
218,陈集服务区过路人饭团,餐饮服务,仪征市,,,302县道与双巷路交叉口北340米,32.483570,119.232747,
218,大嘴餐饮店(新农街店),餐饮服务,仪征市,,,新农街与文源路交叉口西南60米,32.285198,119.239349,
218,扬州瑞斯乐复合金属材料有限公司,餐饮服务,高邮市,,,波司登大道12号,32.829992,119.451453,
218,陈永春餐饮管理有限公司,公司企业,邗江区,,,荷叶西路与司徒庙路交叉口东北140米,32.428405,119.373975,
218,扬州槿墨轩精致餐饮,餐饮服务,邗江区,,,昌建广场21栋6楼618室,32.387075,119.367664,
218,高邮服务区扬州小吃(京沪高速店),餐饮服务,高邮市,,,三支渠路与曹家路交叉口东380米,32.763620,119.512842,
218,扬州来客网络科技有限公司,餐饮服务,邗江区,,,文昌西路华城科技广场2幢3楼a334,32.391777,119.382080,
218,九十八号公馆精致餐饮,体育休闲服务,邗江区,,,润扬北路13号2-101,32.399525,119.385494,
218,饭宝宝餐饮(星耀天地店),餐饮服务,邗江区,,,国展路29号,32.386725,119.382625,
218,玖宴餐饮,餐饮服务,邗江区,,,兴城西路308-1号,32.371805,119.378378,
218,楚韵轩餐饮,餐饮服务,邗江区,,,文昌西路336号,32.391515,119.389151,
218,君亚餐饮(书香一品店),餐饮服务,邗江区,,,祥园路4号书香一品南边商铺一楼,32.354930,119.379078,
218,艺舍·餐饮,餐饮服务,邗江区,,,康民路引潮河公园内A栋,32.381471,119.394353,
218,满小西(扬州)餐饮管理有限公司,公司企业,邗江区,,,祥云路51-3号3楼A区,32.361529,119.388578,
218,鲜有鸡餐饮管理有限公司,公司企业,邗江区,,,祥云路51-3号3楼C区,32.361527,119.388582,
218,聚园精致餐饮,餐饮服务,邗江区,,,江阳西路201号,32.365132,119.396243,
218,扬州禾味润享供应链管理有限公司,公司企业,邗江区,,,吉安路131号厂区内9号,32.338908,119.387043,
218,扬州禾味同创餐饮供应链,公司企业,邗江区,,,吉安北路129号,32.338908,119.387043,
218,正香餐饮,餐饮服务,邗江区,,,宏大新苑东北门南50米,32.367025,119.404851,
219,宝胜餐饮宴会中心,生活服务,句容市,,,鸿堰路与仙林东路交叉口东南120米,32.118489,119.018813,
219,东北四平便民餐饮,餐饮服务,句容市,,,仁和路与燕舞路交叉口东140米,32.144649,119.038739,
219,聚缘轩餐饮店,餐饮服务,句容市,,,宝华镇宝华花园商业街B区108-4号,32.125125,119.042175,
219,宝华镇禾喜餐饮店,餐饮服务,句容市,,,宝华镇宝华花园门面房E区104号,32.122552,119.043829,
219,壹佰渡餐饮,餐饮服务,句容市,,,楠山路与宝龙大道交叉口西南160米,32.117075,119.052767,
219,京华桂冠国际酒店-餐饮部,餐饮服务,句容市,,,华阳南路与建设路交叉口西北120米,31.941825,119.165475,
219,句容天宇餐饮管理服务有限公司-仓库,公司企业,句容市,,,华阳街道洪武路132号,31.920776,119.159670,
219,句容食谷餐饮管理有限公司,公司企业,句容市,,,华阳东路与句卓路交叉口南180米,31.946966,119.170328,
219,同庆楼(句容店),餐饮服务,句容市,,,人民路66号1912文化休闲商业街区东广场,31.946594,119.170796,
219,茶兀餐饮店,餐饮服务,句容市,,,边城镇榨上46号,32.049573,119.294696,
219,润禧餐饮管理工作室,公司企业,丹徒区,,,高资街道正东村高资东茶场10-1号,32.171985,119.352493,
219,天王大酒店·餐饮,餐饮服务,句容市,,,春天线与104国道交叉口西100米,31.747089,119.218320,
219,镇江陶派陶大餐饮管理服务有限公司,公司企业,润州区,,,长江路与环湖路交叉口东120米,32.211425,119.410975,
219,禾木餐饮管理(镇江)有限公司,公司企业,润州区,,,南山路与茶砚山路交叉口西北220米,32.190775,119.417275,
219,江苏刘府餐饮管理有限公司,公司企业,润州区,,,茶砚山路与南山路交叉口东40米,32.189249,119.418845,
219,镇江卓玛餐饮有限公司,公司企业,润州区,,,西津渡街25号西津渡古街内(西侧),32.214072,119.427885,
219,镇江喜欢里餐饮管理有限公司,公司企业,润州区,,,西津渡街25号西津渡古街(东北角),32.215275,119.431525,
219,镇江市润馨餐饮管理服务有限公司,公司企业,润州区,,,京畿路与宝盖路交叉口南40米,32.210430,119.431184,
219,香遇餐饮服务管理有限公司,公司企业,润州区,,,蒋乔街道国际工业品城G05幢第1层109、110号,32.152889,119.412969,
219,金山壹号餐饮管理有限公司,公司企业,润州区,,,长江路与中华路交叉口东北200米,32.217775,119.437975,
219,镇江枫食荟餐饮有限公司,公司企业,润州区,,,南徐新城商务区A区C座,32.185723,119.432386,
219,镇江丰泽园餐饮管理有限公司,公司企业,润州区,,,黄山南路18号,32.193060,119.439887,
219,江苏九鼎轩餐饮管理有限公司,公司企业,京口区,,,丁卯街道潘宗路38号,32.227731,119.467213,
219,镇江江南好餐饮管理有限公司,公司企业,京口区,,,正东路27-4号华侨大厦,32.201473,119.461654,
219,众缘自助餐饮,餐饮服务,丹徒区,,,龙山路97-23,32.135364,119.442756,
220,唐楼餐饮(东域峰汇店),餐饮服务,宜兴市,,,宜城街道荆邑中路187号,31.367074,119.840291,
220,湖㳇周震馄饨,餐饮服务,宜兴市,,,金湖路61号,31.228440,119.798480,
220,宜兴市村上人餐饮有限公司,餐饮服务,宜兴市,,,宜城街道万达广场商铺121号(万达四匹马东侧),31.365324,119.852538,
220,古月胖特色餐饮,餐饮服务,宜兴市,,,丁蜀镇蜀山古南街118号,31.267432,119.861514,
220,周萌萌餐饮管理有限公司,公司企业,江阴市,,,镇澄路1549号,31.885788,120.151086,
220,江苏锡德悉餐饮设备有限公司,公司企业,惠山区,,,智园路3号,31.728545,120.169990,
220,无锡宏渠餐饮管理有限公司,公司企业,惠山区,,,祁北路与隆祁路交叉口西140米,31.730025,120.191125,
220,兰园共和春文化餐饮店(江阴鹅鼻嘴公园店),餐饮服务,江阴市,,,山前路288号江阴鹅鼻嘴公园内(西侧),31.933423,120.272513,
220,江阴楂楂熊餐饮管理有限公司,购物服务,江阴市,,,环城北路181号,31.909954,120.264730,
220,无锡熊治餐饮管理有限公司,公司企业,江阴市,,,银桂路与金云街交叉口西40米,31.886752,120.331093,
220,无锡市惠佳餐饮管理有限公司,公司企业,梁溪区,,,江海西路大江南茶市618-301室,31.608469,120.262135,
220,鼎瑞餐饮,餐饮服务,惠山区,,,欣惠路161号,31.674017,120.297936,
220,芦苇荡餐饮店,餐饮服务,滨湖区,,,山水西路董坞里11号,31.470689,120.230918,
220,功德林餐饮管理有限公司,公司企业,滨湖区,,,新梁溪人家167-1室,31.553621,120.271634,
220,无锡市苏舍餐饮管理有限公司,公司企业,梁溪区,,,梁溪区凤宾路金轮星空间生活广场1151-1158号,31.605162,120.297866,
220,无锡大厨坊餐饮管理服务有限公司,公司企业,梁溪区,,,北滨路民营科技园南侧约230米,31.610176,120.302859,
220,庄稼人餐饮,餐饮服务,江阴市,,,龙山西路与金海路交叉口西北40米,31.855158,120.403712,
220,梁溪区缘启餐饮店,餐饮服务,梁溪区,,,梁溪区步行街与槐树巷交叉口西北40米,31.570471,120.303960,
220,九乐餐饮(曹张新村南2区店),餐饮服务,梁溪区,,,永乐路121号二楼,31.555421,120.299788,
220,可口美膳食品(无锡)有限公司,餐饮服务,惠山区,,,金惠路590号,31.666692,120.340606,
220,喜缘顺餐饮,餐饮服务,梁溪区,,,贡湖大道222号,31.532998,120.293014,
220,江苏神农国蟹生态农业发展有限公司,餐饮服务,梁溪区,,,学前东路426号,31.573338,120.319502,
220,无锡洪品晟餐饮有限公司(团餐员工餐配送),公司企业,梁溪区,,,时代上河苑30A-1楼,31.559623,120.322770,
220,东海怡品海鲜豆捞(广益店),餐饮服务,梁溪区,,,梁溪区广南路315号哥伦布广场18栋102(同庆楼旁边),31.591189,120.334522,
220,无锡三抖餐饮管理有限公司,公司企业,梁溪区,,,广益路与广和路交叉口东120米,31.593725,120.341325,
221,乡聚餐饮农家院,公司企业,平安区,,,201县道东南40米,36.354352,101.866780,
221,亚细亚牛肉面餐饮连锁总店,餐饮服务,互助土族自治县,,,威远镇七彩星河湾,36.834352,101.966840,
221,穆利源餐饮(高铁新区C3小区店),餐饮服务,平安区,,,高铁新区驿州路和曹家堡路交汇,36.506532,102.057330,
221,可赛尔土鸡餐饮有限公司,餐饮服务,平安区,,,高铁新区C6小区南门西140米,36.504679,102.062596,
221,群科红枫苑餐饮城,餐饮服务,化隆回族自治县,,,群科黄河奇石城快递递超市对面,36.005569,102.040414,
221,大团结柴火鸡老店,餐饮服务,平安区,,,滨河路,36.505725,102.124369,
221,青锦都餐饮礼宴酒店,住宿服务,乐都区,,,建设街与瞿昙路交叉口北100米,36.473038,102.399463,
221,牛鲜生餐饮店,餐饮服务,民和回族土族自治县,,,中景壕城,36.322313,102.836642,
222,综吧餐饮,餐饮服务,共和县,,,和平路赛儿乾商贸中心4号楼1号2商铺,36.292776,100.616734,
222,贵德县河西镇梨花生态餐饮园,餐饮服务,贵德县,,,河西镇格尔加村生态园,36.035925,101.393675,
222,嘉洛世家品质餐饮,餐饮服务,贵德县,,,纵四路与环城南路交叉口东南160米,36.035975,101.434425,
223,柏曼少东家餐饮,餐饮服务,茫崖市,,,市花土沟镇青年路,38.247108,90.854872,
223,石壁御香宴餐饮,餐饮服务,茫崖市,,,创业路100号,38.252737,90.862073,
223,甘森服务区清真餐厅,餐饮服务,格尔木市,,,格茫公路与甘森服务区交叉口西北300米,37.265533,92.490025,
223,红驼餐饮,餐饮服务,格尔木市,,,大柴旦行政委员会西台2号乌素特(水上)雅丹地质公园(西南角),36.907775,93.161775,
223,中灶火北服务区餐厅,餐饮服务,格尔木市,,,中灶火北服务区,36.749990,93.621757,
223,中灶火南服务区餐厅,餐饮服务,格尔木市,,,中灶火南服务区,36.745361,93.625745,
223,东台服务区清真餐厅,餐饮服务,格尔木市,,,315国道与215国道交叉口西北260米,37.372038,94.162713,
223,东台服务区涩北饭店,餐饮服务,格尔木市,,,315国道与215国道交叉口西北240米,37.371879,94.162923,
223,东台服务区精品川湘菜,餐饮服务,格尔木市,,,315国道与315餐饮超市服务区交叉口西140米,37.371491,94.163432,
223,昆仑泉驿餐饮,餐饮服务,格尔木市,,,青藏绿色驿站昆仑泉驿与109国道交叉口南60米,35.873390,94.568165,
223,小屈餐饮店,餐饮服务,海西蒙古族藏族自治州直辖,,,鱼卡村小屈餐饮店,38.032913,94.947134,
223,禧悦荟餐饮店,餐饮服务,格尔木市,,,柴达木西路62号广达滨海新城一期B区23栋6楼,36.406395,94.864367,
223,伊馨阁手抓面片美食餐饮,餐饮服务,格尔木市,,,金路通产业园,36.368229,94.867033,
223,青海煜兆新材料销售有限公司,餐饮服务,格尔木市,,,格尔木水电宾馆南门北120米,36.392575,94.902575,
223,德峰餐饮有限公司格尔木分公司,公司企业,格尔木市,,,昆仑路街道柴达木中路24号世邦·城市广场,36.397819,94.906643,
223,悦味斋餐饮店,餐饮服务,格尔木市,,,劳动路与永安巷交叉口东南20米,36.424305,94.913537,
223,"艾米尼餐饮,东乡家园",餐饮服务,格尔木市,,,八一东路金南一巷,36.407174,94.912969,
223,格尔木福香楼餐饮店(星园小区店),餐饮服务,格尔木市,,,星园小区南门,36.400049,94.925123,
223,海西大柴旦鼎盛阁餐饮店,餐饮服务,海西蒙古族藏族自治州直辖,,,人民西路西03号,37.863197,95.347592,
223,耶萨特色餐饮店,餐饮服务,海西蒙古族藏族自治州直辖,,,大柴旦镇光岳酒店楼下,37.858488,95.353068,
223,鼎晟阁餐饮,餐饮服务,海西蒙古族藏族自治州直辖,,,人民路与义海街交叉口东南200米,37.845975,95.367975,
223,中国石化柯鲁克服务区餐厅,餐饮服务,德令哈市,,,S20德小高速与中国石化柯鲁克服务区交叉口西240米,37.341006,97.216297,
223,德令哈酥禾餐饮店,餐饮服务,德令哈市,,,昆仑路2号,37.380306,97.358674,
223,柴达木酒店二楼餐饮部,餐饮服务,德令哈市,,,格尔木西路2号柴达木大厦内,37.369297,97.365249,
223,巴隆乡109国道物流经济服务区兰州玉宏餐厅,餐饮服务,都兰县,,,109国道与巴隆乡109国道物流经济服务区交叉口东40米,36.045275,97.506475,
224,杂多县文旅餐饮有限公司,公司企业,杂多县,,,新城区1号,32.902257,95.254005,
224,马忠餐饮,餐饮服务,治多县,,,珠姆路26号,33.850171,95.618351,
224,曲麻莱砂韵食光餐饮店,餐饮服务,曲麻莱县,,,约改镇卫生院正对面,34.132380,95.807919,
224,扎西德勒餐饮服务有限公司,公司企业,囊谦县,,,香达镇香达南路智茶卡社区,32.196926,96.470468,
224,尚品轩餐饮,餐饮服务,玉树市,,,[],33.002383,97.003530,
224,印象结古餐饮文旅有限公司,公司企业,玉树市,,,红旗路与扎曲南路交叉口南40米,33.002925,97.004125,
224,玉树岜西烤肉餐饮服务管理有限公司,餐饮服务,玉树市,,,西杭街道结古大道康巴艺术中心,33.001693,97.009284,
225,马忠餐饮(泽库店),餐饮服务,泽库县,,,王家路延伸段与团结路交叉口南80米,35.035186,101.475752,
225,泽库县宗巴雍姆藏文化餐饮推广中心,餐饮服务,泽库县,,,王家路延伸段,35.034112,101.475806,
225,杨氏小炒,餐饮服务,尖扎县,,,310国道与景云路交叉口西280米,36.112961,101.851455,
225,拉达尔餐饮宫,餐饮服务,尖扎县,,,铁岭路与人民街交叉口东北40米,35.942570,102.031349,
225,尖扎县铁岭路品都宴餐饮,餐饮服务,尖扎县,,,铁岭路品都宴餐饮,35.943066,102.036572,
225,马忠餐饮城南店,餐饮服务,同仁市,,,城南扶贫产业园,35.496520,102.008731,
225,绿小美餐饮,餐饮服务,同仁市,,,德合隆南路与夏琼路交叉口东北20米,35.509403,102.012693,
225,加毛人家餐饮,餐饮服务,同仁市,,,同仁市民族中学南侧300米,35.503253,102.015387,
225,同仁玉咖餐饮中心,餐饮服务,同仁市,,,宏丰德大酒店正门往西50米,35.528635,102.029166,
225,同仁燕鸣庄园餐饮店,体育休闲服务,同仁市,,,隆务镇铁吾村,35.514801,102.028333,
225,盛宇天伦酒店餐饮部,餐饮服务,同仁市,,,中国石油加油站东侧50米,35.531975,102.031625,
225,黄南州食尚马忠餐饮,餐饮服务,同仁市,,,迎宾大道,35.536870,102.032912,
226,黄河沿服务区餐厅,餐饮服务,玛多县,,,黄河沿路与214国道交叉口西120米,34.886778,98.222954,
226,阿尼玛卿服务区餐厅,餐饮服务,玛多县,,,中国石油交控能源阿尼玛卿服务区加油站东侧120米,35.127461,99.073677,
226,马忠餐饮,餐饮服务,达日县,,,精准扶贫产业园B-4-9-16,33.754173,99.647910,
226,果洛玛沁笙合餐饮店,餐饮服务,玛沁县,,,环城南路72号,34.464377,100.234791,
226,果洛湘忆楼餐饮管理有限公司,公司企业,玛沁县,,,同德路与滨河北路交叉口东北100米,34.463764,100.235085,
226,河州老炒餐饮,餐饮服务,玛沁县,,,解放路与环城西路交叉口西南140米,34.469027,100.236458,
226,玛沁佳味餐饮,餐饮服务,玛沁县,,,大武镇环城西路新时代广场对面,34.457416,100.252413,
226,聚福楼餐饮(班玛东路店),餐饮服务,班玛县,,,班玛东路与人民路交叉口东140米,32.931345,100.739962,
226,三色(班玛)产业有限责任公司,公司企业,班玛县,,,文林路与人民路交叉口西220米,32.921774,100.747870,
226,三色蜀味班玛餐饮管理有限公司,公司企业,班玛县,,,赛来塘镇人民南路99号,32.922448,100.748918,
226,年宝尊饭店-餐饮部,餐饮服务,久治县,,,南环路与长江路交叉口东北40米,33.427967,101.487069,
227,云鑫大酒店-餐饮部,餐饮服务,祁连县,,,八宝西路与团结南路交叉口西北60米,38.179057,100.245316,
227,好吃家餐饮厅,餐饮服务,刚察县,,,瓦颜路与北大街交叉口西北40米,37.328444,100.137696,
227,阿柔服务区特色美食,餐饮服务,祁连县,,,蔚来能源汽车充电站(祁连县阿柔服务区)西侧60米,38.049688,100.520859,
227,刚察品悦轩餐饮店,餐饮服务,刚察县,,,哈尔盖镇315国道北侧,37.225605,100.410338,
227,云天餐饮楼(锦苑小区店),餐饮服务,海晏县,,,锦苑小区北门东70米,36.957243,100.895547,
227,裕峰餐饮小炒,餐饮服务,海晏县,,,西海镇刚察路藏医院对面,36.956836,100.896599,
227,海北安哆老爹餐饮管理有限公司,公司企业,海晏县,,,牦牛宴北侧110米,36.917825,100.951275,
227,川香万家小炒,餐饮服务,门源回族自治县,,,青石嘴镇岗青公路西部商贸城一楼六号商铺,37.464197,101.433330,
227,花海服务区餐饮,餐饮服务,门源回族自治县,,,花海服务区东南40米,37.500949,101.541702,
227,塔里穆餐饮城,餐饮服务,门源回族自治县,,,浩门镇御馨花都E区2号商铺,37.382979,101.606206,
227,津面道餐饮,餐饮服务,门源回族自治县,,,西关街与环城西路交叉口西40米,37.375688,101.612809,
228,日月服务区昀云农家菜,餐饮服务,湟源县,,,日月服务区与西倒一级公路交叉口南80米,36.468130,101.145792,
228,日月山服务区餐饮,餐饮服务,湟源县,,,日月山服务区东南30米,36.627464,101.260735,
228,锦悦阁餐饮,餐饮服务,大通回族土族自治县,,,青海省西宁市大通县城关镇百胜大街124号,37.033075,101.546225,
228,尕喂爷餐饮,餐饮服务,大通回族土族自治县,,,伊阁兰农家生态园西北侧,37.012625,101.636125,
228,青海食尚客餐饮服务有限公司,公司企业,大通回族土族自治县,,,园林路与煤苑路交叉口南180米,36.951716,101.676754,
228,铁茶缸餐饮管理有限公司,公司企业,大通回族土族自治县,,,中国石化大通解放路加油站西南侧60米,36.940375,101.677475,
228,德食客餐饮供应链一站式采购平台,公司企业,城北区,,,农副产品集散中心三层三区A2-3号青藏高原农副产品集散中心,36.660325,101.653275,
228,艾布东拉黑烤肉餐饮,餐饮服务,城北区,,,青海省西宁市城北区马坊街道柴达木西路52号188号楼二单元213室,36.664166,101.677166,
228,茉荔餐饮店,餐饮服务,城北区,,,溪栖谷2-5号,36.656724,101.688827,
228,青海亚美餐饮娱乐管理有限公司,公司企业,城西区,,,五四西路75号若谷大厦,36.646425,101.706375,
228,京北餐饮服务(青海)有限公司,公司企业,城西区,,,五四西路75号若谷大厦,36.646418,101.706390,
228,青海青茶阁餐饮服务管理有限公司,公司企业,城西区,,,富兴路2号能源大厦,36.639272,101.705293,
228,青海泽弘餐饮管理有限公司,公司企业,城西区,,,富兴路与西川南路交叉口西南80米,36.639125,101.705775,
228,青海汊涧餐饮有限公司,公司企业,城西区,,,文苑路5号苏商大厦,36.644275,101.711125,
228,两义轩餐饮一家人百姓厨房,餐饮服务,城西区,,,"昆仑大道西段69号,刘家寨高层43号楼,112商铺",36.638753,101.711797,
228,康记餐饮店,餐饮服务,城西区,,,文汇路西关大街132-94号,36.641990,101.713684,
228,青海顺宁餐饮管理有限公司,公司企业,城西区,,,南凉路与昆仑西路辅路交叉口西南80米,36.638275,101.713575,
228,西宁市城西区小海丁餐饮店,餐饮服务,城西区,,,西宁海湖万达广场SOHOB座,36.640925,101.714825,
228,青海猩猩地堡餐饮管理有限公司,公司企业,城西区,,,文汇路15号金座美伦B座,36.641725,101.718625,
228,青海卓婧餐饮管理有限公司,公司企业,城西区,,,山东泓晟大厦,36.640638,101.718950,
228,青海青派餐饮管理有限公司,公司企业,城西区,,,山东泓晟大厦,36.640625,101.718975,
228,青海楚淇餐饮管理有限公司,公司企业,城西区,,,文汇路15号金座美伦B座,36.641547,101.719176,
228,青海爱拓餐饮服务有限公司,公司企业,城西区,,,文汇路15号金座美伦B座,36.641525,101.719175,
228,西宁臻好餐饮娱乐有限公司,公司企业,城西区,,,文汇路15号金座美伦B座,36.641525,101.719175,
228,西宁凯琪餐饮管理有限公司,公司企业,城西区,,,文汇路15号金座美伦B座,36.641480,101.719186,
229,东雪餐饮店,餐饮服务,西林县,,,古城路与梦圆路交叉口东南80米,24.490034,105.095415,
229,隆林鸿瑞餐饮服务有限公司,公司企业,隆林各族自治县,,,新州镇民强村江管屯091号,24.775141,105.326630,
229,一路只有你餐饮店,餐饮服务,隆林各族自治县,,,新兴社区新兴路42号,24.779579,105.340713,
229,韦卫蚕餐饮店,餐饮服务,隆林各族自治县,,,新州镇民权社区龙山街150号一楼门面,24.780744,105.345498,
229,隆林林莲餐饮服务有限公司,公司企业,隆林各族自治县,,,迎宾路与龙山路交叉口北180米,24.780975,105.348825,
229,家味馆餐饮店,餐饮服务,西林县,,,357国道西南侧,24.326175,105.541275,
229,顺依餐饮店,餐饮服务,田林县,,,高龙乡人民政府西南侧60米,24.214975,105.674775,
229,雅家餐饮店,餐饮服务,田林县,,,旧州镇中心校东北侧120米,24.650825,105.807775,
229,八渡服务区餐厅,餐饮服务,田林县,,,S30贺西高速与八渡服务区交叉口西北100米,24.330793,105.842626,
229,八渡服务区餐厅,餐饮服务,田林县,,,S30贺西高速与八渡服务区交叉口东南160米,24.329074,105.844294,
229,甘妈餐饮店,餐饮服务,田林县,,,闩八渡瑶族乡福达街甘妈餐饮,24.349675,105.854475,
229,恒源餐饮,餐饮服务,那坡县,,,幸福一区一号楼,23.414243,105.835731,
229,果艺餐饮店,餐饮服务,靖西市,,,安德派出所北侧100米,23.257825,106.018475,
229,喜尚餐饮店,餐饮服务,田林县,,,金辰郡,24.295975,106.225075,
229,乐小食小吃服务店,餐饮服务,田林县,,,南堤路与新福巷交叉口东北140米,24.286925,106.237775,
229,晨之味餐饮,餐饮服务,田林县,,,乐里镇江源悦府9-1栋-1层-102号铺面,24.280975,106.245525,
229,发达服务区川食驿,餐饮服务,右江区,,,发达服务区北侧,23.922134,106.245448,
229,鲜来顺餐饮店,餐饮服务,田林县,,,324国道,24.232398,106.292839,
229,那迷服务区老鲍公美食餐饮,餐饮服务,右江区,,,G78汕昆高速与那迷服务区交叉口东南280米,24.112390,106.430469,
229,广西联利餐饮管理有限公司,公司企业,靖西市,,,吉祥路与幸福路交叉口西北180米,23.142975,106.402425,
229,福满客餐饮店,餐饮服务,乐业县,,,逻西乡个马村福满客超市旁梁昌庭本户,24.904356,106.647005,
229,佳美餐饮店,餐饮服务,靖西市,,,靖边路与灵泉街交叉口西40米,23.132225,106.416625,
229,合记牛膳餐饮店,餐饮服务,靖西市,,,宝珠路与凤凰路交叉口东80米,23.121559,106.424011,
229,鑫辉餐饮(贵州习酒)百色仓储(江滨三路店),公司企业,右江区,,,东笋路与江滨三路交叉口南320米,23.880370,106.596415,
229,乐艺餐饮店,餐饮服务,右江区,,,龙翔路与龙景西路交叉口西220米,23.885375,106.628025,
230,顺行餐饮,餐饮服务,钦北区,,,解放路与300县道交叉口南420米,22.129575,108.448075,
230,鲜六品餐饮店,餐饮服务,钦南区,,,西环南路92号,21.966446,108.591374,
230,林姐餐饮店,餐饮服务,钦南区,,,英华口腔西南侧90米,21.966700,108.591522,
230,广西新概念餐饮管理有限公司,公司企业,钦南区,,,民族路与西环北路辅路交叉口东420米,21.963525,108.591625,
230,广西钦州市红事会餐饮服务有限公司,公司企业,钦南区,,,西环北路与南珠西大街交叉口北60米,21.969475,108.595475,
230,康怡美味餐饮店,餐饮服务,钦北区,,,德营市场西南门旁,21.976310,108.618203,
230,广西钦州国湘缘餐饮管理服务有限公司,公司企业,钦北区,,,世纪新城A区西南门西北50米,21.977507,108.619852,
230,品粤茶餐厅餐饮店,餐饮服务,钦北区,,,思源街34号1楼,21.978099,108.624740,
230,诚记餐饮店,餐饮服务,钦南区,,,鸡胸路与丽明巷交叉口南40米,21.967927,108.624613,
230,福荣餐饮,餐饮服务,钦南区,,,向阳街运德楼2号,21.963458,108.626306,
230,钦州市钦南区友螺餐饮店,餐饮服务,钦南区,,,北部湾大学图书馆东侧210米,21.896875,108.617775,
230,老李餐饮店(仟仟万家钦州购物中心店),餐饮服务,钦北区,,,红星二巷与红星路交叉口西20米,21.974803,108.628470,
230,钦州市合富餐饮服务有限公司,公司企业,钦北区,,,钦州湾大道与西环北路交叉口北180米,21.989375,108.630775,
230,钦南区味醉好餐饮,餐饮服务,钦南区,,,南珠西大街86-1号北部湾名座101、102、103、105号商铺,21.960464,108.626876,
230,钦州皇马食运达餐饮服务有限公司,公司企业,钦北区,,,皇马机动车综合检测服务有限公司西侧,22.035268,108.637934,
230,广源蒸品餐饮店,餐饮服务,钦南区,,,新阳街34号右铺,21.965414,108.628976,
230,维泰餐饮管理有限公司,公司企业,钦北区,,,卓越大厦,22.001390,108.635456,
230,钦州皇马食运达餐饮服务有限公司,公司企业,钦北区,,,皇马工业园皇马二十路北面、皇马大道西面厂房,22.048225,108.642525,
230,广西政安餐饮有限公司,公司企业,钦南区,,,向阳街与永兴路交叉口西南20米,21.964175,108.632175,
230,钦州市盛源制衣有限公司,公司企业,钦北区,,,皇马餐饮馆北侧,22.034075,108.642775,
230,绿地人家餐饮店,餐饮服务,钦南区,,,滨湖路11号绿地交投白石湖项目1号地块1号楼105商铺,21.930511,108.630702,
230,洋亿餐饮店,餐饮服务,钦南区,,,吾悦公馆B区,21.940500,108.632457,
230,钦州市钦北区心味餐饮店,餐饮服务,钦北区,,,永福西大街21号水岸蓝都8栋01,21.973575,108.637475,
230,广西富林餐饮服务有限公司,公司企业,钦北区,,,金华路与325国道交叉口西南240米,21.999525,108.643575,
230,钦州店俭佳餐饮,餐饮服务,钦南区,,,白石湖市场1025铺,21.931593,108.638384,
231,醉猫餐饮店,餐饮服务,海城区,,,流下村10号,21.456476,109.061852,
231,农舍餐饮,体育休闲服务,海城区,,,冠岭路与海景大道交叉口南320米,21.456275,109.062075,
231,广西华恒餐饮管理服务有限公司,公司企业,海城区,,,巡逻南道与创业大道交叉口东140米,21.458206,109.089070,
231,广西桂有餐饮管理有限公司,公司企业,海城区,,,重庆路与林芝路交叉口西南80米,21.454509,109.095454,
231,北海市潮尚强记餐饮有限公司,餐饮服务,海城区,,,独树根东路92号,21.473398,109.098265,
231,小裕餐饮店,餐饮服务,海城区,,,创业路与云藏路交叉口东南160米,21.464784,109.098815,
231,鱼香屋·餐饮(海城区店),餐饮服务,海城区,,,广西壮族自治区北海市海城区西街街道屋仔村76幢1号,21.466628,109.103886,
231,云浪餐饮店,餐饮服务,海城区,,,外沙三巷66号,21.483501,109.106584,
231,北海市海城区庄凤娟餐饮店,餐饮服务,海城区,,,北部湾西路与贵州路交叉口东60米,21.470325,109.106825,
231,陈老白餐饮店,餐饮服务,海城区,,,中山西路7号一楼,21.481632,109.112794,
231,盈赢餐饮店,餐饮服务,海城区,,,平安街与沈四村三巷交叉口西北160米,21.464425,109.111625,
231,小绿车餐饮店,餐饮服务,海城区,,,中街街道靖安路3号2幢的第三个铺面,21.468714,109.114728,
231,升仔餐饮店,餐饮服务,海城区,,,北海市海城区广场东里26幢103号,21.469453,109.117726,
231,北海市银海区食饱饭餐饮店,餐饮服务,海城区,,,长青东路与北京路交叉口东40米,21.473752,109.121615,
231,广西北海市广府餐饮管理有限公司,公司企业,海城区,,,北海大道183号润发大厦,21.467881,109.121997,
231,广西康泰餐饮管理有限公司,公司企业,海城区,,,北海大道183号润发大厦,21.467881,109.121997,
231,广西洛承餐饮管理有限公司,公司企业,海城区,,,北海大道136号明丽金楼商务中心,21.470141,109.123926,
231,北海市海城区浪子回归餐饮店,餐饮服务,海城区,,,茶亭路与广东路交叉口东北40米,21.485875,109.126125,
231,海骅餐饮店,餐饮服务,银海区,,,贵阳路与创智路交叉口西240米,21.428261,109.118410,
231,艳姐乾江狗肉木沐餐饮店,餐饮服务,海城区,,,公园路西塘医院右侧15-16号商铺,21.477308,109.125577,
231,广西和乐轩餐饮服务有限公司北海分公司,餐饮服务,海城区,,,和居会,21.461809,109.124316,
231,聚味膳食餐饮店,餐饮服务,银海区,,,红棉路与惠侨路交叉口南40米,21.423974,109.123700,
231,侨港镇餐饮服务示范街,购物服务,银海区,,,侨南路1号侨港风情街,21.426313,109.125778,
231,禾良餐饮店,餐饮服务,银海区,,,禾塘新城,21.448770,109.130036,
231,豪小厨小吃服务店,餐饮服务,银海区,,,浙江路与银滩大道交叉口北320米,21.435525,109.129375,
232,慧姐餐饮店,餐饮服务,上思县,,,在妙镇人民政府东北侧250米,22.129236,107.669346,
232,飞记餐饮,餐饮服务,上思县,,,吉隆来超市东南侧,22.129098,107.670351,
232,荣欣餐饮店,餐饮服务,上思县,,,昌菱派出所东侧200米,22.115625,107.838325,
232,阿萍餐饮店,餐饮服务,防城区,,,振兴西路84号,21.680910,107.852080,
232,香徕客餐饮店,餐饮服务,上思县,,,上上糖业有限公司西侧130米,22.135825,107.941725,
232,小丫餐饮,餐饮服务,上思县,,,东靖路与更生路交叉口东南80米,22.148125,107.984975,
232,黎记餐饮店,餐饮服务,上思县,,,民政东路与民政南一巷交叉口北40米,22.155625,107.987425,
232,食悦餐饮馆,餐饮服务,上思县,,,思阳镇体育场商铺12号,22.152868,107.987416,
232,铭善餐饮,餐饮服务,上思县,,,明江新城A区南1门旁,22.150925,107.990375,
232,嘉达餐饮店,餐饮服务,上思县,,,平江三路与平江四路交叉口西南340米,21.985975,107.995875,
232,好味来餐饮店,餐饮服务,上思县,,,313省道与210国道交叉口西80米,22.178625,108.028825,
232,稻喜餐饮店,餐饮服务,东兴市,,,和德御景台明秀路3号楼123号商铺,21.544001,107.961174,
232,东兴市芳甸餐饮店,餐饮服务,东兴市,,,金源·天鹅湖,21.556021,107.969015,
232,画笙餐饮店(特色蟹仔粉),餐饮服务,东兴市,,,教育路200-6号,21.539908,107.968874,
232,福来越餐饮店,餐饮服务,东兴市,,,东兴镇新华路182号,21.538660,107.969929,
232,至尚餐饮店,餐饮服务,东兴市,,,金源·天鹅湖,21.554475,107.972475,
232,啊婷餐饮店,餐饮服务,东兴市,,,教育路1-1号(金虹阁)1号商铺,21.540211,107.974615,
232,粤柳风味餐饮店,餐饮服务,东兴市,,,兴宁路87号(原东兴客运站)出入口旁,21.548360,107.978938,
232,东兴市风筝与风餐饮店,餐饮服务,东兴市,,,沿河大道与和谐路交汇处虾公领浪淘沙·二桥里D3区D13摊位,21.546757,107.993524,
232,场部餐饮,餐饮服务,防城区,,,那金路与八一路交叉口西140米,21.730355,108.132483,
232,韦大餐饮,餐饮服务,防城区,,,前进路与波茶街交叉口南200米,21.925875,108.179575,
232,六姐餐饮,餐饮服务,东兴市,,,京岛风景名胜区182地块停车场大门口右边2号,21.518918,108.138675,
232,起步餐饮店,餐饮服务,防城区,,,江山镇白龙村白龙海酒店围墙旁,21.526558,108.236214,
232,达源餐饮店,餐饮服务,防城区,,,珍珠港湾渔家乐西南侧80米,21.523515,108.240609,
232,良生哥餐饮店,餐饮服务,防城区,,,江山镇白龙双墩村,21.527213,108.243013,
233,平城聚缘餐饮店,餐饮服务,融水苗族自治县,,,洞头乡加油站东南侧180米,25.506575,108.997525,
233,花桥餐饮店,餐饮服务,融水苗族自治县,,,田洞线与242国道交叉口西南20米,25.391275,109.074875,
233,融水县啵啵餐饮店,餐饮服务,融水苗族自治县,,,民族大道98号,25.066713,109.265605,
233,广西万乡河餐饮集团有限公司柳州分公司,公司企业,柳城县,,,沙埔镇沙埔街135号南侧60米,24.602414,109.337322,
233,滨盛餐饮店,餐饮服务,柳北区,,,石碑坪镇北区182号一楼,24.517117,109.352098,
233,千手餐饮店,餐饮服务,柳北区,,,石碑坪融水快餐店东北侧80米,24.519202,109.352955,
233,南粮餐饮管理有限责任公司,公司企业,柳南区,,,瑞龙路99号柳州市海吉星农产品批发市场,24.288975,109.341375,
233,沙子服务区餐厅,餐饮服务,融安县,,,S22桂河高速与沙子服务区交叉口北480米,24.977240,109.455170,
233,沙子服务区餐厅,餐饮服务,融安县,,,S22桂河高速与沙子服务区交叉口东北480米,24.976081,109.457966,
233,叁禾餐饮店,餐饮服务,柳北区,,,沙塘镇沙塘村木茂屯4号沙塘镇三合路18号对面25号商铺,24.445931,109.375417,
233,露姐餐饮店,餐饮服务,三江侗族自治县,,,廉租房小区,25.779475,109.598725,
233,三江县泰忙餐饮服务有限责任公司,公司企业,三江侗族自治县,,,月亮街与博武路交叉口西南160米,25.776725,109.607825,
233,萱姐餐饮店,餐饮服务,三江侗族自治县,,,兴宜街与古楼坪一街交叉口东200米,25.783125,109.609125,
233,龙升餐饮管理有限公司,科教文化服务,柳南区,,,恒瑞鑫机动车检测站东南侧140米,24.344507,109.371914,
233,喜百瑞餐饮管理有限公司,公司企业,柳北区,,,白露街道办东南侧280米,24.372089,109.377530,
233,柳州市康菱餐饮管理有限公司,公司企业,柳南区,,,磨太路59号14栋1-2号,24.342768,109.373305,
233,老爸餐饮,餐饮服务,柳南区,,,西环路20号,24.340098,109.377692,
233,民记云餐饮店,餐饮服务,柳北区,,,仁和馨园,24.374042,109.404043,
233,昌嵘餐饮小区食堂,餐饮服务,柳北区,,,仁和馨园,24.374475,109.404225,
233,柳州龙广餐饮管理有限公司,公司企业,柳北区,,,北雀路与红碑路交叉口南120米,24.352335,109.401621,
233,广西桂三味餐饮管理有限公司,公司企业,柳南区,,,航生路与航北路交叉口东南60米,24.287299,109.394940,
233,静涵苑餐饮管理有限公司,公司企业,柳南区,,,飞鹅立交桥与红光大桥交叉口西北140米,24.310075,109.400175,
233,广西三步曲餐饮管理有限公司,公司企业,柳南区,,,航银路与航一路交叉口南80米,24.282480,109.399295,
233,广西时泰餐饮管理有限公司,公司企业,柳北区,,,跃进路106-8号汇金国际,24.355608,109.411630,
233,广西惠诚餐饮管理有限公司,公司企业,柳北区,,,长风路与跃进路交叉口东100米,24.357193,109.412238,
234,友聚餐饮,餐饮服务,忻城县,,,242国道与B78县道交叉口西480米,24.072242,108.642783,
234,鸿鹅食都餐饮店,餐饮服务,忻城县,,,红渡镇红渡开发区莫府锦宴旁小瓦房,23.964950,108.629480,
234,婆婆妈妈餐饮店,餐饮服务,忻城县,,,510省道与242国道交叉口东20米,23.974275,108.646225,
234,晨嫣火锅餐饮店,餐饮服务,忻城县,,,城关镇翠屏南路58号,24.060512,108.669288,
234,聚隆餐饮店,餐饮服务,忻城县,,,罗雪梅诊所西南侧190米,24.127525,108.916475,
234,和顺祥餐饮,餐饮服务,合山市,,,城站路与城中六街交叉口西南20米,23.813806,108.889685,
234,廖姐餐饮店,餐饮服务,合山市,,,东环路与广屯路交叉口南160米,23.813309,108.892013,
234,頭牌餐饮店,餐饮服务,合山市,,,岭南镇城中路32号一层,23.811525,108.892372,
234,原进餐饮店,餐饮服务,忻城县,,,安东乡派出所南侧170米,24.028498,109.001437,
234,壮家老韦餐饮管,餐饮服务,兴宾区,,,龙湾路208号,23.731546,109.178310,
234,李记生蚝餐饮店,餐饮服务,兴宾区,,,长梅路293号,23.723435,109.207509,
234,广西莱乐士餐饮管理有限公司,公司企业,兴宾区,,,文辉路79号,23.743588,109.222691,
234,桂手系作餐饮管理有限公司,公司企业,兴宾区,,,塘莲路与北海南路交叉口西南20米,23.737681,109.222486,
234,广西来宾市香满楼餐饮管理有限公司,公司企业,兴宾区,,,滨江北路5-21号东盟国际商业广场,23.733981,109.226401,
234,四海为家餐饮店,餐饮服务,象州县,,,石龙镇马列村209国道旁,23.875662,109.496470,
234,松哥餐饮,餐饮服务,武宣县,,,民俗路与民运路交叉口西北380米,23.598025,109.687025,
234,程仔餐饮,餐饮服务,武宣县,,,武宣镇清水村民委盘龙村村口,23.588198,109.707535,
234,轩韵餐饮店,餐饮服务,象州县,,,613县道与611县道交叉口西北200米,24.008430,109.947999,
234,姐弟餐饮店(桐木),餐饮服务,金秀瑶族自治县,,,水晶路口,24.179998,109.977370,
234,肥姐餐饮,餐饮服务,金秀瑶族自治县,,,庆达华庭,24.195425,109.980975,
234,云中瑶家餐饮店,餐饮服务,金秀瑶族自治县,,,六巷乡六巷村六巷屯60号,23.898598,110.070851,
235,宁康服务区餐厅,餐饮服务,藤县,,,G59呼北高速与宁康服务区交叉口东北160米,23.888929,110.410843,
235,金麦餐饮,餐饮服务,蒙山县,,,汉豪乡人民政府东侧110米,23.969175,110.623075,
235,中禾宴餐饮店,餐饮服务,藤县,,,绣江路与西江路交叉口东300米,23.376055,110.918721,
235,广西度园茶耕谭餐饮有限公司,公司企业,岑溪市,,,南渡镇度园文化创意园,22.852103,110.834608,
235,宇彤餐饮店,餐饮服务,藤县,,,津北开发区东侧200米,23.394877,110.925379,
235,广西藤县众利餐饮管理服务有限公司,公司企业,藤县,,,天乐南街与藤州大道交叉口南140米,23.375425,110.938475,
235,广州龙珠餐饮管理有限公司,公司企业,藤县,,,天乐南街与藤州大道交叉口东南280米,23.374475,110.939825,
235,藤县服务区餐厅,餐饮服务,藤县,,,S40梧硕高速与藤县服务区交叉口东南140米,23.316883,110.953811,
235,藤县向往餐饮店,餐饮服务,藤县,,,镇新源大道6号商业2号楼S1018铺,23.368384,110.974676,
235,岭脚服务区浙鑫餐厅,餐饮服务,苍梧县,,,岭脚服务区西南侧,23.550913,111.018560,
235,广西新瑞福陶瓷有限公司,餐饮服务,藤县,,,中和陶瓷园区东南侧50米,23.362425,111.019684,
235,藤县阿聊兄弟餐饮店,餐饮服务,藤县,,,塘步镇新区三期,23.353816,111.042126,
235,顺利发餐饮,餐饮服务,岑溪市,,,明都新城(永兴一街120号旁),22.914425,110.984825,
235,岑溪市唐牛三千串餐饮店,餐饮服务,岑溪市,,,天河广场二期小区9栋120-121,22.909567,110.990971,
235,小二哥餐饮,餐饮服务,岑溪市,,,建设路与建设一街交叉口东南100米,22.913325,110.993225,
235,五世衍祥膳食养餐饮,餐饮服务,岑溪市,,,北山路与工农路交叉口东60米,22.920308,110.995109,
235,米乡先生餐饮店,餐饮服务,岑溪市,,,解放大道与工农路交叉口北40米,22.918025,110.998275,
235,锡兰橄榄农业科技有限公司,餐饮服务,岑溪市,,,岑溪市档案馆北侧80米,22.905475,111.013725,
235,岑溪服务区乌镇阿姨,餐饮服务,岑溪市,,,岑溪服务区与G65包茂高速交叉口西340米,23.008637,111.041769,
235,倒水服务区餐厅,餐饮服务,长洲区,,,倒水服务区东南侧,23.584721,111.138629,
235,桐轩餐饮店,餐饮服务,长洲区,,,G65包茂高速入口与G65包茂高速出口交叉口南20米,23.546570,111.140176,
235,岑溪东服务区千佳味美食城,餐饮服务,岑溪市,,,岑溪东服务区北侧,22.886764,111.055049,
235,广西榕园餐饮管理有限公司,公司企业,龙圩区,,,梧州医学高等专科学校东北侧130米,23.387707,111.220603,
235,粤粥城餐饮馆,餐饮服务,龙圩区,,,城西大道65号,23.408193,111.239141,
235,新川蜀人家餐饮馆(高铁南站店),餐饮服务,龙圩区,,,西南大道228号(高铁南站附近),23.398926,111.240496,
236,正三生餐饮,餐饮服务,覃塘区,,,金港大道与东街交叉口东340米,23.133875,109.426675,
236,凯茵餐饮,餐饮服务,覃塘区,,,石卡镇万塘小学东侧190米,22.961802,109.500296,
236,贵港市慧阳餐饮管理有限公司,公司企业,港北区,,,中国-东盟新能源电动车基地东北侧220米,23.075679,109.535382,
236,鸿燊餐饮,餐饮服务,港北区,,,贵港市文理实验中等职业技术学校西门西南80米,23.046725,109.550575,
236,贵港市港北区严氏餐饮店,餐饮服务,港北区,,,西江园路与育才街交叉口东北300米,23.092852,109.560804,
236,广西猪掌厨餐饮管理有限公司,公司企业,港北区,,,金港大道,23.102160,109.562774,
236,仁哥餐饮馆,餐饮服务,港北区,,,育才街与西江园路交叉口东北340米,23.091925,109.562275,
236,和韵餐饮,餐饮服务,港北区,,,金港大道西江农场开发区A-6号(金港大道908号天隆小区279号),23.108138,109.577053,
236,腾香餐饮店,餐饮服务,港北区,,,布山街道,23.134211,109.589323,
236,广西朗亿餐饮管理有限公司,公司企业,港北区,,,新区市场民生路290号2栋11号,23.112504,109.588115,
236,广西福来登餐饮管理有限公司,公司企业,港北区,,,金港大道935号阳光财富中心1栋,23.104225,109.588925,
236,金龙湾饮食有限公司,餐饮服务,港北区,,,金田路与布山大道交叉口北200米,23.117592,109.591463,
236,萍哥餐饮店,餐饮服务,港北区,,,新华路与民生路交叉口东200米,23.098652,109.589546,
236,乡里别餐饮店,餐饮服务,港北区,,,金田路3-12商铺,23.106696,109.590955,
236,广西贵港正辉餐饮有限公司,公司企业,港北区,,,南苑街与安吉街交叉口西南60米,23.106325,109.593625,
236,晨乐餐饮店,餐饮服务,港北区,,,富东巷与中山路交叉口西南40米,23.103517,109.596155,
236,叁玖肆餐饮管理有限公司,公司企业,港北区,,,中山路中段贵港·国际生活港,23.099297,109.598646,
236,广西王胖子餐饮有限公司,公司企业,港北区,,,中山路中段贵港·国际生活港,23.099826,109.599782,
236,唐记餐饮店,餐饮服务,港北区,,,港宝街与新华路交叉口西南20米,23.100125,109.601175,
236,广西螺蛳粉花园餐饮管理有限公司,公司企业,港北区,,,龙圣四小区143号,23.113072,109.604335,
236,东味鲜餐饮馆,餐饮服务,港北区,,,棉村社区大岭二路口南30米(雷如可房屋),23.134052,109.608639,
236,卷卷香餐饮店,餐饮服务,港北区,,,拥军一路与桂林路交叉口北140米,23.121625,109.608075,
236,美滋美滋餐饮店,餐饮服务,港北区,,,凤凰一街与凤凰东街交叉口东北20米,23.091920,109.604015,
236,伟记餐饮,餐饮服务,覃塘区,,,广西西江重工有限责任公司西侧350米,22.955975,109.583825,
236,贵港市得汇餐饮配送有限公司,公司企业,港北区,,,桂林路与拥军一路交叉口东120米,23.120125,109.608855,
237,广西快厨汇餐饮管理有限公司,公司企业,兴业县,,,环西路150号,22.741835,109.876512,
237,佳百味餐饮店,餐饮服务,博白县,,,顿谷镇顿谷街博海路,22.132725,109.789325,
237,广西杰发餐饮配送有限公司仓库,公司企业,博白县,,,兴华大队大碰村三队,21.722500,109.737914,
237,博白县东平镇螺品鲜餐饮店,餐饮服务,博白县,,,东平镇博龙街99号,22.003282,109.821613,
237,登叔餐饮,餐饮服务,兴业县,,,015乡道与034乡道交叉口北460米,22.733475,110.017425,
237,香聚楼餐饮店,餐饮服务,博白县,,,广西壮族,22.260597,109.976380,
237,博白县海味轩餐饮店,餐饮服务,博白县,,,博白镇兴民西路广恒新天地8-1-102号商铺,22.255125,109.976075,
237,大旺餐饮,餐饮服务,博白县,,,兴隆中路与人民北路交叉口西北80米,22.271966,109.983257,
237,博白县鑫记餐饮服务有限公司锦绣广场分公司,公司企业,博白县,,,锦绣商业广场,22.259875,109.985425,
237,杨记餐饮店,餐饮服务,博白县,,,兴隆东路与东风大道交叉口东180米,22.267848,109.991704,
237,广西井益餐饮服务有限公司,公司企业,博白县,,,锦绣天玺7栋1-1,22.257173,109.991260,
237,书香民顺餐饮,餐饮服务,博白县,,,书香茗城20栋111号,22.275425,110.003502,
237,广西东来餐饮管理有限公司,公司企业,博白县,,,配送园6栋,22.251086,110.000523,
237,发记餐饮店,餐饮服务,福绵区,,,天湖路与爱民路交叉口西南20米,22.585325,110.055425,
237,志能餐馆酒席一条龙服务公司,餐饮服务,玉州区,,,[],22.673134,110.107359,
237,成记餐饮店,餐饮服务,玉州区,,,城西街道莲塘村上塘第5村民小组安置地,22.647910,110.126465,
237,广西画音书餐饮管理有限公司,公司企业,玉州区,,,二环北路1297号金投大厦14楼,22.653625,110.129925,
237,广西西柠餐饮管理服务有限公司仓库,公司企业,玉州区,,,城西街道林村小学西北侧110米,22.662225,110.132025,
237,炊事班餐饮店,餐饮服务,玉州区,,,宏进农副产品批发市场,22.651511,110.132979,
237,满意餐饮店,餐饮服务,玉州区,,,人民西路与中州路交叉口东200米,22.608775,110.133975,
237,百卤笙餐饮店,餐饮服务,玉州区,,,清淳路94号,22.631794,110.143303,
237,家佳味餐饮店,餐饮服务,玉州区,,,新民路与江滨路交叉口西北60米,22.616916,110.146596,
237,天下友餐饮店(美林商业街店),餐饮服务,玉州区,,,州佩社区11联93号,22.635033,110.151977,
237,大拇指餐饮店,餐饮服务,玉州区,,,玉柴路与静安街交叉口西南260米,22.594420,110.146565,
237,佳悦餐饮管理有限公司,公司企业,玉州区,,,金城中心,22.631089,110.156096,
238,仁益惠民餐饮店,餐饮服务,大新县,,,下雷镇仁益村下吞屯25号,22.877429,106.761812,
238,兔喜生活浦寨服务店,餐饮服务,凭祥市,,,卡凤新村1栋4号,21.996941,106.705900,
238,标哥餐饮,餐饮服务,龙州县,,,金龙边境派出所北侧70米,22.646625,106.823975,
238,哥广餐饮店,餐饮服务,凭祥市,,,中国石油万通加油站东北侧60米,22.055203,106.752616,
238,凭祥加工产业园二期餐饮中心,餐饮服务,凭祥市,,,二山街23号,22.054026,106.756981,
238,龙馆餐饮店,餐饮服务,凭祥市,,,凭祥田心财富广场,22.101575,106.766675,
238,海大餐饮,餐饮服务,龙州县,,,龙州镇旧飞机场农产品物流及农机服务中心14号-15号商铺,22.360493,106.850511,
238,巷子里柳味餐饮店,餐饮服务,天等县,,,向都镇中和村东胜街071号,23.230733,106.962584,
238,好再来餐饮店,餐饮服务,凭祥市,,,322国道与191乡道交叉口东南360米,22.107519,106.833347,
238,金姐餐饮店,餐饮服务,龙州县,,,机耕路66号东北方向160米城北幸福家园,22.354625,106.866675,
238,合家餐饮,餐饮服务,龙州县,,,同顾大道与243国道交叉口西北500米,22.351308,106.870313,
238,龙州县火焰鸡餐饮店,餐饮服务,龙州县,,,龙州镇龙水路1号龙州金桂东盟农贸综合交易市场9号楼1层北门水果区10-14,22.351369,106.871297,
238,家常味道餐饮店,餐饮服务,龙州县,,,龙庭一品6号楼11号,22.349128,106.871829,
238,烟火食集餐饮店,生活服务,龙州县,,,滨江世纪城二期21栋05号,22.335567,106.870240,
238,冯记餐饮店,餐饮服务,龙州县,,,新兴花园北门旁,22.341055,106.871454,
238,大新美食美客餐饮,餐饮服务,大新县,,,大新明园·逸舍民宿北侧,22.709902,106.919414,
238,瑞禾民商餐饮,餐饮服务,大新县,,,明仕田园禾之苑南侧60米,22.704183,106.921411,
238,木兰餐饮,餐饮服务,龙州县,,,同顾大道与天琴大道交叉口南360米,22.344325,106.880075,
238,乡味食足餐饮店,餐饮服务,大新县,,,359国道,22.701277,106.931649,
238,农香阁餐饮店,餐饮服务,大新县,,,宝圩鸿祥电脑店西南侧,22.638475,106.926275,
238,花山温泉国际酒店餐饮楼,餐饮服务,宁明县,,,花山路1号,22.177092,107.067956,
238,味记餐饮店,餐饮服务,宁明县,,,浦江街2号富诚花园,22.131825,107.063625,
238,新食力餐饮(步行街店),餐饮服务,宁明县,,,荷城街137号,22.132616,107.070106,
238,陈记餐饮,餐饮服务,宁明县,,,项目B4地块B2-102、103号,21.822930,107.040789,
238,阿彬餐饮店,餐饮服务,大新县,,,S60合那高速入口与243国道交叉口东北80米,22.702725,107.152575,
239,丽姐餐饮店,餐饮服务,昭平县,,,明源路170号,24.162182,110.793221,
239,早尚好餐饮店,餐饮服务,昭平县,,,新兴街与明源路交叉口北20米,24.169186,110.808508,
239,昭平县昭平镇粉魅餐饮店,餐饮服务,昭平县,,,锦绣榕园7栋13号,24.171188,110.815757,
239,古袍兄弟餐饮,餐饮服务,昭平县,,,马江镇古袍村大耀岭,23.921966,110.948579,
239,食尚坊餐饮,餐饮服务,钟山县,,,707县道与323国道交叉口东北280米,24.467325,111.132925,
239,富川味来香餐饮店,餐饮服务,富川瑶族自治县,,,文教路61号,24.825776,111.269875,
239,富川洋杨餐饮店,餐饮服务,富川瑶族自治县,,,新永路109号,24.824195,111.277671,
239,贵新餐饮店,餐饮服务,富川瑶族自治县,,,西门塘路与538国道交叉口西北20米,25.058575,111.325675,
239,芊芝润餐饮店,餐饮服务,富川瑶族自治县,,,星都一期108号,24.808650,111.282542,
239,富川毛大勺餐饮厅,餐饮服务,富川瑶族自治县,,,[],24.818023,111.284296,
239,桂辉餐饮店,餐饮服务,富川瑶族自治县,,,203省道与538国道交叉口南40米,24.831225,111.288325,
239,富川亿鸣餐饮店,餐饮服务,富川瑶族自治县,,,富阳镇民族路59号,24.819782,111.286729,
239,桓民餐饮店(老友猪杂粉·老友伊面),餐饮服务,富川瑶族自治县,,,民族路362号,24.836845,111.291285,
239,富川沁香源餐饮店,餐饮服务,富川瑶族自治县,,,富阳镇广场东路9号,24.809173,111.297805,
239,昭平县黄姚镇特色牛杂餐饮店,餐饮服务,昭平县,,,黄姚镇真武东路3号,24.248207,111.200591,
239,贺州御妃阁餐饮有限公司,公司企业,钟山县,,,北环西路与建民路交叉口西60米,24.529334,111.291280,
239,智诚文化校外托管中心,科教文化服务,钟山县,,,兴钟南路与西乐街南路交叉口西北140米,24.527434,111.297732,
239,大凉山叉子鸡火锅餐饮店,餐饮服务,钟山县,,,北环东路与兴钟北路交叉口西160米,24.533875,111.299925,
239,美连餐饮店,餐饮服务,钟山县,,,书香西路与一中路交叉口东60米,24.529633,111.299931,
239,开心餐饮店,餐饮服务,钟山县,,,新兴路与钟山中路交叉口西北120米,24.527975,111.305825,
239,阿姣餐饮店,餐饮服务,钟山县,,,龟石路工业园区管委会对面(宝龙园区市场)一行8号铺面,24.547352,111.314796,
239,凤兰餐饮,餐饮服务,钟山县,,,706县道与048乡道交叉口南40米,24.437798,111.296879,
239,阿海餐饮,餐饮服务,平桂区,,,羊头镇羊头街,24.476917,111.392701,
239,贺州市平桂区鲁味餐饮店,餐饮服务,平桂区,,,望高镇政府路168号,24.579322,111.421083,
239,美味集合餐饮店,餐饮服务,平桂区,,,立头街与潇贺大道交叉口东北180米,24.537475,111.466875,
240,金竹坡生态农庄,体育休闲服务,江南区,,,江西镇那廊村坛心外坡,22.785643,108.099446,
240,广西南宁东盟区锅锅香鸭脚煲餐饮店,餐饮服务,武鸣区,,,武华大道37号小帽山美食广场二期三号楼309号商铺,23.192334,108.180254,
240,广西万乡河餐饮集团有限公司,公司企业,武鸣区,,,安平路23号,23.182263,108.215399,
240,广西南宁齐盈餐饮配送中心,生活服务,江南区,,,沙井街道三津村9队山底园01号仓库,22.807703,108.210685,
240,广西怡百味餐饮管理有限责任公司,公司企业,西乡塘区,,,思圣路16号彩云大厦,22.827561,108.220674,
240,福福餐饮,餐饮服务,西乡塘区,,,西城1号小区,22.837311,108.229966,
240,营风飘扬·团建·小聚天台餐饮(青振店),体育休闲服务,西乡塘区,,,风岭路2号,22.843144,108.245674,
240,子章餐饮店,餐饮服务,江南区,,,吴圩镇友谊路吴圩段161号,22.645493,108.218646,
240,南宁市妙滋滋食品有限公司,公司企业,江南区,,,同乐大道53号泉港企业总部B区9栋,22.794925,108.239575,
240,广西桂顺达餐饮管理有限公司,公司企业,西乡塘区,,,科创路68号,22.870630,108.250712,
240,金陆豪餐饮有限公司,公司企业,武鸣区,,,金龙城东北门西130米,23.149005,108.292097,
240,广西中团餐饮管理有限公司,公司企业,江南区,,,洪厉路27号东盟智谷3栋103号、201号、202号,22.763589,108.244605,
240,南宁高新区吴多多餐饮店,餐饮服务,西乡塘区,,,振兴便民市50号,22.874964,108.267333,
240,广西衡尚餐饮管理有限公司,公司企业,江南区,,,五一路今朝大厦对面广告板材城内,22.813779,108.262269,
240,宁福肴餐饮管理有限公司,公司企业,西乡塘区,,,科园大道与罗赖路交叉口西南200米,22.869666,108.270525,
240,南宁市瑞肴漫餐饮管理有限公司,公司企业,西乡塘区,,,科园西一巷与新苑路交叉口东南120米,22.842775,108.267875,
240,阿金餐饮店,餐饮服务,武鸣区,,,伊岭岩斜对面第二家餐饮店,23.034750,108.296557,
240,千彩餐饮店(宏德路店),餐饮服务,江南区,,,五一西路7号,22.804144,108.264534,
240,广西南宁桂湖餐饮服务责任有限公司,公司企业,江南区,,,五一西路41号A15,22.795010,108.264180,
240,广西鲜味坊餐饮有限公司,公司企业,西乡塘区,,,发展大道与安阳西路交汇处屯里商业广场A1-21号,22.874075,108.289125,
240,广西星厨尚宴餐饮有限责任公司,公司企业,江南区,,,金凯路201号,22.768564,108.278589,
240,广西福念餐饮管理有限公司,餐饮服务,江南区,,,南宁市五一路新屋村一组新屋二里21-1号1-3铺面,22.801601,108.284619,
240,广西优国优民供应链管理有限公司,公司企业,江南区,,,五一路新屋二里二巷22号,22.801598,108.285480,
240,甘婶餐饮店,餐饮服务,西乡塘区,,,安吉大道45-6号,22.886027,108.299478,
240,华宴品江南餐饮服务有限公司,餐饮服务,江南区,,,南建路68号江南中心地块五邻里中心2层201号,22.785413,108.289328,
241,宇轩餐饮,餐饮服务,凤山县,,,江洲乡江洲街44号,24.317975,106.953625,
241,凤山县大弯区金牌餐饮有限公司,餐饮服务,凤山县,,,红军路与巴烈路交叉口南40米,24.535475,107.035725,
241,友缘餐饮店,餐饮服务,凤山县,,,20322线与243国道交叉口西北80米,24.382075,107.057825,
241,雨晨餐饮店,餐饮服务,天峨县,,,新民街与兴宁街交叉口东南20米,24.997616,107.173015,
241,鲜味江小厨餐饮店,餐饮服务,天峨县,,,六排镇城东路249号(鲜味江小厨),24.992710,107.178454,
241,峨城汇客餐饮有限公司,公司企业,天峨县,,,云林路与20343县道交叉口北180米,24.985749,107.181493,
241,好客莱餐饮,餐饮服务,天峨县,,,易地扶贫搬迁长安家园北门东南260米,24.940625,107.212025,
241,巴马北服务区巴马长寿餐厅,餐饮服务,巴马瑶族自治县,,,G78汕昆高速与巴马北服务区交叉口西340米,24.193986,107.220554,
241,巴马文山黄牛肉餐饮店,生活服务,巴马瑶族自治县,,,巴马镇寿香大道中路精通小区A135号,24.146810,107.243871,
241,潮汕汤粉王餐饮店,餐饮服务,巴马瑶族自治县,,,文化路与寿宁路交叉口西北40米,24.145922,107.246411,
241,广西南宁饭桌故事餐饮管理有限公司,公司企业,巴马瑶族自治县,,,河堤北路与寿福路交叉口西南200米,24.139025,107.247825,
241,广西鲜惠美餐饮管理有限公司,公司企业,巴马瑶族自治县,,,新建路460号,24.117555,107.247452,
241,广西妈妈菜园有限公司,餐饮服务,巴马瑶族自治县,,,母鸡山路与南环路交叉口南80米,24.133225,107.256125,
241,子母国民餐饮,餐饮服务,东兰县,,,龙头街与曲江路交叉口西南40米,24.510744,107.377045,
241,广西金席餐饮管理有限公司,公司企业,东兰县,,,323国道与马洞路交叉口西北280米,24.522530,107.393489,
241,便捷餐饮,餐饮服务,南丹县,,,迎宾路与243国道交叉口北460米,25.019552,107.565645,
241,侧岭服务区美食广场,餐饮服务,金城江区,,,侧岭服务区与G75兰海高速交叉口西北440米,24.839677,107.770077,
241,侧岭服务区驿里香餐饮,餐饮服务,金城江区,,,侧岭服务区与G75兰海高速交叉口北400米,24.840045,107.771603,
241,半坡餐饮店,餐饮服务,金城江区,,,西南大通道东北侧,24.728925,107.778725,
241,康宜餐饮店,餐饮服务,大化瑶族自治县,,,七百弄乡街上康宜餐饮店,24.123793,107.692650,
241,广西御壶春餐饮有限公司,公司企业,金城江区,,,城西大道与金碧路交叉口东南320米,24.682237,108.030238,
241,龙腾云海餐饮店,餐饮服务,金城江区,,,西机动车检测有限公司南侧110米,24.667175,108.028125,
241,尚食餐饮店,餐饮服务,金城江区,,,西环路三巷与朝阳路交叉口北40米,24.694175,108.040525,
241,莫大姐餐饮店,餐饮服务,金城江区,,,金城江街道西环路326号,24.692090,108.042439,
241,广西河池深海珍品餐饮服务有限公司,公司企业,金城江区,,,西环路与青秀路交叉口东北200米,24.687625,108.045775,
242,冬冬家厨餐饮(西城步行街店),餐饮服务,龙胜各族自治县,,,兴龙西路13号,25.796360,110.006205,
242,宛田服务区餐厅,餐饮服务,临桂区,,,G65包茂高速与宛田服务区交叉口西120米,25.626867,110.049756,
242,上台大众餐饮,餐饮服务,永福县,,,滨江路与福兴大道交叉口东北140米,25.015122,109.980030,
242,龙脊金竹渔家坊餐饮农庄,餐饮服务,龙胜各族自治县,,,和大线北侧,25.724482,110.105965,
242,永福县留香餐饮店,餐饮服务,永福县,,,连江路商业步行街127号一楼,24.989504,109.988444,
242,永福县麻椒鸡餐饮店,餐饮服务,永福县,,,凤翔路68号,24.989726,109.989742,
242,永福县李小婵餐饮店,餐饮服务,永福县,,,凤翔路龙泉街南二巷2号一楼,24.988046,109.990152,
242,福缘餐饮店,餐饮服务,永福县,,,迎宾路与规划路交叉口南200米,24.995524,109.998835,
242,文华餐饮店,餐饮服务,永福县,,,盛世嘉园东北侧80米,24.997144,109.999696,
242,鑫喜餐饮中心鲜香苑饭店,餐饮服务,永福县,,,苏桥工业园区苏龙路2号,25.104323,110.050256,
242,桂林服务区餐饮,餐饮服务,临桂区,,,桂林服务区与G65包茂高速交叉口东南460米,25.217450,110.121490,
242,猪脚阳餐饮管理有限公司,公司企业,临桂区,,,洋田路碧桂园12-113号门面,25.238465,110.162035,
242,朗诗德餐饮融合店,公司企业,临桂区,,,致和路与致远路交叉口东60米,25.226525,110.166075,
242,丽花餐饮坊(兴汇城店),餐饮服务,临桂区,,,致和路2-12号商铺,25.226151,110.168923,
242,老韦餐饮店,餐饮服务,临桂区,,,麓湖国际北岸C区,25.218731,110.176945,
242,老陈记餐饮馆,餐饮服务,临桂区,,,东源·世纪馨苑,25.247192,110.196924,
242,小馋食餐饮,餐饮服务,临桂区,,,桐兴巷与桂康路交叉口西北60米,25.255065,110.206723,
242,缘桥遇景餐饮店,餐饮服务,临桂区,,,四塘镇岩口村委会田心村,25.167761,110.198701,
242,巨舵餐饮集团,公司企业,秀峰区,,,甲山乡甲山村委会敦睦村940号,25.275450,110.260789,
242,广西味屿餐饮管理有限公司,公司企业,秀峰区,,,东安路402号2楼,25.268207,110.260251,
242,曾家二院餐饮店,餐饮服务,秀峰区,,,五里圩88号,25.263384,110.260654,
242,广西桂林山下人餐饮管理有限公司,公司企业,秀峰区,,,甲山乡官桥村一层,25.253271,110.263935,
242,灵川家正明源餐饮有限公司,公司企业,灵川县,,,高铁经济产业园潭下机械制造园8号标准厂房,25.438375,110.296672,
242,广西伟业餐饮投资管理集团有限责任公司,公司企业,秀峰区,,,中隐路南一巷与红岭路西一巷交叉口南220米,25.270325,110.267325,
242,柴火农家菜馆周梁莫餐饮店,餐饮服务,灵川县,,,定江镇三号工业区福利路一栋1-6号门面,25.334375,110.290425,
243,绝世煌鸭烧鸭餐饮店,餐饮服务,大武口区,,,5-1-4,38.971522,106.423948,
243,宁夏嘎西厨房餐饮有限公司,公司企业,大武口区,,,山水大道179院5,38.973503,106.431599,
243,老红楼私房菜,餐饮服务,惠农区,,,南大街与康乐路交叉口北40米,39.223116,106.770521,
243,马洪财鸽子面餐饮,餐饮服务,惠农区,,,德胜路与邮政路交叉口东北60米,39.233483,106.780452,
243,平罗县华庭金座,商务住宅,平罗县,,,陶乐镇花园西街12号,38.810903,106.696908,
244,将台红红色文化主题餐饮,餐饮服务,西吉县,,,将台乡富民路东侧,35.809407,105.843803,
244,烨塞尔餐饮有限公司,餐饮服务,西吉县,,,将台堡镇第一小学对面,35.815664,105.845453,
244,将台堡镇领头羊餐饮,餐饮服务,西吉县,,,堡镇通达酒店一楼,35.814863,105.852811,
244,马家餐饮楼,餐饮服务,原州区,,,三营镇雪豹汽车城恒达检测站西北侧110米,36.272233,106.168330,
244,独一处清真餐饮,餐饮服务,原州区,,,三营镇南街,36.266045,106.168386,
244,吉祥餐饮有限公司,公司企业,隆德县,,,龙城世家B区西北门东150米,35.613621,106.128076,
244,聚福轩餐饮楼(杜楼),餐饮服务,原州区,,,官厅镇长城居民点百合苑北门,36.004652,106.226091,
244,鸿轩莊餐饮,餐饮服务,原州区,,,小马庄村,35.978490,106.238726,
244,首旅万信餐饮,餐饮服务,原州区,,,八一路与北京路交叉口东120米,36.030004,106.253699,
244,旭亮餐饮(福平苑店),餐饮服务,原州区,,,文化西路374号福平苑,36.010638,106.269140,
244,云澜阁餐饮(安康花苑A区店),餐饮服务,原州区,,,六盘山西路六盘金街A4-2-,36.016319,106.271000,
244,宁夏正祥实业集团有限公司(平朔路),公司企业,原州区,,,平朔路79号,36.019790,106.278603,
244,臻牛餐饮,餐饮服务,泾源县,,,龙潭街与兴盛路交叉口东南60米,35.492621,106.333360,
245,宁夏大唐营盘水服务区三营小杨餐厅,餐饮服务,沙坡头区,,,338国道与营盘水服务区交叉口南180米,37.421679,104.289102,
245,宁夏大唐营盘水服务区三营餐厅,餐饮服务,沙坡头区,,,营盘水服务区与338国道交叉口南140米,37.421982,104.289576,
245,宁夏大唐营盘水服务区海原老李餐厅,餐饮服务,沙坡头区,,,营盘水服务区与338国道交叉口南140米,37.421997,104.289600,
245,晋秦餐饮陕西味道,餐饮服务,沙坡头区,,,宁夏大唐营盘水服务区与338国道交叉口东160米,37.422172,104.289874,
245,宁夏大唐营盘水服务区陕西味道,餐饮服务,沙坡头区,,,营盘水服务区与338国道交叉口南140米,37.422101,104.289862,
245,红云屉餐饮,餐饮服务,沙坡头区,,,长城西街官桥嘉园21号楼一层111,37.519361,105.183112,
245,聚馨源餐饮,餐饮服务,沙坡头区,,,应理新社区北门旁,37.518759,105.200484,
245,内蒙古壹品慧电子商务有限公司中卫分公司,餐饮服务,沙坡头区,,,中央西大道19号,37.506321,105.199233,
245,中卫市鑫东盛机械制造有限公司,餐饮服务,沙坡头区,,,新北山工业园区,37.617780,105.250229,
245,中卫服务区驿心驿意特色汉餐,餐饮服务,中宁县,,,G2012定武高速附近,37.404731,105.589413,
245,马小艳餐饮店,餐饮服务,中宁县,,,大杨路与109国道交叉口西北40米,37.402675,105.619625,
245,三营德秀餐饮店,餐饮服务,中宁县,,,109国道,37.332315,105.620631,
245,中宁县禄虾堂餐饮店,餐饮服务,中宁县,,,育才南路卓然怡居东区西门口玉芙蓉美业隔壁,37.489597,105.680723,
245,渠口服务区餐厅,餐饮服务,中宁县,,,G1816乌玛高速与渠口服务区交叉口西400米,37.700796,105.805260,
245,海原县名师纸包美食餐饮店,餐饮服务,海原县,,,海城镇政府南北街西侧就业局楼下营业房,36.565440,105.645356,
245,晨香美食村餐饮店,餐饮服务,海原县,,,政府东街与运财北路交叉口西200米,36.569352,105.660436,
245,德聚斋餐饮店,餐饮服务,海原县,,,海城镇闽宁华府二期住宅小区s1号楼14铺,36.576172,105.663224,
245,李旺凯东餐饮,餐饮服务,海原县,,,同辉美食城南侧,36.661814,106.108329,
245,兰通餐饮宴会中心,餐饮服务,海原县,,,海兴开发区商业街海鹏宾馆对面,36.372985,106.088448,
246,宁夏宝丝路餐饮管理有限公司,公司企业,永宁县,,,闽宁产业园乡韵闽宁产业园3号,38.179588,105.961848,
246,骏保餐饮店椒麻鸡羊杂,餐饮服务,西夏区,,,镇北堡镇红酒街118号,38.627130,106.070997,
246,宁夏祥盛园餐饮管理有限公司,公司企业,西夏区,,,[],38.478850,106.051156,
246,宁夏穆鑫斋餐饮有限公司,公司企业,西夏区,,,幸福巷与怀远西路交叉口东南80米,38.490325,106.128075,
246,宁夏金博盛餐饮管理有限公司,公司企业,西夏区,,,黄河西路314号,38.479793,106.139782,
246,宁夏展源旺广餐饮有限公司,公司企业,西夏区,,,济民东路与金波南街交叉口西260米,38.468775,106.145125,
246,宁夏天元中季餐饮管理有限公司,公司企业,西夏区,,,大连路与丽子园北街交叉口东北340米,38.523925,106.163075,
246,宁夏忠肴餐饮管理有限公司,公司企业,西夏区,,,宝湖西路225号,38.456580,106.150713,
246,金凤区来壹筋餐饮店,餐饮服务,金凤区,,,创业街康地路57号来壹筋炒肉片,38.452893,106.155310,
246,宁夏心盈餐饮管理有限公司,公司企业,金凤区,,,福州北街与惠北巷交叉口西南100米,38.496325,106.189175,
246,银川市金凤区酥香居餐饮店,餐饮服务,金凤区,,,贸易巷综合市场1号商铺,38.481446,106.186982,
246,聚兴华餐饮管理有限公司,公司企业,金凤区,,,天成好吃街3号门旁,38.488852,106.190310,
246,银川市金凤区张玉娇餐饮店,餐饮服务,金凤区,,,福州北街79号天成市场,38.488156,106.191649,
246,永宁县小飞餐饮店,餐饮服务,永宁县,,,李俊镇中心街东侧5号,38.182896,106.123127,
246,禾合餐饮店,餐饮服务,金凤区,,,天山国府壹号东北门西南70米,38.509625,106.200275,
246,宁夏静静餐饮管理有限公司,公司企业,金凤区,,,贺兰山中路与兴泰巷交叉口西北280米,38.503025,106.200725,
246,银川市金凤区大睿小馆餐饮店,餐饮服务,金凤区,,,北京中路269号银川文化城二期肆区6号商业楼105-107室,38.487524,106.203070,
246,广顺兴餐饮店,餐饮服务,金凤区,,,北京中路与弘文巷交叉口东北380米,38.487475,106.205525,
246,源悦荟餐饮,餐饮服务,金凤区,,,玺悦轩25-201,38.548710,106.229080,
246,宁夏盟欧餐饮有限公司,公司企业,金凤区,,,绿地中心,38.521744,106.227577,
246,宁夏牛羊羊餐饮管理有限公司,公司企业,金凤区,,,团结路227号CBD保险大厦,38.524454,106.228595,
246,宁夏盛世华泰餐饮管理有限公司,公司企业,金凤区,,,上海西路与亲水大街交会处万达中心,38.487675,106.220275,
246,宁夏丰宴一品餐饮有限公司,公司企业,金凤区,,,上海西路与亲水大街交会处万达中心,38.487700,106.220286,
246,宁夏烟火家宴餐饮管理有限公司,餐饮服务,金凤区,,,宁安西巷16-1号,38.481496,106.225332,
246,宁夏金亮餐饮有限公司,公司企业,金凤区,,,烟墩巷与宝湖中路交叉口南220米,38.454148,106.219933,
247,清悦餐饮店,餐饮服务,红寺堡区,,,恩红路,37.402140,105.884197,
247,宁夏润德轩餐饮服务有限公司青铜峡分公司,生活服务,青铜峡市,,,小坝镇北环西路2号综合楼39号43号55号,38.033244,106.074711,
247,宁夏牛仔餐饮有限公司,公司企业,青铜峡市,,,G109国道与永丰北路交叉口西南方向,38.032041,106.075530,
247,青铜峡市秦妈餐饮有限公司,餐饮服务,青铜峡市,,,天一街与古峡西街交叉口西北40米,38.019225,106.084075,
247,宁夏火辣辣餐饮管理有限公司,公司企业,利通区,,,吴忠农村商业银行(秦渠支行)北侧100米,37.942175,106.093675,
247,关马湖服务区美食街区,餐饮服务,青铜峡市,,,关马湖服务区西30米,37.833767,106.126880,
247,富祥餐饮店,餐饮服务,红寺堡区,,,吴忠锦和饭店东南侧460米,37.405625,106.044725,
247,弘德服务区兰州牛肉拉面,餐饮服务,红寺堡区,,,弘德服务区清真兰州牛肉拉面,37.529462,106.087460,
247,小陆手抓餐饮店,餐饮服务,红寺堡区,,,"罗山路东侧,文化东街北侧鹏胜铭门商业街I11段商业楼103铺",37.432546,106.073902,
247,白氏兄弟餐饮店,餐饮服务,红寺堡区,,,创业街与罗山路交叉口东80米,37.417625,106.072275,
247,宁夏罗山酒庄有限公司,公司企业,红寺堡区,,,宁夏工业园区罗山路C2路宁夏瑞丰葡萄酒,37.438316,106.077510,
247,素叶香味餐饮店,餐饮服务,红寺堡区,,,金水东街与罗山路交叉口东260米,37.424569,106.075025,
247,宁夏吴记餐饮有限公司,公司企业,利通区,,,利华北街与河奇路交叉口西北280米,38.010038,106.216559,
247,餐饮宴会中心,餐饮服务,利通区,,,利华北街与河奇路交叉口北280米,38.010048,106.216732,
247,香满居餐饮店,餐饮服务,盐池县,,,兴惠街与安居南路交叉口东160米,37.453175,106.674825,
247,宁夏锦龙餐饮管理有限公司盐池分公司,公司企业,盐池县,,,马儿庄至雨强线南侧,37.561003,106.812586,
247,盐池县园林人家餐饮有限公司,公司企业,盐池县,,,盐惠线与东顺路交叉口西220米,37.758143,107.384562,
247,蔡家梁服务区餐厅(暂停营业),餐饮服务,盐池县,,,蔡家梁服务区西南侧,38.075006,106.960583,
248,舟山服务区-餐饮区,餐饮服务,定海区,,,舟山服务区,30.053458,121.904148,
248,舟山市玖毛玖餐饮管理有限公司,公司企业,岱山县,,,高亭镇长河路169号岱山新天地,30.246101,122.210795,
248,高佳庄餐饮管理有限公司,公司企业,岱山县,,,康嘉路与长河路交叉口南60米,30.245865,122.210827,
248,定海人世间餐饮酒店会所,餐饮服务,定海区,,,甬东路22号畚金路别墅1号2号,30.013706,122.128763,
248,舟山市岑涔餐饮管理有限公司,公司企业,定海区,,,青垒头路116-4号,29.990464,122.122052,
248,粮草急送餐饮服务公司,公司企业,岱山县,,,蓬莱阁(沿港东路)东南侧170米,30.232213,122.222616,
248,善亿餐饮馆,餐饮服务,定海区,,,临城街道长歭敖门口1号,29.981421,122.162462,
248,嵊泗县湘当有味餐饮店,餐饮服务,嵊泗县,,,菜园镇沙河路新时代商座201,30.725008,122.455549,
248,舟山市得众餐饮管理有限公司,公司企业,定海区,,,景观大道与香樟街交叉口东120米,29.972525,122.178975,
248,绿眉毛餐饮管理有限公司,公司企业,定海区,,,文昌路与新苗路交叉口西北100米,29.982925,122.192175,
248,舟山六月餐饮管理有限公司,公司企业,定海区,,,海湾公园内(西侧),29.981175,122.192325,
248,舟山市齐丰餐饮管理有限公司,公司企业,定海区,,,中浪国际,29.994903,122.205160,
248,舟山亿趣餐饮管理有限公司,公司企业,定海区,,,港航国际大厦,29.993325,122.205775,
248,舟山市舟舢小馆餐饮管理有限公司,公司企业,定海区,,,港航国际大厦A座,29.992917,122.206525,
248,桃湾餐饮·中式健康菜,餐饮服务,定海区,,,临城新区合兴路101号新城商会大厦,29.993775,122.207275,
248,舟山市津余餐饮管理有限公司,公司企业,定海区,,,临城新区合兴路101号新城商会大厦,29.993775,122.207275,
248,舟山市得众餐饮管理有限公司,公司企业,定海区,,,临城新区合兴路101号新城商会大厦,29.993525,122.207525,
248,舟山市福隆餐饮管理有限公司新城金跃大厦分公司,公司企业,定海区,,,临城新区定沈路627号工行金跃大厦,29.991498,122.207378,
248,伍月有船餐饮店,餐饮服务,嵊泗县,,,五龙乡田岙村商贸综合体二层商铺09商铺10号,30.705039,122.503535,
248,万洋大食堂,餐饮服务,普陀区,,,鱿鱼市场路与海汇路交叉口东南180米,30.059861,122.269728,
248,舟山苏舟餐饮管理有限公司,公司企业,普陀区,,,东海西路2121号舟山科技置业大厦,29.971875,122.238775,
248,桃姐餐饮(沈家门店),餐饮服务,普陀区,,,沈家门街道泗湾路124-1号,29.951182,122.304401,
248,舟山餐饮名店,餐饮服务,普陀区,,,麒麟街188号海天国际广场,29.973559,122.321446,
248,舟山市和佶餐饮管理有限公司,公司企业,普陀区,,,海天大厦(麒麟街),29.973629,122.322442,
248,舟山市普陀区星缘餐饮店,餐饮服务,普陀区,,,东港街道海印路602-1号,29.964383,122.319349,
249,海宁市杨老太餐饮管理有限公司,公司企业,海宁市,,,许村镇天顺路193-1号,30.437058,120.366916,
249,鼎辰餐饮管理有限公司,公司企业,桐乡市,,,常春街69-70,30.741899,120.492282,
249,桐乡市丰味餐饮管理有限公司,公司企业,桐乡市,,,凤鸣街道新农村村太湖荡45号三楼,30.569917,120.516575,
249,高晨餐饮小外婆馄饨,餐饮服务,秀洲区,,,兴育路198号,30.801508,120.615514,
249,嘉兴蟹掌柜餐饮管理有限公司,公司企业,桐乡市,,,发展大道467-471号2楼,30.601896,120.566857,
249,顺沣餐饮管理,公司企业,桐乡市,,,屠甸路1390号,30.624321,120.578286,
249,浙江小圆满餐饮管理有限公司桐乡分公司,公司企业,桐乡市,,,凤凰湖大道666号小圆满大厦F1层,30.650447,120.588985,
249,桐乡众禾餐饮管理有限公司,公司企业,桐乡市,,,濮院大道与聚成路交叉口东南100米,30.666218,120.611430,
249,和福记餐饮(濮院店),餐饮服务,桐乡市,,,凯旋路1242号,30.673397,120.617313,
249,嘉兴云家餐饮管理有限公司,公司企业,南湖区,,,丰华路688号,30.731574,120.690338,
249,壹号餐饮(卡森卫星城桂花园店),餐饮服务,海宁市,,,斜桥镇桂花园1幢108室,30.492275,120.628812,
249,嘉兴市嘉肴餐饮管理有限公司,公司企业,秀洲区,,,经济技术开发区禾平街456-472号园区5号楼3楼,30.792475,120.735038,
249,嘉兴服务区驿佰味,餐饮服务,秀洲区,,,王店镇建农村嘉兴服务区南区三楼,30.620696,120.678127,
249,太阳城·嘉合荟,商务住宅,南湖区,,,中环西路869号,30.757447,120.727089,
249,嘉兴金小悦餐饮管理有限公司智慧产业园分公司,公司企业,南湖区,,,昌盛南路嘉兴智慧产业创新园嘉兴智慧产业创新园智慧大厦B座,30.725925,120.720425,
249,龙峰餐饮,餐饮服务,海宁市,,,泾长六里1号,30.550968,120.678597,
249,嘉兴金厨餐饮管理有限公司,公司企业,秀洲区,,,和风路888号,30.790777,120.769107,
249,海宁鑫威餐饮管理有限公司,公司企业,海宁市,,,丁桥镇丁桥村程家兜3号,30.423020,120.640634,
249,和贵堂餐饮,公司企业,秀洲区,,,瑞银东路188号,30.670913,120.727460,
249,嘉兴市犇腾餐饮管理有限公司,公司企业,秀洲区,,,正龙路与正阳路交叉口东南20米,30.815085,120.779327,
249,嘉兴市真真老老食品有限公司,餐饮服务,秀洲区,,,正阳东路199号,30.816571,120.780433,
249,嘉兴市正太餐饮管理有限公司,公司企业,南湖区,,,解放街道尚德大厦3幢农贸市场2层,30.774687,120.768019,
249,五芳斋餐饮(嘉兴塘汇路店),餐饮服务,秀洲区,,,塘汇路邻里商厦110号商铺,30.792070,120.779159,
249,郑兴阁餐饮(宴会厅),餐饮服务,秀洲区,,,王店镇宝华路321号(常华社区旁边),30.629368,120.727119,
249,嘉兴金小悦餐饮管理股份有限公司,公司企业,南湖区,,,富润路与中环南路辅路交叉口南160米,30.736425,120.775075,
250,余姚市云杰餐饮服务有限公司,公司企业,余姚市,,,泗门镇泗北村科技路88号余姚市云杰餐饮服务有限公司,30.166105,121.021101,
250,宁波博逸餐饮设备有限公司,公司企业,余姚市,,,小曹娥中意万洋众创园二期20号楼2单元,30.251957,121.052453,
250,余姚市姚东餐饮配送有限公司,公司企业,余姚市,,,马渚镇渚北东路119号,30.067475,121.086125,
250,杭州速派餐饮管理集团有限公司余姚分公司,公司企业,余姚市,,,丰山西路与高家路交叉口东南220米,30.063979,121.090391,
250,宁波永驰环保设备有限公司,公司企业,余姚市,,,低塘街道芦城村庙前86号,30.167226,121.170526,
250,宁波永优渔具有限公司,公司企业,慈溪市,,,天元镇天兴路122号,30.198096,121.182927,
250,余姚市慧乐牛牛餐饮管理有限公司,公司企业,余姚市,,,梨洲街道凤舞路1-2号,30.005908,121.128576,
250,汉密尔顿餐饮设备(浙江)有限公司,公司企业,余姚市,,,梨洲街道振兴西路87号,30.006875,121.131175,
250,三平·二满餐饮,餐饮服务,余姚市,,,兰江街道大黄桥路98号,30.042075,121.153575,
250,栖栖小院村花餐饮,餐饮服务,余姚市,,,最良路21号最良幼儿园斜对面,30.031346,121.159750,
250,浙江鑫玥餐饮管理(鑫玥阁),购物服务,慈溪市,,,浒山街道三北西大街541-543号(鸣北小区),30.176099,121.231473,
250,渔福记餐饮,餐饮服务,慈溪市,,,三北大街2085号,30.168586,121.277950,
250,宁波禾霆品牌管理有限公司,公司企业,江北区,,,长兴路与金山路交叉口西160米,29.944892,121.470680,
250,宁波糖纸餐饮管理有限公司,公司企业,海曙区,,,秀丰路557号2号楼二楼,29.898444,121.465727,
250,宁波堂潮餐饮供应链,公司企业,慈溪市,,,观蜃路400号,30.131625,121.559825,
250,宁波市甬教餐饮集配中心,公司企业,奉化区,,,奉化区,29.767540,121.442232,
250,宁波市日星餐饮管理有限公司,公司企业,镇海区,,,九龙湖镇田沈路666号,30.018878,121.561403,
250,甬上名灶翠柏店,餐饮服务,海曙区,,,西门街道体育场路43号16号楼1层(1-2),29.881521,121.535425,
250,宁波梦缘食品有限公司,餐饮服务,镇海区,,,骆驼街道通和东路168号,29.961524,121.567524,
250,红灯笼餐饮店(盛世华庭店),餐饮服务,镇海区,,,东河港路与大河路交叉口北20米,29.981120,121.583001,
250,七号码头餐饮店,餐饮服务,镇海区,,,盛兴路87号,29.976452,121.582528,
250,宁波市镇海区骆鼎集餐饮店,餐饮服务,镇海区,,,湖滨广场,29.961128,121.598622,
250,宁波朵乐餐饮管理有限公司,公司企业,鄞州区,,,钱湖北路11号,29.840127,121.566865,
250,宁波润通餐饮配送,生活服务,江北区,,,风华路与东昌路交叉口东南260米,29.904286,121.605868,
250,宁波蚝翅餐饮管理服务有限公司,公司企业,鄞州区,,,世纪大道北段551号005幢,29.866001,121.604522,
251,神仙居服务区美食,餐饮服务,仙居县,,,神仙居服务区西南侧,28.731181,120.635066,
251,台州悦宴餐饮管理有限公司,公司企业,仙居县,,,环城南路与223省道交叉口西220米,28.842779,120.712891,
251,奕嘉源土菜餐饮(嘉乐苑店),购物服务,仙居县,,,嘉乐苑西南门旁,28.852921,120.733447,
251,天台服务区驿佰味餐厅,餐饮服务,天台县,,,天台服务区东北侧,29.133347,121.079564,
251,四季餐饮,餐饮服务,黄岩区,,,新中路50号,28.655555,121.214103,
251,三门县佬丈宁餐饮店,餐饮服务,三门县,,,海游镇军民路1号,29.119947,121.370425,
251,天翀车灯集团有限公司,公司企业,黄岩区,,,新前镇工业区,28.658728,121.218879,
251,北门宴餐饮店,餐饮服务,黄岩区,,,惠民路88-9,28.666921,121.241292,
251,浙江行膳德餐饮管理有限公司,公司企业,三门县,,,梧桐路与交通路交叉口东180米,29.098196,121.391784,
251,小老扁面家,餐饮服务,黄岩区,,,西城街道仪凤街255号悦界1028号,28.619382,121.253623,
251,醉江南餐饮管理有限公司,公司企业,黄岩区,,,洞天路与引泉路交叉口西南40米,28.634400,121.260703,
251,塔哥餐饮店,餐饮服务,黄岩区,,,东城街道海棠新村75号,28.652832,121.283283,
251,鲜小宴餐饮,餐饮服务,路桥区,,,桐杨路与四通路交叉口东140米,28.588280,121.324891,
251,浙江臻越建设有限公司食堂,公司企业,椒江区,,,体育场路与洪西路交叉口北200米,28.646275,121.375975,
251,吉加食品有限公司,餐饮服务,路桥区,,,路北街道北南官大道12号,28.586511,121.372394,
251,蒸悦餐饮(宝龙宏地官河上城店),餐饮服务,路桥区,,,话月雅苑西门旁,28.578782,121.382336,
251,品上优先(青悦城店),餐饮服务,椒江区,,,中心大道555号台州青悦城购物中心B1层,28.657604,121.410298,
251,林记餐饮精选餐厅,餐饮服务,玉环市,,,玉城街道泰兴苑31号,28.124733,121.236327,
251,鲜引力餐饮,餐饮服务,玉环市,,,清港镇双郏塘村美食城,28.249741,121.281629,
251,台州市佰奇餐饮供应链,公司企业,温岭市,,,九龙大道1027号,28.386868,121.336368,
251,凤凰林居餐饮,餐饮服务,玉环市,,,龙溪镇凤凰村,28.193480,121.283570,
251,香鼎盛健康餐饮,餐饮服务,椒江区,,,海门街道屷崦路15号,28.659361,121.449693,
251,拌味村餐饮管理公司,公司企业,温岭市,,,城西街道五洋路49号7幢2楼208室,28.399024,121.364563,
251,温岭市山海茶荟餐饮管理有限公司,公司企业,温岭市,,,城西街道五洋路35号恒隆商业中心8幢401室,28.399378,121.365247,
251,绿意餐饮服务有限公司,公司企业,椒江区,,,熙悦府东门南110米,28.646459,121.452919,
252,温州隆辰食品有限公司,餐饮服务,鹿城区,,,龙川路163-1号,28.068075,120.576125,
252,正阁餐饮(中庚店),餐饮服务,瓯海区,,,广源大厦,27.962305,120.610831,
252,温州斗囤餐饮管理有限公司,公司企业,瓯海区,,,中庚漫游天地(宏海大厦)10楼1007号,27.961175,120.610825,
252,诚乐咖啡设备服务商,公司企业,瓯海区,,,牛山广场3号楼,27.966601,120.635512,
252,温州德育餐饮管理有限公司(潘岱分公司),公司企业,瑞安市,,,"瑞枫公路以东,温福铁路以西,地块编号为06-33",27.823182,120.598551,
252,瑞安江南葡萄园餐饮有限公司,公司企业,瑞安市,,,万锦大道与瑞东线交叉口西80米,27.769551,120.584936,
252,温州高启餐饮管理有限公司,公司企业,平阳县,,,昆阳镇前宕路68号1栋,27.681975,120.562675,
252,原海·正阁餐饮,餐饮服务,鹿城区,,,东龙路109号,27.991277,120.666410,
252,淳厚香餐饮,餐饮服务,瓯海区,,,香滨左岸一组团1栋113室,27.975340,120.675394,
252,鼎汁餐饮管理有限公司,公司企业,龙港市,,,金港华庭北门1栋商铺128号,27.561893,120.557478,
252,正阁餐饮(公园店),餐饮服务,鹿城区,,,瓯江路4599号上陡门浦公园内(西侧),28.017062,120.699989,
252,瑞安市米简单餐饮店,餐饮服务,瑞安市,,,安康路124-126号,27.774987,120.649345,
252,红茂餐饮有限公司,公司企业,瑞安市,,,大南山北路与惠民路交叉口西南20米,27.828388,120.666122,
252,温州阿格啦餐饮管理有限公司,公司企业,龙湾区,,,玉苍西路与上江路交叉口西80米,27.982813,120.718891,
252,瑞安市鑫业餐饮配送有限公司,餐饮服务,瑞安市,,,东山街道瑞安经济开发区上东路111号,27.739798,120.658642,
252,温州旭苗餐饮配送有限公司,公司企业,瑞安市,,,经济开发区毓蒙路1号,27.738976,120.662933,
252,温州桃溪谷生态农业有限公司,餐饮服务,龙湾区,,,永中街道双岙村正觉路1号,27.908561,120.785017,
252,温州力豪餐饮管理服务有限公司,公司企业,龙湾区,,,永中街道镇南锦苑8栋12号,27.920696,120.829431,
252,温州顾宣餐饮管理有限公司,公司企业,乐清市,,,柳市镇建兴路157号五楼,28.055836,120.918744,
252,浙江喜小牛餐饮管理服务有限公司,公司企业,乐清市,,,盛岙村东风路43号,28.056417,120.965432,
252,小辣椒餐饮排挡,餐饮服务,洞头区,,,鲲鹏街道雁鸿路986号1号楼宿舍1层第16间,27.950467,120.931728,
252,温州市东池餐饮管理有限公司,公司企业,洞头区,,,灵展路699号8幢9楼,27.938331,120.943324,
252,温州绿兴餐饮管理有限公司,公司企业,乐清市,,,宁康东路2781号,28.166369,121.020592,
252,温州市洞头北岙悯农餐饮店,餐饮服务,洞头区,,,城南大道170号,27.843494,121.161228,
253,龙泉服务区餐厅,餐饮服务,龙泉市,,,G25长深高速与龙泉服务区交叉口西南400米,28.022720,119.097057,
253,龙丰大酒店餐饮部,餐饮服务,龙泉市,,,剑池西路与欧冶大道交叉口北80米,28.059512,119.109641,
253,龙泉市美一角餐饮管理有限公司,公司企业,龙泉市,,,汇金路与剑川大道交叉口东80米,28.071125,119.137875,
253,龙泉觅觉餐饮有限公司,餐饮服务,龙泉市,,,剑池东路与江滨南路交叉口西南420米,28.059725,119.141725,
253,还可以餐饮店,餐饮服务,遂昌县,,,飞龙路与牡丹亭路交叉口北60米,28.614909,119.311214,
253,周掌柜家宴-农村酒席服务中心,餐饮服务,龙泉市,,,德光·御锦苑1号楼,28.071325,119.152059,
253,寻味餐饮,餐饮服务,遂昌县,,,东亭14号,28.642937,119.387727,
253,寺口餐饮店,餐饮服务,松阳县,,,和六段与龙丽线交叉口东80米,28.495394,119.441104,
253,松阳服务区和道夫润自选餐厅,餐饮服务,松阳县,,,松阳服务区,28.448505,119.437665,
253,松阳服务区和道夫润自选餐厅,餐饮服务,松阳县,,,松阳服务区,28.446401,119.437105,
253,松阳县目田餐饮店,餐饮服务,松阳县,,,大乐之野(松阳店)西北侧,28.303934,119.409024,
253,佑佑餐饮,餐饮服务,松阳县,,,八角亭小区1区8幢6号,28.421115,119.469867,
253,松阳县葫芦鱼餐饮有限公司,餐饮服务,松阳县,,,长虹东路18号中熙·凤凰园,28.447475,119.494325,
253,虾霸餐饮管理有限公司,公司企业,松阳县,,,浙江省 丽水市 松阳县 丽水市松阳县西屏街道铺门村6幢1号,28.461817,119.515449,
253,云和座上客土黄牛餐饮店(九和小区店),餐饮服务,云和县,,,九和小区,28.093792,119.572664,
253,自仙餐饮店,餐饮服务,景宁畲族自治县,,,梧桐乡梧桐村退役军人服务站东南侧,27.886789,119.512841,
253,壹道餐饮,餐饮服务,景宁畲族自治县,,,红星街道环城北路33号,27.984403,119.633840,
253,景宁服务区餐厅,餐饮服务,景宁畲族自治县,,,G4012溧宁高速与景宁服务区交叉口东360米,27.884792,119.641486,
253,丽水服务区五芳斋,餐饮服务,莲都区,,,丽水服务区西南侧,28.494177,119.861957,
253,丽水服务区阿婆阿嬷,餐饮服务,莲都区,,,丽水服务区东侧,28.492995,119.864381,
253,丽水市禾美餐饮管理有限公司,公司企业,莲都区,,,龙庆路与南锦街交叉口南100米,28.414728,119.852982,
253,赣江宴餐饮店,餐饮服务,莲都区,,,南明山街道水阁工业区成大街江泰星悦汇8栋,28.411170,119.856228,
253,音姐餐饮店,餐饮服务,莲都区,,,沙溪亭小区,28.434134,119.865466,
253,丽水市浙鼎餐饮管理有限公司,公司企业,莲都区,,,飞雨路与龙庆路交叉口东180米,28.438275,119.868925,
253,丽水侨府餐饮有限公司,公司企业,莲都区,,,处州大道650号江泰未来城,28.401934,119.875647,
254,开化县蜀里餐饮店,餐饮服务,开化县,,,苏庄镇富户村富户自然村6号,29.184395,118.088719,
254,开化星凤餐饮店,餐饮服务,开化县,,,星池路28号,29.079945,118.307005,
254,开化龙顶服务区煌上煌,餐饮服务,开化县,,,开化龙顶服务区与G6021杭长高速交叉口东340米,29.080831,118.320843,
254,开化龙顶服务区杭味排骨饭,餐饮服务,开化县,,,开化龙顶服务区与G6021杭长高速交叉口东340米,29.080829,118.320882,
254,开化龙顶服务区驿客餐厅,餐饮服务,开化县,,,开化龙顶服务区与G6021杭长高速交叉口东400米,29.080790,118.321417,
254,密赛柒号一楼餐饮部,餐饮服务,开化县,,,密赛村党群服务中心东北侧260米,29.169225,118.402475,
254,衢州来往餐饮管理有限公司,公司企业,开化县,,,上龙湾绿道与城华线交叉口东180米,29.045931,118.368462,
254,开化县底本红餐饮店,餐饮服务,开化县,,,音坑乡底本村上底本自然村农产品展示中心,29.266529,118.436043,
254,花姐餐饮店,餐饮服务,常山县,,,509县道与513县道交叉口西北20米,28.896225,118.430225,
254,庆之源餐饮管理有限公司常山办事处,公司企业,常山县,,,文教西路760号,28.917406,118.502740,
254,李胖餐饮,餐饮服务,常山县,,,天马街道147号(李胖餐饮),28.901820,118.523439,
254,江山海外海大酒店餐饮部,餐饮服务,江山市,,,临江路与贺祥路交叉口北100米,28.671125,118.548875,
254,杭州速派餐饮管理集团有限公司(江山分公司),公司企业,江山市,,,221省道与西山西路交叉口西北440米,28.723849,118.594864,
254,江山良辰锦食餐饮服务有限公司,公司企业,江山市,,,雪泉街2号同和·置业大厦2栋,28.730175,118.624225,
254,江山市瑶缔餐饮管理有限公司,公司企业,江山市,,,江东大道346号,28.723301,118.634463,
254,吃饭皇帝大餐饮(吾悦广场店),餐饮服务,柯城区,,,白云中大道99号衢州新城吾悦广场4F层4020,28.973169,118.848445,
254,衢州市衢牛牛牛餐饮管理有限公司,公司企业,柯城区,,,白云中大道与花园东大道交叉口东140米,28.974325,118.851075,
254,衢州市恒盛餐饮管理有限公司,公司企业,柯城区,,,弈谷大道与航河线交叉口东北220米,28.998667,118.861802,
254,衢州市万来餐饮管理服务有限公司,公司企业,柯城区,,,衢江南路229号,28.949428,118.862545,
254,衢州市观品餐饮有限公司,公司企业,柯城区,,,县西街与新河沿交叉口南100米,28.963475,118.869275,
254,衢州马站底餐饮管理有限公司,公司企业,柯城区,,,荷五路681-683号,28.929143,118.861598,
254,衢州市·洪仙绅餐饮管理服务有限公司,公司企业,柯城区,,,衢化西路与浙西大道辅路交叉口西180米,28.927854,118.865713,
254,衢州市心厨餐饮管理有限公司,公司企业,柯城区,,,后花园路与府东街交叉口西40米,28.961325,118.879375,
254,衢州骏德餐饮有限公司,公司企业,柯城区,,,荷花中路404号裕丰大厦,28.933023,118.878566,
254,面兜兜-餐饮部,餐饮服务,衢江区,,,振兴中路29号,28.968175,118.940675,
255,兰溪市秋水林音餐饮店,餐饮服务,兰溪市,,,兰江街道城郊西路21号,29.233195,119.452024,
255,放心一百餐饮有限公司,公司企业,兰溪市,,,环城东路242-11号,29.214394,119.492173,
255,金华市百老汇餐饮管理有限公司,公司企业,婺城区,,,西关街道磐安街258号,29.079886,119.630076,
255,金华市婺城区柒糯餐饮店,餐饮服务,婺城区,,,寺后皇街44号,29.081072,119.643376,
255,金华市清风餐饮有限公司,公司企业,婺城区,,,江南街道八一南街1号黄宾虹公园内(东侧),29.095557,119.653240,
255,金华市七号庭院餐饮服务有限公司,公司企业,婺城区,,,环城北路辅路与道院街交叉口西北60米,29.120275,119.661575,
255,婺仙小酒馆,餐饮服务,婺城区,,,鼓楼里111号,29.101553,119.665875,
255,浙江勤立餐饮企业管理有限公司,公司企业,金东区,,,东孝街道金东工业园区(浙江金华市顺泰水电建设有限公司内4幢1楼),29.126235,119.683140,
255,盛武肥牛(邻里中心店),餐饮服务,金东区,,,多湖街道栖凤街1198号邻里中心二楼,29.086259,119.680505,
255,鼎膳(金华)餐饮管理有限公司,公司企业,金东区,,,孝顺镇菜鸟金华物流园二期(宏业路),29.196485,119.841528,
255,金东盒饭•金华优送餐饮管理有限公司,餐饮服务,金东区,,,正涵街与新城路交叉口东60米,29.183823,119.856092,
255,武义速派餐饮管理有限公司,公司企业,武义县,,,东升路与环城东路交叉口南200米,28.910762,119.838242,
255,义乌市禧谷餐饮管理有限公司,餐饮服务,义乌市,,,茂后2区28幢5单元,29.321548,120.013073,
255,万壕餐饮,餐饮服务,义乌市,,,汇港路与求实路交叉口北140米,29.304703,120.016796,
255,浙江古道餐饮管理有限公司,公司企业,义乌市,,,稠江街道年年红家具集团二期1号楼3单元2楼,29.269875,120.026675,
255,汁佳鸽餐饮店,餐饮服务,义乌市,,,稠城街道宾王商贸区5街156号,29.310092,120.086854,
255,嗨锝餐饮,餐饮服务,义乌市,,,商贸区7街126号,29.310666,120.088060,
255,浙江鸿发餐饮管理有限公司,公司企业,义乌市,,,佛堂镇大士路32号,29.188787,120.049668,
255,阿庆嫂·印象丽州(步行街店),餐饮服务,永康市,,,古城南门遗址西北门西150米,28.896024,120.027396,
255,永康市聚福源生物科技有限公司,餐饮服务,永康市,,,长城街西区149号楼,28.911698,120.067603,
255,东阳市谷丰餐饮管理有限公司,公司企业,东阳市,,,横店镇屏岩社区龙山凤小区3号一楼自南向北第3-12间,29.171560,120.290937,
255,东阳服务区谷田稻香(东阳一店),餐饮服务,东阳市,,,甬金高速东阳服务区(南区),29.340888,120.349305,
255,东阳市汇达餐饮管理有限公司,公司企业,东阳市,,,横店镇半傍山,29.177422,120.323133,
256,太湖服务区观光餐厅,餐饮服务,长兴县,,,太湖服务区与G25长深高速交叉口东南360米,31.122279,119.941833,
256,长兴港龙大酒店餐饮部,餐饮服务,长兴县,,,白阜路29号港龙荟(长兴店),30.984745,119.897750,
256,浙江东厨餐饮管理服务有限公司,公司企业,长兴县,,,长兴国家大学科技园二分部,31.013835,119.945726,
256,礼美餐饮,餐饮服务,长兴县,,,洪桥镇陈桥村舟山浜村86号,30.967015,120.032290,
256,湖州富渝餐饮管理有限公司,公司企业,长兴县,,,城山路1号,30.978298,120.083403,
256,太湖龙之梦瑞峰国际大酒店餐饮部,餐饮服务,长兴县,,,龙之梦会议中心(太湖古镇)西北侧130米,30.949511,120.077183,
256,湖州圆源餐饮管理服务有限责任公司,公司企业,吴兴区,,,金世纪财富大厦C座,30.869164,120.081302,
256,曹记七号餐饮,餐饮服务,德清县,,,武康街道中兴北路509-511号,30.546925,119.971675,
256,云来食府·餐饮棋牌,餐饮服务,吴兴区,,,新风路288号,30.847213,120.078160,
256,生火匠餐饮管理有限公司,公司企业,吴兴区,,,劳动路567号16楼生火匠餐饮有限公司,30.874105,120.097455,
256,掌声谷粒餐饮公司,公司企业,吴兴区,,,新华路天主堂989-5号,30.864549,120.126127,
256,湖州莼鲈餐饮管理有限公司(高新区分公司),公司企业,吴兴区,,,欣安路1177号六号楼,30.898137,120.173599,
256,大宅门·弘庭餐饮,餐饮服务,吴兴区,,,八里店镇叶堤漾路537号,30.842225,120.190725,
256,浙江智菱餐饮科技有限公司,公司企业,德清县,,,洛舍镇昌达路555号,30.619071,120.121798,
256,诸老大鲜粽湖州服务区南区,餐饮服务,吴兴区,,,湖州高速服务区,30.891475,120.220927,
256,浙江曼普实业有限公司,餐饮服务,德清县,,,雷甸镇庆云路276号,30.496898,120.172729,
256,渔膳房地标餐饮,餐饮服务,德清县,,,禹越镇振兴西路219号,30.514860,120.260260,
257,老临安餐饮,餐饮服务,临安区,,,锦城街道城中街368号共富广场二层,30.230688,119.720702,
257,李白图书馆餐厅(良渚古城),餐饮服务,余杭区,,,瓶窑镇良渚古城遗址公园西人口服务用房1号楼2楼,30.394363,119.980137,
257,杭州慕名餐饮管理有限公司,公司企业,余杭区,,,溪塔村宋家村34号,30.285086,119.944501,
257,杭州鸿艺餐饮供应链管理有限公司云仓,公司企业,余杭区,,,安溪镇良渚街道方家塘48号,30.399895,120.012430,
257,七都餐饮,餐饮服务,余杭区,,,七贤山居综合楼3号,30.348951,120.010508,
257,晶苑餐厅(杭州首店),餐饮服务,余杭区,,,良睦路997号,30.278302,120.009696,
257,杭州盛涵餐饮管理有限公司,公司企业,余杭区,,,仁和街道和燕路3号2幢1层2层,30.447933,120.077566,
257,杭州腾大餐饮管理有限公司,公司企业,余杭区,,,三星路27号玛润奇家俱9幢1楼105室,30.436005,120.094404,
257,杭州食欲主义餐饮管理有限公司,公司企业,西湖区,,,蒋村街道双龙街588号西溪银泰城3号楼2-西7楼,30.292830,120.073807,
257,浙江爱吃餐饮管理服务集团有限公司,公司企业,临平区,,,杭州阿尔优哈食品有限公司南门旁,30.413875,120.123325,
257,杭州无边际餐饮管理有限公司,餐饮服务,余杭区,,,杭行路1886号,30.368885,120.115588,
257,仟佰宴餐饮(南庄兜店),餐饮服务,余杭区,,,霓虹路与储运路交叉口东60米,30.383778,120.122175,
257,杭州龙鸡马餐饮有限公司崇贤鸭兰村店,公司企业,临平区,,,鸭兰村文化礼堂南侧60米,30.420796,120.141943,
257,杭叭味餐饮,餐饮服务,拱墅区,,,上祥路345号鸿锦大厦2幢113室,30.333464,120.119231,
257,泉来发(杭州)餐饮有限公司,餐饮服务,拱墅区,,,建发缦云祥景路158-160号,30.338398,120.127572,
257,赣乡浓餐饮店,餐饮服务,拱墅区,,,祥府街道桥弄街208号乐富创意南区1号楼,30.319382,120.128581,
257,海会阁新江南素面餐饮店,餐饮服务,西湖区,,,天竺路16号二楼,30.239004,120.105828,
257,浙江团康餐饮管理有限公司,公司企业,临平区,,,崇贤街道大安村南潘家塘97号,30.408425,120.176425,
257,茂鲜啧餐饮店(维元弄店),餐饮服务,拱墅区,,,米市巷街道湖墅南路215号,30.282501,120.152831,
257,浙瓯餐饮·浙瓯荟·文晖店,餐饮服务,拱墅区,,,文晖路348金鹰大厦F1层,30.280788,120.162804,
257,新白鹿餐厅(湖滨88店),餐饮服务,上城区,,,平海路124号(湖滨88店),30.255253,120.162138,
257,浩海火燒雲傣家菜(杭州湖滨in77店),餐饮服务,上城区,,,湖滨街道湖滨路8号银泰in77E区3楼301室,30.250849,120.163310,
257,吃饭皇帝大土家民族菜(杭州湖滨in77店),餐饮服务,上城区,,,延安路185号杭州湖滨银泰E区3层301室,30.251095,120.163606,
257,杭州馨云餐饮管理有限公司,公司企业,上城区,,,凯旋支路13号,30.272584,120.190130,
257,群乐饭店(信诚路店),餐饮服务,滨江区,,,滨安路1197号(近信诚路),30.183901,120.174707,
258,鸿丰餐饮管理,公司企业,诸暨市,,,盛唐南路与江北路交叉口北60米,29.686201,120.162051,
258,诸暨服务区老娘舅,餐饮服务,诸暨市,,,王家井镇十五房村诸暨服务区,29.660345,120.167645,
258,浙江三可热能科技有限公司,餐饮服务,诸暨市,,,张四里路1号,29.762015,120.229370,
258,梓园餐饮(天成锦上店),餐饮服务,诸暨市,,,陶朱街道王家湖东路43-4号,29.737149,120.221692,
258,浙江阿生餐饮管理有限公司,公司企业,诸暨市,,,上冠路36号,29.824273,120.253750,
258,餐盟人-餐饮爆店(联合国际广场2幢店),餐饮服务,柯桥区,,,联合国贸2号楼,30.128428,120.410444,
258,浙江馨禾餐饮有限公司,公司企业,柯桥区,,,柯岩街道独山嘉园西区(西南门)营业房1993-1995号,30.056517,120.480001,
258,绍兴市柯桥区赣粉记餐饮店,餐饮服务,柯桥区,,,柯桥街道蓝天市心广场1幢112室,30.085010,120.490015,
258,绍兴香胖子餐饮管理有限公司,公司企业,柯桥区,,,笛扬路1443号福欣大厦,30.084925,120.493375,
258,北麓森岚庄园,体育休闲服务,诸暨市,,,诸暨北麓森岚庄园东侧190米,29.896387,120.436781,
258,柯岩服务区餐厅,餐饮服务,越城区,,,柯岩互通与柯岩服务区交叉口西南280米,30.020108,120.504411,
258,云隆餐饮店,餐饮服务,越城区,,,耶溪路与大越路辅路交叉口西140米,30.056289,120.529460,
258,西海湖餐饮民宿,住宿服务,柯桥区,,,兴齐路114正,30.113823,120.555661,
258,福源楼餐饮,体育休闲服务,越城区,,,灵芝路58号4层,30.032825,120.558625,
258,绍兴越城瓜壁顶冠城餐饮店,餐饮服务,越城区,,,冠城商业广场4区2楼2001室,30.011875,120.552725,
258,汤家楼餐饮,餐饮服务,越城区,,,胜利西路1112号,30.005408,120.554699,
258,姜滋味餐饮店,餐饮服务,越城区,,,山会大道与官渎路交叉口西南200米,30.022084,120.567135,
258,三象名府大酒店-餐饮(府山西路店),餐饮服务,越城区,,,府山西路与北海路交叉口西北160米,30.008563,120.568552,
258,守工坊·馄饨铺(中成公寓店),公司企业,越城区,,,守工坊餐饮管理有限公司(城南大道地铁站D口步行70米),29.975383,120.581500,
258,绍兴市禧知笼餐饮管理有限公司,公司企业,越城区,,,人民中路与板马桩交叉口西120米,29.995475,120.592375,
258,杭州蹄皇餐饮管理有限公司,公司企业,越城区,,,迪荡湖路79号北辰广场2幢,30.005027,120.599127,
258,绍兴臻鲜餐饮管理有限公司,公司企业,越城区,,,迪荡街道迪荡湖路68号昆仑国际2号楼1601-A,30.003611,120.600589,
258,越汤汇餐饮部(悦邻大厦店),生活服务,越城区,,,城南大道112号悦邻大厦F3层,29.974424,120.592900,
258,绍兴放心一百餐饮有限公司,公司企业,越城区,,,中兴南路853号,29.959455,120.587909,
258,绍兴市越城区天欣餐饮店,餐饮服务,越城区,,,马山街道滨河商业中心4幢117-118室,30.075139,120.627532,
259,玉田县安欣餐饮管理有限公司,公司企业,玉田县,,,银河路3号,39.893786,117.710795,
259,下仓小炒 大超餐饮店,餐饮服务,玉田县,,,豪门街,39.877600,117.736070,
259,一线牵餐饮店,餐饮服务,玉田县,,,玉兴楼5号,39.896475,117.749075,
259,玉田县城北人家餐饮服务有限公司,公司企业,玉田县,,,玉田城内旭升路北口东行50米路南,39.909882,117.774595,
259,百味邦餐饮店,餐饮服务,遵化市,,,龙源小区3期D6-1,40.203988,117.953078,
259,遵化市金时缘餐饮店 (麻辣鸡块现代城店),餐饮服务,遵化市,,,依水现代城南门8号底商,40.183455,117.955698,
259,遵化粤香隆江猪脚餐饮店,餐饮服务,遵化市,,,华明路街道文化南路东侧健康道2号,40.186151,117.965620,
259,玉田服务区餐厅,餐饮服务,玉田县,,,玉田服务区南侧,39.761285,117.792572,
259,广众汇餐饮公司,公司企业,丰润区,,,润泽路与云华道交叉口西400米,39.819666,118.101959,
259,唐山金粮食品有限公司,购物服务,丰润区,,,御龙湾家园2-9号,39.815276,118.128086,
259,唐山涌旺餐饮管理有限公司,公司企业,丰润区,,,天明物流城13号楼16栋,39.805039,118.125376,
259,唐山西服务区餐饮,餐饮服务,丰南区,,,唐山西服务区东南40米,39.404186,117.960826,
259,福瑞小馆餐饮店,餐饮服务,迁西县,,,红椿街与喜峰中路交叉口东120米,40.148954,118.307374,
259,唐山首诚餐饮有限公司,公司企业,丰润区,,,机场连接线8号-1号楼1层107室,39.668832,118.097430,
259,来且咧餐饮美食,餐饮服务,丰南区,,,艾馨锦苑底商瑞景街82号-9,39.557211,118.078408,
259,唐山市唐川餐饮管理有限责任公司,公司企业,路北区,,,友谊北路辅路与龙华西道交叉口东南440米,39.676834,118.144840,
259,唐山安居餐饮服务有限公司,公司企业,路北区,,,站前南路与惠民道交叉口南60米,39.596821,118.119772,
259,唐山传承老菜·厨兴源臻宴店,餐饮服务,路北区,,,大理北路与朝阳西道交叉口北行200米路东,39.657426,118.149752,
259,河北友味诚餐饮管理有限公司,公司企业,开平区,,,火炬路与新开东道交叉口西南260米,39.718275,118.178875,
259,唐山众里餐饮管理有限公司,公司企业,路北区,,,友谊北路与北新西道交叉口北220米,39.636025,118.142875,
259,德烽餐饮店,餐饮服务,丰南区,,,胥各庄镇铁南街西,39.549688,118.116286,
259,唐山炭惑餐饮管理有限公司,公司企业,路南区,,,和泰里水岸名都小区光明南路增496-4号01单元1-2层,39.588591,118.135877,
259,金盛万豪大酒店-餐饮部,餐饮服务,路北区,,,国安街与卫国南路交叉口西南100米,39.631425,118.165525,
259,唐山市忠冠餐饮管理有限公司,公司企业,路北区,,,龙泽北路524-1号,39.679649,118.189533,
259,赢商央厨餐饮(新华贸购物中心店),餐饮服务,路南区,,,新华西道30号新华贸购物中心F6层,39.625225,118.170625,
260,青龙满族自治县隆长餐饮管理有限公司,公司企业,青龙满族自治县,,,都阳路196号,40.401418,118.953353,
260,秦皇岛润龙餐饮管理有限公司,科教文化服务,卢龙县,,,北门外路与永平大街交叉口东南120米,39.891251,118.879826,
260,朋诚餐饮服务部,餐饮服务,昌黎县,,,星耀东方国际城西北门西南50米,39.717084,119.160040,
260,伯乐餐饮服务部,餐饮服务,昌黎县,,,六合上城门市1-3,39.712525,119.182775,
260,知阅餐饮服务部,餐饮服务,昌黎县,,,六合上城,39.712825,119.183475,
260,亚利餐饮服务部,餐饮服务,昌黎县,,,碣阳大街115号,39.746811,119.200082,
260,铁生餐饮店,餐饮服务,昌黎县,,,106乡道与144乡道交叉口东北60米,39.645578,119.271171,
260,秦皇岛鼎鲜餐饮管理有限公司,公司企业,昌黎县,,,锦绣路与规划路交叉口北300米,39.659158,119.300002,
260,秦皇岛雪山餐饮有限公司,公司企业,昌黎县,,,二号路与三号路交叉口西北60米,39.656293,119.314357,
260,禧澄餐饮店,餐饮服务,昌黎县,,,一经路与南外环交叉口西80米,39.698525,119.338425,
260,秦皇岛陆柒餐饮管理有限公司,公司企业,昌黎县,,,UCCA沙丘美术馆西北侧80米,39.645825,119.317225,
260,北戴河新区有米餐饮店,餐饮服务,北戴河区,,,环海路与兴海道交叉口东南20米,39.791302,119.428487,
260,捷富餐饮,餐饮服务,海港区,,,横断山路66号橡树湾,39.915875,119.506925,
260,依糖餐饮,餐饮服务,海港区,,,122乡道与南岭东路交叉口南300米,39.902925,119.503825,
260,海港区鲜骨韵香餐饮店,餐饮服务,海港区,,,白塔岭街道贺兰山南路38、38-1、40号,39.921075,119.514375,
260,秦皇岛玖和餐饮管理有限公司,公司企业,海港区,,,金明国际财富中心,39.936296,119.524614,
260,广贸餐饮,餐饮服务,北戴河区,,,北三路与海二路交叉口南120米,39.828175,119.486225,
260,秦皇岛潮正和餐饮服务有限公司,公司企业,海港区,,,半岛大厦,39.903475,119.522525,
260,食光漫游餐饮中心,餐饮服务,海港区,,,恒山路1号,39.937094,119.554060,
260,秦皇岛熠禾餐饮管理有限公司,公司企业,海港区,,,黄河道街道泰山路406号,39.938802,119.557450,
260,海港区彩谷娘餐饮店,餐饮服务,海港区,,,河北大街西段460号,39.903541,119.541827,
260,思含餐饮服务店,餐饮服务,海港区,,,文昌路与河北大街西段交叉口河北大街368号秦皇岛茂业天地,39.908525,119.546975,
260,秦皇岛七甜三秋餐饮管理有限公司,公司企业,海港区,,,黄山路与闽江道交叉口东北100米,39.927525,119.557025,
260,秦皇岛德瑞餐饮有限公司,餐饮服务,海港区,,,和美路与北港大街交叉口南200米,39.974422,119.580842,
260,海港区佰年餐饮店,餐饮服务,海港区,,,美岭小区,39.923425,119.558075,
261,武安市活水云上黔牛餐饮店,餐饮服务,武安市,,,活水乡李家庄村山李冀4号,36.908357,113.924660,
261,中陇腾餐饮店,餐饮服务,武安市,,,上团城二街邯沙路与文化街交叉西行100米路北,36.732888,114.125009,
261,源鑫建筑设备租赁有限公司,公司企业,武安市,,,东温村路口路北彼岸餐饮后面,36.678104,114.145939,
261,十里春饼(银河御府店),餐饮服务,武安市,,,西环路789号,36.693630,114.157406,
261,泽坤餐饮店,餐饮服务,武安市,,,向阳路与新华大街交叉口西180米,36.702734,114.176447,
261,星厨佳宴餐饮管理有限公司,公司企业,武安市,,,社中北街甲1号,36.704840,114.203122,
261,筷乐食光餐饮店,餐饮服务,峰峰矿区,,,滏园花园A区S区底商12号,36.435806,114.217594,
261,磁县竹木轩餐饮店,餐饮服务,磁县,,,泥河村村西,36.414406,114.310468,
261,邯郸市永年区咏郝餐饮管理有限公司,公司企业,永年区,,,新洺路6号,36.781315,114.495840,
261,会哥餐饮服务店,餐饮服务,永年区,,,金色嘉苑,36.758561,114.488951,
261,邯郸市永年区花嫁餐饮服务有限公司,餐饮服务,永年区,,,临洺关镇北杜村西,36.747754,114.519249,
261,邯郸市虹厨餐饮管理有限公司,公司企业,永年区,,,禹襄路6号,36.740614,114.517816,
261,大光明餐饮(光明桥店),餐饮服务,丛台区,,,光明北大街16号(西沁河北路北),36.621667,114.503577,
261,蒋师傅美食餐饮店,餐饮服务,邯山区,,,陵园路与绿化南街交叉口东40米,36.598852,114.497136,
261,邯郸邯郸市鼎库餐饮有限公司,公司企业,丛台区,,,滏东大街与联纺路交叉口西南160米,36.624075,114.521325,
261,不晚餐饮娱乐吧,体育休闲服务,邯山区,,,滏西南大街401号,36.577575,114.505899,
261,牛吨吨餐饮店,餐饮服务,丛台区,,,丛台北路3号,36.619735,114.523637,
261,艾味佳餐饮服务有限公司,公司企业,丛台区,,,东环路与华泽路交叉口东南140米,36.634501,114.536025,
261,河北粤膳和餐饮管理有限公司,公司企业,丛台区,,,友谊路37号颐高智能广场A座10楼1008,36.617796,114.538827,
261,邯郸市野尚膳餐饮服务有限公司(全国总部),公司企业,丛台区,,,丛台东路206号东方澜庭10层,36.617025,114.572225,
261,市井婆豆沙牛乳(河北工程大学店),餐饮服务,丛台区,,,丛台区经济开发区尚璧镇西孙庄社区迎宾路18号西南侧一层,36.647887,114.596490,
261,四季餐饮烧烤碳锅羊肉,餐饮服务,成安县,,,大树湾东门旁,36.453333,114.692068,
261,鸡泽县草牧源餐饮店,餐饮服务,鸡泽县,,,鸡泽镇人民路与椒乡大街交叉口往西150米路南,36.909847,114.884466,
261,禾小鲜食品有限公司,餐饮服务,鸡泽县,,,风雅大街与韶泽路交叉口东北120米,36.934975,114.904325,
261,广府盛宴餐饮有限公司,公司企业,广平县,,,胜营镇胜辛东路193号,36.388584,114.866621,
262,井陉北服务区餐厅,餐饮服务,井陉县,,,G5京昆高速与井陉北服务区交叉口东北320米,38.065154,113.931567,
262,灵寿县天增悦餐饮店,餐饮服务,灵寿县,,,灵寿镇南托村新兴街西十一排21号,38.331715,114.394331,
262,牛一鞭餐饮店(个体工商户),餐饮服务,鹿泉区,,,鹿泉区,38.092698,114.358527,
262,河北艺然餐饮管理有限公司,公司企业,鹿泉区,,,大河路46号,38.135440,114.401677,
262,石家庄老厨桩餐饮服务有限公司,公司企业,桥西区,,,大郭街道军兴路5号-1,38.067757,114.404969,
262,石家庄状元郎餐饮服务有限公司,公司企业,桥西区,,,玉兰街3-035,38.013361,114.433929,
262,东北丰餐饮管理有限公司,公司企业,桥西区,,,中环商务,38.025875,114.451875,
262,河北轩食尚餐饮管理有限公司,公司企业,新华区,,,河北轨道运输职业技术学院(西校区)附近负一层西头南侧,38.057507,114.473734,
262,中鸿记餐饮集团,公司企业,桥西区,,,南二环西路109号盛世大厦A座五层,38.005375,114.470940,
262,燕风楼烤鸭店(建设总店),餐饮服务,长安区,,,建设北大街19号(长安公园地铁站A东北口旁),38.050945,114.512102,
262,河北普恩堂餐饮服务有限公司,公司企业,桥西区,,,休门街与裕华东路交叉口南200米,38.033917,114.506415,
262,石家庄曹状元食品技术服务有限公司,餐饮服务,正定县,,,正定镇金河国际公寓E座,38.157575,114.559125,
262,河北郭大福餐饮管理有限公司,公司企业,长安区,,,广安大街24号财富大厦,38.051075,114.521725,
262,新疆古丽餐饮店,餐饮服务,裕华区,,,仓兴街10号盛邦花园六区,38.002853,114.504923,
262,极宴(国赫大厦店),餐饮服务,裕华区,,,青园街国赫控股中心1层,38.026415,114.518221,
262,翰林(河北)餐饮服务有限公司,公司企业,裕华区,,,建设南大街281号,37.992134,114.515046,
262,正定县名门礼宴餐饮服务有限公司,餐饮服务,正定县,,,晨旭路与育英街交叉口西80米,38.169422,114.579349,
262,江南小院,餐饮服务,裕华区,,,体育南大街221号,38.026576,114.533698,
262,裕华金烤手餐饮店,餐饮服务,裕华区,,,体育南大街265号,38.019626,114.533730,
262,河北广茗轩餐饮服务有限公司石家庄长安区分公司,公司企业,长安区,,,长安金茂悦14栋,38.075525,114.571675,
262,河北金璇餐饮管理有限公司,公司企业,栾城区,,,红蜘蛛智慧物流园进门右转走到头,37.944270,114.532046,
262,禾味堂餐饮管理有限公司,公司企业,裕华区,,,槐安东路145号西美·五洲天地,38.020796,114.566456,
262,联合智运文化发展有限公司,公司企业,栾城区,,,焱鑫垚餐饮管理有限责任公司西南侧,37.944757,114.543697,
262,河北福腾宝餐饮设备有限公司,公司企业,裕华区,,,东二环与槐北路交口东行50米路北,38.033878,114.577756,
262,穆百顺餐饮供应链,公司企业,栾城区,,,许营村北,37.975500,114.584049,
263,固安县银晖餐饮服务有限公司,公司企业,固安县,,,大清河园区繁盛大街北侧中世大道东侧中国智能骨干网(廊坊·固安)二期物业配套楼一层,39.416872,116.155912,
263,固安县福来家宴餐饮管理有限公司,公司企业,固安县,,,固安县高新产业园区西徐村,39.477904,116.232283,
263,汇萃餐饮宴会中心,餐饮服务,固安县,,,锦绣大道089号,39.453723,116.319550,
263,牛驼服务区餐厅,餐饮服务,固安县,,,G45大广高速与牛驼服务区交叉口东南460米,39.275885,116.292707,
263,北京鑫瑞源餐饮中心,餐饮服务,广阳区,,,机场公安办证处东南侧180米(大兴机场地铁站A入口旁),39.511048,116.416914,
263,临空国际餐饮中心,餐饮服务,广阳区,,,柳林西街与翔安路交叉口东160米,39.562166,116.523903,
263,霸州市云厨餐饮集配中心,公司企业,霸州市,,,开发区临南村、北夹河村西环路与迎宾西道交口南侧150米路东03厂房,39.122137,116.344660,
263,慕尚喜事汇餐饮酒店,餐饮服务,霸州市,,,益津北路与永宁道交叉口东北360米,39.147815,116.390938,
263,永清县花江香肉餐饮店,餐饮服务,永清县,,,文苑北路258号,39.318675,116.504506,
263,永清县哈哈家餐饮店,餐饮服务,永清县,,,永清县经开区荣盛紫竹苑南区一栋底商哈哈家族精酿啤酒羊蝎子火锅,39.378135,116.534834,
263,三河市吾面道餐饮店第一分店,餐饮服务,三河市,,,燕郊开发区迎宾路东汉王路西侧亿丰大街南侧天洋城海棠春晓66号商业66-1-101,39.972758,116.800290,
263,店香餐饮,餐饮服务,三河市,,,燕郊镇京榆大街潮白人家路6号店香餐饮店,39.943224,116.795740,
263,三河市刘希义餐饮店,餐饮服务,三河市,,,燕灵路与京榆大街交叉口东南100米,39.942608,116.802307,
263,留个桌辣椒炒肉,餐饮服务,三河市,,,海油大街247号,39.959511,116.827884,
263,越福阁餐饮店,餐饮服务,三河市,,,神威北大街706号,39.972768,116.847341,
263,高楼炸豆腐瓤豆腐食品有限公司,餐饮服务,三河市,,,高楼镇高楼村兴民街058号,39.993570,116.858689,
263,廊坊市金沙银贝餐饮管理有限公司,公司企业,广阳区,,,永兴北路与广阳道交叉口南80米,39.536372,116.679488,
263,福成肥牛餐饮管理有限公司,公司企业,三河市,,,[],40.010976,116.880147,
263,廊坊市沁元春餐饮酒店管理有限公司,公司企业,广阳区,,,南尖塔镇和平路104号金丰农科园(廊坊店)内(南侧),39.582948,116.720085,
263,廊坊市坤鹤餐饮管理有限公司,公司企业,安次区,,,光明西道108号名居小区西区1号大酒店1层108室,39.513730,116.694534,
263,津津有味餐饮店,餐饮服务,广阳区,,,新意街与迎春路交叉口东40米,39.522175,116.701425,
263,馥天下烤鸭店(廊坊店),餐饮服务,广阳区,,,河北省廊坊市广阳区北凤道与新开路交汇处阿尔卡迪亚小区丽景园1号门市一楼,39.552132,116.716744,
263,广阳区辰暖餐饮店,餐饮服务,广阳区,,,新华路39号商业门店(原明珠宾馆)从西向东第4间,39.517948,116.709219,
263,廊坊开发区图图餐饮店,餐饮服务,广阳区,,,云鹏道184号,39.586916,116.744447,
263,廊坊市浪淘沙餐饮管理有限责任公司第一分公司,公司企业,广阳区,,,永丰道北100米新朝阳广场,39.526963,116.724552,
264,曲阳服务区特色美食城,餐饮服务,曲阳县,,,G1812沧榆高速与曲阳服务区交叉口东北320米,38.845807,114.587241,
264,白石山服务区餐厅,餐饮服务,涞源县,,,S31涞曲高速与白石山服务区交叉口南340米,39.170406,114.788057,
264,曲阳县谷养道餐饮服务有限公司,公司企业,曲阳县,,,恒州镇恒山东路,38.622271,114.742046,
264,永帆餐饮兄弟烧烤(佳润家苑店),餐饮服务,定州市,,,陈庄子新民居,38.505648,114.952525,
264,韶东餐饮香辣虾火锅(华府店),餐饮服务,定州市,,,北城区街道自来佛北街君悦华府商铺7S 2-02,38.516847,115.012399,
264,大海边餐饮,餐饮服务,满城区,,,大海边,38.933874,115.331763,
264,城南人家餐饮,住宿服务,易县,,,高陌乡固村大桥南行150米处路西(易黄路72号),39.323262,115.508443,
264,漕河沐阳生态农业园,体育休闲服务,满城区,,,要庄乡南宋村村东安大公路东侧,38.982525,115.405975,
264,四合居餐饮有限公司,餐饮服务,竞秀区,,,保定市高新区大马坊乡温屯村村东,38.953615,115.395425,
264,雪花餐饮大食堂,餐饮服务,竞秀区,,,天威西路与西三环交叉口西120米,38.864221,115.375273,
264,保定和合之美餐饮服务有限公司,公司企业,竞秀区,,,励行街666号A1楼(U形大楼)B座负一层,38.932896,115.429087,
264,河北吉馔供应链管理有限公司,公司企业,竞秀区,,,竞秀区高开区生辉街368号院内主楼,38.860474,115.402480,
264,河北省八珍王食品有限公司,餐饮服务,竞秀区,,,乐凯北大街3088号1303,38.919207,115.446735,
264,老姨家的餐厅(乐凯北大街店),餐饮服务,竞秀区,,,乐凯大街1849号门脸,38.901072,115.449627,
264,老姨家的故事(翠园街店),餐饮服务,竞秀区,,,风帆路115-6号门脸,38.893229,115.473057,
264,蒙特餐饮店(无极饸饹馆南基地店),餐饮服务,竞秀区,,,德惠路与向阳南大街交叉口东180米,38.863775,115.462475,
264,熠灿餐饮,餐饮服务,莲池区,,,灵雨寺街与天威中路交叉口南160米,38.853132,115.480484,
264,河北九鲨餐饮管理有限公司,公司企业,莲池区,,,隆昌路875号,38.903432,115.513943,
264,启喜餐饮一次性用品成品仓,公司企业,莲池区,,,南二环1689号,38.813245,115.481699,
264,河北乾和浩奇餐饮管理有限公司,公司企业,莲池区,,,东大街与北大街交叉口西60米,38.860569,115.502163,
264,福满禧餐饮服务店,餐饮服务,莲池区,,,双胜街与七一中路交叉口西南220米,38.876903,115.509835,
264,安国市筷尚客餐饮服务有限公司,餐饮服务,安国市,,,工业城瑞风驾校对过院内万农市场5号库,38.403542,115.335248,
264,莲池区东鑫老乡餐饮店,餐饮服务,莲池区,,,长城南大街与玉池路交叉口1288号,38.834023,115.505170,
264,河北东卤道餐饮管理有限公司,公司企业,莲池区,,,莲池南大街2223号,38.803225,115.498475,
264,老公社餐饮,餐饮服务,莲池区,,,长城北大街3001号,38.920636,115.561235,
265,怀安服务区餐厅,餐饮服务,怀安县,,,怀安服务区南30米,40.688155,114.260766,
265,阳原服务区餐厅,餐饮服务,阳原县,,,S32宣大高速与阳原服务区交叉口东北380米,40.066609,114.115253,
265,阳原县康晟餐饮有限公司,公司企业,阳原县,,,揣骨疃村159,40.019892,114.255802,
265,张北谷姥婆面道粥餐饮店,餐饮服务,张北县,,,张北镇中央大道北底商B21-109号,41.154239,114.714674,
265,张北焱龙餐饮服务有限公司,公司企业,张北县,,,兴和西路与张库大道交叉口东100米,41.143275,114.711775,
265,张北县小街餐饮服务店,餐饮服务,张北县,,,汇商国际住宅,41.147046,114.715777,
265,希尔顿惠庭酒店-餐饮部,餐饮服务,张北县,,,唯佰广场(张北二店),41.160172,114.722220,
265,张北酒哥地摊烧烤餐饮服务店,餐饮服务,张北县,,,"花园街办事处怡东华城7号楼5单元101,102室",41.160179,114.730633,
265,察北服务区餐饮,餐饮服务,张北县,,,察北服务区西30米,41.472988,114.944606,
265,芝芸餐饮,餐饮服务,张北县,,,商业街与商业南街交叉口西120米,41.392575,114.937325,
265,沃得郦都酒店管理有限公司餐饮事业部,公司企业,桥西区,,,古宏大街与西沙河路交叉口东200米,40.835749,114.881972,
265,大民烧烤餐饮店,餐饮服务,桥西区,,,新营坊小区,40.812808,114.876481,
265,张家口市杨圆福餐饮有限公司,公司企业,桥西区,,,武城街步行街与南城壕街交叉口北60米,40.817075,114.881625,
265,张家口巧厨餐饮服务有限公司,公司企业,桥西区,,,西苑北路与四方台街交叉口北60米,40.798580,114.874887,
265,张家口兄联餐饮管理有限公司,公司企业,桥东区,,,清水河南路与高家屯北街交叉口东南260米,40.782375,114.878175,
265,桥东区不误正夜餐饮店,餐饮服务,桥东区,,,钻石中路大德花园酒店停车场院内,40.791625,114.884775,
265,蚝二叔餐饮店,餐饮服务,桥东区,,,福安街小区南区,40.810025,114.892275,
265,张家口牧润餐饮服务有限公司,公司企业,桥东区,,,钻石北路与光明街交叉口东220米,40.798925,114.888175,
265,张家口鑫湖餐饮管理有限公司,公司企业,桥东区,,,工业东街与钻石北路交叉口东140米,40.794940,114.886879,
265,桥东区瑾一餐饮店,餐饮服务,桥东区,,,工业东街与钻石北路交叉口东160米,40.794902,114.886987,
265,春程餐饮管理有限公司,公司企业,桥西区,,,文化广场西北侧200米,40.733585,114.865221,
265,张家口市龙耀餐饮有限公司,公司企业,桥东区,,,高柳路与盛华西大街交叉口东北20米,40.776052,114.887137,
265,张家口正盛餐饮服务有限公司,公司企业,桥东区,,,匠心路与行健西路交叉口东北120米,40.758530,114.882712,
265,张家口内蒙餐饮有限公司,公司企业,桥东区,,,长江时代广场C座,40.764625,114.890725,
265,张家口好客垣餐饮管理服务有限公司经开分公司,公司企业,桥东区,,,长江时代广场,40.764375,114.890975,
266,壹捞百味蘸料火锅(绿城店),餐饮服务,信都区,,,公园西街绿城诚园,37.087058,114.455156,
266,邢台市大伢餐饮管理有限公司,公司企业,信都区,,,麒麟郡加1号楼2层210室,37.074875,114.463439,
266,新桂香斋餐饮公司,公司企业,信都区,,,钢铁北路与李演庄街交叉口东南60米,37.061425,114.465375,
266,途客中国酒店餐饮部,餐饮服务,信都区,,,泉南西大街与冶金北路交叉口东280米,37.082625,114.477125,
266,渝百味餐饮店,餐饮服务,信都区,,,青青家园东区西门西北120米,37.102851,114.484363,
266,河北绿港餐饮总部(绿港宴宾楼),公司企业,信都区,,,公园东路与永康街交叉口北100米,37.101525,114.484675,
266,炉忆餐饮(建设大街店),餐饮服务,信都区,,,建设西大街与守敬南路交叉口西120米,37.054369,114.481321,
266,客串烧烤餐饮店(天一港店),餐饮服务,襄都区,,,天一街西段路南,37.075069,114.494424,
266,咱妈烀饼 天一城店,餐饮服务,襄都区,,,天一街222号,37.075067,114.495456,
266,柏乡服务区牡丹印象餐厅,餐饮服务,柏乡县,,,G4京港澳高速与柏乡服务区交叉口西南380米,37.434580,114.627491,
266,邢台食脉餐饮管理有限公司,公司企业,襄都区,,,中国农业银行(邢台邢东支行)附近,37.102798,114.514417,
266,黑家养生粥道馆(德胜商务楼店),餐饮服务,襄都区,,,顺德路279号,37.075349,114.506421,
266,河北艺中海餐饮服务有限公司,公司企业,襄都区,,,襄都区李家庄村东15号,37.089400,114.514584,
266,大瓦房(桥东店),餐饮服务,襄都区,,,团结东苑小区17-20号,37.078792,114.520190,
266,辛岳餐饮店,餐饮服务,襄都区,,,襄都区龙泉大街319号,37.039125,114.509043,
266,邢台成福餐饮管理有限公司,公司企业,襄都区,,,开元南路与新兴东大街交叉口南280米,37.046902,114.515036,
266,襄都区焰尚鲜餐饮店,餐饮服务,襄都区,,,北大街街道办事处母家场社区襄都南路203-5号,37.053626,114.527736,
266,深客餐饮,餐饮服务,沙河市,,,沙河市桥东办田安社区田安路清华园东区15号商铺,36.879994,114.529537,
266,沙河市今夜有聚餐饮店,餐饮服务,沙河市,,,沙河市经济开发区经五路绿洲物流A1-01,36.899467,114.566900,
266,小V家火锅鸡餐饮店(康庄路店),餐饮服务,隆尧县,,,德仁小区北侧170米,37.349518,114.773864,
266,隆尧县唐尧盛宴餐饮店,餐饮服务,隆尧县,,,隆平街与康庄路交叉口北80米,37.349742,114.782921,
266,宁晋鸣羊江湖餐饮,餐饮服务,宁晋县,,,凤凰镇天宝东街149号宁晋商贸城,37.625290,114.923083,
266,宁晋县宋哥餐饮店,餐饮服务,宁晋县,,,司马村中兴路78号,37.799288,115.119602,
266,胡晓清餐饮(总部),餐饮服务,巨鹿县,,,富强西路与阳光路交叉口西行150米路南,37.219343,115.028620,
266,天源餐饮服务店,餐饮服务,巨鹿县,,,定魏线与富强东路交叉口南100米,37.222475,115.055675,
267,丰宁服务区餐厅,餐饮服务,丰宁满族自治县,,,中国石化丰宁服务区南加油站西北侧140米,41.388438,116.608660,
267,丰宁服务区餐厅,餐饮服务,丰宁满族自治县,,,G95首都环线高速与丰宁服务区交叉口西北500米,41.388885,116.611822,
267,新疆麦尔旦餐饮店,餐饮服务,丰宁满族自治县,,,大阁镇胜利街西59-1B,41.209447,116.640995,
267,河北弘悦餐饮服务有限公司,公司企业,丰宁满族自治县,,,胜利东街与裕丰路交叉口东北120米,41.213275,116.652825,
267,富水阁山庄餐饮店,餐饮服务,丰宁满族自治县,,,人社服务合作网点(丰宁满族自治县胡麻营镇姜营村)北侧,41.214033,116.894786,
267,二香餐饮店,餐饮服务,丰宁满族自治县,,,建华门市北侧,41.267825,117.159875,
267,华源休闲服务农家院,餐饮服务,围场满族蒙古族自治县,,,半截塔镇半截塔村东顺路777号,41.928076,117.468941,
267,凤山服务区餐厅,餐饮服务,丰宁满族自治县,,,G95首都环线高速与凤山服务区交叉口西420米,41.262583,117.180247,
267,一城一味餐饮店,餐饮服务,围场满族蒙古族自治县,,,金字村金车路100号,41.970655,117.760344,
267,围场满族蒙古族自治县围场镇满兴咱妈烀饼餐饮店,餐饮服务,围场满族蒙古族自治县,,,凤凰南路135号,41.939029,117.767131,
267,隆化服务区餐厅,餐饮服务,隆化县,,,隆化服务区与G95首都环线高速交叉口西360米,41.208999,117.604956,
267,冒辣熊(承德)餐饮管理有限公司,公司企业,隆化县,,,安州街道河东大街125号,41.323327,117.726640,
267,千客餐饮,餐饮服务,隆化县,,,下洼子东段168号,41.326532,117.735187,
267,龙门服务区餐饮,餐饮服务,兴隆县,,,汽车充电站(龙门服务区)北侧130米,40.244977,117.351358,
267,雾灵山服务区餐厅,餐饮服务,兴隆县,,,S3105承廊高速与S3105承廊高速入口交叉口西南440米,40.465701,117.491533,
267,雾灵山服务区餐厅,餐饮服务,兴隆县,,,S3105承廊高速与S3105承廊高速入口交叉口南360米,40.466224,117.494095,
267,双滦厨老爹餐饮店,餐饮服务,双滦区,,,新名人居西侧,40.958334,117.799657,
267,承德承益餐饮服务有限公司,公司企业,双滦区,,,256省道A区2段君泰·财富广场,40.989375,117.829025,
267,双滦区叁熹餐饮店,餐饮服务,双滦区,,,君泰财富广场香江家居B区1-2栋1层124铺,40.988526,117.829513,
267,承德南服务区餐厅,餐饮服务,承德县,,,长深高速公路刘杖子服务区,40.721819,117.731481,
267,承古坊-餐饮,餐饮服务,双滦区,,,广仁大街南侧,40.984132,117.863974,
267,北营房停车区餐饮,餐饮服务,兴隆县,,,S3105承廊高速与北营房停车区交叉口西440米,40.578752,117.686420,
267,鑫盈顺餐饮管理有限公司,公司企业,双桥区,,,广仁大街与五道沟路交叉口西360米,40.989312,117.880873,
267,茅荆坝服务区餐厅,餐饮服务,隆化县,,,G45大广高速与茅荆坝服务区交叉口西北380米,41.434724,118.096575,
267,承德宏全食坊餐饮服务有限公司,公司企业,双桥区,,,西大街路南塞纳澜湾居住小区一期14号楼103、104,40.990124,117.908307,
268,连营餐饮店,餐饮服务,安平县,,,谷家左村,38.176751,115.445407,
268,捏鲜记餐饮店,餐饮服务,安平县,,,平安公园西门西北110米,38.231775,115.523375,
268,八方餐饮,餐饮服务,安平县,,,鹤煌大道与经一路交叉口东360米,38.232316,115.563905,
268,海滨餐饮店,餐饮服务,安平县,,,[],38.179390,115.555477,
268,安平县涞缘粮仓餐饮馆,餐饮服务,安平县,,,西两洼乡,38.229125,115.581425,
268,深州黄永帅螺狮粉餐饮服务店(长江路店),餐饮服务,深州市,,,深州镇长江路69号,38.001883,115.550703,
268,尝香汇餐饮店,餐饮服务,饶阳县,,,中心路32号,38.172638,115.623025,
268,衡水湖西服务区餐厅,餐饮服务,冀州区,,,衡水湖西服务区东30米,37.668501,115.436809,
268,深州市卤当鲜餐饮店,餐饮服务,深州市,,,都市祥苑金街7号商业楼,38.013799,115.566673,
268,饶阳县品福餐饮坊,餐饮服务,饶阳县,,,文明路与慧民街交叉口西20米,38.178592,115.635775,
268,食悦湘餐饮服务有限公司,公司企业,深州市,,,诚信商厦东区北门旁,38.008769,115.575096,
268,丹丹餐饮店,餐饮服务,深州市,,,北午村,38.079446,115.601636,
268,深州耿顺餐饮铺(领秀城店),餐饮服务,深州市,,,泰山东路9号,38.004433,115.583799,
268,佳哥餐饮,餐饮服务,深州市,,,泰山东路与顺旺大街交叉口东南440米,38.002184,115.583426,
268,君乐餐饮,餐饮服务,深州市,,,西景萌村民委员会东北侧80米,37.955125,115.590425,
268,泽馨餐饮店,餐饮服务,饶阳县,,,601乡道与迎宾街交叉口西160米,38.328525,115.770225,
268,深州宴(北京)餐饮管理有限公司,公司企业,深州市,,,北京全德隆创意家具有限公司东侧250米,38.023375,115.661025,
268,衡水信美餐饮有限公司,公司企业,桃城区,,,中湖大道与人民西路交叉口南180米,37.743501,115.612234,
268,冀州区四桐餐饮店,餐饮服务,冀州区,,,前冢084号,37.586034,115.571787,
268,正丰园餐饮店,餐饮服务,桃城区,,,恒大城西门北50米,37.724663,115.624534,
268,悦圆餐饮(A),餐饮服务,桃城区,,,桃城区高新区顺兴街1399号朗菲园东区S2号楼1-2层商105,37.727734,115.627671,
268,悦圆餐饮(保利拉菲公馆·商业街店),餐饮服务,桃城区,,,隆兴路与顺平街交叉口东300米,37.727734,115.627671,
268,湖城香畔餐饮,餐饮服务,冀州区,,,湖滨西大道1966号春风十号院小区商1号,37.554475,115.564575,
268,衡水传承餐饮有限公司,公司企业,桃城区,,,宁安路与顺兴街交叉口东160米,37.729381,115.632895,
268,聚义餐饮店,餐饮服务,冀州区,,,竹林大街与南堂街交叉口西南40米,37.561675,115.571175,
269,清真觅味餐饮店,餐饮服务,肃宁县,,,石坊路60号,38.431042,115.827532,
269,点点利火锅鸡,餐饮服务,肃宁县,,,清源街72号,38.436013,115.830205,
269,圣望全驴宴餐饮店,餐饮服务,肃宁县,,,清源街与石坊路交叉口东北40米,38.431325,115.830575,
269,雁翎渔家餐饮,餐饮服务,任丘市,,,新村大街30号,38.872148,116.075314,
269,任丘市英伦时光餐饮管理服务有限公司,公司企业,任丘市,,,华油局机关菜市场北行250米,38.698889,116.093471,
269,冀有驴餐饮服务有限公司,公司企业,任丘市,,,昆仑南道与青年路交叉口南60米,38.680041,116.086245,
269,鱼状元鱼锅鲜任丘市福爱餐饮,餐饮服务,任丘市,,,西环路街道昆仑南道与希望路交叉路口东行300米路南,38.671282,116.085391,
269,禾璟餐饮店,餐饮服务,任丘市,,,东风西路与会战道交叉口西行420米,38.690222,116.095231,
269,任丘市拐角烧烤餐饮店,餐饮服务,任丘市,,,蒋家庄A区001号,38.670630,116.098012,
269,任丘服务区餐饮,餐饮服务,任丘市,,,G45大广高速与任丘服务区交叉口东北360米,38.856982,116.179919,
269,河间胡桃里餐饮服务有限公司,公司企业,河间市,,,九河路与瀛西北街交叉口东100米,38.427325,116.061525,
269,骆宾鹅餐饮,餐饮服务,任丘市,,,北汉乡北汉村,38.613816,116.157956,
269,寻香餐饮,餐饮服务,河间市,,,亲万兴路与友和路交叉口西南20米,38.437275,116.104725,
269,福源香餐饮店,餐饮服务,河间市,,,西九吉东村恬恬夏雪对面,38.385415,116.137031,
269,献县史记羊肠餐饮服务店,餐饮服务,献县,,,金域学府东门北50米,38.170350,116.135012,
269,刘六餐饮有限公司,公司企业,任丘市,,,001乡道,38.747542,116.379605,
269,老渔翁铁锅炖龙侠餐饮店,餐饮服务,河间市,,,束城镇南召村,38.580794,116.403214,
269,献县祥哥老席餐饮店,餐饮服务,献县,,,郭庄镇张淹村,38.194775,116.323188,
269,献县服务区餐厅,餐饮服务,献县,,,黄石高速献县服务区,38.236029,116.419127,
269,沧州玺合餐饮服务有限公司,公司企业,沧县,,,331省道与沧河线交叉口东380米,38.387885,116.549503,
269,大海新食品餐饮供应链,公司企业,泊头市,,,夕阳红公寓南侧290米,38.075620,116.523734,
269,吴桥服务区餐厅,餐饮服务,吴桥县,,,京沪高速公路吴桥服务区内,37.594899,116.431750,
269,东光县早香逢餐饮店,餐饮服务,东光县,,,东关候村茧城大街251号,37.884891,116.545790,
269,金盛坊锅锅香涮锅餐饮服务店,餐饮服务,东光县,,,东光镇东升路116号,37.878029,116.553630,
269,沧州品悦餐饮店,餐饮服务,沧县,,,纸房头镇保利堂悦小区底商S1号楼106铺,38.296528,116.770330,
270,华洲凉茶药业制造有限公司,餐饮服务,北区,,,粉岭联安街53号地下B铺,22.497364,114.147816,
275,顺兴烧腊名家(美云楼店),餐饮服务,大埔区,,,宝乡街56号,22.444611,114.171108,
279,亚洲国际餐饮集团有限公司,公司企业,黄大仙区,,,六合街与七宝街交叉口西60米,22.334068,114.204507,
283,新达海产有限公司,餐饮服务,南区,,,渔利街与渔丰街交叉口西南160米,22.245772,114.151270,
283,海洋纸品印刷有限公司,餐饮服务,南区,,,"黄竹坑道27号,Yan's Tower,27楼",22.245871,114.168956,
283,永倡集团有限公司,餐饮服务,南区,,,黄竹坑道出口与南朗山道交叉口西北20米,22.246164,114.171309,
285,海港食品贸易有限公司,购物服务,荃湾区,,,"荃湾沙咀道Po Yip Building,A座",22.365228,114.125931,
286,大家食饮食集团有限公司,餐饮服务,葵青区,,,打砖坪街2期低层地下Vigor Industrial Building,22.365270,114.140662,
287,金陵会·潮宫,餐饮服务,湾仔区,,,湾仔道109号壹嘉1-2楼,22.273930,114.180235,
288,莲香面家,餐饮服务,花地玛堂区,,,黑沙环中街473号地下V座广福安花园,22.208108,113.560323,
291,联品企业集团(澳门)有限公司Luen Pun,公司企业,花王堂区,,,"沙梨头海边街179号,Edificio Nga San,C,D铺",22.200163,113.545080,
294,太艮堡陈老太顺德料理(澳门渔人码头店),餐饮服务,大堂区,,,友谊大马路无门牌号数渔人码头意大利馆地下夹层及一楼,22.189024,113.561709,
295,EPIC荟馆,餐饮服务,风顺堂区,,,柯邦迪前地,22.190907,113.541109,
296,嘉峪关关城驿餐饮管理有限公司,公司企业,嘉峪关市,,,白鹿仓峪泉古街滨河驿道H66号,39.806682,98.231147,
296,红荷轩食府,餐饮服务,嘉峪关市,,,嘉峪关铁路职工俱乐部西南门东南190米,39.766948,98.258965,
296,嘉峪关市王家王小妹餐饮店,餐饮服务,嘉峪关市,,,西域花园42栋108号商铺,39.781344,98.264324,
296,嘉峪关疆湖星野餐饮服务有限公司,公司企业,嘉峪关市,,,安远沟民俗村15号,39.789047,98.327494,
296,色味俱佳餐饮店,餐饮服务,嘉峪关市,,,南湖国际A区东门向南100米,39.738359,98.330697,
297,阿克塞服务区餐厅,餐饮服务,阿克塞哈萨克族自治县,,,阿克塞服务区东南侧,39.536106,94.415169,
297,阿克塞服务区餐厅,餐饮服务,阿克塞哈萨克族自治县,,,阿克塞服务区东南30米,39.534948,94.416470,
297,阿依河州宴餐饮,餐饮服务,敦煌市,,,七里镇215国道南侧敦煌宏鑫物流1综合楼巾幢103铺,40.103525,94.581275,
297,喜乐餐饮店,餐饮服务,敦煌市,,,七里镇建宇综合楼一层ZF012,40.113675,94.602975,
297,河西铺子餐饮店,餐饮服务,敦煌市,,,天润家园西门北100米,40.147620,94.650010,
297,小程餐饮店高台面筋,餐饮服务,敦煌市,,,渊泉路与永安路交叉口东60米,40.148075,94.650575,
297,双椒餐饮店,餐饮服务,敦煌市,,,阳关中路与党河西路交叉口西60米,40.141225,94.653725,
297,敦煌市姥姥家餐饮店,餐饮服务,敦煌市,,,华盛巷188号,40.143177,94.658946,
297,炭香烤坊餐饮店,餐饮服务,敦煌市,,,新敦巷44号,40.139991,94.663385,
297,宝丽阁餐饮,餐饮服务,敦煌市,,,沙州北路455号,40.145958,94.664376,
297,敦煌老关东餐饮店,餐饮服务,敦煌市,,,月牙泉镇杨家桥一组54号,40.130691,94.666214,
297,醉忆沙州餐饮店,餐饮服务,敦煌市,,,风情城6号楼45号商铺,40.139916,94.667470,
297,敦煌市芦月轩餐饮店,餐饮服务,敦煌市,,,转渠口镇漳县西路20栋502号105商铺,40.150567,94.669085,
297,高氏漠北木板鱼餐饮店,餐饮服务,敦煌市,,,沙洲镇新敦巷1号敦煌清真寺内(东侧),40.138351,94.668499,
297,敦煌服务区餐厅,餐饮服务,敦煌市,,,敦煌服务区南侧,40.183419,94.841085,
297,敦煌服务区餐厅,餐饮服务,敦煌市,,,敦煌服务区北侧,40.185823,94.842423,
297,新锦记餐饮,餐饮服务,肃北蒙古族自治县,,,紫亭路与教育路交叉口西北140米,39.513822,94.881925,
297,柳园服务区餐厅,餐饮服务,瓜州县,,,中国石油柳园服务区LNG加气站西北侧90米,41.045181,95.456977,
297,柳园服务区餐厅,餐饮服务,瓜州县,,,中国石油柳园服务区LNG加气站东南侧100米,41.044430,95.461925,
297,瓜州服务区餐厅,餐饮服务,瓜州县,,,瓜州服务区北30米,40.369492,95.605984,
297,瓜州服务区餐厅,餐饮服务,瓜州县,,,瓜州服务区南30米,40.366832,95.607122,
297,凌奇餐饮店,餐饮服务,瓜州县,,,瓜州中路与祁连街交叉口南60米,40.510725,95.778825,
297,瓜州放肆烤餐饮店,餐饮服务,瓜州县,,,南市街房管局住宅楼温馨家园1号楼7号,40.513560,95.784575,
297,瓜州县乐江藤椒餐饮店,餐饮服务,瓜州县,,,渊泉镇祁连街43号光明佳苑2号楼1-4号沿街门店,40.511249,95.791729,
297,炊烟人家餐饮店,餐饮服务,瓜州县,,,渊泉镇丽水佳苑西门南侧第9间9-2号门店,40.511375,95.794725,
298,兰州新区奇齐餐饮店,餐饮服务,皋兰县,,,东街与北街交叉口北360米,36.662811,103.647539,
298,臻湘楼餐饮,餐饮服务,皋兰县,,,峨眉山路辅路与XZ10号路交叉口西南60米,36.481475,103.666475,
298,兰州新区酒店餐饮管理有限公司,公司企业,皋兰县,,,瑞岭国际商业广场1号-4号楼12层,36.483500,103.668324,
298,兰州新区念家湘餐饮店,餐饮服务,皋兰县,,,兰州新区恒裕湖畔16号商铺117号,36.493470,103.688432,
298,清恬餐饮店砂锅菜,餐饮服务,西固区,,,四季青街道工人俱乐部小吃城四号楼7号,36.098992,103.620945,
298,尕义久餐饮店,餐饮服务,西固区,,,西固北街与西固巷交叉口东120米,36.100948,103.621414,
298,中川园区萍琦餐饮店,餐饮服务,皋兰县,,,兰州新区中川园区栖霞中心社区龙舟壹号院1一106号,36.475810,103.694321,
298,兰新区饭搭子餐饮餐厅,餐饮服务,皋兰县,,,[],36.475929,103.694444,
298,安顺楼·清真餐饮(新区店),餐饮服务,皋兰县,,,中川镇漓江街龙舟壹号院15号楼2-3层,36.474557,103.694756,
298,巴伊尔餐饮,餐饮服务,皋兰县,,,兰州新区中川园区彩虹城中心社区火家湾安置房一期B-8-111号商铺,36.562787,103.722351,
298,甘肃紫锦之阁餐饮管理有限公司,公司企业,西固区,,,西固中路社区卫生服务站东南侧140米,36.093975,103.646275,
298,兰州如院餐饮,餐饮服务,安宁区,,,安宁堡黄家滩174号,36.123900,103.663422,
298,安宁区俊文餐饮店,餐饮服务,安宁区,,,安宁堡街道黄家滩社区117号一层001号临街商铺,36.119932,103.667367,
298,雲锦苑庭院餐饮,餐饮服务,安宁区,,,安宁堡街道刘沙公路(兰州职业技术学院总校区北,36.130872,103.676699,
298,同益餐饮,餐饮服务,皋兰县,,,NCE8号路与NCE3号路交叉口东260米,36.454888,103.742093,
298,云端餐饮小院农家菜,餐饮服务,西固区,,,陈坪街道范坪村南山路111号1室(门牌号782),36.070880,103.682665,
298,过桥米线排骨饭军子餐饮,餐饮服务,安宁区,,,建宁西路与莫高大道交叉口东140米,36.104375,103.689435,
298,羊犊羊烤涮餐饮,餐饮服务,七里河区,,,秀川街道1198号东立开泰园1-2-108,36.082964,103.689243,
298,兰州金城古巷餐饮管理有限公司,公司企业,安宁区,,,建宁西路与银滩路交叉口东80米,36.100816,103.708081,
298,兰州悦盛酒栈餐饮店,餐饮服务,安宁区,,,盛达公馆(兰州海关地铁站D口步行290米),36.091801,103.711065,
298,刘师回味餐饮馆,餐饮服务,安宁区,,,中和镇保利六期25栋一层121号商铺,36.137180,103.732840,
298,安宁区饱食捷餐饮店,餐饮服务,安宁区,,,孔家崖街道水挂庄134号对面,36.100563,103.726725,
298,樊薯薯麻辣餐饮连锁餐厅,餐饮服务,七里河区,,,甘肃省兰州市兰州老街M53008-B区-020幢-105号L1272,36.076325,103.722475,
298,清真·兰州壹品春台餐饮管理有限公司,公司企业,七里河区,,,土门墩街道万寿宫珠宝1层2层,36.080125,103.739025,
298,七里河区逸膳居餐饮餐厅,餐饮服务,七里河区,,,瓜州路柳家营83号,36.071707,103.764819,
299,春林餐饮食品有限公司,公司企业,静宁县,,,312国道与迎宾路交叉口西南380米,35.537875,105.714475,
299,异香楼餐饮,餐饮服务,静宁县,,,八里镇西吉路口,35.537467,105.727024,
299,广成大酒店餐饮楼,餐饮服务,崆峒区,,,崆峒镇政府旁,35.549688,106.597507,
299,崆峒区渔品三国餐饮店,餐饮服务,崆峒区,,,世纪花园B3区南门渔品三国,35.552833,106.669914,
299,小螺号餐饮店,餐饮服务,崆峒区,,,泾滩路与定北路交叉口东40米,35.547275,106.681075,
299,晚归餐饮店,餐饮服务,崆峒区,,,明发欧洲城东区西北1门旁,35.543626,106.708503,
299,清真禧玥餐饮店,餐饮服务,崆峒区,,,柳湖东路北侧225号禧玥餐厅,35.536945,106.712047,
299,老大拇指餐饮,餐饮服务,崆峒区,,,锦绣天成小区,35.519663,106.728219,
299,安口服务区清真安口对外餐厅,餐饮服务,华亭市,,,安口服务区南侧,35.161243,106.652213,
299,泾川县好嫂子餐饮店,餐饮服务,泾川县,,,泾州街与西环路交叉口东100米,35.333502,107.357676,
299,泾川县瑞通餐饮店,餐饮服务,泾川县,,,城关镇花样城小区1栋101号门面房,35.346534,107.370638,
299,泾川服务区同海旺杨彦亮餐厅,餐饮服务,泾川县,,,G22青兰高速与泾川服务区交叉口东北140米,35.357871,107.449039,
299,昊航餐饮馆,餐饮服务,灵台县,,,新兴路一中东门教职工公寓楼13号,35.063991,107.607442,
299,元气餐饮中心肉丸胡辣汤,餐饮服务,灵台县,,,杏林路与广场街交叉口西南20米,35.064025,107.625575,
300,蜀湘苑餐饮有限公司(东大街店),餐饮服务,永昌县,,,城关镇东大街阁老府对面,38.246391,101.973304,
300,鸿苑餐饮店,餐饮服务,金川区,,,西坡生活区,38.531449,102.152401,
300,朱家庄羊肉馆-饭店餐饮农家乐,餐饮服务,金川区,,,昆明路与永昌路交界处,38.542725,102.162425,
300,甘肃熊氏兄弟餐饮管理服务有限公司,公司企业,金川区,,,龙首壹号S-4号商业楼1单元1层12号,38.546575,102.169991,
300,济众大酒店(天庆家园店),餐饮服务,金川区,,,力昌·公园里东门南180米,38.531846,102.167468,
300,徐氏餐饮(总店),餐饮服务,金川区,,,世纪金都西区南门3幢6号商铺,38.520133,102.167270,
300,天一阁餐饮,餐饮服务,金川区,,,[],38.536653,102.182851,
300,金川区芳草园餐饮,餐饮服务,金川区,,,长春路,38.531932,102.193114,
300,嘉灏上品餐饮管理有限公司,公司企业,金川区,,,宁远堡镇泰安东路老易达驾校向东五百米,38.528741,102.217138,
300,甘肃佰利联化学有限公司,公司企业,金川区,,,G3017武金高速,38.479865,102.244936,
301,福祥门餐饮,餐饮服务,武山县,,,老街与老蔬菜街交叉口西北380米,34.665862,104.699379,
301,鸳鸯风情乐餐饮,餐饮服务,武山县,,,310国道与鸳鸯立交桥交叉口南300米,34.798565,104.777239,
301,武山县贾记餐饮店,餐饮服务,武山县,,,城关镇东飞商业广场14号,34.721533,104.895093,
301,武山九立餐饮有限公司,公司企业,武山县,,,文华街与福源路交叉口东南80米,34.729875,104.900275,
301,福满楼餐饮店,餐饮服务,甘谷县,,,安远镇丁字路口,34.883873,105.277000,
301,娇小厨餐饮,餐饮服务,甘谷县,,,大像山镇十里铺小学西南门旁,34.738625,105.289525,
301,味尚餐饮,餐饮服务,甘谷县,,,甘谷碧桂园,34.751375,105.307975,
301,甘谷县月满大江火锅餐饮店,餐饮服务,甘谷县,,,大像山镇尚都百汇南一号楼二层商铺,34.736055,105.312894,
301,甘谷冀城名宴流动酒席餐饮店,餐饮服务,甘谷县,,,西环路北出口,34.753817,105.322615,
301,老树昌兴餐饮店,餐饮服务,甘谷县,,,像山西路6号,34.736752,105.328344,
301,品味轩餐饮店,餐饮服务,甘谷县,,,新城南路与南关路交叉口西南20米,34.734634,105.330620,
301,金禧盛餐饮店,餐饮服务,甘谷县,,,冀城南路与康庄中路交叉口西南320米,34.744525,105.337925,
301,鸿味轩餐饮馆,餐饮服务,秦安县,,,郭家镇寺咀村村民委员会东南侧70米,34.947675,105.587125,
301,悠然居百顺家宴餐饮店,餐饮服务,秦州区,,,川口村753号,34.564025,105.595125,
301,秦安县山诚柴火鸡餐饮店,餐饮服务,秦安县,,,太白街与商业步行街交叉口西南140米,34.857525,105.664675,
301,秦安成纪宴府餐饮有限责任公司,公司企业,秦安县,,,兴国镇新华街63号(原政府招待所),34.857210,105.670259,
301,刘大餐饮,餐饮服务,麦积区,,,中滩镇十路车站旁边,34.700909,105.658811,
301,新杨师餐饮店,餐饮服务,秦州区,,,秦州大道与平峪路交叉口东360米,34.566330,105.661193,
301,秦州区曦秦盛宴餐饮店(山水嘉园·尚善苑店),餐饮服务,秦州区,,,山水嘉园·尚善苑,34.574025,105.670025,
301,再见一面餐饮店,餐饮服务,秦州区,,,靖德巷80号山水嘉园B区,34.573410,105.673456,
301,奥优餐饮店,餐饮服务,秦州区,,,红山路与暖和路交叉口南40米,34.558125,105.685225,
301,稳泽香特色餐饮,餐饮服务,秦州区,,,友好路与藉河北路交叉口北80米,34.574335,105.701911,
301,西品餐饮店,餐饮服务,秦州区,,,伏羲路与友好路交叉口东60米,34.578198,105.702792,
301,兴怡餐饮店,餐饮服务,秦州区,,,伏羲城步行街与双桥路交叉口西200米,34.578534,105.708147,
301,秦州区西关街道常氏呱呱餐饮店,餐饮服务,秦州区,,,伏羲庙游客中心停车场入口处,34.577676,105.708304,
302,翠盛苑餐饮店,餐饮服务,景泰县,,,条山农场杏林村5队98号,37.196453,104.026500,
302,客常来餐饮店(手擀面),餐饮服务,景泰县,,,花园小区c区南门旁,37.204369,104.059996,
302,伊盛来餐饮,餐饮服务,白银区,,,天津路南环路59号中和教育港兰包路1059号,36.530896,104.148625,
302,叁伍老火锅清真餐饮,餐饮服务,白银区,,,福门华府世家三期1幢1层1-05号商铺,36.555683,104.161381,
302,四季与你餐饮店,餐饮服务,白银区,,,[],36.553113,104.161132,
302,菜园子餐饮店,餐饮服务,白银区,,,公农路街道建设东路69号1-04号商铺,36.556539,104.169972,
302,顺合驴肉(人民路店),餐饮服务,白银区,,,人民路273号3幢1-6,36.552433,104.172576,
302,家之味餐饮店重庆小面火锅米线,餐饮服务,白银区,,,东星街22号1幢1幢1-07,36.541432,104.176671,
302,白银东服务区餐厅,餐饮服务,白银区,,,G6京藏高速与白银东服务区交叉口西460米,36.540081,104.258630,
302,天元餐饮(水街店),餐饮服务,靖远县,,,水街西头C-216,36.565366,104.676684,
302,至味餐饮羊肉泡馍,餐饮服务,靖远县,,,乌兰镇南大街舂光巷20-1,36.559553,104.686708,
302,靖远鸿顺楼清真餐饮,餐饮服务,靖远县,,,兴隆街中段(原风雷街),36.560878,104.691135,
302,甘肃茂群文冠果开发有限责任公司产业园,餐饮服务,靖远县,,,五合镇红庄社24号,36.979825,105.124925,
302,会宁县杨洋阳小餐饮店,餐饮服务,会宁县,,,会师镇北大街商贸综合广场综合楼15幢1-12号,35.694509,105.050042,
303,瑞祥阁餐饮店,餐饮服务,凉州区,,,宣武街街道皇台北区经适房204-3号,37.940286,102.595017,
303,西凉锦筵餐饮(星光购物中心天丰街店),餐饮服务,凉州区,,,星光购物中心,37.945610,102.607578,
303,一品春风星辰餐饮店,餐饮服务,凉州区,,,学海路9-1号,37.932488,102.606579,
303,新铖虹星餐饮火锅(红星店),餐饮服务,凉州区,,,星光购物中心,37.945025,102.609525,
303,金武国际酒店餐饮部,餐饮服务,凉州区,,,学府路与祁连大道交叉口南140米,37.933203,102.610083,
303,鹿鸣小院餐饮店,餐饮服务,凉州区,,,和平镇枣园7组33号,37.907777,102.612093,
303,欢喜坐忘餐饮店,餐饮服务,凉州区,,,海藏路天一财富广场8号楼一层8-142号商铺,37.946896,102.628816,
303,武威麻小椒餐饮店爆炒椒麻鸡,餐饮服务,凉州区,,,雷台西路191号,37.939151,102.631096,
303,金谷香餐饮店,餐饮服务,凉州区,,,庆余巷29号,37.927118,102.630700,
303,百姓源餐饮,餐饮服务,凉州区,,,碧水兰庭南1门西60米,37.944947,102.638815,
303,魅力金座餐饮娱乐,体育休闲服务,凉州区,,,翠微南路与雷台东路交叉口南220米,37.937138,102.640658,
303,金城记餐饮,餐饮服务,凉州区,,,和平路与海子巷交叉口西20米,37.932825,102.640525,
303,三味楼融合餐饮,餐饮服务,凉州区,,,东大街街道雷台东路58号15-1-04,37.939712,102.646387,
303,凉州区上止正餐饮,餐饮服务,凉州区,,,东关街街道三道巷南口德生堂三楼,37.922350,102.652080,
303,凉州区凤鸣隐居农家乐餐饮店,体育休闲服务,凉州区,,,城东工业区,37.876855,102.673663,
303,河州山城餐饮,餐饮服务,凉州区,,,天马大道长兴嘉园门口1号,37.887926,102.679154,
303,畦源居餐饮店,餐饮服务,凉州区,,,青啤大道北口与省道315交叉口向东100米,37.901927,102.704625,
303,麦香园柴火鸡餐饮苑,餐饮服务,古浪县,,,丰泉村山底下7组3号,37.480787,102.888017,
303,民勤县湘聚源餐饮店,餐饮服务,民勤县,,,南湖路2号,38.613189,103.093182,
304,肃南裕固族自治县石锅餐饮店,餐饮服务,肃南裕固族自治县,,,隆畅路与明花路交叉口东南100米,38.836225,99.618075,
304,高台县老马特色餐饮店,餐饮服务,高台县,,,南华镇三清渠水管所办公楼门店110号,39.308350,99.798604,
304,高台一窝窝火锅餐饮超市,餐饮服务,高台县,,,如意馨园20号105铺西城河路545、548号,39.379266,99.814525,
304,喜粮仓餐饮店(汉唐文化商业街),餐饮服务,高台县,,,城关镇长征路社区西城河路829号,39.382121,99.815472,
304,鑫诗源餐饮铁锅炖,餐饮服务,高台县,,,滨河丽景,39.382516,99.819784,
304,高台县蹄福记餐饮店,餐饮服务,高台县,,,西部天地二楼蹄福记麻辣猪蹄火锅,39.375619,99.820189,
304,伊锦澜餐饮,餐饮服务,临泽县,,,倪家营镇七彩商业街君挺文化A1A2号,38.973323,100.069030,
304,知味源餐饮,餐饮服务,临泽县,,,七彩镇3号楼,38.973649,100.069823,
304,丹霞服务区餐饮,餐饮服务,临泽县,,,丹霞服务区西南侧,39.105666,100.151508,
304,临泽金面福餐饮,餐饮服务,临泽县,,,自由路128号,39.150141,100.165031,
304,铠诚餐饮食材供应链(铠诚水产),公司企业,甘州区,,,滨河新区智能制造产业园A11栋,38.935092,100.390352,
304,小妥餐饮,餐饮服务,甘州区,,,崇圣嘉园B区东门旁,38.942730,100.400543,
304,梓辉餐饮,餐饮服务,甘州区,,,西三环路29号双塔嘉苑东侧,38.917120,100.397390,
304,张掖海之峰餐饮管理有限责任公司,公司企业,甘州区,,,火塔路与西三环路交叉口西南180米,38.929267,100.401578,
304,甘州区粥包餐饮铺,餐饮服务,甘州区,,,崇圣润府门口西侧粥包铺,38.931825,100.409225,
304,甘肃香福荣餐饮管理有限公司,公司企业,甘州区,,,滨河新区甘泉东街402号商铺2楼201室,38.944627,100.417793,
304,瑞香居餐饮,餐饮服务,甘州区,,,中和园北门,38.943764,100.418367,
304,和乐轩餐饮店,餐饮服务,甘州区,,,甘泉中街29-31铺,38.933947,100.419452,
304,湖畔逅院餐饮中心,餐饮服务,甘州区,,,玉水街3号,38.964325,100.424225,
304,星锦宴餐饮店,餐饮服务,甘州区,,,永固路200号,38.929850,100.421152,
304,孙小厨博雅乃曼格桑花餐饮店,餐饮服务,甘州区,,,临泽北路21号天薇嘉苑4号楼二层商铺,38.934118,100.421805,
304,禾家顺餐饮(德和园店),餐饮服务,甘州区,,,德和园西门北80米,38.935870,100.422434,
304,甘肃川西北餐饮文化管理有限公司,公司企业,甘州区,,,金硕广场,38.934427,100.422750,
304,元贞餐饮店,餐饮服务,甘州区,,,大满镇上什子,38.795543,100.403584,
304,甘州区合和餐饮店(爱琴海购物中心店),餐饮服务,甘州区,,,民乐北路188号爱琴海购物中心,38.940443,100.426992,
305,甘肃盛杨春台餐饮有限公司,公司企业,临洮县,,,248国道与169乡道交叉口东80米,35.727467,103.645968,
305,井坪白哈餐饮,餐饮服务,临洮县,,,212国道与永和路交叉口西南160米,35.748994,103.697572,
305,井坪老河州餐饮,餐饮服务,临洮县,,,井坪高速路口向下100米,35.749409,103.697775,
305,祥河宫生态餐饮礼宴中心,餐饮服务,临洮县,,,辛店镇康家崖村甘肃南部农副产品交易中心一期项目A区6号楼商铺二楼,35.580577,103.800672,
305,天香居餐饮店,餐饮服务,临洮县,,,宏良大道1号,35.574535,103.804468,
305,大匠餐饮店,餐饮服务,临洮县,,,二甲滩南路1号附15号,35.386507,103.852142,
305,洮然居餐饮,餐饮服务,临洮县,,,都市花园B区东北门南240米,35.371532,103.854459,
305,龙门服务区餐厅,餐饮服务,临洮县,,,定临高速与龙门服务区交叉口西480米,35.341700,103.962570,
305,上湾服务区餐厅,餐饮服务,渭源县,,,上湾服务区与G75兰海高速交叉口西南340米,35.183741,103.957195,
305,龙德楼餐饮部,餐饮服务,岷县,,,西城路与香谢里步行街交叉口西北方向134米左右,34.432422,104.015046,
305,岷县地锅一号·餐饮坊,餐饮服务,岷县,,,岷阳镇和平西路29号,34.436149,104.031932,
305,岷县锦禾尚品餐饮中心,餐饮服务,岷县,,,岷阳镇岷州中路润宇嘉苑5号楼2层商铺5-201,34.438444,104.033197,
305,马拜克餐饮店,餐饮服务,岷县,,,寺沟镇寺沟村七社100号,34.366122,104.079969,
305,大草滩阿丹炒肉餐饮馆,餐饮服务,漳县,,,212国道,34.745252,104.183107,
305,渭源县老龙亭餐饮礼宴中心,餐饮服务,渭源县,,,田地大道1号,35.129716,104.263265,
305,景杰餐饮,餐饮服务,渭源县,,,清源路与G75兰海高速入口交叉口东南180米,35.128555,104.277150,
305,陇上川府餐饮店,餐饮服务,漳县,,,三岔镇吴家门村144号,34.879790,104.353147,
305,尚艺餐饮店,餐饮服务,陇西县,,,首阳镇永宁路北侧镇政府住宅综合楼103号,35.081075,104.438341,
305,老K萨-达姆烤肉餐饮(首阳店),餐饮服务,陇西县,,,永宁路1114号,35.080045,104.440403,
305,玖玖餐饮,餐饮服务,陇西县,,,228省道,34.988840,104.474258,
305,定西宽粉服务区乐小二金牌小碗菜,餐饮服务,安定区,,,定西宽粉服务区与G22青兰高速交叉口北300米,35.648054,104.596005,
305,左庭右院餐饮店,餐饮服务,安定区,,,福台路街道临洮路海旺家园南大门5号,35.601475,104.596475,
305,甘肃福景堂酒店餐饮管理有限公司,公司企业,安定区,,,关川路与灞陵街交叉口东南60米,35.605369,104.603249,
305,庆凯轩餐饮公司,公司企业,安定区,,,中和·教育大厦,35.601075,104.603025,
305,安定区佰味餐饮馆,餐饮服务,安定区,,,永定西路33号,35.562993,104.598732,
306,阿万仓遇湘澜餐饮,餐饮服务,玛曲县,,,道尔加路与345国道交叉口东南200米,33.769175,101.703775,
306,玛曲县伊穆老炒餐饮饭店,餐饮服务,玛曲县,,,齐哈玛镇,33.399193,101.955550,
306,膳之精馔餐饮吧,餐饮服务,玛曲县,,,[],33.993180,102.074288,
306,洮州餐饮,餐饮服务,玛曲县,,,忠干路44号,34.003587,102.076757,
306,和顺食府餐饮店,餐饮服务,玛曲县,,,忠干路与古拉路交叉口北200米,34.003175,102.076725,
306,千百味餐饮,餐饮服务,玛曲县,,,尼玛镇忠干路111号,34.003266,102.076769,
306,洮州餐饮,餐饮服务,玛曲县,,,尼玛镇忠干路1-4号,34.000360,102.077259,
306,川香餐饮店,餐饮服务,玛曲县,,,忠干路与格萨尔东街交叉口北120米,33.998609,102.077229,
306,玛曲县宋氏特色餐饮店,餐饮服务,玛曲县,,,尼玛镇格萨尔东路供销社楼底20号,33.997568,102.078943,
306,福雅居餐饮店,餐饮服务,玛曲县,,,格萨尔东街与玛扣路交叉口西80米,33.997592,102.080120,
306,玛曲更综餐饮店,餐饮服务,玛曲县,,,格萨尔东街与玛扣路交叉口东220米,33.997623,102.083479,
306,罗嘉餐饮店,餐饮服务,玛曲县,,,格萨尔东街与玛扣路交叉口东480米,33.997675,102.086325,
306,清真特色餐饮店,餐饮服务,夏河县,,,312省道与机场公路交叉口西南400米,35.111702,102.428464,
306,阿佳餐饮店,餐饮服务,夏河县,,,扎西奇街与风情步行街交叉口北140米,35.199025,102.516625,
306,夏河县麻吉阿米餐饮店,餐饮服务,夏河县,,,拉卜楞镇步行街202号(102楼上),35.196235,102.518121,
306,拉卜楞民航大酒店餐饮部,餐饮服务,夏河县,,,王府家园西侧,35.202216,102.520977,
306,夏河县爱礼小餐饮店,餐饮服务,夏河县,,,拉卜楞镇王府家园3号楼1单元01-02号,35.202423,102.522007,
306,马大川家餐饮店,餐饮服务,夏河县,,,门乃合廉租房2区北门东80米,35.206075,102.531825,
306,乡间小味餐饮店,餐饮服务,夏河县,,,拉卜楞镇更藏家园一楼106商铺,35.206025,102.531975,
306,央叙餐饮厅,餐饮服务,碌曲县,,,勒多西路9号,34.591336,102.485312,
306,宫格拉融合性餐饮店,餐饮服务,碌曲县,,,玛艾镇滨河路(阿仲东路)1-201室,34.584602,102.486807,
306,碌曲县江河柴火鸡餐饮店,餐饮服务,碌曲县,,,供销宾馆后院25号,34.588893,102.488056,
306,碌曲县史巴仓藏餐服务店(吉庆小区店),餐饮服务,碌曲县,,,西仓北路1-5-103,34.585903,102.492997,
306,好口福餐饮店,餐饮服务,碌曲县,,,扎西小区东南侧150米,34.584225,102.495375,
306,清真河州老炒餐饮店(贡巴旗舰店),餐饮服务,碌曲县,,,贡巴清真河州老炒餐饮店(贡巴旗舰店),34.176149,102.550367,
307,环县神马烤吧餐饮服务饭店,餐饮服务,环县,,,毛井镇砖城子村民主西路159号,36.463797,106.607287,
307,虎洞服务区餐厅,餐饮服务,环县,,,虎洞服务区与341国道交叉口东北400米,36.586367,107.075079,
307,暖心餐饮,餐饮服务,环县,,,灵武路与河东路交叉口北80米,36.579075,107.295275,
307,同顺楼餐饮店,餐饮服务,环县,,,地中海西门向南100米同顺楼,36.570308,107.297520,
307,蚝宅餐饮店,餐饮服务,镇原县,,,天士力大道9号天成国际,35.688975,107.177325,
307,杨府餐饮农家院,体育休闲服务,庆城县,,,驿马镇安家寺村沙场路口,35.918697,107.603947,
307,华宴餐饮,餐饮服务,华池县,,,庆阳凯鸿运输有限公司西南侧50米,36.646575,107.798825,
307,霞龙餐饮店,餐饮服务,西峰区,,,恒美城市花园二期A区,35.721444,107.632063,
307,庆阳伊尚品餐饮有限公司,公司企业,西峰区,,,北街办事处街道专署巷圣鼎国际美食一条街43号,35.733586,107.637002,
307,庆阳饺满天下(通达豪苑店),餐饮服务,西峰区,,,兰州路西段北侧通达豪苑二期一号商铺,35.717000,107.633339,
307,宇喆餐饮(烫捞酸菜鱼),餐饮服务,西峰区,,,合水巷水泥厂7号,35.731735,107.640560,
307,庆阳绿林雨餐饮管理有限公司,公司企业,西峰区,,,东方丽晶茂,35.717675,107.643275,
307,西峰区真鲜美餐饮店,餐饮服务,西峰区,,,华宇路与秦霸岭东路交叉口北20米,35.721630,107.648504,
307,惠霞餐饮店,餐饮服务,西峰区,,,陇东大道与兰州路交叉口南40米,35.719589,107.654351,
307,庆城县宸宸餐饮店,餐饮服务,庆城县,,,太乐村民委员会南侧150米,35.898684,107.696281,
307,清真伊贤庄餐饮,餐饮服务,西峰区,,,陇东大道,35.689645,107.659886,
307,五丰粮油商贸有限公司,公司企业,西峰区,,,温泉乡兰州路,35.726901,107.689084,
307,庆城西川服务区餐厅,餐饮服务,庆城县,,,G69银百高速与庆城西川服务区交叉口西北360米,36.091105,107.787926,
307,华池服务区餐厅,餐饮服务,华池县,,,打庆高速与华池服务区交叉口西北420米,36.276415,107.907274,
307,庆城县李记回味餐饮店(李记回味饸饹面),餐饮服务,庆城县,,,庆城镇新区山水新城1层11-1-19,36.022126,107.863362,
307,渝幺妹餐饮店重庆江湖菜,餐饮服务,华池县,,,汇景雅苑前排商铺6-3-110,36.462521,107.988135,
307,良友餐饮安心冷链,公司企业,宁县,,,和盛镇安芯冷链食品中心,35.459950,107.757572,
307,宁县餐饮美食城,餐饮服务,宁县,,,宁县饮食市场,35.501778,107.920596,
307,宁县新庄镇香满居餐饮店,餐饮服务,宁县,,,新庄镇新华综合农贸市场3号商务楼A面第6号,35.294641,107.882443,
307,峰源主题宾馆餐饮部,餐饮服务,合水县,,,子午大道与乐蟠西路交叉口西南140米,35.830049,108.021416,
308,鼎峰老炒餐饮,餐饮服务,积石山保安族东乡族撒拉族自治县,,,财源小区东北门东南70米,35.709135,102.874953,
308,积石山服务区餐厅,餐饮服务,积石山保安族东乡族撒拉族自治县,,,S32临大高速与积石山服务区交叉口东380米,35.747625,102.884610,
308,深海处餐饮店(滨河花苑店),餐饮服务,积石山保安族东乡族撒拉族自治县,,,滨河花苑永宁门东70米,35.706235,102.883173,
308,积石山县鑫盛源餐饮店,餐饮服务,积石山保安族东乡族撒拉族自治县,,,环城东路与北滨河路交叉口西北220米,35.712333,102.885234,
308,阿东餐饮,餐饮服务,永靖县,,,王台镇福台村,35.877957,103.036701,
308,伊佳府餐饮,餐饮服务,临夏县,,,临夏县消防队斜对面3号10栋101室,35.478777,103.032007,
308,快印客·临夏县亿加亿广告有限公司(码客汀临夏店),公司企业,临夏县,,,韩集镇双城新区莲花路,35.480683,103.040711,
308,临夏县马伊苏餐饮,餐饮服务,临夏县,,,快速通道路口向上150米,35.476742,103.043059,
308,魏兴霞餐饮,餐饮服务,永靖县,,,三塬镇东风村六社,35.854425,103.175715,
308,鸿云香菇生炒餐饮店,餐饮服务,临夏县,,,土桥镇交警队对面,35.653571,103.190232,
308,井坪白哈餐饮,餐饮服务,临夏市,,,西关街道华寺西路道合伊和名苑6号楼6-4号,35.590036,103.201962,
308,华懋中餐服务餐厅,餐饮服务,临夏市,,,民主东路与新生路交叉口西南80米,35.604361,103.214756,
308,樾府餐饮(润泽佳苑店),餐饮服务,永靖县,,,炳灵路5号,35.955376,103.277179,
308,七彩祥云餐饮,餐饮服务,永靖县,,,太极南路与锦山路交叉口东260米,35.952278,103.277906,
308,金源手抓餐饮,餐饮服务,东乡族自治县,,,河滩镇苏孟社区折达路89号,35.739026,103.242560,
308,广河园中圆餐饮店(河滩分店),餐饮服务,东乡族自治县,,,河滩镇折达路河滩佳苑一楼26号商铺,35.738415,103.242722,
308,清真英孜那姆大盘鸡餐饮店,餐饮服务,临夏市,,,东区街道陈方花园A区二期门口101-201号商铺,35.604722,103.220355,
308,刘盐府餐饮店,餐饮服务,永靖县,,,盐锅峡镇中心卫生院东北侧50米,36.085753,103.302384,
308,国星山城餐饮有限公司,公司企业,临夏市,,,前河沿东路与环城东路交叉口东140米,35.593222,103.221033,
308,干饭尕慈餐饮,餐饮服务,临夏市,,,光华东路花邸小区东侧8号14栋107号商铺,35.600654,103.225630,
308,临夏州牧游记餐饮管理有限公司,公司企业,临夏市,,,义乌商贸城,35.603651,103.226234,
308,临夏市西遇兰餐饮有限责任公司,公司企业,临夏市,,,刘临路42号,35.610497,103.230081,
308,清真佬春台餐饮手抓城,餐饮服务,临夏市,,,刘临路与百益巷交叉口北20米,35.612234,103.230658,
308,清真·阿阳宫牛肉面(临夏店),餐饮服务,临夏市,,,东区街道安泊尔中央公园7号楼106-1商铺,35.600591,103.229770,
308,清真河州穆尔塔大盘鸡,餐饮服务,临夏市,,,光华东路16号1栋108号商铺,35.604289,103.231573,
309,喜平餐饮,餐饮服务,宕昌县,,,哈达铺镇华昌药材城马勺不隔壁,34.224889,104.239192,
309,宕昌服务区食尚惠餐厅,餐饮服务,宕昌县,,,G75兰海高速与宕昌服务区交叉口西北500米,34.072200,104.289797,
309,宕昌服务区食尚惠餐厅,餐饮服务,宕昌县,,,G75兰海高速与宕昌服务区交叉口西北460米,34.073224,104.291394,
309,睿成生态酒店真味阁清真餐饮(宕昌冉记天然园山庄店),餐饮服务,宕昌县,,,白水川60号G212国道(原冉记天然园山庄),34.029761,104.348147,
309,佳豪餐饮,餐饮服务,宕昌县,,,龙江大道与岷江大道交叉口东240米,34.027525,104.365625,
309,九味居餐饮,餐饮服务,宕昌县,,,城关镇旧城坝九味居餐饮,34.030038,104.375498,
309,宕昌县黑馋鸭餐饮店,餐饮服务,宕昌县,,,城关镇安定街32号,34.029674,104.375628,
309,幸福餐饮,餐饮服务,宕昌县,,,幸福路与岷江大道交叉口东南80米,34.029552,104.377908,
309,漫悦餐饮小碗蒸菜,餐饮服务,宕昌县,,,岷江大道与小康路交叉口西南100米,34.033325,104.385525,
309,鸿鹄大酒店金豪餐饮部,餐饮服务,宕昌县,,,滨河西路与哈达铺路交叉口东南160米,34.029075,104.384875,
309,清真恒顺源涮羊肉清真云餐饮(888下坝金雅居店),餐饮服务,宕昌县,,,滨河东路与和谐路交叉口东南120米,34.038883,104.400065,
309,旺财餐饮店,餐饮服务,宕昌县,,,滨河东路27号,34.037122,104.402463,
309,宕昌县狮子乡贤聚楼餐饮饭店,餐饮服务,宕昌县,,,狮子乡贤聚楼餐饮饭店,33.743565,104.668064,
309,陇城小馆餐饮,餐饮服务,武都区,,,武都区老年公寓对面钟楼家园西区一层,33.401530,104.913846,
309,陇南川陇兄弟餐饮有限公司,公司企业,武都区,,,长江大道与建设路交叉口南440米,33.377025,104.933325,
309,陇南家中味餐饮有限公司,公司企业,武都区,,,阶州大道与梅园街交叉口北380米,33.377859,104.943677,
309,川里川外餐饮店,餐饮服务,武都区,,,阶州大道76号陇城壹号,33.376175,104.945875,
309,霞玉餐饮馆,餐饮服务,武都区,,,东江路与乞巧街交叉口西100米,33.372282,104.946978,
309,蒸有面餐饮店,餐饮服务,武都区,,,东江路与乞巧街交叉口西北60米,33.372766,104.947532,
309,尚蜀餐饮,餐饮服务,武都区,,,东江镇五号路第一安置区11区22号一楼门面,33.372366,104.947632,
309,陇南陇二哥餐饮管理有限公司,公司企业,武都区,,,三滩街与长江大道辅路交叉口北120米,33.370775,104.950125,
309,武都区何员外火锅餐饮店,餐饮服务,武都区,,,江南街道办万象街B08号商铺,33.361736,104.949464,
309,庸愚餐饮北山南养生餐厅,餐饮服务,武都区,,,东江路3号龙吟水郡1期,33.368789,104.954655,
309,嗨鲜佳餐饮店,餐饮服务,武都区,,,阶州大道与广场西路交叉口西80米,33.371295,104.959107,
309,陇南清韵谊园餐饮有限公司,公司企业,武都区,,,赵家坪社区东北侧230米,33.379525,104.964075,
310,炒江湖餐饮店,餐饮服务,青川县,,,广武街95号,32.459891,104.840333,
310,川味坊餐饮(甬苑店),餐饮服务,青川县,,,乔庄甬苑小区3栋22号,32.572944,105.228126,
310,沙溪坝铭航餐饮,餐饮服务,剑阁县,,,沙溪坝柳树巷15号,32.283196,105.512605,
310,味里香餐饮服务店,餐饮服务,剑阁县,,,普安镇鹤鸣路136号,32.033205,105.474338,
310,邓胖子餐饮公司,公司企业,剑阁县,,,滨河路西段与温泉街交叉口东南180米,32.278170,105.521164,
310,蜀汉王朝大酒店餐饮部,餐饮服务,剑阁县,,,下寺镇滨河路34号,32.275692,105.527711,
310,剑门关服务区老杨排骨餐厅,餐饮服务,剑阁县,,,108国道与剑山大道交叉口东南100米,32.293433,105.544078,
310,回春香餐饮,餐饮服务,剑阁县,,,元山镇人民政府西侧60米,31.588036,105.436126,
310,宝轮服务区清真世祥手抓餐饮,餐饮服务,利州区,,,宝轮服务区与G75兰海高速交叉口东340米,32.381164,105.606219,
310,福兴小馆餐饮店,餐饮服务,昭化区,,,昭化镇城关村桔柏渡街144号昭化古城(西南角),32.334675,105.719025,
310,田家餐饮,餐饮服务,剑阁县,,,剑南路与板桥街交叉口西南100米,31.695270,105.610143,
310,白龙服务区餐饮,餐饮服务,剑阁县,,,S1成万渝高速与白龙服务区交叉口东380米,31.759316,105.635529,
310,白龙服务区餐饮,餐饮服务,剑阁县,,,白龙服务区与S1成万渝高速交叉口西320米,31.760997,105.636001,
310,陵江服务区餐饮,餐饮服务,利州区,,,陵江服务区西北侧,32.421899,105.761604,
310,广元市利州区胜元餐饮店(魏氏昌菜麻辣干锅),餐饮服务,利州区,,,河西街道办事处宏达路221号,32.431309,105.782927,
310,新疆沙漠烤羊肉串餐饮馆(下河街店)烧烤,餐饮服务,利州区,,,下河街153号,32.436273,105.818746,
310,广元天茂餐饮服务有限公司,公司企业,利州区,,,东坝街道陈家壕35号,32.432051,105.848242,
310,吴胖子麻辣串(广汇思成·东方盛世店),餐饮服务,利州区,,,东坝博文街东方盛世1楼,32.430530,105.848529,
310,杜氏柴火饭餐饮店,餐饮服务,利州区,,,东坝街道利东街北段8号,32.429372,105.848358,
310,广元市利州区老灶房餐饮店,餐饮服务,利州区,,,绵谷路251号,32.425325,105.854875,
310,四川仨部曲餐饮管理有限公司,公司企业,利州区,,,古堰路与滨河北路一段交叉口西北60米,32.422875,105.857575,
310,弘顺乡餐饮管理公司,公司企业,利州区,,,文达路与玉潭路交叉口东南120米,32.419872,105.869256,
310,广元市肖家寨餐饮有限公司,公司企业,昭化区,,,卫子镇肖家寨村退役军人服务站西南侧180米,32.133625,105.818875,
310,广元食为天餐饮管理有限公司,公司企业,利州区,,,利州东路三段通大道商业城2号百利城(利州东路三段店),32.428975,105.872725,
310,广元天茂餐饮服务有限公司,公司企业,利州区,,,东坝街道柜北社区一组82号,32.434843,105.877646,
311,槐树服务区风味一族赶路小食,餐饮服务,西充县,,,槐树服务区北侧,31.174351,105.811110,
311,四川云顺斋食品有限公司,餐饮服务,阆中市,,,东街小巷与大东街交叉口东南20米,31.575675,105.973975,
311,阆辣荟餐饮·川菜·虾蟹江湖菜(阆中古城店),餐饮服务,阆中市,,,中华阆天城·牌坊口下方左侧·第二家(皇朝娱乐旁),31.571147,105.980081,
311,风林·美食江湖(阆天城店)川湘菜·烤鱼·鲜货烧烤•潮汕砂锅粥·阆中本地风味中餐·特色餐饮,餐饮服务,阆中市,,,阆水中路117号附160号,31.571685,105.980577,
311,串串香-挚诚餐饮,餐饮服务,西充县,,,将军路与阳光路交叉口东南60米,30.983176,105.886371,
311,百饺鲜餐饮店(巴蜀小区店),餐饮服务,西充县,,,天宝路485号,30.987963,105.889117,
311,艺妹儿餐饮管理有限公司,公司企业,西充县,,,南台街道鹤鸣巷55号,30.989627,105.889820,
311,西充刘老头餐饮店,餐饮服务,西充县,,,安汉巷与安汉大道二段交叉口东100米,30.989375,105.892675,
311,熙和红灯笼餐饮创业基地,餐饮服务,阆中市,,,电站北路24号,31.532881,106.026066,
311,南部县金万豪餐饮服务有限公司,公司企业,南部县,,,金葫大道与桂福路交叉口东200米,31.344125,106.028375,
311,姗姗来迟餐饮管理公司,公司企业,南部县,,,亿联五金建材城D区6栋,31.337745,106.031194,
311,来铅肉蟹煲餐饮店,餐饮服务,南部县,,,桂博大道2号圣桦时代广场F3层,31.351215,106.039961,
311,南城江湖菜餐饮店,餐饮服务,南部县,,,红岩子大道505号,31.356637,106.050764,
311,南充青云餐饮管理有限公司,公司企业,嘉陵区,,,再兴街8号,30.765962,106.010431,
311,四川湖寒江餐饮管理有限公司,公司企业,嘉陵区,,,嘉陵大道与创业路交叉口南460米,30.763688,106.010496,
311,响宴天下餐饮服务中心,餐饮服务,嘉陵区,,,迎宾路红邦小镇B区11栋,30.751675,106.010075,
311,四川家乐康餐饮服务集团有限公司,公司企业,顺庆区,,,潆华工业区南充市顺庆区高新科技园科技一路48号,30.862484,106.057669,
311,沸香鱼餐饮店(嘉陵花园店),餐饮服务,嘉陵区,,,于陛路三段69号,30.749266,106.049759,
311,蜀吉张小餐饮,餐饮服务,顺庆区,,,春天花城南门口,30.852299,106.068928,
311,颜京餐饮店,餐饮服务,嘉陵区,,,嘉南路五段73号79号81号,30.742057,106.051180,
311,南充市嘉陵区同福荟餐饮店,餐饮服务,嘉陵区,,,都尉路四段288号南湖凯旋广场4幢1层10号,30.738722,106.052221,
311,五哥桂英餐饮店,餐饮服务,顺庆区,,,师大路38号星宇教育城1楼34号,30.814812,106.071215,
311,重庆冠勋餐饮管理有限公司南充分公司,公司企业,顺庆区,,,华荣路二段69号,30.840671,106.075779,
311,二牛小厨餐饮店,餐饮服务,顺庆区,,,华凤街道潆华南路二段163号,30.828812,106.080437,
311,合家欢餐饮店(碧桂园·天樾店),餐饮服务,嘉陵区,,,嘉凤路198号碧桂园·天樾,30.728940,106.066289,
312,下八庙服务区食尚惠美食餐厅,餐饮服务,恩阳区,,,下八庙服务区与S2成巴高速交叉口北180米,31.625433,106.484959,
312,下八庙服务区风味一族赶路小食,餐饮服务,恩阳区,,,S2成巴高速与下八庙服务区交叉口北200米,31.625650,106.485160,
312,郑老大餐饮,餐饮服务,南江县,,,滨河路与Y01县道交叉口东南40米,31.973943,106.596449,
312,早晚好食餐饮店,餐饮服务,恩阳区,,,柳林镇凤鸣街272号,31.709169,106.549852,
312,巴中市恩阳区柳林镇刘蓉餐饮店,餐饮服务,恩阳区,,,柳林凤鸣哑天荣汽贸旁边,31.715059,106.555092,
312,蒸功夫餐饮服务店,餐饮服务,恩阳区,,,文锦帝都10幢1层115号,31.787436,106.622386,
312,蓉城鸭脑壳飞餐饮店(恩阳店),餐饮服务,恩阳区,,,商业南街43-53号(人行天桥往南50米),31.788317,106.637794,
312,巴中恩阳区群乐镇旺香餐饮店,餐饮服务,恩阳区,,,群乐镇玉朵社区五组,31.516727,106.590493,
312,恩阳服务区美食广场,餐饮服务,恩阳区,,,环城路东段与恩阳大道交叉口西北300米,31.810660,106.647996,
312,龙记食味餐饮店,餐饮服务,恩阳区,,,登科街道办事处白玉村阳光中央公园14幢1楼8号,31.797225,106.661325,
312,南江服务区餐饮,餐饮服务,南江县,,,南江服务区与G85银昆高速交叉口西280米,32.326450,106.802328,
312,南江服务区食尚惠餐厅,餐饮服务,南江县,,,南江服务区与G85银昆高速交叉口西北280米,32.327987,106.803951,
312,吟龙餐饮,餐饮服务,巴州区,,,世纪花园东北门旁,31.864125,106.732975,
312,满香园餐饮店,餐饮服务,南江县,,,光雾山大道朝阳西段与中嘴大桥交叉口西北40米,32.341582,106.826000,
312,巴中宏韵企业管理有限公司(宏韵茶餐厅),餐饮服务,南江县,,,集州街道天玺金悦府12号裙房1-23,32.342639,106.826320,
312,巴州区匠鱼儿纸包鱼餐饮店,餐饮服务,巴州区,,,回风街道广福街100号宏地-壹品广场1号楼1层7号,31.860393,106.739357,
312,天天面对面餐饮店,餐饮服务,南江县,,,红叶广场画廊街30号,32.336756,106.833652,
312,樊记蒸食汇餐饮店,餐饮服务,巴州区,,,后坝小区佛爷湾西段296号置信逸都花园A区3幢1层2号,31.849825,106.745375,
312,丽景酒店餐饮部,餐饮服务,巴州区,,,江南二环路与红军路交叉口西北100米,31.853075,106.747225,
312,巴州区欢喜食堂餐饮店,餐饮服务,巴州区,,,回风街道红碑路南龛段740号附4号,31.849707,106.749544,
312,逸香居餐饮店,餐饮服务,南江县,,,集州街道光雾山大道城庙段350号附1号,32.357509,106.848177,
312,涛景餐饮店,餐饮服务,巴州区,,,通佛路107号门市,31.850445,106.752266,
312,孙二娘火锅餐饮店(旺福苑1期店),餐饮服务,巴州区,,,江北街道望王路东段193号附6号,31.860737,106.758450,
312,巴山肉牛餐饮(旗舰店),餐饮服务,巴州区,,,滨河北路中段170号,31.854944,106.757751,
312,巴中市壹号冰站餐饮服务有限公司,公司企业,巴州区,,,桔园路与文泉街交叉口东100米,31.853520,106.766264,
313,鹅香居餐饮店,餐饮服务,绵竹市,,,广济镇云盖村一组,31.282354,104.037001,
313,富桂源老院子餐饮,餐饮服务,什邡市,,,清泉村7组,31.163701,104.056774,
313,四川国涛餐饮服务有限公司,公司企业,绵竹市,,,棚花村十四组,31.374291,104.151447,
313,什邡市亿万佳餐饮有限公司,公司企业,什邡市,,,雍城街道桂泉村2组39号,31.134095,104.140682,
313,食侠客餐饮,餐饮服务,绵竹市,,,汉香路与汉才路交叉口东20米,31.440385,104.190277,
313,什邡市陌上西晨餐饮店,餐饮服务,什邡市,,,雍城街道箭台村10组,31.100590,104.154925,
313,伙食团餐饮店,餐饮服务,什邡市,,,雍城街道光荣路1号,31.122826,104.158959,
313,胖果鸭餐饮管理有限公司,公司企业,绵竹市,,,三星街95号,31.338384,104.198112,
313,什邡市雍城街道吕飘飘餐饮店,餐饮服务,什邡市,,,荣盛公园御府东南侧150米,31.109725,104.168175,
313,绵竹市天不亮餐饮店,餐饮服务,绵竹市,,,月波路与月波下横街交叉口东北40米,31.338725,104.203525,
313,娇雨燕餐饮店,生活服务,什邡市,,,永生巷18号,31.125972,104.172599,
313,四川星火筷投餐饮管理有限公司,公司企业,绵竹市,,,盐城路23号,31.337026,104.224484,
313,绵竹市皇廷家宴餐饮店,餐饮服务,绵竹市,,,张家港路与淮安路交叉口西北180米,31.325453,104.229416,
313,四川米老头食品工业集团股份有限公司,餐饮服务,广汉市,,,青月一路与向新路交叉口东北60米,30.920575,104.214675,
313,小舞婆婆天航餐饮(四川)有限公司,公司企业,广汉市,,,南丰镇太平场社区航天小区3组16-17-18号,31.006857,104.232451,
313,四川甄祥搏环保设备有限公司,公司企业,广汉市,,,顺江北路22号,30.905773,104.220218,
313,德阳识蜀记餐饮管理有限公司,公司企业,绵竹市,,,[],31.246315,104.272502,
313,广汉市席味曼天餐饮店,餐饮服务,广汉市,,,三星堆大道二段90号优筑天府城,30.987630,104.250824,
313,高铁路嗨客餐饮店,餐饮服务,广汉市,,,城北综合市场,30.994325,104.267375,
313,广汉市燃燃餐饮店食友八酒,餐饮服务,广汉市,,,运城路9号,30.995488,104.267800,
313,巷又香餐饮店,餐饮服务,广汉市,,,雒城街道邵阳路55号2栋3单元1楼1号,30.981470,104.272012,
313,钟与睿餐饮店,餐饮服务,广汉市,,,浏阳路西二段与湖南路北一段交叉口西220米,30.983705,104.272679,
313,哲芮餐饮店,餐饮服务,广汉市,,,顺德路二段77号,30.974502,104.271456,
313,汀湖餐饮,餐饮服务,广汉市,,,金雁街道韶山路五段109号(今日东坡对面),31.008809,104.279458,
313,广汉市默默餐饮店,餐饮服务,广汉市,,,湖南路1段40号附7号金领华庭,30.980325,104.276325,
314,平武县明薯记餐饮店,餐饮服务,平武县,,,龙安镇飞龙路西段295号附47号,32.406933,104.532298,
314,龙府马记餐饮汇口店,餐饮服务,平武县,,,金色家园一期农贸市场1-2-3号,32.407374,104.544325,
314,云麓餐饮,餐饮服务,安州区,,,好医生大道中段20号恒跃紫宸,31.536475,104.552775,
314,夜虾餐饮(五路口店),餐饮服务,安州区,,,中心街172号,31.539051,104.562514,
314,清水溪餐饮,餐饮服务,安州区,,,花荄镇滨江西路北段2号1期A4栋102-116号,31.540325,104.568825,
314,四川鑫岳达餐饮有限公司,公司企业,安州区,,,安州大道y601交口,31.540898,104.586025,
314,四川鑫余餐饮管理有限公司,公司企业,安州区,,,界牌镇尚合路43号,31.495216,104.595364,
314,绵阳岐邈知味园餐饮文化有限公司,公司企业,安州区,,,安州大道y601交口,31.538326,104.605264,
314,绵阳允墨溪餐饮有限责任公司,公司企业,涪城区,,,绵阳宇红治商贸有限公司西南侧60米,31.484301,104.628748,
314,吾品·宜宾燃面餐饮店(加盟四十七店),餐饮服务,涪城区,,,绵阳市高新区永兴镇好吃街永惠路201号1栋3单元,31.464659,104.625989,
314,食知味餐饮店,餐饮服务,涪城区,,,石梯子村37号,31.428526,104.642328,
314,柒味餐饮(永兴店),餐饮服务,涪城区,,,飞云大道220号文泉理想城邦,31.454397,104.651048,
314,8+1餐饮店,餐饮服务,江油市,,,太平镇捌加壹餐饮店,31.779418,104.720086,
314,财串串餐饮店,生活服务,江油市,,,启新·学府苑,31.739325,104.715825,
314,正文餐饮,餐饮服务,涪城区,,,普明南路东段135号瑞麟国际新城,31.471255,104.672945,
314,品味轩餐饮(上庠街商业中心店),餐饮服务,涪城区,,,教育中路与教育路交叉口西北100米,31.510181,104.679465,
314,知食餐饮开元米粉,餐饮服务,江油市,,,金燕路南段311号会昌小区2期,31.741169,104.717521,
314,平粮鑫十八龙门社区餐饮,餐饮服务,涪城区,,,青义镇龙门社区阴平路45号,31.561663,104.690557,
314,大院坝餐饮店,餐饮服务,江油市,,,庐山路中段69号中泱大道三期领域7幢1层5号,31.774598,104.725479,
314,逍肴餐饮,餐饮服务,江油市,,,中央大道5期18栋,31.768123,104.726751,
314,金板凳串串餐饮店(八角南路店),生活服务,涪城区,,,科技城新区八角南路西段11号6栋1单元1层,31.481040,104.684911,
314,江油市云粤融合餐饮店,餐饮服务,江油市,,,新华干道北段西侧五星国际城10栋1楼2号,31.778722,104.734222,
314,绵阳玖和餐饮管理有限公司,公司企业,涪城区,,,绵兴东路86号新川首座酒店6楼,31.466049,104.684232,
314,绵阳科创区巨苣江湖餐饮店,餐饮服务,涪城区,,,莲花寺路9号负14,31.477263,104.686535,
314,笑哈哈餐饮狗火旺火锅,餐饮服务,江油市,,,寿山路76号,31.767172,104.736311,
315,杨盘堰渔都江堰市餐饮管理有限公司,公司企业,都江堰市,,,杨柳河街与柳河巷交叉口东北60米,31.000570,103.622414,
315,四川沈福记餐饮管理有限公司,公司企业,都江堰市,,,学府路97号二楼商铺,30.996315,103.636554,
315,江怪味,餐饮服务,崇州市,,,九龙路115号,30.639532,103.683090,
315,成都市栖溪隐林餐饮(柴火鸡中餐)服务有限公司,公司企业,彭州市,,,通济镇花溪村东升酒苑小区83号,31.189773,103.815498,
315,豪九门江湖菜餐饮店,餐饮服务,温江区,,,凤溪大道中段102号(凤溪河地铁站H口步行440米),30.691042,103.839640,
315,四川中威铁卫餐饮管理有限公司,公司企业,武侯区,,,清河路与湖滨路交叉口东180米,30.659203,103.988232,
315,成都吉蓉老兵餐饮管理有限公司,公司企业,双流区,,,双华路三段727号,30.527837,103.996556,
315,成都瓦库五十六号餐饮有限公司,餐饮服务,金牛区,,,北三环路一段111号21栋2层203-206室,30.711449,104.025115,
315,七星椒火锅•四川餐饮名店(双楠店),餐饮服务,武侯区,,,武侯大道双楠段44号1幢(加气站旁),30.637275,104.017140,
315,东方希望中心,商务住宅,武侯区,,,益州大道北段333号(金融城地铁站B口步行260米),30.581618,104.061245,
315,成都众为餐饮文化有限公司,公司企业,锦江区,,,东大街下东大街段258西部国际金融中心2号楼18楼1803号,30.648667,104.083766,
315,四川阅天下餐饮有限公司,公司企业,武侯区,,,天久北巷与天长路交叉口东南80米,30.592679,104.076371,
315,朵瑾餐饮集成供应链,公司企业,金牛区,,,城中汇购物中心B区6楼,30.691822,104.091134,
315,金融麦田,公司企业,武侯区,,,锦云东三巷1号,30.581050,104.076550,
315,成都市览虫生活餐饮文化有限公司,公司企业,锦江区,,,琉璃路与二环路东五段辅路交叉口西南60米,30.620175,104.092575,
315,四川兵哥餐饮总指挥部,公司企业,锦江区,,,华润路127号翡翠城农贸市场,30.614532,104.093941,
315,成都金锋酒店用品有限公司(润茂核心店),公司企业,新都区,,,润茂酒店用品城承顺街399号24栋11-12号,30.781603,104.126370,
315,成都锦月和餐饮管理有限公司,公司企业,新都区,,,新都街道五桂村9组204号,30.823575,104.138575,
315,成都蔡大胖餐饮管理有限公司,公司企业,成华区,,,万科天荟4栋(东郊记忆地铁站B1口步行400米),30.666862,104.124352,
315,成都膳兴餐饮管理有限公司,公司企业,新都区,,,桂湖街道高架村一组,30.847061,104.161360,
315,四川企税邦企业管理有限公司,公司企业,新都区,,,工业大道东段69号百郦中心6楼605,30.803745,104.159652,
315,中凯空间(龙腾广场),公司企业,成华区,,,东华一路268号1栋2单元,30.678382,104.142272,
315,味独道餐饮店,餐饮服务,龙泉驿区,,,大面街道红枫街136号,30.597394,104.162740,
315,成都海澳思餐饮管理有限公司,公司企业,龙泉驿区,,,车城西二路176号7栋2层,30.549853,104.177950,
315,成都六十度餐饮管理有限公司仓库,公司企业,龙泉驿区,,,大华路888号,30.598751,104.202144,
316,汉初盛宴餐饮店,餐饮服务,武胜县,,,烈面通江街69号,30.469169,106.090027,
316,华美翔餐饮店,餐饮服务,武胜县,,,万善镇万渝路268号门市,30.368470,106.124821,
316,川味先餐饮店,餐饮服务,武胜县,,,沿口镇永福路261号,30.331641,106.272418,
316,武胜县沿口杨七娃干锅餐饮店,餐饮服务,武胜县,,,龙翔街49号,30.336525,106.278275,
316,武胜服务区餐厅,餐饮服务,武胜县,,,武胜服务区西南侧,30.377060,106.295690,
316,武胜服务区餐厅,餐饮服务,武胜县,,,武胜服务区东北侧,30.377765,106.297750,
316,圆梦餐饮(京熙国际店),餐饮服务,武胜县,,,沿口镇人民北路北段2号4栋1楼27-29号,30.351516,106.295074,
316,武胜县醉仙麻辣牛肉食品有限责任公司,公司企业,武胜县,,,沿口镇新乐街50号,30.339023,106.298683,
316,禧满豪廷餐饮服务有限公司,公司企业,武胜县,,,利民街与长青街交叉口北240米,30.348225,106.302325,
316,武胜宏宴餐饮有限公司,公司企业,武胜县,,,迎宾大道与东环线交叉口西60米,30.347008,106.304887,
316,飞龙服务区大厅小厨,餐饮服务,武胜县,,,G8515广泸高速与飞龙服务区交叉口西500米,30.400614,106.372827,
316,飞龙服务区大厅小厨,餐饮服务,武胜县,,,G8515广泸高速与飞龙服务区交叉口西320米,30.402691,106.374837,
316,飞龙服务区餐厅,餐饮服务,武胜县,,,G8515广泸高速与飞龙服务区交叉口西300米,30.402725,106.375131,
316,张先森餐饮文化有限公司,餐饮服务,岳池县,,,建设路与建设巷交叉口东北80米,30.538075,106.444225,
316,岳池县二宝餐饮店,餐饮服务,岳池县,,,九龙街道体育路293号同创家园,30.534225,106.449975,
316,四川破局餐饮服务有限公司,公司企业,岳池县,,,滨河西路与安拱路交叉口西南60米,30.540030,106.453927,
316,签家万福餐饮店,餐饮服务,岳池县,,,滨河东路236号,30.536241,106.455877,
316,岳池休记光头蟹餐饮店,餐饮服务,岳池县,,,花漾城,30.528925,106.462175,
316,四川省广安市岳池县李尚鲜餐饮服务有限公司,公司企业,岳池县,,,余家河上段以东与安拱路延伸以西交叉处1-111-12,30.535341,106.467114,
316,岳池服务区餐厅,餐饮服务,岳池县,,,岳池服务区西南侧,30.535038,106.512299,
316,岳池服务区餐厅,餐饮服务,岳池县,,,岳池服务区西北侧,30.536765,106.512973,
316,苟角镇桃花源居餐饮店,餐饮服务,岳池县,,,苟角镇安家坝村西北,30.615905,106.544670,
316,广安服务区美食广场,餐饮服务,广安区,,,G85银昆高速与广安服务区交叉口南300米,30.534145,106.583301,
316,广安服务区美滋肴连锁餐厅,餐饮服务,广安区,,,G85银昆高速与广安服务区交叉口南260米,30.534449,106.583370,
316,四川八方宴餐饮管理有限公司,公司企业,岳池县,,,兴盛街33号,30.361117,106.588564,
317,渠县嘉铂悦礼宴中心,餐饮服务,渠县,,,賨人大道69号,30.830621,106.987480,
317,顺路餐饮,餐饮服务,大竹县,,,牌坊北街与石堰街交叉口西北20米,30.633927,107.117190,
317,管村服务区大厅小厨,餐饮服务,达川区,,,管村服务区与S26达阆高速交叉口东380米,31.151856,107.256480,
317,管村服务区大厅小厨,餐饮服务,达川区,,,管村服务区与S26达阆高速交叉口东380米,31.150022,107.256852,
317,大竹服务区餐厅,餐饮服务,大竹县,,,G65包茂高速与大竹服务区交叉口东北220米,30.726727,107.188381,
317,金满餐饮,餐饮服务,大竹县,,,双马·生活批发市场,30.740397,107.191746,
317,大竹幸福里餐饮有限公司,公司企业,大竹县,,,体育大道与黄滩路交叉口北220米,30.754314,107.204633,
317,8090餐饮店,餐饮服务,大竹县,,,滥井坝巷44号,30.733944,107.202371,
317,新派刘记餐饮店,餐饮服务,大竹县,,,金利美城市广场,30.733625,107.222075,
317,云川餐饮店,餐饮服务,大竹县,,,达州市科技企业孵化器西侧90米,30.731675,107.250275,
317,瑞祥餐饮店,餐饮服务,通川区,,,宝善街229号莲湖印象,31.236188,107.459541,
317,达州西服务区餐厅,餐饮服务,通川区,,,G5012恩广高速与达州西服务区交叉口西北340米,31.367556,107.486747,
317,达州西服务区餐厅,餐饮服务,通川区,,,G5012恩广高速与达州西服务区交叉口西240米,31.365264,107.487164,
317,小厨当家餐饮店,餐饮服务,通川区,,,宝善东街700号邦泰天著,31.239247,107.467253,
317,元新餐饮店(仁和新城购物中心店),餐饮服务,通川区,,,巴渠东路318号仁和新城购物中心,31.224625,107.465522,
317,莲梦餐饮店,餐饮服务,通川区,,,彩亭路68号,31.241483,107.468785,
317,丹丹餐饮店,餐饮服务,通川区,,,汉章街60号,31.229629,107.466654,
317,达州市智膳餐饮管理有限公司,公司企业,通川区,,,通锦美食街智膳餐饮有限公司,31.215014,107.464754,
317,达州市通川区吴康农家餐饮店,餐饮服务,通川区,,,西汇名都农家大院,31.198986,107.462097,
317,达州市海顺餐饮管理有限公司,公司企业,通川区,,,金龙大道与秋棠街交叉口东南60米,31.206652,107.464672,
317,通川区盛放餐饮店(罗浮新城市广场店),餐饮服务,通川区,,,金兰路77号罗浮广场,31.207125,107.470425,
317,熊猫王子酒店餐饮部,餐饮服务,通川区,,,大寨子路与朝阳中路交叉口南40米,31.202652,107.474741,
317,绥唐餐饮总部,公司企业,通川区,,,滨河西路162号,31.201778,107.479162,
317,达州珑悦菀餐饮管理有限公司,公司企业,通川区,,,龙爪坝路与小龙嘴街交叉口东北120米,31.199870,107.478872,
317,赵琼餐饮店,餐饮服务,达川区,,,景百公路与210国道交叉口南40米,31.022064,107.454003,
318,四川三千庭餐饮管理服务有限公司,公司企业,大英县,,,商业北街与富民街交叉口东南20米,30.592907,105.244574,
318,聚源餐饮,餐饮服务,大英县,,,老盐街与巷道交叉口北100米,30.589025,105.253325,
318,别雅餐饮•椒椒冷锅烤鸭,餐饮服务,大英县,,,五星西街66号,30.582948,105.252829,
318,娟娟餐饮,餐饮服务,射洪市,,,文宗苑西侧180米,30.947785,105.345679,
318,射洪县欣研餐饮管理有限公司,公司企业,射洪市,,,沱牌大道与铁塔街南段交叉口西南60米,30.853352,105.371364,
318,渔米之香餐饮店(万隆路店),餐饮服务,射洪市,,,万隆路315号(子昂广场店),30.857814,105.373401,
318,四川绿健餐饮,餐饮服务,射洪市,,,太和街道富强路82号,30.857568,105.376258,
318,射洪市亦杨餐饮店,餐饮服务,射洪市,,,广寒路97号台洪小区,30.867925,105.381875,
318,打骨折餐饮店,餐饮服务,射洪市,,,太和街道桂仙路200号,30.857197,105.383790,
318,蚝气腰燃餐饮店,餐饮服务,射洪市,,,恒滨路323号,30.887141,105.392625,
318,匡二姐餐饮店,餐饮服务,射洪市,,,黄保路117号,30.860000,105.389109,
318,嘶哈蟹钳餐饮店,餐饮服务,射洪市,,,太和街道新阳街74号,30.868718,105.390681,
318,积膳餐饮有限公司,公司企业,射洪市,,,新民后街52号,30.864668,105.390581,
318,舒氏餐饮一条龙服务,餐饮服务,安居区,,,宝泉沟村村民委员会西南侧120米,30.424280,105.331823,
318,仕友餐饮店,餐饮服务,射洪市,,,射洪职业中专学校南门旁,30.863959,105.409481,
318,栖城盛宴餐饮店,餐饮服务,安居区,,,兴贸西路201号,30.343240,105.449930,
318,遂宁高进鸿福餐饮管理有限公司,公司企业,安居区,,,梧桐南路与三官塘街交叉口东南140米,30.340280,105.451285,
318,安居区显眼包餐饮店,餐饮服务,安居区,,,经纬水岸3栋102号,30.349027,105.461818,
318,倩语雅厨餐饮店,餐饮服务,安居区,,,柔刚街道时代中心99号商铺,30.344755,105.463805,
318,遂宁市海清餐饮管理服务有限公司,公司企业,船山区,,,站南路与龙桥路交叉口北460米,30.541559,105.544214,
318,洪厨味道餐饮店,餐饮服务,船山区,,,民惠路1号附7-8,30.473079,105.552391,
318,养膳和餐饮,餐饮服务,船山区,,,天峰街160号,30.532191,105.562408,
318,兴缘餐饮,餐饮服务,船山区,,,渠河中路与嘉禾西路交叉口北140米,30.525038,105.561395,
318,遂宁聚龙餐饮有限责任公司,公司企业,船山区,,,遂州北路524号君利来百货(北固商场),30.538942,105.565212,
318,俊哥哥餐饮店,餐饮服务,船山区,,,船山区就业服务管理局东南门旁,30.521326,105.566422,
319,永莉餐饮店,餐饮服务,雁江区,,,209乡道与201乡道交叉口西北60米,30.142530,104.533625,
319,四川家亨餐饮管理有限责任公司,公司企业,雁江区,,,松涛路三段天王农副产品交易中心(松涛路三段店),30.097316,104.621277,
319,资阳市雁江区鑫恒餐饮店,餐饮服务,雁江区,,,皇龙路与仁德东路交叉口东60米,30.125333,104.632144,
319,资阳星页餐饮管理有限公司,公司企业,雁江区,,,西门桥街与西门桥街南一巷交叉口西180米,30.121477,104.637215,
319,四川喇擦姑娘餐饮有限公司,餐饮服务,雁江区,,,凤园路166号四海国际社区,30.139375,104.644975,
319,陈琪餐饮,餐饮服务,雁江区,,,中兴街与资辉路交叉口北100米,30.104192,104.668155,
319,四川仟城餐饮管理有限公司,公司企业,雁江区,,,正兴街32号,30.105375,104.673925,
319,资阳嘉园餐饮服务有限公司,公司企业,雁江区,,,正兴街与蜀乡大道交叉口东南200米,30.106125,104.674575,
319,龙腾宴特色餐饮店,餐饮服务,雁江区,,,保和镇文龙寺村雁江收费站100米(沱五桥桥头),30.163378,104.701753,
319,嘉园餐饮,餐饮服务,雁江区,,,堪嘉镇毛家堰,29.965105,104.902700,
319,乐至服务区餐饮,餐饮服务,乐至县,,,乐至服务区与S40广洪高速交叉口东340米,30.327021,104.996881,
319,英利餐饮店,餐饮服务,雁江区,,,楠木村42号,30.127146,104.970270,
319,四川匠味桑城餐饮管理有限公司,公司企业,乐至县,,,天池街道川鄂西路北一巷127号三楼,30.288714,105.020363,
319,乐至县家园餐饮管理有限公司,公司企业,乐至县,,,文庙街与国策路交叉口东140米,30.285339,105.026815,
319,罗师家宴服务站,餐饮服务,乐至县,,,龙门派出所东北侧170米,30.343525,105.113425,
319,乐至南服务区餐饮,餐饮服务,乐至县,,,南服务区南侧,30.108533,105.124156,
319,乐至南服务区餐饮,餐饮服务,乐至县,,,S3成资渝高速与乐至南服务区交叉口西420米,30.111719,105.127589,
319,朝阳停车区餐饮,餐饮服务,安岳县,,,G5013渝蓉高速与朝阳停车区交叉口西北240米,30.074279,105.206907,
319,朝阳停车区餐饮,餐饮服务,乐至县,,,G5013渝蓉高速与朝阳停车区交叉口西北240米,30.074071,105.209129,
319,安岳刘大厨城南餐饮店,餐饮服务,安岳县,,,岳城街道贾岛路西段119号,30.087751,105.325376,
319,锦盛餐饮店,餐饮服务,安岳县,,,外南街156号,30.093386,105.332007,
319,洪味源餐饮店,餐饮服务,安岳县,,,秦九韶路南段266号碧桂园柠都府,30.093075,105.350275,
319,柠德餐饮食材供应链集配中心,公司企业,安岳县,,,石永路37号,30.073089,105.400399,
319,安岳服务区真本味,餐饮服务,安岳县,,,G5013渝蓉高速与安岳服务区交叉口南380米,29.888269,105.396539,
319,安岳服务区真本味,餐饮服务,安岳县,,,G5013渝蓉高速与安岳服务区交叉口东南420米,29.888769,105.399109,
320,二喜餐饮店,餐饮服务,洪雅县,,,604乡道与光明路交叉口东北380米,29.603916,103.225494,
320,瓦屋山服务区餐厅,餐饮服务,洪雅县,,,瓦屋山服务区南侧,29.844006,103.278949,
320,瓦屋山服务区餐厅,餐饮服务,洪雅县,,,瓦屋山服务区北侧,29.845943,103.279713,
320,东林餐饮尚品酒楼,餐饮服务,洪雅县,,,雅康·世纪广场北2门旁,29.908808,103.363549,
320,付记餐饮店(盖浇饭·家常菜),餐饮服务,丹棱县,,,齐乐大道与新南东路交叉口南220米,30.004402,103.520594,
320,东坡区湖湾餐饮农家乐,餐饮服务,东坡区,,,凤凰街74-76-78号,30.167520,103.587041,
320,眉山曾茂餐饮服务有限公司,公司企业,东坡区,,,白云小区1期南侧140米,30.054655,103.730541,
320,进鸿鸡鱼巧合餐饮店,餐饮服务,东坡区,,,兴旺街32号七里C区,30.070775,103.782825,
320,眉山服务区餐厅,餐饮服务,东坡区,,,眉山服务区西北侧,30.098434,103.810542,
320,眉山服务区东方速度(成乐高速店),餐饮服务,东坡区,,,眉山服务区东侧,30.096967,103.812298,
320,四川省味聚特食品有限公司,公司企业,东坡区,,,诗书路南段1038号,30.026024,103.802948,
320,王韶华餐饮服务有限公司,公司企业,东坡区,,,西民巷68号,30.066640,103.818474,
320,四川张记坤坤餐饮管理有限公司,公司企业,东坡区,,,眉州大道与铁环东路交汇处半岛龙湾商业2号楼B电梯4楼,30.074493,103.823916,
320,四川十一娘餐饮管理有限公司,公司企业,东坡区,,,双赋园B区东门南90米,30.068881,103.825712,
320,夜鎏香餐饮店(九巷十坊店),餐饮服务,东坡区,,,顺河街北三段536号万景·九巷十坊3幢8号坊1层10A号10B号,30.071535,103.827551,
320,四川嫒茉莉餐饮管理有限公司,公司企业,东坡区,,,玉屏街与阜成路西三段交叉口北140米,30.080025,103.830925,
320,眉山鼎味珍客餐饮文化有限公司,公司企业,东坡区,,,玉屏翠园南1门东90米,30.077210,103.832476,
320,眉山云食荟萃餐饮管理有限公司,公司企业,东坡区,,,三苏大道东段168号华地恒通,30.053931,103.831930,
320,眉山海雁餐饮管理有限公司,公司企业,东坡区,,,景苏东街与杭州北路交叉口东南40米,30.055051,103.833698,
320,福源餐饮,餐饮服务,东坡区,,,一环北路300号金府·丽景2期,30.057502,103.834431,
320,四川孙大胖餐饮管理有限公司,公司企业,东坡区,,,迎春北街128号阳光清雅阁,30.059871,103.836340,
320,四川泰谷里餐饮管理有限公司,公司企业,彭山区,,,建设路延伸段与锦绣大道南延线交叉口东南20米,30.194948,103.857006,
320,馋园川香居餐饮服务店(书香庭院店),餐饮服务,东坡区,,,"长庚街38,44,12,4446号",30.081425,103.841475,
320,八条腿餐饮店,餐饮服务,东坡区,,,明星北路113号,30.055427,103.838059,
320,三餐来餐饮有限公司,餐饮服务,东坡区,,,大雅街北四段白玉6组,30.089004,103.843979,
321,喜来鹿餐饮店,餐饮服务,威远县,,,人民街与云钢街交叉口西南40米,29.732225,104.491975,
321,四川日增餐饮管理有限公司,公司企业,资中县,,,球溪石油加油站西北侧170米,29.902681,104.626412,
321,包韵轩餐饮店,餐饮服务,威远县,,,和谐街与板铺路交叉口东140米,29.702175,104.599325,
321,资中县星晨宴餐饮服务有限公司,公司企业,资中县,,,走马镇北新街107号,29.837205,104.626840,
321,四川餐饮,餐饮服务,资中县,,,321国道与G76厦蓉高速出口交叉口东20米,29.892746,104.637609,
321,威远服务区中盛驿厨,餐饮服务,威远县,,,威远服务区与G4215蓉遵高速交叉口东400米,29.493124,104.635134,
321,威远服务区中盛驿厨,餐饮服务,威远县,,,G4215蓉遵高速与威远服务区交叉口西北400米,29.491194,104.634910,
321,威远腾跃餐饮配送公司,公司企业,威远县,,,滨河路温家坝段151号,29.519250,104.672161,
321,康桥餐饮中心,餐饮服务,威远县,,,界牌镇桥凼村退役军人服务站西北侧,29.478406,104.731721,
321,面鑫汇餐饮店,餐饮服务,资中县,,,苌弘路南一段与凤凰街交叉口南240米,29.757075,104.838025,
321,威远县银杏山庄餐饮服务有限公司,体育休闲服务,威远县,,,花祠村8组,29.497385,104.828403,
321,四川资中紫宸餐饮管理有限公司,公司企业,资中县,,,明心寺镇,29.749778,104.913046,
321,黄河湖服务区餐厅,餐饮服务,市中区,,,S56内荣高速入口与黄河湖服务区交叉口西60米,29.575715,104.896743,
321,内江味源餐饮管理有限公司,公司企业,市中区,,,G76厦蓉高速与内江服务区交叉口东北300米,29.588835,105.019779,
321,四川沁沿舒餐饮有限公司,公司企业,市中区,,,甜城大道商贸城二期甜城公寓8栋2单元19楼,29.586577,105.022900,
321,八福餐饮店,餐饮服务,市中区,,,润江西岸,29.583211,105.027535,
321,知心缘餐饮店,餐饮服务,市中区,,,沱江乡龙门社区警务室东北侧,29.455475,105.018275,
321,柏涛餐饮店,餐饮服务,东兴区,,,汉安大道西段998号万达中央华城,29.606375,105.042975,
321,上海适达餐饮管理有限公司内江万达店,公司企业,东兴区,,,汉安大道西段988号内江东兴万达广场,29.604477,105.042944,
321,内江市东兴区揸揸菜粗菜淡饭餐饮店,餐饮服务,东兴区,,,西林街道栖霞路紫霞街449号,29.612967,105.045210,
321,多多优鲜餐饮管理有限责任公司,公司企业,市中区,,,内棉厂06-07,29.587490,105.041982,
321,内江市东兴区颐方餐饮店,餐饮服务,东兴区,,,西林街道中医院城市综合服务驿站内商业业态经营区,29.608191,105.057009,
321,喜喜赞赞餐饮店,餐饮服务,东兴区,,,西林街道星桥街266号锦官新城,29.597016,105.058515,
321,四川旺鼎餐饮管理有限公司,公司企业,市中区,,,北城垣村20号附2号,29.589057,105.064761,
321,内江市天趣餐饮管理有限公司,公司企业,东兴区,,,金石广场,29.609255,105.069008,
322,金口河服务区餐厅,餐饮服务,金口河区,,,金口河服务区与S66隆汉高速交叉口东南60米,29.220812,103.077497,
322,四川隆香源餐饮管理有限公司,公司企业,峨边彝族自治县,,,新村路与大坪路交叉口北440米,29.235280,103.265956,
322,峨边饮领食尚餐饮店,餐饮服务,峨边彝族自治县,,,东风大道下段83号东风新城,29.234875,103.266275,
322,郎佳明餐饮店,餐饮服务,峨眉山市,,,景区路三段301号峨眉山(东北角),29.573038,103.367805,
322,龙池服务区餐厅,餐饮服务,峨眉山市,,,S66隆汉高速与龙池服务区交叉口东380米,29.396919,103.375561,
322,虾捣鼓餐饮店,餐饮服务,峨眉山市,,,保宁二街45号观音苑小区,29.573281,103.457625,
322,一麦相呈餐饮店(世纪春天店),餐饮服务,峨眉山市,,,绥山镇符汶一街47号,29.610799,103.499065,
322,峨眉山市云顶餐饮管理有限公司,公司企业,峨眉山市,,,巴厘岛小区南门东北150米,29.604312,103.499781,
322,熊家婆餐饮,餐饮服务,夹江县,,,金像寺西侧310米,29.765011,103.534340,
322,夹江县御恒餐饮管理有限公司,公司企业,夹江县,,,青衣街道青衣江村3社1号,29.721782,103.557133,
322,枣树林餐饮店,餐饮服务,夹江县,,,青衣街道千佛社区3组157号,29.744252,103.562221,
322,弄香里餐饮·新氏当归养生鸡,餐饮服务,夹江县,,,雅河府一期东北门旁,29.734650,103.562691,
322,四川多乐纳餐饮管理有限公司,公司企业,夹江县,,,迎恩路与圣堤路交叉口东南40米,29.726575,103.579575,
322,王不倒餐饮管理有限公司,公司企业,夹江县,,,观音街69号,29.724713,103.581813,
322,牌坊里餐饮店重庆烧鸡公,餐饮服务,夹江县,,,漹城街道牌坊社区3社,29.748799,103.585362,
322,峨眉山市康雨素食餐饮店,餐饮服务,峨眉山市,,,符溪大道南与金丰路东段交叉口西100米,29.602916,103.567765,
322,醉安逸餐饮店(云甘路店),餐饮服务,夹江县,,,云甘路92号,29.731553,103.586756,
322,夹江县农门餐饮店农门子大排档,餐饮服务,夹江县,,,振兴路462号,29.729356,103.588731,
322,醉乡音餐饮店,餐饮服务,夹江县,,,漹城街道学业街68号新地国际城,29.729293,103.588976,
322,玖十壹餐饮,餐饮服务,夹江县,,,萱轩超市西侧,29.885250,103.642633,
322,平全餐饮,餐饮服务,夹江县,,,经开大道与一号线交叉口北420米,29.781047,103.655675,
322,诗雅餐饮店,餐饮服务,夹江县,,,新场镇东风村一组1号,29.767594,103.671370,
322,云南火腿天麻鸡餐饮店,餐饮服务,马边彝族自治县,,,民建镇东光大道581-587号,28.828722,103.546003,
322,乐山市市中区周汤锅餐饮苏稽镇民营路店,餐饮服务,市中区,,,民营路与苏怀路交叉口西北40米,29.592042,103.671347,
322,乐山市蒙乐常多食品有限公司,餐饮服务,市中区,,,万兴城1栋1区1楼24号,29.601287,103.717534,
323,十里香餐饮,餐饮服务,荣县,,,永乐街78号一栋一单元一楼3号,29.450477,104.120518,
323,好巴食餐饮店,餐饮服务,荣县,,,天宇观澜湖西北门西南290米,29.438975,104.403425,
323,荣县岚门树下餐饮店,餐饮服务,荣县,,,青阳街道金碧大道一段398号星河中湾岚泊湾S1商业楼1-15,29.438734,104.407880,
323,自贡市荣城印象餐饮管理有限公司,公司企业,荣县,,,金碧城步行街与望景路交叉口东280米,29.444825,104.410625,
323,盐味小馆餐饮店,餐饮服务,荣县,,,荣州大道一段675号,29.443104,104.415637,
323,四川自贡林坪餐饮服务有限责任公司,公司企业,荣县,,,东街与光明路交叉口东140米,29.455734,104.427465,
323,四川荣州三绝餐饮管理有限责任公司,公司企业,荣县,,,小溪口山庄西北侧180米,29.432325,104.431075,
323,小镇外卖建文餐饮配送,餐饮服务,贡井区,,,交通路32号,29.392449,104.612177,
323,周二婆餐饮管理(四川)有限公司桂花仓,公司企业,自流井区,,,贡芝路,29.313770,104.662775,
323,夜食记餐饮店,餐饮服务,大安区,,,汇川路辅路与盐马路交叉口东南380米,29.327375,104.735625,
323,自贡市春播商贸有限公司,公司企业,自流井区,,,舒平街道丹阳街168号川南农产品批发市场,29.301678,104.742985,
323,自贡市菜急送餐饮配送有限公司,公司企业,自流井区,,,丹阳街168号川南农产品批发市场13A栋8号,29.301476,104.744474,
323,自贡蜀颜灞王餐饮有限公司,公司企业,自流井区,,,自贡卫民肛肠医院西北门西南190米,29.326009,104.753313,
323,正大特色餐饮,餐饮服务,大安区,,,图强路与求实路交叉口西南360米,29.361542,104.760851,
323,高新区味好饭餐饮店,餐饮服务,自流井区,,,高新区学苑街229号汇源·理工e家,29.337025,104.766475,
323,自贡吉为餐饮管理有限公司,科教文化服务,自流井区,,,三台寺路与新民街交叉口西南40米,29.353043,104.770430,
323,高新区龙之味餐饮店,餐饮服务,自流井区,,,远达·南湖领御2期,29.316467,104.765189,
323,黄记荤豆花餐饮店,餐饮服务,大安区,,,广华路与周家冲路交叉口西南140米,29.364575,104.773175,
323,高新区德润火锅餐饮店,餐饮服务,自流井区,,,华商国际城,29.319838,104.768493,
323,高新区御汕姿造餐饮店,餐饮服务,自流井区,,,华商国际城,29.319966,104.769273,
323,高新区舒熔餐饮店,餐饮服务,自流井区,,,名门央著,29.321975,104.770925,
323,喜多多餐饮店,餐饮服务,自流井区,,,丹桂街春华居委会18组梨园农贸市场综合楼38栋131号,29.341225,104.775944,
323,味火锅(自贡总店),餐饮服务,自流井区,,,春华路华园街199号附1号,29.338417,104.776007,
323,盐祖斋餐饮,餐饮服务,自流井区,,,燊海森林柏麓郡商业I区1-27、28,29.304407,104.781975,
323,自贡北服务区美食广场,餐饮服务,沿滩区,,,G85渝昆高速附近,29.334796,104.799949,
324,四川信直福康餐饮发展有限公司,公司企业,泸县,,,泸县二中实验学校(北门)南侧200米,29.165323,105.347866,
324,曾羊子餐饮店,餐饮服务,江阳区,,,353国道与039乡道交叉口东北420米,28.861248,105.312777,
324,泸县玉蟾街道昆哥餐饮部,餐饮服务,泸县,,,三和街与天河街交叉口西南120米,29.156349,105.369455,
324,坡里山村餐饮店,餐饮服务,泸县,,,朝阳南街24号,29.148898,105.371309,
324,四川蜀鼎汇餐饮管理有限公司,公司企业,泸县,,,绿园路266号,29.153922,105.376240,
324,四川吾同餐饮管理有限公司,公司企业,泸县,,,冱水路与文昌路交叉口东220米,29.152525,105.392375,
324,泸州西服务区餐厅,餐饮服务,龙马潭区,,,泸富路与074乡道交叉口西360米,28.953151,105.377849,
324,泸州市江阳区曾氏餐饮店,餐饮服务,江阳区,,,恒大城,28.894737,105.385043,
324,古叙一家餐饮,餐饮服务,江阳区,,,华美路一段100号32栋106号,28.895128,105.385264,
324,汇宜通静静稻田餐饮连锁(纳溪店),餐饮服务,纳溪区,,,安富街道春江路二段3号楼89-91号,28.771168,105.366544,
324,麦香餐饮店,餐饮服务,龙马潭区,,,学府路99号天瑞御城,28.926896,105.396286,
324,环城餐饮店,餐饮服务,纳溪区,,,永宁路一段与体育巷交叉口东南260米,28.770272,105.381028,
324,小何餐饮店,餐饮服务,纳溪区,,,紫阳路一段与棉花坡路交叉口西100米,28.787075,105.390775,
324,涞米餐饮店,餐饮服务,江阳区,,,华升南路与丽景路交叉口西南100米,28.893146,105.408507,
324,百胜餐饮(武汉)有限公司,公司企业,江阳区,,,一环路与春华路一段辅路交叉口西南100米,28.895025,105.410875,
324,泸州市联宏餐饮有限公司,公司企业,龙马潭区,,,玉带路二段与云跃街交叉口西180米,28.912645,105.419828,
324,泸州市诚志餐饮管理有限责任公司,公司企业,龙马潭区,,,玉带路二段与云跃街交叉口西北100米,28.913225,105.420825,
324,泸州市纳溪区醉香美蛙鱼餐饮店,餐饮服务,纳溪区,,,蓝安路二段与惠园路交叉口西北180米,28.832975,105.408966,
324,泸州市龙马潭区鲜牛坊餐饮店,餐饮服务,龙马潭区,,,南光路416号金诺·御景山居,28.891396,105.420098,
324,汇宜通静静稻田餐饮连锁(泸州宇华豪庭店),餐饮服务,龙马潭区,,,长生街82号,28.918249,105.425186,
324,宝石花餐饮,餐饮服务,江阳区,,,246国道与017乡道交叉口西北280米,28.856325,105.422325,
324,泸州市龙马潭区云边餐饮店,餐饮服务,龙马潭区,,,红星街道蜀泸大道一段32号步步高广场,28.894306,105.433951,
324,泸州牛一哥餐饮管理有限公司,餐饮服务,龙马潭区,,,龙南路与246国道交叉口西南140米,28.894844,105.434096,
324,泸州小月轩餐饮有限公司,餐饮服务,龙马潭区,,,迎宾大道二段17号金色城市花园C区,28.907915,105.439053,
324,建工酒楼餐饮有限公司,公司企业,龙马潭区,,,金塘街与摇翔路交叉口东80米,28.915018,105.440463,
325,黄阁树餐饮店,餐饮服务,叙州区,,,叙州区叙州区宜宾市叙州区蕨溪镇泥南社区东街1幢3单元2层1号,29.006090,104.210473,
325,蝴蝶餐饮管理有限公司,公司企业,叙州区,,,下正街30号,29.017610,104.254056,
325,兵哥餐饮,餐饮服务,屏山县,,,凉坝纵五路与越溪东路交叉口西南60米,28.842647,104.367299,
325,屏水缘餐饮责任有限公司,公司企业,屏山县,,,平安路与东昇街交叉口东北200米,28.821770,104.370530,
325,龍门餐饮,餐饮服务,屏山县,,,原鸭池农贸市场,28.712272,104.367165,
325,石城一条龙餐饮服务,餐饮服务,叙州区,,,横江镇蛇井凹,28.548825,104.359325,
325,大塔服务区鲜香小厨,餐饮服务,叙州区,,,G93成渝环线高速与大塔服务区交叉口西340米,28.921725,104.415779,
325,大塔服务区餐厅,餐饮服务,叙州区,,,G93成渝环线高速与大塔服务区交叉口西320米,28.921513,104.416034,
325,宜宾羽航餐饮管理有限公司,公司企业,叙州区,,,徐家上街与邓阳线交叉口南340米,29.093480,104.480406,
325,宜宾叙府记忆餐饮管理有限责任公司,公司企业,叙州区,,,柏溪街道土地村12组36号,28.707362,104.512930,
325,宜宾夕成餐饮服务有限公司,公司企业,叙州区,,,江霞路与南华宫街交叉口南500米,28.683238,104.528715,
325,宜宾市叙州区蜀票子餐饮店,餐饮服务,叙州区,,,柏溪街道城北新区佑之路鹭湖宫二期12-618至9号,28.709820,104.536784,
325,秋秋餐饮,餐饮服务,高县,,,罗场镇南华街576号,28.284360,104.497008,
325,高县庆符镇溢香餐饮店,餐饮服务,高县,,,"庆符镇巴茅巷82号,庆符镇溢香餐饮店",28.432068,104.520890,
325,小厨川餐饮店,餐饮服务,高县,,,庆符镇翰笙路177号,28.437932,104.523566,
325,聚味堂餐饮店,餐饮服务,筠连县,,,煤都大道855号,28.144675,104.483403,
325,筠连县贵恒里餐饮店,餐饮服务,筠连县,,,筠连镇,28.143925,104.488875,
325,宜宾筠州菜餐饮服务有限责任公司,公司企业,筠连县,,,海瀛工业园区警务室东北侧,28.191965,104.496509,
325,敏姐餐饮店,餐饮服务,高县,,,落润镇玺润社区街道379号,28.322558,104.516258,
325,高县庆符镇鹅十九餐饮店,餐饮服务,高县,,,星月天街1-1-24,28.433875,104.539475,
325,宜宾唐洛餐饮管理有限公司,公司企业,翠屏区,,,明威乡明威村马安组11号,28.907440,104.607103,
325,筠连县李红口口香餐饮店,餐饮服务,筠连县,,,筠连镇仁和街66号,28.160855,104.509714,
325,多味鲜餐饮店,餐饮服务,筠连县,,,仁和街34号,28.161769,104.510279,
325,八居味餐饮店,餐饮服务,翠屏区,,,旧州路8号酒都生活广场,28.785752,104.603406,
325,佳味特色餐饮,餐饮服务,叙州区,,,草燕街4号,28.685799,104.590868,
326,盐源县里拜屋餐饮服务店,餐饮服务,盐源县,,,泸沽湖镇木垮村16组12号,27.742605,100.815703,
326,寻味摩梭餐饮文化有限公司,公司企业,盐源县,,,泸沽湖镇木垮村8组,27.727903,100.834950,
326,八方缘餐饮店,餐饮服务,木里藏族自治县,,,Z006与新兴路交叉口南60米,27.919398,101.283389,
326,盐源梅雨沿途餐饮店,餐饮服务,盐源县,,,梅雨镇娃儿嘴村二组,27.447865,101.430725,
326,盐源十一元餐饮服务店,餐饮服务,盐源县,,,金果街34号,27.426564,101.505985,
326,启航餐饮服务店,餐饮服务,盐源县,,,润盐东街财富首座75号,27.425069,101.509236,
326,盐源县梵事餐饮服务店,餐饮服务,盐源县,,,盐井街道润盐东街75号财富首座B1层,27.425158,101.509550,
326,火一把老火锅餐饮店,餐饮服务,冕宁县,,,民主巷与马民巷交叉口西北40米,28.550175,102.167025,
326,清香园餐饮,餐饮服务,冕宁县,,,城南首座小区,28.546850,102.177950,
326,G108线灵山服务区一路顺饭店,餐饮服务,冕宁县,,,G108线灵山服务区,28.570546,102.222042,
326,西昌服务区餐饮,餐饮服务,西昌市,,,西昌服务区西40米,28.014716,102.176560,
326,梵花食光餐饮店,餐饮服务,西昌市,,,西昌西站站前广场(西北角),27.868675,102.162075,
326,西昌市兵记餐饮店,餐饮服务,西昌市,,,航天大道北二段17号西昌大梁矿业冶炼有限责任公司5栋3号,27.930219,102.205598,
326,财林餐饮小吃·鲜货烧烤,餐饮服务,西昌市,,,朝阳东路邦泰云玺18栋1层101号,27.898825,102.205693,
326,西昌市尝来尝往餐饮店,餐饮服务,西昌市,,,机场路南延线西侧邦泰臻境16栋1层106铺,27.893028,102.215649,
326,包里满意餐饮店,餐饮服务,西昌市,,,长兴路与长和路交叉口北120米,27.901866,102.219235,
326,杨师餐饮,餐饮服务,德昌县,,,德州镇沙坝小学西北门旁,27.432148,102.174505,
326,小味人家餐饮,餐饮服务,西昌市,,,长安西路与联谊路交叉口北180米,27.894325,102.232425,
326,川鲜阁餐饮店,餐饮服务,西昌市,,,长安南路与航天大道一段辅路交叉口东北200米,27.890975,102.234525,
326,昶旭餐饮店,餐饮服务,西昌市,,,北碧府路与航天南路交叉口东60米,27.881011,102.242693,
326,莫式餐饮店,餐饮服务,西昌市,,,"航天路114号,莫式餐饮店",27.883801,102.244225,
326,湖边餐饮,餐饮服务,西昌市,,,南山大道37号,27.874924,102.244982,
326,龙立餐饮,餐饮服务,西昌市,,,北碧府路83号,27.878971,102.245721,
326,应来之城餐饮店,餐饮服务,西昌市,,,索玛家园南门西120米,27.892075,102.252125,
326,西昌市光卉船城餐饮店,餐饮服务,西昌市,,,宁远桥街与胜利路交叉口西120米,27.893470,102.257615,
327,攀枝花西服务区双筷屋风味小食,餐饮服务,仁和区,,,攀枝花西服务区与G4216蓉丽高速交叉口西240米,26.559083,101.402461,
327,攀枝花西服务区川味快餐,餐饮服务,仁和区,,,G4216蓉丽高速与攀枝花西服务区交叉口西240米,26.557721,101.402406,
327,宝利来餐饮,餐饮服务,仁和区,,,宝莉莱农庄南侧,26.646025,101.585275,
327,杨杨餐饮店,餐饮服务,西区,,,苏铁中路与河门口北街交叉口东北40米,26.591825,101.595275,
327,攀枝花抿嘴餐饮管理有限公司,公司企业,东区,,,弄弄坪中路与创力巷交叉口北20米,26.562849,101.692815,
327,攀枝花市世久餐饮管理有限公司,公司企业,东区,,,木棉路172号,26.565643,101.699712,
327,攀钢集团生活服务有限公司老厨匠餐饮管理分公司,公司企业,东区,,,大渡口南街与大渡口北街交叉口西140米,26.550925,101.699625,
327,攀钢集团物资贸易有限公司,公司企业,东区,,,大渡口街87号物资贸易有限公司,26.549375,101.701325,
327,江湖笑餐饮店,餐饮服务,东区,,,花城中街81号,26.581403,101.713243,
327,攀枝花东创仁和一品餐饮管理有限公司,科教文化服务,仁和区,,,攀枝花大道中段与梨园巷交叉口西320米,26.532166,101.715915,
327,川巴适餐饮店,餐饮服务,东区,,,阳光大道与三线大道北段交叉口东南380米,26.559075,101.721625,
327,攀枝花市东区三城餐饮店,餐饮服务,东区,,,阳光大道与三线大道北段交叉口东南400米,26.558820,101.721615,
327,攀枝花市上和餐饮服务有限责任公司,公司企业,东区,,,三线大道北段与新源路交叉口西380米,26.559417,101.727046,
327,四川省金府餐饮服务有限公司,公司企业,东区,,,三线大道北段与新源路交叉口南120米,26.557375,101.731025,
327,味乐你餐饮店,餐饮服务,仁和区,,,云盘路与攀枝花大道南段交叉口东140米,26.508770,101.729618,
327,天林餐饮,餐饮服务,仁和区,,,同乐路与攀枝花大道南段交叉口西北100米,26.508225,101.730875,
327,攀枝花市东区野串餐饮店,餐饮服务,东区,,,攀枝花大道东段725号,26.576480,101.738500,
327,四川省攀枝花市仁和区菊友烩餐饮店,餐饮服务,仁和区,,,迤沙拉大道1182号,26.496441,101.730879,
327,吴记餐饮,餐饮服务,仁和区,,,迤沙拉大道与联通街交叉口西40米,26.495475,101.731875,
327,兴欣餐饮烧烤店,餐饮服务,仁和区,,,紫薇花路1号领地阳光花城,26.526508,101.745293,
327,盐边县余味餐饮店,餐饮服务,盐边县,,,新九镇安宁村三堆子112号,26.579246,101.838275,
327,富中餐饮,餐饮服务,盐边县,,,218省道与G5京昆高速出口交叉口南60米,26.606925,101.950725,
327,米易县乡野丰味餐饮店,餐饮服务,米易县,,,撒莲镇学府路108号,26.794608,102.003559,
327,米易县随便吃点餐饮店,餐饮服务,米易县,,,攀莲镇凤凰大道72号,26.880255,102.101831,
327,米易县米小鲜餐饮服务店,餐饮服务,米易县,,,攀莲镇清桐路29号,26.894344,102.111920,
328,石渠县欣乐融餐饮服务店,餐饮服务,石渠县,,,色须镇大寺路智庆路2号附5号,33.135289,97.929663,
328,太阳湖餐饮,餐饮服务,石渠县,,,001乡道,33.061258,98.308649,
328,梅朵餐饮会所,餐饮服务,德格县,,,格萨尔大街143二楼三楼,31.808111,98.580240,
328,巴塘蓉新餐饮服务饭店,餐饮服务,巴塘县,,,德达乡牧业村2组160号,30.294247,99.674280,
328,七湖餐饮店,餐饮服务,乡城县,,,香巴拉南路与奶奶仲街交叉口东南160米,28.929625,99.802125,
328,色达瓦须大酒店餐饮部,餐饮服务,色达县,,,金马大道西路与团结南街交叉口西20米,32.268275,100.331325,
328,梦澜居酒店餐饮部,餐饮服务,色达县,,,泥曲路与和谐路交叉口东南40米,32.134575,100.454775,
328,福家餐饮,餐饮服务,理塘县,,,幸福西路与白塔街交叉口东南20米,29.990384,100.264041,
328,诺藏餐饮文化,公司企业,理塘县,,,格聂西路与城西河路北三段交叉口东南20米,29.993393,100.266469,
328,西北民和人家餐饮,餐饮服务,理塘县,,,四川甘孜州理塘县康定路177号,29.987095,100.287170,
328,稻城壹品川香餐饮馆(甘孜稻城亚丁景区店),餐饮服务,稻城县,,,香格里拉镇俄初河路31号附103号(香巴拉天街2幢1层3号),28.556060,100.349579,
328,鲜晨餐饮店,餐饮服务,炉霍县,,,团结路与团结路东四巷交叉口东南40米,31.395857,100.681800,
328,炉霍服务区餐厅,餐饮服务,炉霍县,,,星星充电汽车充电站(新都镇益娘村充电站)东南侧50米,31.383915,100.690151,
328,襄香餐饮店,餐饮服务,雅江县,,,顺丰速运呷拉镇合作点西南侧50米,30.105575,101.010525,
328,天龙宾馆餐饮,餐饮服务,雅江县,,,雅江奋泉民宿东侧,30.036950,101.008643,
328,雅女饭店(雅江店),餐饮服务,雅江县,,,川藏街39号,30.031887,101.016729,
328,月月红餐饮馆,餐饮服务,道孚县,,,鲜水镇东路131号,30.975308,101.125788,
328,八美老马家餐饮店,餐饮服务,道孚县,,,中国熊猫大道与色卡路交叉口东南80米,30.486311,101.476796,
328,八丹中途餐饮,餐饮服务,道孚县,,,中国熊猫大道,30.543315,101.521676,
328,一家川餐饮,餐饮服务,康定市,,,让卡民宿东北侧270米,29.676961,101.441318,
328,狗老板餐饮(新都桥店),餐饮服务,康定市,,,金晟雅居西南侧180米,30.014875,101.532325,
328,四姐餐饮店,餐饮服务,丹巴县,,,中国熊猫大道31号,30.892369,101.876232,
328,红红火餐饮店,餐饮服务,康定市,,,炉城南路与318国道交叉口西北220米,30.028316,101.958887,
328,拾味源餐饮(康定店),餐饮服务,康定市,,,康定新天地一区1号大门西南110米,29.999625,101.956125,
328,川聚汇餐饮,餐饮服务,康定市,,,炉城街道文昌路11号,30.052552,101.965676,
329,王岗坪景区三岔路口服务站餐厅,餐饮服务,石棉县,,,王岗坪贡嘎星空露营地南侧,29.472025,102.293825,
329,龙凤店餐饮夜宵,餐饮服务,石棉县,,,棉城街道长征路二段利吉堡,29.226210,102.354074,
329,棉城鸡毛餐饮店,餐饮服务,石棉县,,,人民路二段261号,29.239425,102.365625,
329,醉初烤肉餐饮店,餐饮服务,石棉县,,,人民路三段与滨河路二段交叉口南80米,29.239434,102.365832,
329,石棉服务区阿丁客,餐饮服务,石棉县,,,石棉服务区与G5京昆高速交叉口北50米,29.248610,102.437350,
329,见一面餐饮店,餐饮服务,汉源县,,,唐家派出所东北侧110米,29.445380,102.630127,
329,汉源服务区餐饮,餐饮服务,汉源县,,,G5京昆高速与汉源服务区交叉口西100米,29.436686,102.634069,
329,节点餐饮文化有限公司,公司企业,汉源县,,,节点公园,29.344972,102.652092,
329,荥城印象餐饮·茶楼,餐饮服务,荥经县,,,严道街道荥河路西二段127号129-1号,29.800120,102.823809,
329,荥经服务区卓乡餐饮连锁,餐饮服务,荥经县,,,荥经服务区西侧,29.763758,102.857715,
329,荥经服务区卓乡餐饮连锁,餐饮服务,荥经县,,,荥经服务区东侧,29.762662,102.859716,
329,健康餐饮(花都丽景店),餐饮服务,雨城区,,,南正街与胜利路交叉口北20米,29.989927,102.992823,
329,雅安全调餐饮配送有限公司,公司企业,雨城区,,,康藏路42号康藏路批发市场,29.992275,103.000975,
329,雅安市钓鱼台餐饮服务有限公司,公司企业,雨城区,,,金鸡山路与雅碧路交叉口北500米,30.022602,103.010556,
329,雅安市品尚餐饮管理有限公司,公司企业,雨城区,,,新华街32号,30.006970,103.032874,
329,锦和餐饮草坪婚礼,生活服务,雨城区,,,熊猫大道388号19栋301,30.018182,103.055574,
329,雅安市雨城区面当家餐饮店,餐饮服务,雨城区,,,熊猫大道389号附161号6栋1层9号面当家,30.019833,103.059667,
329,老张家餐饮店(翰城1981二期店),餐饮服务,雨城区,,,姚桥路2号翰城1981二期3-121,30.024578,103.062652,
329,观雨蒙餐饮农家乐,体育休闲服务,名山区,,,蒙顶山镇关口村退役军人服务站东南侧100米,30.084825,103.079225,
329,雅安市健绅餐饮配送有限公司,公司企业,雨城区,,,滨江南路38号,29.977949,103.073533,
329,四川优益嘉餐饮管理有限公司,公司企业,雨城区,,,龙溪源南侧200米,29.979225,103.075125,
329,李记一条龙服务,餐饮服务,名山区,,,民兴路北一街一巷与兴隆路交叉口西北20米,30.067849,103.095598,
329,明姐餐饮店,餐饮服务,名山区,,,蒙阳街道西大街4号,30.084382,103.110609,
329,雅安草坝服务区餐厅,餐饮服务,雨城区,,,雅安草坝服务区与G4218雅叶高速交叉口东260米,29.973700,103.100347,
329,雅安草坝服务区餐厅,餐饮服务,雨城区,,,雅安草坝服务区与G4218雅叶高速交叉口东320米,29.971977,103.100793,
330,食尚马忠餐饮(哇查环线店),餐饮服务,阿坝县,,,阿坝镇铁穷村一组29号,32.900325,101.730825,
330,金川县马记乡村鸡餐饮店,餐饮服务,金川县,,,新街与安顺路交叉口北40米,31.473775,102.066275,
330,红胜火餐饮店,餐饮服务,马尔康市,,,阿坝州人民医院东北侧150米,31.898075,102.226725,
330,粑蹄花餐饮服务店,餐饮服务,红原县,,,绛熙中街与阳嘎中街交叉口西120米,32.793311,102.544564,
330,军嫂餐饮店,餐饮服务,小金县,,,美兴镇后街114号附3号,30.995192,102.355354,
330,香满堂餐饮店,餐饮服务,小金县,,,西大街与新街交叉口西南20米,30.997725,102.359175,
330,梁二妹餐饮店,餐饮服务,小金县,,,新街与东大街交叉口北60米,30.998475,102.359475,
330,喜越餐饮吧,餐饮服务,小金县,,,十字街喜越餐饮吧,30.997425,102.359625,
330,小金县钓渔府餐饮店,餐饮服务,小金县,,,美兴镇政府街1号附001号,30.998845,102.364357,
330,川里川外餐饮店,餐饮服务,小金县,,,政府街与305乡道交叉口西南120米,30.995475,102.367275,
330,忆香餐饮店,餐饮服务,小金县,,,305乡道与政府街交叉口南260米,30.994225,102.368575,
330,一味鲜餐饮店,餐饮服务,小金县,,,305乡道与政府街交叉口东南280米,30.994125,102.368775,
330,刷经寺公路服务区人民食堂,餐饮服务,红原县,,,刷经寺公路服务区与248国道交叉口北100米,32.008232,102.616967,
330,山里石磨餐饮店,餐饮服务,小金县,,,沃日镇八零三街45号附4号,31.020125,102.525125,
330,小金县阿太餐饮店,餐饮服务,小金县,,,踏入民宿南侧,31.137175,102.543025,
330,悦客之家餐饮,餐饮服务,小金县,,,小金悦客之家民宿西南侧180米,31.060452,102.537416,
330,永红餐饮,餐饮服务,小金县,,,日尔乡董马路口,30.992120,102.582812,
330,若尔盖诺央餐饮服务店,餐饮服务,若尔盖县,,,春熙路,33.571839,102.963200,
330,章香餐饮,餐饮服务,小金县,,,大九寨旅游环线北侧,30.963575,102.637325,
330,轩媛餐饮,餐饮服务,小金县,,,[],31.307122,102.692977,
330,甜觅梦源餐饮店,餐饮服务,小金县,,,大九寨旅游环线西南30米,30.959175,102.648525,
330,大二普轩媛餐饮,餐饮服务,小金县,,,公共厕所东北侧,31.308478,102.697774,
330,壹品坊餐饮店,餐饮服务,红原县,,,色地镇三叉路口阳面二楼,33.007163,102.974073,
330,理县服务区餐厅,餐饮服务,理县,,,理县服务区东北侧,31.544295,102.949472,
330,理县服务区餐厅,餐饮服务,理县,,,理县服务区与G4217蓉昌高速交叉口北380米,31.535305,102.956613,
332,藏山翠谷餐饮二部,餐饮服务,盂县,,,秀水西街信访局东侧院内,38.086984,113.401514,
332,芸顶餐饮,餐饮服务,盂县,,,金龙东街与藏山北路交叉口东360米,38.091774,113.407091,
332,阳泉市郊区旧街乡大碗面餐饮店,餐饮服务,郊区,,,旧街乡旧街村赛兴小区4号楼1号底商,37.863755,113.390826,
332,盂县服务区餐厅,餐饮服务,盂县,,,G5京昆高速南150米,38.051787,113.475947,
332,阳泉景安餐饮服务有限公司,公司企业,郊区,,,桃北西街,37.861577,113.466363,
332,兰欧国际酒店餐饮部(泉中路店),餐饮服务,郊区,,,泉中路与桃源街交叉口西北60米,37.876656,113.576950,
332,江浙之家,餐饮服务,城区,,,南大街81号,37.842475,113.615575,
332,山西俏毛驴餐饮管理有限公司,公司企业,平定县,,,文兴路与评梅街交叉口北40米,37.807820,113.617264,
333,灌饼小当家餐饮店,餐饮服务,左云县,,,云兴镇锦泰路7号,40.022528,112.717037,
333,大同市云冈区黍香丰餐饮店,餐饮服务,云冈区,,,梅香春大酒店平泉路1号,40.033556,113.173465,
333,客满湘,餐饮服务,云冈区,,,云冈区矿务局新五区博贸小区外围31号商铺邮政对面,40.015679,113.178819,
333,早师傅餐饮店,餐饮服务,云冈区,,,南秀苑小区西区东侧130米,40.014075,113.183425,
333,和聚餐饮馆,餐饮服务,云冈区,,,鸦房线与019乡道交叉口西280米,39.980434,113.188510,
333,倪记餐饮店,餐饮服务,云冈区,,,平喜路与平安大道交叉口西南380米,40.015807,113.212089,
333,郑师傅羊杂餐饮店,餐饮服务,云冈区,,,步行街与和福街交叉口西南200米,40.021125,113.216825,
333,荣山餐饮服务有限公司,公司企业,平城区,,,同泉路与庆新路交叉口西340米,40.078348,113.241634,
333,山西百厨餐饮管理有限公司,公司企业,平城区,,,振兴蔬菜水果批发市场南门西74-75号,40.066798,113.252162,
333,古店服务区餐厅,餐饮服务,新荣区,,,G55二广高速与古店服务区交叉口东北220米,40.187170,113.300776,
333,一品香餐饮服务中心,餐饮服务,平城区,,,西环路662-36号和平佳苑小区,40.089280,113.268363,
333,大同市平城区我家餐饮管理有限公司,公司企业,平城区,,,前进街与同庆路交叉口西北120米,40.074308,113.263274,
333,大同市凰城餐饮管理有限公司,公司企业,平城区,,,振华街道育才北街5号凤凰花园小区2号楼外围2号3号商铺2层,40.089288,113.274416,
333,大同市平城区德钰餐饮馆,餐饮服务,平城区,,,育才南路与新开西三路交叉口西280米,40.079575,113.273725,
333,大同市凯鸽文化旅游服务有限责任公司,公司企业,平城区,,,大庆路1号桐城·怡景A座F4层,40.069603,113.272379,
333,百融餐饮,餐饮服务,平城区,,,南环西路与昌宁街交叉口北100米,40.056189,113.269401,
333,春雨餐饮有限公司,公司企业,平城区,,,同煤新苑A区A012,40.063257,113.273277,
333,泰福楼,餐饮服务,平城区,,,云中路665号,40.084058,113.282819,
333,大同市智博康泰餐饮服务有限公司,公司企业,平城区,,,诚益大厦,40.073725,113.283575,
333,大同市猿助理企业服务中心,公司企业,平城区,,,开源街道开源街华阳日月城南区3号楼23号商铺一层,40.049395,113.274984,
333,大同市玉江酒店餐饮管理有限公司,公司企业,平城区,,,操场城街与武定北路交叉口西260米,40.106675,113.299425,
333,大同市醉香轩餐饮管理有限公司,公司企业,平城区,,,开源街与延和路交叉口南20米,40.048958,113.280524,
333,小富贵餐饮,餐饮服务,平城区,,,操场城街与武定北路交叉口西80米,40.106427,113.301484,
333,茂家小馆餐饮店,餐饮服务,平城区,,,中央美域东区,40.080470,113.292263,
333,大同市倾宸餐饮管理有限公司,公司企业,平城区,,,洪泰大厦,40.108125,113.302875,
334,临县西服务区餐厅,餐饮服务,临县,,,临县西服务区北侧,38.041149,110.676757,
334,三六九餐饮店,餐饮服务,临县,,,248省道南侧,37.740420,110.939513,
334,金水桥餐饮服务有限公司,公司企业,临县,,,山西青塘府食品有限公司西侧180米,37.881125,110.988075,
334,福临门餐饮店柳林(福临门餐饮柳林店),餐饮服务,柳林县,,,田家沟南路64号,37.432201,110.897157,
334,柳林县三文有鱼餐饮店,餐饮服务,柳林县,,,来福区南坪中街123号,37.433175,110.901175,
334,柳林县宏云田餐饮服务有限公司,公司企业,柳林县,,,锄沟大街与张家湾旧村路交叉口东280米,37.413975,110.929125,
334,临县服务区餐厅,餐饮服务,临县,,,临县服务区南40米,38.009277,111.184491,
334,快印客吕梁都能印广告传媒有限公司,生活服务,离石区,,,交口街道岐则沟村委7层,37.503829,111.106896,
334,花婶餐饮坊,餐饮服务,离石区,,,凤山底街道办上水西村290号,37.542245,111.130824,
334,吕梁市七朴餐饮连锁有限公司,公司企业,离石区,,,长治路与北川河东路交叉口东南40米,37.528519,111.126960,
334,秦小妹餐饮店,餐饮服务,离石区,,,北川河东路悦尚时光里4层,37.547975,111.138575,
334,山里山外餐饮店,餐饮服务,离石区,,,凤山街道北川河东路188号悦尚时光里商场4号楼L401,37.547498,111.138441,
334,山西昊昇海龙餐饮文化有限公司,公司企业,离石区,,,龙凤南大街76号王府购物广场F2层,37.512215,111.132805,
334,吕梁五星餐饮管理有限公司,公司企业,离石区,,,昌平路92号离石区综合办公楼,37.504175,111.131575,
334,方山县嘉居小院住宿餐饮,餐饮服务,方山县,,,圪洞镇前东旺坪村第7排1号,37.825573,111.243133,
334,吕梁市天天品餐饮服务有限公司,公司企业,离石区,,,滨河南东路与泰瑞路交叉口西北200米,37.531017,111.184075,
334,川湘人家餐饮店,餐饮服务,中阳县,,,滨河西路与学府街交叉口东北380米,37.362075,111.181775,
334,岚县北服务区餐饮,餐饮服务,岚县,,,S46静兴高速与岚县北服务区交叉口西280米,38.309221,111.643397,
334,岚县一口上头餐饮店(香塌脑沾串),餐饮服务,岚县,,,东村镇城关幼儿园西侧第一间商铺,38.279904,111.667284,
334,维正餐饮店,餐饮服务,汾阳市,,,三泉镇307国道平陆村村口往西600米,37.242490,111.674106,
334,大锅小灶餐饮店,餐饮服务,汾阳市,,,狄青路与迎新正街交叉口西北80米,37.265291,111.770338,
334,汾阳市厨匠博炮崩鸡餐饮店,餐饮服务,汾阳市,,,西河街道西门社区城区中队一楼泉盛昌大药房旁边,37.268149,111.776866,
334,柒品轩餐饮店,餐饮服务,汾阳市,,,瑞锦华庭盘龙一巷步行街6号,37.280943,111.784759,
334,倩姐姐餐饮店,餐饮服务,汾阳市,,,海洪中学东北门旁,37.258075,111.783525,
334,马依麻餐饮店,餐饮服务,汾阳市,,,钟楼佳苑三区,37.263470,111.790914,
335,耽子镇卫卫餐饮店,餐饮服务,临猗县,,,耽子镇南畅村,35.141926,110.519590,
335,津婷餐饮,餐饮服务,河津市,,,东辛封福源小区6号楼对面,35.607742,110.672356,
335,煮个串串局餐饮店,餐饮服务,河津市,,,城区街道紫金街143号后院门面房,35.596487,110.708139,
335,北坡人家餐饮店,餐饮服务,河津市,,,红光集团南门旁,35.632227,110.726456,
335,山西柴小李餐饮管理有限公司,公司企业,河津市,,,振兴东路香江广场东200米石油公司旁二楼东,35.590428,110.717229,
335,河津市僧楼镇马家堡村马辉食材餐饮坊,餐饮服务,河津市,,,僧楼镇马家堡村马辉食材餐饮坊,35.667735,110.752986,
335,河津市僧楼镇茶缸牛腩面餐饮店,餐饮服务,河津市,,,僧楼镇马家堡篮球场,35.670222,110.754949,
335,河津服务区餐厅,餐饮服务,河津市,,,河津服务区(京昆高速公路北),35.637335,110.754491,
335,万荣西服务区好晋道,餐饮服务,万荣县,,,万荣西服务区与G59呼北高速交叉口北400米,35.511235,110.816148,
335,大拇指餐饮店,餐饮服务,稷山县,,,稷峰镇西薛村东门楼往西70米108国道南,35.577635,110.846549,
335,万荣县城镇福香源餐饮店,餐饮服务,万荣县,,,后土大道188号,35.415525,110.826125,
335,临猗县润泽苑餐饮店,餐饮服务,临猗县,,,希悦商务酒店斜对角信合西路一号,35.133787,110.753936,
335,老翟家火锅餐饮店,餐饮服务,临猗县,,,嘉宸公寓东侧140米,35.133525,110.754475,
335,万荣县城镇史家鱼加面餐饮店,餐饮服务,万荣县,,,财富步行街19号,35.416722,110.849025,
335,山西小个子餐饮管理中心,公司企业,万荣县,,,孤峰街055乡,35.406650,110.864479,
335,临猗县景家公子摇滚炒鸡餐饮店,餐饮服务,临猗县,,,东环南路699号,35.142221,110.795168,
335,漫喜餐饮店,餐饮服务,临猗县,,,猗氏镇行知苑博雅·逸馨苑,35.139065,110.798692,
335,稷山县同福小碗菜餐饮店,餐饮服务,稷山县,,,建行家属院北门旁,35.603799,110.992993,
335,边小丫餐饮管理(厂区),公司企业,盐湖区,,,北相镇工业园开元大道17号,35.119599,110.963831,
335,运城市盐湖区运临路涑水苑汽配城内臻膳美餐饮企业赋能中心,公司企业,盐湖区,,,运临路涑水苑汽配城内,35.042778,110.977986,
335,阿凡餐饮店,餐饮服务,盐湖区,,,干河新村南一巷,35.036500,110.978017,
335,运城博海卫平餐饮管理有限公司,公司企业,盐湖区,,,圣惠南路与海光街交叉口西北60米,35.020846,110.974915,
335,山西小粥仙餐饮管理有限公司,公司企业,盐湖区,,,永乐街天鹅湾南门接待中心6楼,35.052158,111.004139,
335,山西锦宴餐饮管理有限公司,公司企业,盐湖区,,,条山东街与槐东北路交叉口东100米,35.055584,111.006042,
335,静雅轩博惠餐饮店,餐饮服务,盐湖区,,,中银大道建桥汽修巷中11号院(巷中8号是停车厂),35.039025,111.008075,
336,麻辣小胖餐饮服务店(沁水店),餐饮服务,沁水县,,,龙港镇永宁社区城隍庙商业街dc杠113号,35.690682,112.188815,
336,沁景宴餐饮,餐饮服务,沁水县,,,山水和园南门东130米,35.688575,112.236925,
336,家常实惠餐饮店,餐饮服务,阳城县,,,下李社区,35.502125,112.398375,
336,阳城服务区餐厅,餐饮服务,阳城县,,,S86晋运高速与阳城服务区交叉口东300米,35.528472,112.428203,
336,阳城县环城西茜餐饮有限公司,餐饮服务,阳城县,,,凤城镇滨河西路1101号凯斯顿酒店1楼,35.477710,112.431582,
336,沁水舜和餐饮,餐饮服务,沁水县,,,煤层气产业科技服务园区沁水舜和餐饮,35.637690,112.535626,
336,拾光餐饮店,餐饮服务,阳城县,,,园区中央大道与迎宾南路交叉口东南360米,35.471075,112.571425,
336,大阳古镇华翰居酒店餐饮,餐饮服务,泽州县,,,大阳古镇东街和谐路41号,35.669075,112.790875,
336,高平市李记摇滚餐饮店,餐饮服务,高平市,,,沁辉路马村段112号,35.729100,112.819719,
336,晋城西服务区餐厅,餐饮服务,泽州县,,,S5503晋城绕城高速与晋阳高速出口交叉口东南300米,35.485295,112.785694,
336,花溪餐饮中心,餐饮服务,城区,,,S5503晋城绕城高速出口与西环路交叉口西180米,35.512498,112.801258,
336,山西蜀栈餐饮管理有限公司,公司企业,城区,,,汇邦大厦,35.490479,112.833196,
336,晋城市城区谷婆婆八宝粥餐饮店,餐饮服务,城区,,,前进路8号,35.493040,112.836596,
336,宋小二餐饮店,餐饮服务,城区,,,中后河社区中泽路南21号,35.517688,112.849142,
336,山西煮艺妈妈手餐饮咨询管理有限公司,公司企业,高平市,,,长平东街与神农北路交叉口东南80米,35.797875,112.938175,
336,晋城市开门红餐饮管理有限公司,公司企业,城区,,,泽州路辅路与向阳街交叉口南80米,35.493705,112.854321,
336,芷沐餐饮馆,餐饮服务,城区,,,高都大酒店东南门西南50米,35.501746,112.857435,
336,简尚广告传媒,公司企业,高平市,,,南城街道华铭阳光府2栋1号商铺,35.779056,112.943599,
336,漫食光餐饮,餐饮服务,城区,,,新市东街748号,35.502287,112.862244,
336,臻心农场餐饮,公司企业,城区,,,开发区街道耿窑社区x747与艮渊路交叉口东北方向500米,35.447806,112.849626,
336,晋城市城区老根据地餐饮店,餐饮服务,城区,,,钟家庄街道太行路826号,35.483347,112.861736,
336,晋城服务区餐厅,餐饮服务,泽州县,,,晋城服务区与G55二广高速交叉口西南140米,35.441574,112.855977,
336,品胜餐饮管理有限公司,公司企业,城区,,,颐翠路与翠微街交叉口南60米,35.499786,112.877867,
336,晋城市初心不变餐饮管理有限公司,公司企业,城区,,,凤台东街2229号万通商业广场,35.490575,112.877775,
336,晋城市恒食御膳餐饮有限公司,公司企业,城区,,,开发区兰花路1442号汉通大厦,35.497575,112.881175,
337,沁县通远门火锅大自然餐饮店,餐饮服务,沁县,,,定昌镇小河铁路桥东侧路北第二家,36.765519,112.702085,
337,日湘餐饮店,餐饮服务,屯留区,,,西流寨村267号,36.229925,112.665075,
337,蜀香转转火锅餐饮店,餐饮服务,武乡县,,,学府街与康宁路交叉口东北160米,36.826425,112.852625,
337,长治飞宇餐饮管理有限公司,公司企业,襄垣县,,,二淅线西南侧,36.590257,112.796645,
337,鲍店服务区餐厅,餐饮服务,长子县,,,G22青兰高速与鲍店服务区交叉口西340米,36.245253,112.788401,
337,米家江湖串串火锅餐饮店,餐饮服务,屯留区,,,曙光商业街与拯民路交叉口北20米,36.305434,112.897369,
337,烧炒江湖餐饮店,餐饮服务,屯留区,,,曙光商业街,36.308092,112.898281,
337,山西襄矿集团晋平煤业有限公司,公司企业,襄垣县,,,002乡道,36.507735,112.973871,
337,贾鲜生串道餐饮店,餐饮服务,长子县,,,慈林西街庆丰永丰一巷一排4号,36.112464,112.872181,
337,鲁艺小院餐饮,餐饮服务,武乡县,,,鲁迅艺术学校旧址东南侧180米,36.742836,113.072563,
337,醉秦香餐饮,餐饮服务,长子县,,,碧桂园对面消防通道门口,36.123428,112.879530,
337,长子县精卫餐饮有限责任公司,公司企业,长子县,,,鹿谷大街与五长线交叉口东220米,36.107966,112.882941,
337,穆占龙餐饮店,餐饮服务,屯留区,,,李高乡西李高村第一组93号,36.254072,112.929075,
337,长子县有米有闲餐饮店,餐饮服务,长子县,,,丹朱东街140号融汇家园南院,36.114625,112.886225,
337,茗宴荟餐饮,餐饮服务,长子县,,,东大街514号,36.120071,112.911132,
337,聚虾客小吃服务店,餐饮服务,长子县,,,鹿谷东街396-20,36.106567,112.909477,
337,望来面馆餐饮店,餐饮服务,屯留区,,,北渔泽村建设银行往南200米,36.357129,112.989226,
337,南巷口铜火锅餐饮店,餐饮服务,襄垣县,,,古韩镇太行路158号南新巷6号门市,36.523275,113.041581,
337,花园铜锅涮鲜肉餐饮店,餐饮服务,襄垣县,,,古韩镇新建东街150号布鑫广场A1号楼西侧三间men shi,36.529432,113.045189,
337,串不串称盘串串餐饮火锅店(襄垣店),餐饮服务,襄垣县,,,花园路109号,36.525024,113.045002,
337,襄垣县麻胖胖餐饮店,餐饮服务,襄垣县,,,新建东街215号市民广场商业街2号商铺,36.530567,113.050863,
337,长治服务区上党名吃,餐饮服务,屯留区,,,长治服务区东侧,36.262978,112.992149,
337,合胜源工贸有限公司,餐饮服务,襄垣县,,,王南线与榆潞线交叉口东南160米,36.472338,113.071530,
337,309国道服务区餐饮,餐饮服务,屯留区,,,凯路元机动车检测有限公司西侧,36.340196,113.030550,
337,赵公子餐饮店,餐饮服务,潞州区,,,698县道与699县道交叉口西40米,36.204075,113.024925,
338,右玉县西凤桥餐饮有限公司,公司企业,右玉县,,,新城镇民福南路路西公路段油坊道班南起第二间商铺,39.981021,112.455716,
338,徐记森火火东北烧烤餐饮店,餐饮服务,朔城区,,,开发区世纪星城西门往北50米18-3商铺,39.371320,112.452829,
338,朔州市佳洁蔬果餐饮管理有限公司,公司企业,朔城区,,,东岸国际西门旁,39.336064,112.451545,
338,山阴服务区餐厅,餐饮服务,山阴县,,,山阴服务区,39.554170,112.610130,
338,俊材餐饮,餐饮服务,山阴县,,,广武镇山阴庄村,39.290825,112.787890,
338,怀仁市光阴时光餐饮店,餐饮服务,怀仁市,,,云中街道怀贤西街第一城小区,39.827361,113.119814,
338,金润坊石锅鸡餐饮店,餐饮服务,怀仁市,,,金河湾南1门旁,39.829745,113.124408,
338,山西恒力欣包装有限公司,公司企业,怀仁市,,,怀善东街北侧(恒力欣),39.811242,113.167168,
338,兴荣圆餐饮店,餐饮服务,应县,,,[],39.545977,113.189801,
339,广云餐饮,餐饮服务,河曲县,,,向阳街与平阳南路交叉口西北100米,39.379375,111.148625,
339,林芷百香餐饮,餐饮服务,河曲县,,,东兴东二巷与东兴北街交叉口东北160米,39.368175,111.169675,
339,保德服务区餐厅,餐饮服务,保德县,,,G1812沧榆高速与保德服务区交叉口东南380米,38.904304,111.235822,
339,保德服务区餐厅,餐饮服务,保德县,,,G1812沧榆高速与保德服务区交叉口东420米,38.906060,111.237756,
339,偏关县铜砂锅巷餐饮店,餐饮服务,偏关县,,,新关镇黄河大街中国石化往东300米处,39.437896,111.496017,
339,金鼎居餐饮店,餐饮服务,偏关县,,,偏关县人力资源和社会保障局西南门东南50米,39.446069,111.505880,
339,岢岚服务区餐厅,餐饮服务,岢岚县,,,岢岚服务区与G1812沧榆高速交叉口东南320米,38.797017,111.576437,
339,岢岚服务区餐厅,餐饮服务,岢岚县,,,岢岚服务区东北侧,38.794469,111.576960,
339,老白烩菜餐饮店,餐饮服务,岢岚县,,,向阳街与广惠路交叉口东北60米,38.706775,111.556975,
339,神池县八角镇通达餐饮住宿店,餐饮服务,神池县,,,125县道八角镇市场院南,39.215966,111.894462,
339,丰泽国际大酒店餐饮部,餐饮服务,五寨县,,,南峰街与滨河路交叉口东80米,38.917242,111.862331,
339,五颐康苑酒店餐饮部,餐饮服务,五寨县,,,五坝线与忻五线交叉口西南400米,38.904025,111.877425,
339,静乐县鲜味阁市井老火锅餐饮店,餐饮服务,静乐县,,,鹅城镇西林南路3号,38.353270,111.936690,
339,汉业餐饮铁锅莜面(静乐店),餐饮服务,静乐县,,,鹅城镇西林路176号,38.354098,111.937442,
339,静乐林林碳烤餐饮店,餐饮服务,静乐县,,,鹅城镇西林南路162号,38.354827,111.937889,
339,万家小厨餐饮店(汾源大街店),餐饮服务,宁武县,,,山西宁武农村商业银行东寨支行西北门东北90米,38.805475,112.106025,
339,芦芽山服务区餐厅,餐饮服务,静乐县,,,芦芽山服务区南侧,38.577866,112.096381,
339,静乐服务区自助餐厅,餐饮服务,静乐县,,,静乐服务区与S50太临高速交叉口东340米,38.193866,112.122645,
339,静乐服务区晋桐大院,餐饮服务,静乐县,,,静乐服务区与S50太临高速交叉口东340米,38.193865,112.122763,
339,静乐服务区山西刀削面,餐饮服务,静乐县,,,静乐服务区与S50太临高速交叉口东380米,38.193797,112.123093,
339,轩岗服务区餐厅,餐饮服务,原平市,,,中化石油高速能源轩岗服务区加油站西侧150米,38.987691,112.513324,
339,原平市南城街道吉利羊杂餐饮店,餐饮服务,原平市,,,南城街道商汇街原机综合楼小区东12号铺,38.725402,112.714909,
339,泰豪餐饮,餐饮服务,原平市,,,京原北路与通达巷交叉口东南60米,38.740219,112.723714,
339,忻州陈管家餐饮有限公司,餐饮服务,忻府区,,,国力公园里,38.437275,112.711575,
339,宏英诚信人家餐饮部,餐饮服务,原平市,,,西荣华村戏台院对面,38.667179,112.790161,
340,吉县杜掌柜锦泰蓝锅餐饮店,餐饮服务,吉县,,,文城乡姚家畔二队,36.225553,110.500996,
340,吉县众合餐饮有限公司,公司企业,吉县,,,滨河路与新华西街交叉口东北240米,36.087575,110.669675,
340,天宇商城,购物服务,隰县,,,新建路84号,36.690247,110.934040,
340,隰县鑫悦餐饮中心,餐饮服务,隰县,,,御龙公馆,36.673209,110.929705,
340,隰县隰州大酒店餐饮部,餐饮服务,隰县,,,隰州大酒店,36.705075,110.943225,
340,乡宁服务区餐厅,餐饮服务,乡宁县,,,乡宁服务区与G59呼北高速交叉口西南300米,35.897373,110.824653,
340,老张记餐饮店(羊汤馆),餐饮服务,乡宁县,,,双塔中路42号,35.969162,110.850535,
340,山西智旺餐饮管理有限公司乡宁分公司,公司企业,乡宁县,,,迎旭东街199号,35.984075,110.878838,
340,襄汾西服务区餐厅,餐饮服务,襄汾县,,,襄汾西服务区北30米,35.955028,111.319731,
340,汾城瑞福居融合菜餐饮店,商务住宅,襄汾县,,,东关村民委员会东侧60米,35.819189,111.283490,
340,襄汾服务区鼎和小食,餐饮服务,襄汾县,,,襄汾服务区与G5京昆高速交叉口东北460米,35.709886,111.286842,
340,汾西服务区餐厅,餐饮服务,汾西县,,,汾西服务区北侧,36.583227,111.588312,
340,汾西服务区餐厅,餐饮服务,汾西县,,,汾西服务区西南侧,36.580933,111.589234,
340,襄汾县堡堡快跑餐饮店,餐饮服务,襄汾县,,,新城镇平安四季堡堡快跑,35.891575,111.417975,
340,饸饹面小宋餐饮,餐饮服务,尧都区,,,滨河西路33号,36.115650,111.485202,
340,聚岘桃郡餐饮,餐饮服务,侯马市,,,程王西路178号,35.621253,111.352457,
340,襄汾县晋味张记餐饮店,餐饮服务,襄汾县,,,新城镇亚太新城12幢28号,35.887403,111.431357,
340,襄汾县新城镇叁马侯市井小火锅餐饮店,餐饮服务,襄汾县,,,新城镇观象北路盛世丁陶18号商铺104,35.896460,111.438700,
340,山西国膳鼎业餐饮管理有限公司,公司企业,尧都区,,,合欢路与滨河湾中路交叉口西南140米,36.094575,111.500625,
340,正合酒店餐饮部,餐饮服务,尧都区,,,中心城·彩虹龙街,36.080568,111.496753,
340,临汾广奇投资发展有限公司餐饮分公司,公司企业,尧都区,,,河汾路282号广奇财富中心B座B1层,36.103175,111.509475,
340,梧桐树餐饮,餐饮服务,侯马市,,,新田路与新田路北一巷交叉口东北60米,35.615942,111.371792,
340,邻家餐饮第二餐厅,餐饮服务,尧都区,,,山西师大实验中学西南门西50米,36.070902,111.505414,
340,巧玲餐饮店,餐饮服务,侯马市,,,北郭马村站台院内一层南侧7号,35.662375,111.391575,
340,临汾市蓝丝带文化餐饮管理有限公司,公司企业,尧都区,,,鼓楼西大街与钟楼巷交叉口东北100米,36.083662,111.513353,
341,石锅泡泡鸡餐饮店(二中街店),餐饮服务,古交市,,,桃园街道二中街水利局1层1号,37.910125,112.173156,
341,广西至鸿餐饮管理有限责任公司山西分公司,公司企业,万柏林区,,,西铭街道风声河村荣天苑小区西50米库房2号,37.874039,112.435294,
341,山西会馆(关帝城店),风景名胜,清徐县,,,清源镇清华南路55号(罗贯中纪念馆向北),37.626175,112.361420,
341,太原市尖草坪区钢丝小串餐饮店,餐饮服务,尖草坪区,,,柴村街道和平北路361号龙城优山美郡项目A区36幢1005号,37.923312,112.501679,
341,居然之家创客大厦郑餐谋餐饮管理有限公司,公司企业,万柏林区,,,春居南路8号居然之家创客大厦1704室,37.854942,112.481059,
341,北国芙蓉餐饮有限公司,公司企业,万柏林区,,,前进路与西矿街交叉口西北20米,37.860611,112.504816,
341,山西初香欲餐饮管理有限公司,公司企业,万柏林区,,,沙沟中街恒大雅苑12栋商铺1009号二楼,37.832486,112.503541,
341,万柏林区燃食餐饮店,餐饮服务,万柏林区,,,万柏林区西部丽景b8号楼东侧,37.830791,112.505612,
341,太原市晋源区客香居餐饮店,餐饮服务,晋源区,,,晋源街道乾阳街龙源小区西座A8号商铺,37.717621,112.477624,
341,领头牛餐饮,餐饮服务,万柏林区,,,新矿院路3号,37.856582,112.522870,
341,晋阳家宴·太原厨房·百年传承·黑金(千峰南路店),餐饮服务,万柏林区,,,千峰南路新庄北街18号美好生活商城2楼2002商铺(5号电梯上2层),37.827071,112.516087,
341,太原每丰每客餐饮服务有限公司,公司企业,尖草坪区,,,中北高新区A区生活区8号楼806,37.972682,112.571337,
341,山西南桥外餐饮有限公司,公司企业,万柏林区,,,九点文化茶城三层,37.831925,112.530125,
341,山西悦憬餐饮管理有限公司,公司企业,迎泽区,,,中泰,37.855974,112.539808,
341,山西晓光装饰设计有限公司,公司企业,万柏林区,,,新晋祠路中海天钻别墅区21栋2-102,37.823397,112.531875,
341,海之幸餐饮服务有限公司,公司企业,万柏林区,,,长兴路1号华润大厦F1层,37.810025,112.528575,
341,太原市万柏林区粤海府餐饮管理有限公司,公司企业,万柏林区,,,华润大厦T6青花汾酒二层粤海府,37.810126,112.530291,
341,炭火城砂锅涮牛肚烧烤餐饮店,餐饮服务,杏花岭区,,,中车一期DF机车文化产业园,37.895990,112.563633,
341,香可成餐饮店,餐饮服务,杏花岭区,,,羊市街与兴隆街交叉口西60米,37.868327,112.558895,
341,毡房蒙餐饮馆,餐饮服务,小店区,,,南内环南四巷广电小区小3层1层,37.834281,112.550486,
341,雪山餐饮集团,公司企业,迎泽区,,,帽儿巷与钟楼街交叉口东北80米,37.868652,112.562436,
341,粤个厨子厨师做饭服务,餐饮服务,迎泽区,,,二市场与钟楼街交叉口西北20米,37.868075,112.565825,
341,太原河东盛宴餐饮服务有限公司,餐饮服务,杏花岭区,,,上肖墙8号1幢二层三层,37.875198,112.568325,
341,太原华鑫餐饮有限公司,公司企业,晋源区,,,健康南街数字流量园26号A2写字楼4层,37.752954,112.529111,
341,晋阳家宴·太原厨房·百年传承(柳巷店),餐饮服务,迎泽区,,,柳巷街道柳巷北路24号铜锣湾老鼠街04馆西端3层1号商铺,37.868832,112.568185,
342,食悟八大碗餐饮,餐饮服务,灵石县,,,静升镇尹方村269号,36.891883,111.844039,
342,小岛里餐饮厅,餐饮服务,介休市,,,御珑轩商业13栋110号,37.044886,111.892274,
342,尝在福畔餐饮店,餐饮服务,介休市,,,福馨园C区东南门旁,37.029487,111.898088,
342,介休市福满阁餐饮店,餐饮服务,介休市,,,经天南街99号绿都名苑2期,37.032019,111.907015,
342,二斌餐饮店,餐饮服务,介休市,,,新华北街与友谊巷交叉口西北120米,37.040425,111.915275,
342,晨泰商务酒店餐饮部,餐饮服务,介休市,,,定阳西路285号后党峪小区,37.010375,111.912975,
342,祥瑞通餐饮,餐饮服务,介休市,,,大众街与定阳西路交叉口东南20米,37.012435,111.921952,
342,介休市铭盛香味屋餐饮店,餐饮服务,介休市,,,北坛街道军民东路588号3幢38号商铺,37.049875,111.936875,
342,平遥县李记热面担担面餐饮店,餐饮服务,平遥县,,,绿色都城后门西200m,37.198488,112.156850,
342,冠睿食品有限公司,餐饮服务,平遥县,,,373县道与东门街交叉口南100米,37.232543,112.172973,
342,张老大火锅餐饮店,餐饮服务,平遥县,,,五福里北门旁,37.182641,112.161934,
342,平遥皇冠酒店餐饮部,餐饮服务,平遥县,,,北关大街与尧庙街交叉口西140米,37.212337,112.179227,
342,山西省平遥牛肉集团有限公司,购物服务,平遥县,,,古陶镇中都路23号,37.215841,112.187835,
342,平遥县凤飞虎武餐饮店(手擀面),餐饮服务,平遥县,,,十九街村光明路160号,37.191850,112.202867,
342,林泉流动餐饮,餐饮服务,平遥县,,,安居小区东侧130米,37.096528,112.184975,
342,高氏餐饮,餐饮服务,平遥县,,,五眼桥街东三巷三号,37.145587,112.242203,
342,山西大街小巷餐饮有限责任公司,公司企业,祁县,,,新建北路与友谊西路交叉口西北360米,37.362927,112.326585,
342,太谷北服务区驿客餐厅,餐饮服务,太谷区,,,S60榆祁高速南150米,37.477534,112.511175,
342,晋中市榆次区五谷源餐饮服务部,餐饮服务,榆次区,,,张庆乡西河堡村东建设路晋宏乳品厂房A区,37.623694,112.600734,
342,太谷区伊鼎顺马军餐饮有限公司,公司企业,太谷区,,,天丽新都17号商铺,37.441124,112.555022,
342,尚膳坊餐饮,餐饮服务,太谷区,,,南城区康宁西街路南200米处,37.409873,112.550027,
342,五龙鑫山庄餐饮民宿,住宿服务,榆次区,,,乌金山镇北砖井村五龙滑雪场北,37.788351,112.674078,
342,面对现食餐饮店,餐饮服务,太谷区,,,太谷古城,37.427039,112.559306,
342,梁妙味螺蛳粉餐饮店,餐饮服务,太谷区,,,南寺街白塔广场西上1号,37.422698,112.558292,
342,多味奶博士餐饮店,餐饮服务,太谷区,,,家家利购物广场,37.421318,112.559484,
343,柞水县友口福烧烤餐饮店,餐饮服务,柞水县,,,下梁镇沙坪社区三组,33.640186,109.149777,
343,柞水服务区陕驿居美食广场,餐饮服务,柞水县,,,柞水服务区南侧,33.630815,109.162294,
343,柞水服务区餐厅,餐饮服务,柞水县,,,下梁镇,33.630276,109.162628,
343,兔豆餐饮,餐饮服务,镇安县,,,县后街水务局对面,33.428284,109.147630,
343,镇安服务区云境餐厅,餐饮服务,镇安县,,,镇安服务区与G65包茂高速出口交叉口西南180米,33.301059,109.177411,
343,商洛北服务区老潼关肉夹馍,餐饮服务,商州区,,,G40沪陕高速与商洛北服务区交叉口西280米,34.043138,109.908435,
343,商洛北服务区餐饮,餐饮服务,商州区,,,G40沪陕高速与商洛北服务区交叉口西260米,34.042890,109.908617,
343,如院餐饮服务,餐饮服务,商州区,,,陈塬街道办事处蟒龙峪村四组176号,33.875254,109.890859,
343,美味佳餐饮,餐饮服务,商州区,,,金泉路南段,33.864117,109.932240,
343,商洛市老碗王餐饮有限公司,公司企业,商州区,,,惠民三路与江滨南路交叉口西南40米,33.857825,109.937325,
343,商洛欣雨阁餐饮文化有限公司,公司企业,商州区,,,环城北路与道观路交叉口西南260米,33.862672,109.965946,
343,丹凤服务区餐厅,餐饮服务,丹凤县,,,丹牌路与环山南路交叉口西北280米,33.681027,110.312048,
343,洛南县三要九泉传统豆制品加工有限公司,餐饮服务,洛南县,,,344国道三要镇话庙村原话庙小学,33.994234,110.475526,
343,金丝峡服务区餐厅,餐饮服务,商南县,,,G40沪陕高速与金丝峡服务区交叉口西360米,33.447296,110.600811,
343,金丝峡服务区餐厅,餐饮服务,商南县,,,G40沪陕高速与金丝峡服务区交叉口北280米,33.450905,110.605194,
343,城关街道办香满楼餐饮店(富兴路店),餐饮服务,商南县,,,富兴旺居小区,33.522833,110.899771,
344,略阳服务区餐饮,餐饮服务,略阳县,,,G7011十天高速入口与G7011十天高速交叉口南80米,33.364359,106.184153,
344,丽蓉餐饮店,餐饮服务,略阳县,,,345国道与接大路交叉口西80米,33.266725,106.256725,
344,宁强县咱家东北铁锅炖餐饮店,餐饮服务,宁强县,,,爱车人6元自助洗车站东北侧230米,32.817081,106.246141,
344,绵阳市华鑫餐饮有限公司宁强分公司,公司企业,宁强县,,,羌州南路与高家坪路交叉口东200米,32.822253,106.250056,
344,宁强县楚山牛炒饭餐饮店,餐饮服务,宁强县,,,汉源街道上关街羌城明珠三角洲停车场门口,32.832849,106.256172,
344,宁强服务区餐饮,餐饮服务,宁强县,,,宁强服务区北侧,32.828904,106.299027,
344,勉县服务区餐厅,餐饮服务,勉县,,,勉县服务区与G5京昆高速交叉口东220米,33.054195,106.652369,
344,臻煲记餐饮花宝街,餐饮服务,勉县,,,解放北路121号,33.156139,106.675694,
344,福瑞居餐饮店,餐饮服务,勉县,,,翠源小区D区东侧140米,33.165625,106.679325,
344,程厨餐饮馆,餐饮服务,勉县,,,联盟路与新兴北路交叉口西80米程厨餐饮馆,33.156482,106.680267,
344,勉县谢勤家餐饮店,餐饮服务,勉县,,,贾旗路与民主街交叉口北60米,33.153325,106.685480,
344,早尚好餐饮店,餐饮服务,勉县,,,勉阳街道东风社区一组026号,33.154735,106.692474,
344,香玉餐饮店,餐饮服务,留坝县,,,玉皇庙镇玉皇庙街,33.721983,106.953554,
344,留坝特色餐饮街区,餐饮服务,留坝县,,,山水雅苑北侧160米,33.605774,106.941442,
344,三味香餐饮店,餐饮服务,南郑区,,,濂水镇初级中学西南门东50米,32.929475,106.836225,
344,南郑区诚信餐饮服务有限公司,公司企业,南郑区,,,黄庙路与青三路交叉口南320米,32.894575,106.852425,
344,诚信餐饮服务有限公司,餐饮服务,南郑区,,,黄庙路与青三路交叉口东南260米,32.895275,106.854225,
344,留坝服务区驿心驿意餐厅,餐饮服务,留坝县,,,留坝服务区与G85银昆高速交叉口东南200米,33.661872,107.013618,
344,石门服务区餐厅,餐饮服务,勉县,,,G85银昆高速与石门服务区交叉口东南320米,33.198357,106.937008,
344,马道停车区餐饮,餐饮服务,留坝县,,,马道停车区与G85银昆高速交叉口北180米,33.403824,106.999228,
344,汉中华兴珍味餐饮管理有限公司,公司企业,南郑区,,,北大街与让水大道交叉口南60米,33.008625,106.935625,
344,汉中南郑区金鑫餐饮管理有限公司,公司企业,南郑区,,,人民路与东大街交叉口东南100米,33.004375,106.944475,
344,创智园餐饮中心,餐饮服务,汉台区,,,汉中经济技术开发区东侧,33.135152,106.988786,
344,陕西天汉刘氏餐饮管理有限公司,公司企业,汉台区,,,经济技术开发区创智产业园公寓楼东北侧130米,33.136625,106.989675,
344,汉中服务区川陕人家餐饮连锁,餐饮服务,南郑区,,,G5京昆高速与汉中服务区交叉口西320米,33.026985,106.973878,
345,陕西快乐草原烤全羊餐饮管理有限公司,公司企业,未央区,,,丰源路8号,34.347321,108.809536,
345,西安邢老三餐饮管理有限公司,公司企业,长安区,,,科技西路66号鱼化汽车产业园院内,34.240920,108.807250,
345,领充新能源科技有限公司,公司企业,长安区,,,经四十二路以东领充新能源总部基地1号楼1层,34.144289,108.797003,
345,唐宴餐饮(创汇社区F区店),餐饮服务,长安区,,,"高新区创汇社区F区3,4号楼一,二层商铺",34.181173,108.832182,
345,荆厨餐饮店,餐饮服务,雁塔区,,,大寨路68号,34.244365,108.867081,
345,陕西米粒天天餐饮管理有限公司,公司企业,未央区,,,朱宏路389号,34.356085,108.906032,
345,安康四季餐饮(丈八沟店),餐饮服务,雁塔区,,,丈八北路1号12号楼,34.201936,108.879170,
345,长征华美达酒店餐饮部,餐饮服务,长安区,,,西部大道1号华美达酒店,34.172272,108.878438,
345,莲花餐饮(高新店),餐饮服务,雁塔区,,,高新路南段89号(近云顶园小区),34.218864,108.896925,
345,莲花餐饮(朱雀店),餐饮服务,碑林区,,,朱雀路中段1号皇冠假日酒店旁,34.231706,108.939573,
345,西安苗火火餐饮管理有限公司,公司企业,碑林区,,,长安北路118号中贸广场15幢11102-1,34.242125,108.945575,
345,西安市长安区望山三餐四季餐饮店,餐饮服务,长安区,,,王曲街道新民村四组371号,34.107234,108.917887,
345,安康四季餐饮(长安北路店),餐饮服务,碑林区,,,长安北路一号(体育场地铁站C东南口步行150米),34.230924,108.947772,
345,阿田妈妈餐饮管理有限公司,公司企业,未央区,,,金旅城8号楼底商永敏路北商铺,34.319400,108.969028,
345,西安市高陵区家进餐饮店小四川炒菜,餐饮服务,高陵区,,,姬家街道杨官寨三组门面,34.466216,109.007252,
345,西安慕上餐饮管理有限公司,公司企业,未央区,,,启源三路1号西安浐灞国家湿地公园内(西侧),34.418475,108.999125,
345,赣辣青年江西小炒餐饮店,餐饮服务,未央区,,,红旗东路红光嘉苑小区西边商铺B1-12号,34.353794,108.991387,
345,咏徽家宴餐饮,餐饮服务,雁塔区,,,瓦胡同东区西门北130米,34.202305,108.956926,
345,飞龙餐饮服务有限公司,公司企业,高陵区,,,桑军大道与渭阳六路交叉口北160米,34.494035,109.035039,
345,西安米米香悦餐饮管理有限公司,公司企业,高陵区,,,丝路融豪科技创业创新产业园(三期)第29座1单元03层04号,34.500988,109.057150,
345,粤华府酒店餐饮部,餐饮服务,高陵区,,,上林一路与鹿苑大道交叉口西380米,34.523625,109.083575,
345,西安魏客餐饮管理有限公司曲江新区分公司,公司企业,雁塔区,,,旺座曲江(缪家寨地铁站D口步行160米),34.209830,109.013895,
345,唐印餐饮,餐饮服务,灞桥区,,,纺织城西街238号半坡国际艺术区东北门,34.271685,109.059017,
345,六善草堂·庭院餐饮,医疗保健服务,灞桥区,,,东方世纪城北侧钢构一层院子,34.279123,109.063136,
345,鼎辉共创餐饮管理有限公司,公司企业,灞桥区,,,纺正街299号(纺六路地铁站A口步行140米),34.259641,109.064358,
346,定边彦金餐饮店,餐饮服务,定边县,,,红柳沟镇244国道南侧,37.439773,107.327533,
346,福满楼餐饮,餐饮服务,定边县,,,刘峁塬加油站东侧120米,37.026066,107.358727,
346,定边随园休闲餐饮,餐饮服务,定边县,,,芙蓉苑小区西侧100米路南,37.573839,107.578818,
346,溥君人人居餐饮,餐饮服务,定边县,,,[],37.582020,107.589023,
346,定边县圆梦居餐饮店,餐饮服务,定边县,,,崇文雅苑,37.577325,107.588475,
346,鸿运来餐饮,餐饮服务,定边县,,,家乐物流东侧,37.585772,107.617439,
346,利军餐饮,餐饮服务,定边县,,,蓝科宾馆二石路附近美食本地特色菜宾馆KTV宴会厅中餐家庭聚餐团建首选,37.717967,107.887089,
346,定边县禾护农业技术服务有限责任公司,公司企业,定边县,,,白泥井镇海子梁加油站往西海之宴餐厅西旁,37.704278,107.913073,
346,大高餐饮海之宴音乐中餐,餐饮服务,定边县,,,白泥井镇海子梁西街,37.703315,107.914060,
346,定边南服务区餐厅,餐饮服务,定边县,,,定边南服务区东30米,37.286341,107.910481,
346,爱尚美食餐饮店,餐饮服务,靖边县,,,245乡道与307国道交叉口西南20米,37.569225,108.650225,
346,春姐剁荞面餐饮馆,餐饮服务,靖边县,,,枣刺梁移民社区南侧280米,37.585225,108.746575,
346,陕北春阿姨餐饮店,餐饮服务,靖边县,,,清华路学校南门东侧30米处,37.599403,108.786194,
346,靖边县聚美餐饮管理有限公司,公司企业,靖边县,,,长城路与和谐巷交叉口东南140米,37.606663,108.796293,
346,靖边县明臻餐饮服务有限公司长城路分公司,公司企业,靖边县,,,长城路与龙山路交叉口南180米,37.603675,108.796475,
346,靖边小淼家餐饮店,餐饮服务,靖边县,,,西郊派出所西门旁,37.593782,108.794610,
346,靖边塞诺餐饮,餐饮服务,靖边县,,,林荫路与民生路交叉口北120米,37.592013,108.801073,
346,陕西荣安瑞鑫餐饮管理有限公司,公司企业,靖边县,,,芦河路与团结巷交叉口东北20米,37.585890,108.806331,
346,横山服务区餐厅,餐饮服务,横山区,,,G65包茂高速与横山服务区交叉口东北500米,38.023547,109.202211,
346,横山服务区餐厅,餐饮服务,横山区,,,G65包茂高速与横山服务区交叉口东440米,38.021480,109.203741,
346,翔宇酒店餐饮部,餐饮服务,横山区,,,北大街与长安西路交叉口南80米,37.964025,109.293025,
346,甘肃金城盛宴餐饮管理有限公司,公司企业,横山区,,,[],38.119431,109.540749,
346,榆林武家面餐饮管理有限公司,公司企业,榆阳区,,,榆星广场12楼07号,38.286537,109.730787,
346,榆林市榆阳区天食福餐饮店,餐饮服务,榆阳区,,,航宇路17号,38.268294,109.735382,
346,榆林金臻餐饮管理有限公司,公司企业,榆阳区,,,建榆路与航才路交叉口北180米,38.262184,109.735564,
347,知味居餐饮馆,餐饮服务,长武县,,,长相路与西大街交叉口东北20米,35.209771,107.789030,
347,满江红火锅餐饮店,餐饮服务,长武县,,,亭口镇新安路十字,35.100937,107.938008,
347,彬州服务区餐厅,餐饮服务,彬州市,,,彬州服务区南侧,35.084929,108.012435,
347,杨凌梁渠湾餐饮店,餐饮服务,杨陵区,,,五泉镇兴泉路与杨扶路十字向北100米,34.299751,108.007017,
347,永寿县胖锦东餐饮店,餐饮服务,永寿县,,,馨缘商住楼4号门面,34.690455,108.147119,
347,小镇往事餐饮店,餐饮服务,旬邑县,,,[],35.052836,108.242190,
347,东门餐饮市场(后稷路店),餐饮服务,杨陵区,,,后稷路与兴杨路交叉口西南60米,34.287906,108.079300,
347,穗仁安餐饮管理有限公司,公司企业,杨陵区,,,常青路彭家姚村64号商铺,34.275635,108.088573,
347,海底捞企业火锅(杨陵店),餐饮服务,杨陵区,,,万丽花园西南门南50米,34.266425,108.095575,
347,杨凌中盛餐饮管理有限公司,公司企业,杨陵区,,,渭惠路29号中农公司院内办公楼,34.263150,108.113307,
347,张记平价餐饮,餐饮服务,乾县,,,梁周路与西阳坊村道交叉口西60米,34.427575,108.162275,
347,旬邑县秃子餐饮有限责任公司,公司企业,旬邑县,,,西大街书香华府北门,35.107846,108.327516,
347,餐饮店,餐饮服务,武功县,,,108国道与马南东路交叉口南120米,34.300548,108.203336,
347,武功旺窑鸡餐饮店,餐饮服务,武功县,,,文艺路与人民路交叉口北40米,34.260152,108.202886,
347,哎西家餐饮火锅,餐饮服务,礼泉县,,,咸阳市礼泉县城关街道办备战路十字向南80米,34.474438,108.414215,
347,沙沙餐饮店,餐饮服务,礼泉县,,,东庄乡,34.700375,108.475524,
347,礼泉民间小炊烟餐饮店,餐饮服务,礼泉县,,,市政东大街金华幼儿园西隔壁第二家,34.482723,108.432188,
347,美食美客餐饮店(东街店),餐饮服务,礼泉县,,,东街与建设路交叉口东220米,34.487024,108.437340,
347,陕西红星软香酥食品集团有限责任公司,餐饮服务,礼泉县,,,朝阳大街华诚朝阳嘉苑,34.482676,108.445147,
347,礼泉县鲜锦记餐饮店,餐饮服务,礼泉县,,,西兰大街73号,34.476920,108.449316,
347,聚客来餐饮,餐饮服务,兴平市,,,丰仪镇门楼南100米,34.268156,108.416411,
347,小风餐饮店,餐饮服务,礼泉县,,,赵镇石鼓东村村民委员会西北侧220米,34.557180,108.506164,
347,兴平粱品餐饮店,餐饮服务,兴平市,,,兴礼路南市镇陈文村村民居委会西北侧5组14-09-349,34.333735,108.487295,
347,二虎家餐饮店,餐饮服务,兴平市,,,东城办北十字东北角100米,34.304125,108.488875,
347,郭大侠黄泥叫花鸡餐饮店,餐饮服务,兴平市,,,粮食路与东环路(南段)交叉口西南40米,34.291413,108.494272,
348,通天河火焰山餐饮,餐饮服务,凤县,,,中共辛家山村支部委员会南侧160米,34.147825,106.618333,
348,陇县城南小院餐饮店(城南农家乐),餐饮服务,陇县,,,城关镇千邑村5组关山大道南侧,34.883649,106.846108,
348,陇县越来越好餐饮店,餐饮服务,陇县,,,东紫花城,34.897375,106.850125,
348,陇县林仕郎鲜炒鸡餐饮店(新民巷店),餐饮服务,陇县,,,城关镇新民巷东紫花城2A-1-06号商铺,34.897064,106.852405,
348,凤县服务区美食城,餐饮服务,凤县,,,凤县服务区北30米,33.947341,106.794745,
348,凤县服务区美食城,餐饮服务,凤县,,,凤县服务区南30米,33.945662,106.795816,
348,宝鸡服务区乐途源连锁餐厅,餐饮服务,渭滨区,,,宝鸡服务区西南40米,34.354697,107.069187,
348,张小明餐饮店,餐饮服务,渭滨区,,,姜谭路35号符家村市场,34.360075,107.090575,
348,御鼎食汇餐饮公司,公司企业,金台区,,,新福南路与太平堡东路交叉口东160米,34.372975,107.114275,
348,陈渝记餐饮店,餐饮服务,渭滨区,,,姜谭路宝电市场,34.358423,107.116530,
348,醇厚宜餐饮店,餐饮服务,渭滨区,,,新渭路与新建路交叉口南120米,34.370505,107.127889,
348,陕西陕派古香古家餐饮管理有限公司,公司企业,渭滨区,,,新建路与府西巷交叉口东南80米,34.370297,107.132497,
348,南町岸餐饮店(宝鸡恒太城店),餐饮服务,渭滨区,,,经二路109号宝鸡恒太城F4层,34.371547,107.138492,
348,陕西伊兰秦轩餐饮管理有限公司,公司企业,渭滨区,,,英达路与创业路交叉口东100米,34.354830,107.136398,
348,宝鸡市迪派餐饮有限公司,公司企业,渭滨区,,,红旗路与经二路交叉口东北40米,34.372365,107.140805,
348,宝鸡美食美客餐饮管理有限公司,公司企业,渭滨区,,,火炬路28号华厦盛世SOHO,34.355175,107.139875,
348,娟姐餐饮店,餐饮服务,渭滨区,,,汉中路与新民路交叉口南40米,34.370159,107.144517,
348,味恋家餐饮美食城,餐饮服务,渭滨区,,,解放新村5号楼一层八号营业房,34.373905,107.145805,
348,铁蛋餐饮,餐饮服务,渭滨区,,,新华南巷与文化路交叉口西140米,34.369866,107.148652,
348,宝鸡市金台区食味当鲜餐饮管理有限公司,公司企业,金台区,,,中山东路121号楼6号,34.376305,107.151128,
348,橄榄树餐饮,餐饮服务,渭滨区,,,人民公园西门旁,34.356504,107.147210,
348,臻和宴餐饮店,餐饮服务,渭滨区,,,宝光路26号职业技能鉴定中心,34.349184,107.152386,
348,宝鸡正茂华沣餐饮管理有限公司,公司企业,渭滨区,,,经二路167号巨一时代广场,34.368875,107.158775,
348,陕西思漫芮餐饮管理有限公司,公司企业,渭滨区,,,石鼓工业园20号院内东户,34.344685,107.155230,
348,宝鸡海当家餐饮管理有限公司,公司企业,金台区,,,金九商务楼,34.357797,107.176988,
349,曾珍珍餐饮店,餐饮服务,宁陕县,,,国家电网(宁陕县四亩地供电所)东北侧90米,33.482746,108.117718,
349,宁陕服务区煌上煌,餐饮服务,宁陕县,,,宁陕服务区与G5京昆高速交叉口西南180米,33.400597,108.231527,
349,宁陕服务区陕驿居腊汁肉夹馍,餐饮服务,宁陕县,,,宁陕服务区与G5京昆高速交叉口南160米,33.399957,108.233397,
349,宁陕服务区煌上煌,餐饮服务,宁陕县,,,宁陕服务区与G5京昆高速交叉口南140米,33.399968,108.233495,
349,宁陕县渔湾仁芝餐饮部,餐饮服务,宁陕县,,,345国道,33.308650,108.230047,
349,石泉食为天餐饮有限责任公司,公司企业,石泉县,,,秦巴风情园(西南角),33.057961,108.226169,
349,石泉县寻味记好酒不见餐饮店,餐饮服务,石泉县,,,盛景嘉园东南门西北80米,33.038652,108.244594,
349,贺兆洪小餐饮,餐饮服务,石泉县,,,后柳镇后和路,32.925651,108.223740,
349,玖零大院餐饮管理有限公司,公司企业,石泉县,,,桃园路与北街巷交叉口东100米,33.038612,108.253780,
349,岁月流香餐饮店,餐饮服务,宁陕县,,,长安东街与长安西街交叉口东100米,33.313130,108.315988,
349,秦岭服务区民族餐厅,餐饮服务,宁陕县,,,秦岭服务区与G5京昆高速交叉口东南20米,33.775183,108.490717,
349,汉阴县王氏餐饮管理有限公司,公司企业,汉阴县,,,北杨路与北城街交叉口北220米,32.901202,108.502043,
349,宁陕县江口镇陕南蜀香餐饮店,餐饮服务,宁陕县,,,210国道与小沙路交叉口西320米,33.614225,108.660275,
349,巴蜀养生餐饮会所,餐饮服务,汉阴县,,,双星时代二街与静宁街交叉口西100米,32.892748,108.502897,
349,宁陕县奇石乐园餐饮服务有限公司,公司企业,宁陕县,,,广货街镇蒿沟村秦岭峡谷漂流,33.755375,108.700925,
349,快味轩餐饮店,餐饮服务,汉阴县,,,城关镇东城街体育场住宅楼3单元102铺,32.888350,108.510422,
349,广货街美味屋里屋餐饮,餐饮服务,宁陕县,,,210国道与211国道交叉口东北200米,33.762833,108.779500,
349,禄林餐饮店,餐饮服务,紫阳县,,,紫阳县中医医院北门旁,32.519125,108.518725,
349,紫阳县冒滋味餐饮馆,餐饮服务,紫阳县,,,紫府路与红广路交叉口东320米,32.521275,108.538525,
349,安康南服务区餐厅,餐饮服务,汉滨区,,,幸福东路与幸福中路交叉口东北340米,32.581403,108.661418,
349,巴厘海餐饮,餐饮服务,汉滨区,,,迎宾大道与月滨南大道交叉口西100米,32.743660,108.748416,
349,明军餐饮,餐饮服务,汉滨区,,,南大街与中心大街交叉口西南220米,32.734875,108.773025,
349,岚皋县白杨树餐饮服务有限公司,公司企业,岚皋县,,,民主镇明德小学东北侧180米,32.406275,108.728075,
349,安康西服务区餐厅,餐饮服务,汉滨区,,,安康西服务区与G65包茂高速交叉口东460米,32.711209,108.872430,
349,仁苑餐饮,餐饮服务,汉滨区,,,建民镇任家坝村二组,32.689347,108.944979,
350,吴起宋曼餐饮店,餐饮服务,吴起县,,,洛源街道177号,36.909069,108.192345,
350,志丹服务区餐厅,餐饮服务,志丹县,,,341国道与任刘路交叉口西南260米,36.893464,108.692217,
350,小雪餐饮店,餐饮服务,志丹县,,,新中医医院东南侧110米,36.848725,108.744675,
350,安塞服务区餐厅,餐饮服务,安塞区,,,G65包茂高速与安塞服务区交叉口西北320米,37.091169,109.075634,
350,甘泉大峡谷接待中心餐饮部,餐饮服务,甘泉县,,,甘泉大峡谷游客中心南侧,36.457911,109.062484,
350,甘泉服务区佰家味餐厅,餐饮服务,甘泉县,,,甘泉服务区东北侧,36.235710,109.199150,
350,黄陵县店头镇聚丰元餐饮,餐饮服务,黄陵县,,,中心街与北二路交叉口南280米,35.644175,109.086325,
350,黄陵北服务区子洲馃馅,餐饮服务,黄陵县,,,黄陵北服务区东北侧,35.741536,109.159587,
350,湖南湘菜高杨芳餐饮,餐饮服务,宝塔区,,,河庄坪印象城一期南侧150米,36.669225,109.437825,
350,佰胜大酒店餐饮部,餐饮服务,甘泉县,,,北关街与龙首路交叉口西南240米,36.283025,109.348725,
350,红星园国际酒店餐饮部,餐饮服务,宝塔区,,,红星园会议中心西侧,36.637125,109.441225,
350,延安初心安餐饮管理有限公司,公司企业,宝塔区,,,枣园街道枣园路6号志丹大厦,36.618475,109.447725,
350,米多图文广告公司,公司企业,宝塔区,,,紫玉明珠东门10号楼106号门面房,36.648954,109.490865,
350,黄陵县如嘉餐饮有限公司,公司企业,黄陵县,,,康崖底聚福园如家酒店,35.590956,109.225240,
350,鲍雄餐饮店,餐饮服务,宝塔区,,,210国道与G6522延西高速出口交叉口西南360米,36.497575,109.457025,
350,延安福美艺餐饮有限公司,公司企业,宝塔区,,,中心街电信局巷美林广场,36.597175,109.486025,
350,延合韵餐饮管理有限公司,公司企业,宝塔区,,,遵义大街与轩辕大道交叉口西北60米,36.640402,109.501936,
350,川香奇香砂锅黄陵县餐饮店(水岸华府店),餐饮服务,黄陵县,,,桥山街道办事处梨园新区水岸华府二期12-20号商铺,35.587589,109.233247,
350,金昆阁餐饮事业(延安总部),公司企业,宝塔区,,,粮油市场C区77-81,36.654588,109.512194,
350,延安圣鑫餐饮管理有限公司,公司企业,宝塔区,,,黄蒿坬住宅小区北侧250米,36.592175,109.501875,
350,缘来聚餐饮,餐饮服务,宝塔区,,,黄蒿洼路与方塔路交叉口南320米,36.580254,109.501927,
350,子长粤海坊餐饮店,餐饮服务,子长市,,,秀延正街与开元二路交叉口西40米,37.144625,109.683875,
350,姐妹沾沾餐饮店,餐饮服务,富县,,,富北西路与开元路交叉口南40米,36.001350,109.383440,
350,子长县大厨房餐饮管理有限公司,公司企业,子长市,,,秀延正街与开元四路交叉口南340米,37.141925,109.687125,
350,子长幸福盛典餐饮服务有限公司,公司企业,子长市,,,湫沟台9号楼3楼,37.144708,109.688853,
351,王宝器麻椒鱼(铜川新区店),餐饮服务,耀州区,,,朝阳路龙记学府城南门,34.882290,108.924619,
351,铜川新区李家小厨餐饮店,餐饮服务,耀州区,,,丹阳路辅路与咸丰东路交叉口东180米,34.902252,108.933775,
351,金玉米嘉府餐饮店,餐饮服务,耀州区,,,铁诺北路1号,34.915565,108.939358,
351,品味成都餐饮(第9街区商业广场店),餐饮服务,耀州区,,,华原东道第9街区商业广场,34.903764,108.945638,
351,铜川桦飞思维广告工程有限公司,生活服务,耀州区,,,新区富帝苑小区东巷田园餐厅旁边,34.893258,108.955856,
351,铜川市新区高家村古槐人家餐饮店,餐饮服务,耀州区,,,高家村村委会北侧100米,34.874629,108.954160,
351,陕西忠于新材料科技有限公司,公司企业,耀州区,,,董家河镇迎宾南路中段民营产业园1栋,34.964794,108.993655,
351,得泰亿鲜(铜川)食品科技有限公司,餐饮服务,王益区,,,创新大道2路1号,35.093285,109.066745,
351,小四川大味道福记德餐饮店(大同桥广场店),餐饮服务,王益区,,,青年路街道办事处五一社区书苑花园商住楼一层,35.076486,109.093347,
352,有米餐饮店,餐饮服务,富平县,,,庄里镇北新街陕压厂南大门斜对面,34.821078,109.067211,
352,富平县蜀奇香餐饮店,餐饮服务,富平县,,,人民路与秦西路交叉口西120米,34.745175,109.178775,
352,食鲜汇餐饮,餐饮服务,富平县,,,楼子巷22号,34.748771,109.182226,
352,耕品智餐餐饮店,餐饮服务,富平县,,,城关街道办事处状元府邸小区西门底商08号,34.730432,109.180425,
352,陕西支小刘餐饮管理有限公司,公司企业,富平县,,,富昌路与莲湖大街交叉口东北80米,34.752375,109.199625,
352,富鼎轩餐饮管理有限公司,公司企业,富平县,,,富辰二路与兴业路交叉口东60米,34.720518,109.230897,
352,富平服务区餐厅,餐饮服务,富平县,,,富平服务区西北30米,34.747424,109.265104,
352,渭南西服务区煌上煌,餐饮服务,临渭区,,,渭南西服务区南侧,34.483205,109.402649,
352,陕西容厦餐饮管理有限公司,公司企业,临渭区,,,崇业二路与东风大街(西段)交叉口南340米,34.497703,109.414669,
352,宝月斋牛羊肉煮馍餐饮(时代新城店),餐饮服务,临渭区,,,新盛二路与敬业街交叉口北60米,34.505235,109.433343,
352,陕西海康大业餐饮管理有限公司,公司企业,临渭区,,,新盛一路与敬贤街交叉口西北340米,34.511325,109.437125,
352,四月天餐饮,餐饮服务,白水县,,,尧头村村民委员会西侧200米,35.187875,109.615125,
352,百家面餐饮(万达店),餐饮服务,临渭区,,,渭南万达广场精装SOHO公寓,34.508139,109.453087,
352,百强餐饮,餐饮服务,临渭区,,,渭南开放大学东门旁,34.494682,109.468355,
352,渭南城投立通餐饮服务有限公司,公司企业,临渭区,,,财富大厦A座,34.519725,109.475375,
352,陕西连句蒲餐饮,餐饮服务,蒲城县,,,红旗路西18号,34.954482,109.583727,
352,陕西何乙九膳餐饮服务有限公司,公司企业,临渭区,,,仓程路与胜利大街交叉口东南220米,34.508623,109.477181,
352,多多进米餐饮服务有限公司,公司企业,临渭区,,,[],34.504299,109.477685,
352,顺丰祥餐饮店,餐饮服务,临渭区,,,西三路人行办公楼对面,34.499817,109.478892,
352,陕西宝驹轩餐饮管理有限公司,公司企业,蒲城县,,,解放路与东风街交叉口南160米,34.951045,109.590215,
352,渭开心餐饮店,餐饮服务,临渭区,,,金水路与西华街交叉口东南20米,34.505275,109.484425,
352,渭南聚龙餐饮有限公司,公司企业,临渭区,,,金水路与胜利大街交叉口西南100米,34.507475,109.485025,
352,陕西宴南居餐饮有限公司,餐饮服务,蒲城县,,,延安路与迎宾路十字路口东南角,34.958758,109.596215,
352,晨味轩餐饮,餐饮服务,白水县,,,史官镇史官新街中段,35.357978,109.698404,
352,蒲城荣发餐饮管理有限公司,公司企业,蒲城县,,,红旗街与迎宾路交叉口东160米,34.956808,109.598222,
354,江西省周福酱食品有限公司,餐饮服务,渝水区,,,春龙金色海岸东北门东南70米,27.826695,114.920867,
354,江南1970(城北店),餐饮服务,渝水区,,,长青北路69号(人民广场旁),27.819521,114.922445,
354,江西嗳味餐饮江南荟(暨阳店),餐饮服务,渝水区,,,沿江路101号,27.826919,114.941765,
354,熙湘记·生态餐饮(龙潭洲路店),餐饮服务,渝水区,,,光伏路1926号人民医院住宅小区30栋110号,27.826970,114.952354,
354,久宴餐饮(学府名邸店),餐饮服务,渝水区,,,学府名邸北门东230米,27.835320,114.964788,
355,小红餐饮,餐饮服务,井冈山市,,,站前路与会师路交叉口南220米,26.699270,113.955715,
355,沐野时光餐饮店,餐饮服务,安福县,,,"安福思慕假日酒店附近,羊狮慕漂流上码头里面",27.493924,114.263591,
355,永新县国佑餐饮有限公司,公司企业,永新县,,,湘赣大道城北公交站院内,26.950172,114.246441,
355,苏苏餐饮,餐饮服务,井冈山市,,,八角楼路2号星怡苑,26.750275,114.290925,
355,井冈山东服务区姚二姐,餐饮服务,井冈山市,,,井冈山东服务区与S81修大高速出口交叉口西北220米,26.737877,114.352507,
355,新恒餐饮店,餐饮服务,安福县,,,武功山大道与环城西路交叉口东200米,27.385616,114.595945,
355,早点有你餐饮店,餐饮服务,安福县,,,平都镇安平路53号,27.375783,114.608981,
355,安福县真食尚餐饮服务有限公司,公司企业,安福县,,,文苑路与安平路交叉口东100米,27.377525,114.611125,
355,晨乐餐饮店,餐饮服务,安福县,,,拱北路1号富瑞浅水湾御景苑,27.389633,114.614348,
355,百味楼餐饮店,餐饮服务,安福县,,,环城北路与安成路交叉口西北100米,27.394425,114.617475,
355,江西福宴餐饮管理有限公司,公司企业,安福县,,,商会大厦,27.392904,114.630091,
355,朋来餐饮店,餐饮服务,安福县,,,[],27.141489,114.627600,
355,瓜畲乡好一家餐饮,餐饮服务,安福县,,,326省道与食品大道交叉口东260米,27.406026,114.712572,
355,宴士阁餐饮店,餐饮服务,遂川县,,,泉江镇东皋村刘顺华房屋,26.307171,114.522309,
355,桂缘餐饮,餐饮服务,遂川县,,,遂川中学新校门旁,26.317925,114.527475,
355,开心餐饮,餐饮服务,遂川县,,,雩云路与井冈山大道交叉口东南120米,26.365005,114.628084,
355,遂川县城发餐饮管理有限公司园区分公司(净菜车间),公司企业,遂川县,,,井冈山大道1号绿色食品产业园6栋,26.375802,114.645450,
355,安福餐饮店,餐饮服务,吉水县,,,吉新大道与西一南路交叉口东260米,27.427825,114.935025,
355,吉安服务区蒸浏记,餐饮服务,吉安县,,,中国石化高速实业吉安服务区西加油站东南侧240米,26.972582,114.856288,
355,吉安服务区周真真,餐饮服务,吉安县,,,中国石化高速实业吉安服务区西加油站东南侧250米,26.972680,114.856431,
355,美滋源餐饮店,餐饮服务,万安县,,,河西行政新区万江新城6栋,26.462087,114.755615,
355,吉安市秋之北餐饮管理有限公司,公司企业,吉安县,,,文山路与福华路交叉口东北角德隆盛世名门2-103,27.041210,114.899599,
355,万安县小柴米餐饮店,餐饮服务,万安县,,,芙蓉镇文教路1栋223号建丰村文明实践站,26.475838,114.768196,
355,戴氏餐饮店,餐饮服务,万安县,,,安康路与弃疾路交叉口北80米,26.484325,114.771275,
355,左木柴窑餐饮店,餐饮服务,吉州区,,,罗塘村乌泥坑组15栋,27.117605,114.927586,
356,状元桥民宿餐饮,餐饮服务,乐安县,,,街上路20号流坑村古建筑群内(北侧),27.267602,115.773288,
356,故里流溪苑餐饮,体育休闲服务,乐安县,,,千古一村流坑,27.266266,115.774534,
356,味之家餐饮(祥瑞国际店),餐饮服务,乐安县,,,祥瑞国际南门西110米,27.421095,115.821009,
356,抚州乐高餐饮有限公司,公司企业,乐安县,,,规划路与丰洛线交叉口东南100米,27.442780,115.836326,
356,旺旺餐饮泡粉炒菜,餐饮服务,乐安县,,,锦程华府华丰超市隔壁,27.428697,115.857553,
356,相山服务区餐厅,餐饮服务,崇仁县,,,S46抚吉高速与相山服务区交叉口西140米,27.473508,115.970710,
356,黄笑引餐饮店,餐饮服务,临川区,,,上展线与下徐段交叉口西300米,28.024975,116.246425,
356,味你而来餐饮店,餐饮服务,临川区,,,罗针镇粤客隆边上,28.118543,116.273794,
356,抚州服务区餐厅,餐饮服务,临川区,,,S42东昌高速与抚州服务区交叉口西300米,28.047474,116.303343,
356,付家餐饮店,餐饮服务,临川区,,,康康烟花爆竹经营部东南侧,27.943874,116.277396,
356,抚州宏大餐饮管理有限公司,公司企业,临川区,,,银涛大道,27.903142,116.271561,
356,川妹子餐饮店,餐饮服务,临川区,,,河西街72号,27.934035,116.290058,
356,汉生餐饮店,餐饮服务,临川区,,,上顿渡镇龙津路食品综合大楼第五间,27.934024,116.300366,
356,邹李餐饮,餐饮服务,临川区,,,中央星城北1门西290米,27.924525,116.298875,
356,钱记餐饮(杭州小笼包),餐饮服务,临川区,,,广场西路16号,27.938695,116.311629,
356,恭光餐饮,餐饮服务,临川区,,,芙蓉路与翰林路交叉口南260米,27.943475,116.325375,
356,菊如餐饮店,餐饮服务,宜黄县,,,风冈镇电影院菊如餐饮店,27.546056,116.223070,
356,胖胖餐饮,餐饮服务,宜黄县,,,滨江丽景西北门旁,27.554573,116.227091,
356,江西丰创餐饮管理有限公司,公司企业,临川区,,,环城北路与晏殊大道交叉口东北220米,28.004428,116.348102,
356,赣抚当年餐饮土菜楼,餐饮服务,临川区,,,傲梅路与燕归路交叉口西100米,27.966608,116.338920,
356,睦记餐饮化府,餐饮服务,临川区,,,临川大道与西津大道交叉口东200米,27.963075,116.338075,
356,龙新餐饮,餐饮服务,临川区,,,抚北路与晏殊大道交叉口东60米,27.994025,116.346475,
356,和仔餐饮店,餐饮服务,宜黄县,,,河东大道12号,27.550573,116.231460,
356,青青餐饮店,餐饮服务,宜黄县,,,盛源国际城A区南门西南50米,27.549575,116.234275,
356,抚州臻食餐饮管理有限公司,公司企业,临川区,,,背山路与梦湖东路交叉口东南120米,27.976125,116.346425,
357,名锋酱厨食品有限公司,餐饮服务,余江区,,,智信路与眼镜大道交叉口东120米,28.273425,116.995075,
357,鹰潭市恭鑫餐饮管理有限公司,公司企业,贵溪市,,,信江新区江北街道港口村委会旁港口小学,28.289129,117.015262,
357,良健餐饮文化管理有限公司,公司企业,月湖区,,,天洁西路与金桥北路交叉口西80米,28.227005,117.009522,
357,鹰潭市星绿源餐饮配送服务有限公司,公司企业,月湖区,,,天洁西路16号,28.230830,117.013522,
357,味之鲜·鹰潭菜·20年餐饮,餐饮服务,月湖区,,,林荫西路15号江南水都小区,28.244605,117.028997,
357,虾将军餐饮店,餐饮服务,月湖区,,,林荫西路南边火电三处围墙西边第一间,28.244039,117.029352,
357,饭点食间餐饮店(鹰谭月湖店),餐饮服务,月湖区,,,胜利西路116号美亚汇金广场2栋02单元104-4室,28.242343,117.031508,
357,鹰潭市月湖区秋潭餐饮店,餐饮服务,月湖区,,,正一观路与环城西路交叉口南120米,28.237884,117.031365,
357,鹰潭市月湖区马小叙餐饮店,餐饮服务,月湖区,,,天洁东路11-65号,28.224289,117.029063,
357,如鱼得水餐饮店,餐饮服务,贵溪市,,,周塘村村小组66号,28.296953,117.050178,
357,鹰潭市艺业餐饮有限公司,公司企业,月湖区,,,体育馆路与体育馆东路交叉口东北100米,28.220271,117.029323,
357,品味鲜小馆餐饮店,餐饮服务,月湖区,,,信江新区滨江中路1号金海岸12-1栋商118室,28.251491,117.042197,
357,状元楼如薏家宴膳阁坊餐饮,餐饮服务,月湖区,,,夏埠乡信江新区滨江东路6号海熙御龙湾,28.257425,117.049175,
357,时鲜鸿鼎楼(建设路书香公馆店),餐饮服务,月湖区,,,建设路凯翔书香公馆8栋101-111号,28.237483,117.044591,
357,佳豪餐饮店,餐饮服务,月湖区,,,四青街道办事处西门村委会上房村小组,28.233355,117.065440,
357,村宴餐饮店,餐饮服务,月湖区,,,童家镇腰上吴家路口,28.269055,117.080472,
357,仔仔餐饮店,餐饮服务,月湖区,,,童家镇大桥村党群服务中心东南侧70米,28.249025,117.096575,
357,鹰潭市恭鑫餐饮管理有限公司,公司企业,贵溪市,,,东环路与北环路交叉口东北80米,28.281075,117.170825,
357,吉晨家宴服务部,餐饮服务,贵溪市,,,白田乡白田村枫林湾组55号,28.525943,117.265138,
357,水花餐饮店,餐饮服务,贵溪市,,,汪张路与仓岭东路交叉口东北60米,28.287552,117.211119,
357,小舒餐饮店,餐饮服务,贵溪市,,,铜都国际小区东门旁,28.308134,117.240848,
357,菜园子餐饮店(紫郡店),餐饮服务,贵溪市,,,紫郡,28.292035,117.239768,
358,赣湘万家宴流动酒席服务中心,餐饮服务,袁州区,,,玉山路175号,28.007225,114.035525,
358,棠时餐饮,餐饮服务,万载县,,,黄茅镇湘赣购物广场4栋120号,28.107501,114.078765,
358,林瑞餐饮,餐饮服务,铜鼓县,,,石井路与怀德路交叉口北40米,28.661725,114.216725,
358,一碗情深餐饮店,餐饮服务,万载县,,,老湘赣路与新世纪一路交叉口西南160米,28.048231,114.164932,
358,霞姐餐饮店,餐饮服务,铜鼓县,,,城南西路78号,28.511876,114.360098,
358,铜鼓县老聂餐饮店,餐饮服务,铜鼓县,,,定江路153号,28.518917,114.368117,
358,华味餐饮,餐饮服务,铜鼓县,,,城南中路与二中巷交叉口西160米,28.515425,114.368125,
358,刘记餐饮店,餐饮服务,铜鼓县,,,永宁镇定江东路369世贸广场一期第151A号商铺,28.520544,114.370766,
358,怀远社区餐饮店,餐饮服务,铜鼓县,,,永宁镇城南中路330号,28.515911,114.369806,
358,港芝云餐饮店,餐饮服务,铜鼓县,,,西湖东巷与沿河北路交叉口北100米,28.519325,114.370825,
358,辣过瘾餐饮店,餐饮服务,万载县,,,万东线与官双段交叉口东北240米,28.178825,114.306725,
358,袁州区也娜餐饮店,餐饮服务,袁州区,,,行政楼东侧230米,27.818132,114.339058,
358,麦之味餐饮店,餐饮服务,袁州区,,,袁州洁康达诊所西南侧110米,27.811325,114.367175,
358,嫣然餐饮公司,公司企业,袁州区,,,中山西路243号,27.798568,114.372648,
358,宜春立承餐饮管理有限公司,公司企业,袁州区,,,黄颇路与宜春南大道交叉口西北100米,27.794995,114.377077,
358,宜春味海肴餐饮管理有限公司,公司企业,袁州区,,,黄颇路与宜春南大道交叉口西北100米,27.794986,114.377106,
358,海峰餐饮(城南店),餐饮服务,袁州区,,,黄泥塘路225号黄泥塘小区北区,27.789925,114.379793,
358,长金兄弟餐饮,餐饮服务,袁州区,,,东风路与考棚路交叉口西北140米,27.790925,114.386925,
358,宜春市君萍餐饮有限公司,公司企业,袁州区,,,文体路与高士北路交叉口西100米,27.809125,114.393575,
358,羽飞餐饮店,餐饮服务,袁州区,,,高士北路好旺角1-8号,27.809705,114.394907,
358,迎贵餐饮,餐饮服务,袁州区,,,平安路与明月南路辅路交叉口西北20米,27.787075,114.391975,
358,面膳餐饮店,餐饮服务,袁州区,,,高士路1238号名爵豪苑,27.826775,114.403525,
358,源聚餐饮,餐饮服务,袁州区,,,明月北路469号,27.812857,114.408486,
358,宜春市湘派餐饮有限公司,餐饮服务,万载县,,,鹅峰乡百合路涂泉4组36号,28.126301,114.485696,
358,宜春少东家餐饮有限公司,公司企业,袁州区,,,官园路与状元阁路交叉口西南80米,27.798080,114.406919,
359,萍乡市湘东区好时代餐饮有限公司,公司企业,湘东区,,,天平西路与长青南路交叉口西南160米,27.524926,113.648063,
359,和诚餐饮店,餐饮服务,上栗县,,,老市场街与荣家西巷交叉口东40米,27.873317,113.796871,
359,王氏麻鸡餐饮店,餐饮服务,上栗县,,,浏万东路247号萍青城市广场F1层,27.875422,113.800549,
359,刘艳餐饮店,餐饮服务,湘东区,,,湘东镇樟里村102,27.643965,113.754832,
359,小杜餐饮,餐饮服务,上栗县,,,李畋大道38号,27.876372,113.810599,
359,庆明餐饮,餐饮服务,安源区,,,青山镇128县道,27.645106,113.799433,
359,悦欣餐饮,餐饮服务,湘东区,,,锦江路与126县道交叉口西140米,27.560575,113.780225,
359,花满楼餐饮,餐饮服务,上栗县,,,楚山田螺王北侧,27.957975,113.875675,
359,清泉餐饮,餐饮服务,上栗县,,,清泉安置小区A区,27.673125,113.825925,
359,江西磐安餐饮管理有限公司萍乡分公司,公司企业,上栗县,,,和鑫大厦,27.658002,113.828996,
359,福禾餐饮,餐饮服务,安源区,,,"长兴馆村长兴北路5-12,5-13号",27.632115,113.838515,
359,川鹿餐饮店,餐饮服务,安源区,,,梦想天街105-106商铺,27.635208,113.843672,
359,启生餐饮店,餐饮服务,安源区,,,龙泉路与萍水北路交叉口西400米,27.617252,113.840256,
359,刘记贡鹅餐饮店,餐饮服务,安源区,,,廖家巷与跃进北路交叉口西120米,27.636055,113.845870,
359,萍乡市刘厨匠餐饮管理有限公司,公司企业,安源区,,,杨梅塘路与齐梅巷交叉口西北280米,27.654730,113.851635,
359,恰饭码头餐饮店(香望湘亲店),餐饮服务,安源区,,,北桥外社区粮油小区西南门旁,27.630575,113.861725,
359,辉仔餐饮店,餐饮服务,安源区,,,东大街流万村青草冲南区4号,27.624435,113.865891,
359,萍乡市安源区蓝艺厨餐饮店,生活服务,安源区,,,东大街流万村青草冲安置小区A1栋,27.625465,113.868481,
359,麻哥餐饮店,餐饮服务,上栗县,,,麻哥餐饮店309省道,27.763525,113.900825,
359,江西万顺餐饮服务有限公司,公司企业,安源区,,,建设东路与萍安北大道交叉口东100米,27.638375,113.877325,
359,江西福康餐饮配送有限公司,公司企业,安源区,,,中环南路辅路与丹江南路交叉口西南420米,27.587902,113.866524,
359,萍乡服务区南北和自助餐,餐饮服务,上栗县,,,萍乡服务区北30米,27.686033,113.916102,
359,萍乡服务区江西驿美,餐饮服务,上栗县,,,萍乡服务区南侧,27.683176,113.915586,
359,燕子餐饮店,餐饮服务,安源区,,,武功山大道与015乡道交叉口东南260米,27.647384,113.923616,
359,芦溪镇夜逍遥餐饮店,餐饮服务,芦溪县,,,武德路与博爱路交叉口东20米,27.624025,114.022425,
360,祖华餐饮,餐饮服务,乐平市,,,蒋湾村退役军人服务站南侧,28.896625,116.976125,
360,景德镇速派餐饮服务有限公司,公司企业,昌江区,,,昌江区丽阳镇206国道旁农产品批发市场综合交易区域2楼,29.231031,117.080465,
360,好味道餐饮店,餐饮服务,昌江区,,,昌江一中东北侧210米,29.254870,117.159296,
360,义和酒店餐饮部,餐饮服务,昌江区,,,梧桐大道与瓷都大道交叉口西北360米,29.259175,117.162525,
360,圣洋餐饮店,餐饮服务,昌江区,,,焱堂大厦南侧180米,29.251289,117.161239,
360,荞一荞餐饮,餐饮服务,昌江区,,,瓷都大道558号长虹银湖新都,29.265325,117.168175,
360,昌江区初芽餐饮店,餐饮服务,昌江区,,,珠山大道与新平路交叉口西北140米,29.292160,117.182053,
360,爱成餐饮店,餐饮服务,昌江区,,,香江东二街与天津路交叉口东南20米,29.306975,117.192325,
360,元胜餐饮店,餐饮服务,昌江区,,,嘉和迎宾城东北门旁,29.303871,117.191895,
360,浮梁县一香客餐饮店,餐饮服务,浮梁县,,,225村道与府前路交叉口西北100米,29.370925,117.213425,
360,昌江区得一餐饮店,餐饮服务,昌江区,,,珠山大道与梅苑路交叉口东北180米,29.292648,117.192423,
360,景德镇品农酒店管理有限公司,公司企业,昌江区,,,三闾庙正街79号,29.306761,117.196504,
360,丽姐餐饮店,餐饮服务,浮梁县,,,滨湖名都,29.356525,117.212675,
360,老何餐饮店,餐饮服务,珠山区,,,石狮埠街道新安路,29.314268,117.202066,
360,美团餐饮系统景德镇服务商,公司企业,珠山区,,,古镇天御9栋,29.310806,117.202426,
360,雪寒餐饮店,餐饮服务,浮梁县,,,三贤街天然居c栋110号,29.346711,117.217467,
360,景德镇明记餐饮服务有限公司,公司企业,珠山区,,,昌江大道与瓦年坞路交叉口西40米,29.309825,117.208275,
360,胡氏姐妹餐饮,餐饮服务,浮梁县,,,一中东门旁白居易路389号,29.341383,117.221041,
360,江西省毛仔餐饮管理有限公司,公司企业,珠山区,,,胜利路与中华北路交叉口东100米,29.295375,117.208475,
360,珠山区久栗餐饮店,餐饮服务,珠山区,,,景北安置小区南区(沙陀寺旁)105号,29.329787,117.218492,
360,珠山区万味时光餐饮店,餐饮服务,珠山区,,,金鼎玖域9栋18号店,29.316207,117.214910,
360,弄里香餐饮店,餐饮服务,珠山区,,,戴家弄凌云园1栋2号复式店,29.287112,117.208914,
360,景德镇九米餐饮管理有限公司,公司企业,珠山区,,,解放路与国贸二街交叉口西100米,29.291810,117.212224,
360,实惠餐饮店,餐饮服务,珠山区,,,浮梁大桥桥头路驿宾馆正对面,29.349664,117.229701,
360,好食汇餐饮店,餐饮服务,乐平市,,,大市场西路与安平南路交叉口东南40米,28.962575,117.119575,
361,九江牧众源农业开发有限公司,公司企业,修水县,,,211县道与283乡道交叉口西北40米,29.024875,114.040175,
361,双港村农家自营餐饮,餐饮服务,修水县,,,346乡道,28.720243,114.361492,
361,修水县阿耐餐饮店,餐饮服务,修水县,,,景昕嘉园8栋101号铺,29.004373,114.519819,
361,宏厨禧宴餐饮店,餐饮服务,修水县,,,义宁镇良塘新区万象新城欢乐金街138-139号铺,29.007845,114.523590,
361,暖春餐饮(良塘公寓一小区店),餐饮服务,修水县,,,义宁镇洋洲大道68号地块(修水县七彩游乐园有限公司)6号商铺,29.005949,114.525933,
361,97餐饮明月江南中晚餐夜宵店,餐饮服务,修水县,,,明月江南小区104一105号铺,29.024204,114.579156,
361,何市服务区富丽餐饮,餐饮服务,修水县,,,何市服务区与G45大广高速入口交叉口北140米,28.817574,114.637377,
361,海湖坪餐饮,餐饮服务,修水县,,,353国道与承风路交叉口西北340米,28.918446,114.672160,
361,修水服务区餐饮,餐饮服务,修水县,,,G45大广高速与修水服务区交叉口西南280米,29.151244,114.774366,
361,福满满餐饮店,餐饮服务,武宁县,,,新宁镇九宫山大道联盛快乐城A区4号1102号,29.249165,115.099476,
361,小杨餐饮店,餐饮服务,武宁县,,,学府路与月田路交叉口西60米,29.235974,115.098435,
361,美味餐饮,餐饮服务,瑞昌市,,,立肇线286县,29.577099,115.196143,
361,魏先生味小鲜餐饮(瑞昌一中店),餐饮服务,瑞昌市,,,"赤鸟西路北侧,郎君路东侧学院小区2幢商105号",29.671957,115.646581,
361,瑞昌市好巧嫂家宴餐饮店,餐饮服务,瑞昌市,,,桂林街道育康苑050-051,29.660641,115.648052,
361,瑞昌家有喜宴餐饮管理服务有限公司,公司企业,瑞昌市,,,龙泉路与南环路交叉口西北140米,29.666825,115.658575,
361,暖锅人家餐饮(瑞昌店),餐饮服务,瑞昌市,,,五里小区一期1-2-3号,29.688152,115.682754,
361,味里香餐饮店,餐饮服务,瑞昌市,,,黄金大道168一20,29.681623,115.684486,
361,亮亮餐饮一条龙酒席,餐饮服务,永修县,,,三溪桥镇三溪村中心组17号,29.222256,115.565351,
361,瑞昌市吃过瘾小吃服务店,餐饮服务,瑞昌市,,,长运小商品市场3栋2B-08,29.672308,115.688930,
361,玲妹餐饮店,餐饮服务,瑞昌市,,,浔阳东路南侧九码路西侧丽湖馨居1幢120号,29.693362,115.700405,
361,江西省千里同风餐饮管理有限公司,公司企业,瑞昌市,,,华宸四书城3楼312室,29.674908,115.696506,
361,小桂餐饮,餐饮服务,德安县,,,杨桥新城1区西南门西90米,29.290275,115.729875,
361,素珍餐饮店,餐饮服务,共青城市,,,工业大道与西大道交汇处路口东南角(雅悦华府小区)1栋一单元104号,29.246734,115.758868,
361,庐山服务区三石饭店,餐饮服务,柴桑区,,,庐山服务区与G70福银高速交叉口西360米,29.426486,115.816451,
361,庐山服务区江西小炒,餐饮服务,柴桑区,,,庐山服务区东南侧,29.424184,115.816386,
362,江西沐野境壹道餐饮管理有限公司,餐饮服务,新建区,,,新建区紫清路南昌电器厂内122号,28.725845,115.725342,
362,南昌尊敏餐饮文化管理有限公司,公司企业,红谷滩区,,,宏图大道与望北大道交叉口东北140米,28.649725,115.724275,
362,天天向上央厨餐饮管理(南昌新建区)有限公司,公司企业,红谷滩区,,,红谷滩区望北大道888号,28.646475,115.725825,
362,江西肴舍餐饮管理有限公司,公司企业,新建区,,,长堎镇工业五路采森路67号,28.698626,115.781826,
362,下饭菜餐饮店,餐饮服务,红谷滩区,,,狮子山大道998号(南昌工学院第一食堂),28.612325,115.760825,
362,南昌娘子情餐饮管理有限公司,公司企业,新建区,,,菊圃路456号,28.731913,115.820417,
362,清北客餐饮,餐饮服务,新建区,,,东郡南区,28.673021,115.807828,
362,聚福楼餐饮店,餐饮服务,红谷滩区,,,前湖大道15号,28.662825,115.814386,
362,南昌尝了吗餐饮管理有限公司,公司企业,新建区,,,交警中队旁,28.721187,115.831562,
362,江西赣然餐饮管理有限公司,公司企业,红谷滩区,,,"红角洲管理处九江街98号明园龙玺4号楼104,202-204室",28.622892,115.814946,
362,瓦下餐饮策划管理有限公司,公司企业,红谷滩区,,,红谷滩区,28.613459,115.818329,
362,红岭人家餐饮店,餐饮服务,红谷滩区,,,岭口路555号红岭花园D15栋1楼A01室,28.670743,115.833558,
362,极居园餐饮店(江西小炒),餐饮服务,红谷滩区,,,红谷滩区九龙湖绿地国际博览城B3113-114室,28.593159,115.813915,
362,南昌升汇餐饮管理有限公司,公司企业,新建区,,,庐山南大道577号南昌升汇餐饮管理有限公司,28.733110,115.853722,
362,南昌西少侠餐饮管理有限公司,公司企业,红谷滩区,,,会展路1088号莱蒙都会商业中心5A楼办公楼1703室,28.691434,115.845385,
362,江西云栖餐饮有限公司,公司企业,新建区,,,双港东大街3单元(双港地铁站3号口步行290米),28.743841,115.859318,
362,江西童歌餐饮管理有限公司,公司企业,红谷滩区,,,会展路1088号莱蒙都会写字楼5A-19a-06,28.691406,115.845411,
362,江南·春不晚餐饮(EUP年轻力中心店),餐饮服务,红谷滩区,,,丰和南大道2888号(地铁二号线学府大道站3号出口步行100米),28.662649,115.838292,
362,腾喆餐饮·中式简餐,餐饮服务,红谷滩区,,,红谷南大道1888号联泰天悦,28.649825,115.836275,
362,南昌浔味餐饮管理有限公司,公司企业,红谷滩区,,,红谷滩区万达中心B2座,28.695975,115.850475,
362,叶满厨·萍乡土菜(丽景路店),餐饮服务,红谷滩区,,,红谷滩区丽景路758号,28.677172,115.846508,
362,江西勋越餐饮管理有限公司,公司企业,红谷滩区,,,熙梦城2-2栋2215,28.688225,115.850325,
362,南昌振森餐饮管理有限公司,公司企业,红谷滩区,,,世贸水城3-2室,28.656477,115.842434,
362,米汤记忆餐饮连锁•铭门家宴(红谷滩店),购物服务,红谷滩区,,,丰和中大道1318号(雅苑路地铁站5号口步行60米),28.692238,115.856273,
362,南昌喜记餐饮管理有限公司,公司企业,红谷滩区,,,红谷中大道1368号鼎峰中央F4层,28.689425,115.859125,
363,鄱阳贵客餐饮,餐饮服务,鄱阳县,,,双港镇下常村,29.104690,116.581493,
363,傣野餐饮店(御湖一品店),餐饮服务,鄱阳县,,,御湖一品A05幢109号傣野,28.999957,116.702652,
363,晚味餐饮店,餐饮服务,鄱阳县,,,鄱阳镇小路口东38号,28.983667,116.698614,
363,文风餐饮,餐饮服务,鄱阳县,,,城北中学西北门北50米,29.005251,116.706740,
363,余干县肆季春野餐饮店,餐饮服务,余干县,,,开元酒店,28.685375,116.694775,
363,老刘餐饮,餐饮服务,余干县,,,第五小学对面滨园小区5一1一04,28.686332,116.695839,
363,万年服务区餐厅,餐饮服务,万年县,,,万年西服务区东侧,28.791134,116.884586,
363,彭记餐饮店,餐饮服务,万年县,,,正大西街8号万年国际珍珠城,28.683675,117.064325,
363,刘粥粥餐饮店,餐饮服务,万年县,,,永乐巷2号楼,28.685872,117.075194,
363,余记餐饮,餐饮服务,婺源县,,,722县道,29.185383,117.468179,
363,弋阳县西街杨水莲餐饮店,餐饮服务,弋阳县,,,弋江街道西街04-05号,28.398031,117.431498,
363,江西渔小贝餐饮有限公司,公司企业,德兴市,,,新营街道银城南路88号聚远华府3号楼第一层06号商铺,28.935335,117.595264,
363,珍珠餐饮,餐饮服务,德兴市,,,绕二镇长乐路,28.833146,117.645398,
363,寻味婺源熯菜餐饮店,餐饮服务,婺源县,,,江村生态鱼庄东北侧250米,29.327525,117.835875,
363,湘水味派菜园子餐饮店(书香大邸店),餐饮服务,横峰县,,,果园新村(书香大邸1号楼1-04号),28.417370,117.602707,
363,吴华餐饮,餐饮服务,婺源县,,,桃溪路与星河东路交叉口东北20米,29.267342,117.855385,
363,婺源县奶里奶气餐饮店,餐饮服务,婺源县,,,蚺城街道园丁路C号地8号,29.265635,117.860523,
363,柳玲餐饮,餐饮服务,婺源县,,,潋溪路与天佑东路交叉口东北100米,29.254325,117.866225,
363,同桌餐饮店,餐饮服务,婺源县,,,蚺城街道株树林小区6号楼6-105号,29.235295,117.863080,
363,早客餐饮店早餐中餐晚餐,餐饮服务,婺源县,,,国际嘉苑16栋103号,29.241223,117.867880,
363,婺源县木栖院餐饮,体育休闲服务,婺源县,,,蚺城街道东岭坞村委会孔家庄25号,29.268755,117.876980,
363,李家别院餐饮楼,餐饮服务,婺源县,,,秋口镇李坑村退役军人服务站东侧230米,29.322456,117.930844,
363,秋之北(上饶市)餐饮管理(铅山)有限公司,公司企业,铅山县,,,创业路与外环路交叉口西北方向150米左右(8号楼),28.297456,117.692044,
363,高姐餐饮(福惠苑店),餐饮服务,铅山县,,,河口镇席山路38号,28.315058,117.707679,
363,子母全时段国民餐饮(铅山店),餐饮服务,铅山县,,,河口镇棋盘街6号楼105号,28.316411,117.710201,
364,崇义国际大酒店餐饮部,餐饮服务,崇义县,,,沿江西路与解放路交叉口西北20米,25.697375,114.306225,
364,红红火火餐饮店,餐饮服务,大余县,,,南安镇梅国北路梅国花园C栋165-171号,25.403391,114.354591,
364,合坪餐饮,餐饮服务,崇义县,,,龙勾乡合坪小学西侧170米,25.691717,114.534320,
364,飞古餐饮店,餐饮服务,全南县,,,南山路(老酒厂家属房)第1层,24.744027,114.525932,
364,绿色餐饮,餐饮服务,全南县,,,站前路(虔城江山府)C栋38-39商铺,24.741277,114.547114,
364,新鑫餐饮,餐饮服务,全南县,,,虔城江山府E栋5号商铺,24.741053,114.547181,
364,哆哆咪餐饮店,餐饮服务,南康区,,,社会停车场102号,25.666328,114.756941,
364,妥妥餐饮店(城发·东顺园店),餐饮服务,南康区,,,东山街道办东顺园1092-1093号商铺南康区妥妥餐饮店,25.677555,114.760896,
364,许你一味餐饮(聆江花园店),餐饮服务,南康区,,,[],25.669210,114.760420,
364,厨当家餐饮店,餐饮服务,南康区,,,创业南路与光明路交叉口南80米,25.850725,114.819925,
364,江西双麟餐饮管理有限公司南康分公司,公司企业,南康区,,,龙岭镇江西双麟餐饮管理有限公司南康分公司,25.726875,114.799775,
364,遇见小曾餐饮店,餐饮服务,南康区,,,龙岭赣州港安置点39号,25.709777,114.821879,
364,一日三餐餐饮店,餐饮服务,南康区,,,赣州巷A区56栋,25.711512,114.823231,
364,添福餐饮店,餐饮服务,章贡区,,,武夷山路与文轩路交叉口西南60米洋山集市1栋1号,25.750916,114.849699,
364,信丰西服务区自助餐,餐饮服务,信丰县,,,G4521南龙高速与信丰西服务区交叉口西北440米,25.425685,114.797425,
364,江西创晖餐饮管理有限公司,公司企业,章贡区,,,华昌路与香江大道交叉口东北80米,25.859338,114.895859,
364,赣州市盛鑫餐饮管理有限公司,公司企业,章贡区,,,湖边镇富强路6号盛邦尔科技园1号楼3楼,25.889015,114.909267,
364,赣州沄峻餐饮管理有限公司,公司企业,章贡区,,,章贡区开发区湖边镇华鑫安居社区10-1店面,25.873250,114.906117,
364,渔家餐饮店,餐饮服务,章贡区,,,湖边镇湖边村下安组26号(环境工程学院侧门),25.881091,114.914949,
364,赣州和必兴餐饮管理有限公司,公司企业,章贡区,,,赣州市经济技术开发区迎宾大道北侧清河路锦绣星城14栋11-12号店面,25.848495,114.908167,
364,赣州市安华餐饮管理有限公司,公司企业,章贡区,,,南北大市场十五栋12号一楼店面,25.836375,114.908559,
364,广老板餐饮服务有限公司(油山路店),购物服务,章贡区,,,橙香大道38号康源滨江国际2栋1804室,25.809555,114.912633,
364,赣州市章贡区沙县美食现炒快餐餐饮店,餐饮服务,章贡区,,,五指峰路中海派A区06店铺,25.828786,114.921025,
364,本地人餐饮店,餐饮服务,章贡区,,,建设路文汇苑小区商铺1-10,25.833082,114.922121,
364,妙东家餐饮服务有限公司,公司企业,章贡区,,,梅关大道58号,25.803625,114.916175,
365,天颐源餐饮店,餐饮服务,昌邑区,,,吉林市公安局昌邑分局左家派出所西北侧100米,44.023625,126.150825,
365,吉林省壹方小苑餐饮管理有限公司,公司企业,船营区,,,长吉公路与吉长南路交叉口东北380米,43.828830,126.481938,
365,吉林东鼎餐饮管理集团,公司企业,船营区,,,迎宾大路11号,43.870469,126.512964,
365,赵虾神餐饮店(莲山路店),餐饮服务,昌邑区,,,神华·万利广场,43.871487,126.529263,
365,领航餐饮美食城(龙潭店),餐饮服务,龙潭区,,,南通路6号福州街2号楼28号车库,43.909101,126.557302,
365,吉林龙源餐饮服务有限公司,公司企业,龙潭区,,,立德路与廉德路交叉口东南80米,43.924503,126.568808,
365,吉林市如一坊喜堂餐饮文化管理有限公司,公司企业,昌邑区,,,珲春中街与雾凇中路交叉口南100米,43.869833,126.535095,
365,吉景牧人(吉林)农业发展有限公司,餐饮服务,船营区,,,西山香麓二期S1-42,43.857803,126.534264,
365,吉林南服务区餐厅,餐饮服务,丰满区,,,G1212沈吉高速与吉林南服务区交叉口南340米,43.744210,126.461245,
365,吉时祥悦餐饮美食广场,餐饮服务,船营区,,,长春路76-1东屋,43.824787,126.518994,
365,吉林市沉驰餐饮管理有限公司,公司企业,昌邑区,,,雾凇中路199号兰天国际商贸中心,43.864773,126.558628,
365,吉林市石光富春园餐饮有限公司,公司企业,船营区,,,北京路291号,43.833177,126.536701,
365,亿林餐饮管理中心,公司企业,船营区,,,光荣胡同与光华路交叉口北140米,43.850225,126.549825,
365,九穆牛羊餐饮管理有限公司,公司企业,船营区,,,青岛街与永明胡同交叉口西120米,43.839536,126.546776,
365,耀阳餐饮管理服务有限公司,公司企业,昌邑区,,,新建南小区4号楼一单元1层3号,43.864425,126.569475,
365,鑫意餐饮店,餐饮服务,丰满区,,,绿谷庄园C30号楼,43.804122,126.533050,
365,吉林巨牛餐饮有限公司,公司企业,船营区,,,北奇城市广场A座,43.849525,126.565525,
365,吉林市飞渔餐饮管理有限公司,公司企业,船营区,,,北奇城市广场A座,43.849575,126.565775,
365,十二米餐饮管理有限公司,公司企业,丰满区,,,深圳街北奇科技园501,43.820508,126.547516,
365,吉林市七堂餐饮管理有限公司,公司企业,昌邑区,,,重庆街与上海路交叉口东南40米,43.848502,126.568190,
365,吉林安润餐饮服务有限公司,公司企业,丰满区,,,西环江路与天山胡同交叉口东220米,43.832825,126.557525,
365,昇鑫餐饮有限公司,公司企业,昌邑区,,,解放北路149号交行花园J号楼62号网点,43.870958,126.585726,
365,胡同餐饮店,餐饮服务,丰满区,,,厦门街与泰山路交叉口东南80米,43.823875,126.555925,
365,大年初一有机家菜坊,餐饮服务,丰满区,,,厦门街华侨医院与,43.818529,126.553151,
365,盛善餐饮管理有限公司,公司企业,昌邑区,,,延安路1566号好想来左侧20米入口3楼,43.863728,126.586783,
366,吉林省乐多餐饮管理有限公司,公司企业,绿园区,,,金鹏路111号,43.951328,125.183832,
366,吴佳朋餐饮服务有限公司,公司企业,宽城区,,,北凯旋路10111号,44.033484,125.242611,
366,吉林省晓也餐饮文化管理有限公司,公司企业,绿园区,,,和雅路与和新路交叉口北220米,43.846375,125.136475,
366,红民文旅度假村(餐饮露营区),体育休闲服务,绿园区,,,迎宾路511号,43.906314,125.186071,
366,吉林省食之安餐饮管理有限公司,公司企业,公主岭市,,,清泉大街北侧2188号,43.734808,125.072524,
366,德惠服务区餐厅,餐饮服务,德惠市,,,德惠服务区与G1京哈高速交叉口北420米,44.489472,125.632568,
366,吉林省钱唐臻品餐饮管理有限公司,公司企业,德惠市,,,美庐桃花苑小区外围门市23栋与24栋中间,44.521380,125.683865,
366,宸茂餐饮管理有限公司,公司企业,宽城区,,,三胜乡蓝家屯,44.080663,125.381936,
366,吉林兴客餐饮管理服务有限公司,公司企业,绿园区,,,青春街37号,43.919582,125.287010,
366,福旺餐饮,餐饮服务,绿园区,,,绿园新区1-2门市,43.891444,125.268360,
366,吉林省艺宏餐饮服务有限公司,公司企业,朝阳区,,,育民路333号,43.805625,125.224075,
366,吉林省吉味佳餐饮有限公司,公司企业,朝阳区,,,动漫路与卓越大街辅路交叉口西北140米,43.778414,125.213594,
366,吉林省祥瑞餐饮管理有限公司,公司企业,绿园区,,,铁西街与春晖路交汇西南方向80米处,43.900980,125.298873,
366,吉林省煎肉哥餐饮管理有限公司,公司企业,朝阳区,,,超强街1249号,43.786667,125.226423,
366,状元阁餐饮服务有限责任公司,餐饮服务,朝阳区,,,西昌小区西区(南昌路地铁站出入口步行490米),43.891725,125.301375,
366,长春胡桃里餐饮管理有限公司,公司企业,朝阳区,,,解放大路4517号星宇名座,43.878268,125.294794,
366,汤奶奶餐饮管理公司,公司企业,朝阳区,,,富锦路146号(建设广场地铁站D口步行430米),43.874756,125.296363,
366,鑫达园餐饮服务有限公司,公司企业,朝阳区,,,天宝街556号,43.874664,125.296995,
366,长春市宏目盛世餐饮有限公司,公司企业,朝阳区,,,长春市高新区超然街855号,43.797146,125.254627,
366,沙巴克餐饮,餐饮服务,朝阳区,,,同志街199号中山花园,43.887385,125.317304,
366,长春市旭美食品有限公司,公司企业,宽城区,,,团山花园西南60米9号楼,43.938954,125.352581,
366,鸣瀚餐饮管理有限公司,公司企业,宽城区,,,北湾西街卓扬北湖湾,43.974450,125.390284,
366,长春永鹏餐饮供应链,公司企业,宽城区,,,食品调料大市场(长白路店),43.907767,125.350782,
366,长春市吕笑笑餐饮管理有限责任公司,餐饮服务,宽城区,,,中海盛世城A区西南侧门市,43.959654,125.389468,
366,七味蛙餐饮店(隆礼路店),餐饮服务,南关区,,,师大一教隆礼路34栋2单元103室,43.868302,125.328474,
367,仟佰味餐饮,餐饮服务,洮北区,,,民主家园,45.623075,122.811875,
367,白金瀚餐饮娱乐会所,餐饮服务,洮北区,,,交警队东风中队东100米,45.655680,122.845138,
367,白城市星源餐饮店,餐饮服务,洮北区,,,文化西路与幸福南大街交叉口西120米,45.615443,122.824390,
367,申邦盛宴餐饮中心,餐饮服务,洮北区,,,金辉南街33-1楼-1,45.616342,122.844184,
367,东凯餐饮店,餐饮服务,洮北区,,,瑞光南街67-1-1单元,45.607107,122.838287,
367,驴马蛋餐饮,餐饮服务,洮北区,,,长庆南街95-3号,45.605316,122.844070,
367,大肠王子食品有限公司,餐饮服务,洮北区,,,明珠花园49-13号门市,45.598680,122.843695,
367,镇赉县镇赉镇品香餐饮店,餐饮服务,镇赉县,,,华城南街与凌云东路交叉口西南60米,45.849598,123.214236,
367,云影水香餐饮,餐饮服务,通榆县,,,鹤城佳苑A区南门东280米,44.813475,123.093475,
367,安广服务区餐厅,餐饮服务,大安市,,,G12珲乌高速与安广服务区交叉口西440米,45.579760,123.672455,
367,吉林省帝王酒店餐饮娱乐管理有限公司,公司企业,大安市,,,大赉北街与卫健路交叉口东120米,45.509881,124.292628,
367,尹家粗粮馆,餐饮服务,大安市,,,人民路与嫩江北街交叉口北50米,45.509220,124.295469,
367,美安餐饮管理有限公司,公司企业,大安市,,,长白南街169号,45.491096,124.294989,
368,青海省盐业股份有限公司吉林分公司,餐饮服务,乾安县,,,梧桐大路3456号盛达大厦,45.013552,124.042162,
368,十四号餐饮中心,餐饮服务,长岭县,,,长岭县十四号旅游服务有限公司东侧,44.354375,123.816175,
368,北方餐饮服务有限公司,公司企业,长岭县,,,119县道与长大线交叉口东180米,44.398648,123.930600,
368,大嘴餐饮,餐饮服务,前郭尔罗斯蒙古族自治县,,,平凤乡,45.328484,124.593911,
368,顺禧餐饮旗舰店兴达火锅店,餐饮服务,长岭县,,,"来薰路南西环城街西,兴达御景小区1号楼2.3号门",44.263840,123.962843,
368,菁华餐饮店(菁华教育),餐饮服务,前郭尔罗斯蒙古族自治县,,,138县道与绥沈线交叉口西180米,44.802337,124.549675,
368,松原市费昂斯餐饮管理有限公司,公司企业,宁江区,,,临江街道临江花园小区4号楼103室,45.171211,124.834782,
368,红泽餐饮服务有限公司,公司企业,宁江区,,,源江西路与锦江大街交叉口东南80米,45.122543,124.812525,
368,四溢香餐饮店,餐饮服务,宁江区,,,康宁街飞宇世纪商城1层美食区5号,45.117219,124.813241,
368,八方餐饮,餐饮服务,宁江区,,,昆江街松江明珠花园4号楼(103幢)120,45.126043,124.820597,
368,达梦餐饮,餐饮服务,宁江区,,,新八三小区,45.122943,124.822264,
368,夏夷岛餐饮服务有限公司,公司企业,宁江区,,,沿江东路2266号亚泰·澜熙郡,45.128682,124.839745,
368,佰乐餐饮,餐饮服务,宁江区,,,五环大街2345号光宇·盛世华城,45.124325,124.838075,
368,松原市佳儿萌豆餐饮店,餐饮服务,宁江区,,,东镇东路与临江街交叉口东南100米,45.136625,124.849175,
368,吉林贝力餐饮服务有限公司,公司企业,前郭尔罗斯蒙古族自治县,,,成吉思汗大街0008号,45.096304,124.881232,
368,八百垧服务区餐厅,餐饮服务,扶余市,,,中国石油吉高能源八百垧服务区加油站东侧80米,45.150098,125.247869,
368,扶余服务区餐饮,餐饮服务,扶余市,,,G1京哈高速与扶余服务区交叉口西280米,45.117608,126.118532,
368,扶余服务区餐饮,餐饮服务,扶余市,,,中国海油吉高能源扶余服务区加油加气站西南侧220米,45.114060,126.118896,
368,吉林省盼盼餐饮有限公司,公司企业,扶余市,,,太祖路与文昌街交叉口西南200米,44.984325,126.042675,
369,溢源餐饮店,餐饮服务,双辽市,,,农业农村局西南侧,43.519404,123.478578,
369,老姜头餐饮店,餐饮服务,双辽市,,,南广路与新市街交叉口西340米,43.503402,123.503525,
369,四平市铁西区韶华餐饮店,餐饮服务,铁西区,,,海丰大街与大禹西胡同交叉口西南380米,43.146725,124.343775,
369,玉鼎虹砂锅餐饮店,餐饮服务,铁西区,,,富才路与南邮电街交叉口西60米,43.165730,124.365087,
369,四平市溢香阁餐饮咨询管理有限公司,公司企业,铁西区,,,轱辘把路与南邮电街交叉口西40米,43.168726,124.367248,
369,富旺餐饮有限公司,公司企业,铁西区,,,南仁兴街与青年路交叉口南40米,43.166725,124.368375,
369,喜美香餐饮,餐饮服务,铁西区,,,乐群路与站前街交叉口西北40米,43.165919,124.369705,
369,四平市恒荣餐饮有限公司,公司企业,铁西区,,,站前街与光明路交叉口西南40米,43.172107,124.374381,
369,吉食稻餐饮有限公司,公司企业,铁西区,,,新铁社区东门旁,43.164225,124.369325,
369,张怼怼餐饮店,餐饮服务,铁东区,,,北市场街民主委御景花园小区6号楼118,43.161549,124.373515,
369,浩博餐饮有限公司,公司企业,铁东区,,,北河新村43号楼一单元,43.182904,124.387261,
369,吉林省浩图餐饮服务有限公司,公司企业,铁东区,,,和平街与新光路交叉口东北60米,43.164075,124.378075,
369,小乐园餐饮(建设街店),餐饮服务,铁东区,,,北市场街金桥委23号楼1-2号商网,43.169958,124.382908,
369,铭轩餐饮公司,公司企业,铁东区,,,北六经街与北二纬路交叉口西南40米,43.171225,124.393525,
369,喜家煮餐饮管理有限公司,公司企业,铁东区,,,东山大街与南二纬路交叉口东北160米,43.160932,124.402028,
369,四平市和兴圆餐饮有限公司,公司企业,铁东区,,,开发区大路与东郊街交叉口东160米,43.162025,124.410025,
369,吉林省吉悦餐饮服务有限公司,公司企业,铁东区,,,经济开发区医药健康绿色食品产业园,43.155675,124.466225,
369,四平服务区吉高食塘融合餐厅,餐饮服务,铁东区,,,中国石油吉高能源四平服务区加油站南侧160米,43.174114,124.492330,
369,靠山屯服务区餐厅,餐饮服务,铁西区,,,君汇集团靠山屯服务区加油站西北侧110米,43.270889,124.570935,
369,靠山屯服务区周家排骨鱼坛肉家常菜,餐饮服务,铁西区,,,靠山屯服务区沈阳方向,43.270737,124.570890,
369,梨树县山水间餐饮有限公司,公司企业,铁西区,,,十家堡镇上三台村,43.259826,124.598216,
369,走街串巷餐饮有限公司,公司企业,伊通满族自治县,,,065县道与096乡道交叉口东南360米,43.235405,124.961185,
370,辽源市融发餐饮配送有限公司,公司企业,龙山区,,,寿山镇国庆村二组,42.929513,125.184987,
371,康大营服务区餐厅,餐饮服务,梅河口市,,,康大营服务区与S1长长高速交叉口西400米,43.006427,125.774325,
371,御珍品致餐饮服务有限公司,公司企业,梅河口市,,,东环路与人民大街交叉口西北440米,42.566475,125.731125,
371,龙湾服务区餐厅,餐饮服务,辉南县,,,龙湾服务区西南30米,42.326874,126.232623,
371,红梅小酒楼大禹城邦店(大禹城邦店),餐饮服务,东昌区,,,大禹城邦(江畅路北100米),41.704923,125.926692,
371,佳禾餐饮服务有限公司,公司企业,东昌区,,,兴达路,41.777274,125.979600,
371,铭是餐饮,餐饮服务,东昌区,,,通化精心心理医院北侧160米,41.772253,125.980139,
371,贾小馆烤鸭粤菜(中盛·玉龙湾店),餐饮服务,东昌区,,,名城南路中盛玉龙湾,41.707214,125.939435,
371,盛祥餐饮,餐饮服务,东昌区,,,新庆路与新岭路交叉口西南40米,41.731480,125.960794,
371,艾菲堡餐饮,餐饮服务,东昌区,,,建设大街与育才路交叉口东北120米,41.751151,125.979913,
371,村里人烤毛蛋餐饮店,餐饮服务,东昌区,,,046乡道,41.668711,125.950999,
372,黄泥河服务区餐厅,餐饮服务,敦化市,,,黄泥河服务区北侧,43.533381,127.862010,
372,敦化服务区餐厅,餐饮服务,敦化市,,,敦化服务区与G12珲乌高速交叉口南400米,43.432967,128.238989,
372,吉林省德胜餐饮管理服务有限公司,公司企业,敦化市,,,红星街与团结路交叉口西南220米,43.357475,128.218375,
372,敦化缔百鑫汇餐饮,科教文化服务,敦化市,,,渤海街工农路4号敦化市百货大楼有限责任公司,43.365525,128.234425,
372,吉林省德胜餐饮管理服务有限公司,公司企业,敦化市,,,南湖大街与沿江路交叉口北320米,43.344648,128.229338,
372,服务区饭店,餐饮服务,敦化市,,,官地镇滴达服务区,43.621809,128.520343,
372,牛记一口香餐饮店,餐饮服务,安图县,,,明月镇通口胡同惠园小区一号楼门市,43.109679,128.913324,
372,无嗦味餐饮小馆,餐饮服务,安图县,,,新安路与健康胡同交叉口西南40米,43.112580,128.924209,
372,仙峰岭服务区餐厅,餐饮服务,和龙市,,,仙峰岭服务区与G1221延长高速出口交叉口北40米,42.607284,128.671637,
372,延吉服务区饭店,餐饮服务,延吉市,,,延吉服务区与G12珲乌高速交叉口西300米,43.014061,129.275496,
372,延边尹君家餐饮服务有限公司,公司企业,延吉市,,,延吉市空港区海兰江北街2966号5号楼1001(1149室),42.921345,129.378858,
372,延边世尔比餐饮管理有限公司,公司企业,延吉市,,,局子街与大兴路交叉口东北240米,42.939841,129.506506,
372,延边龙小二餐饮有限公司,公司企业,延吉市,,,恒润第一城4期,42.925233,129.495944,
372,延吉市星光餐饮管理有限公司,公司企业,延吉市,,,园川街与公园路交叉口西北140米,42.908775,129.483825,
372,融城餐饮,餐饮服务,延吉市,,,融城·樾府北门东270米,42.903475,129.482025,
372,美团餐饮系统,公司企业,延吉市,,,园川街377号,42.901458,129.485541,
372,延边蒙福餐饮有限公司,公司企业,延吉市,,,天池路与白新街交叉口西60米,42.894725,129.480925,
372,银浦餐饮(银浦大厦店),餐饮服务,延吉市,,,梨花路2号,42.903878,129.488366,
372,延边心空布车餐饮有限公司,公司企业,延吉市,,,康乐胡同与参花街交叉口西100米,42.921075,129.502525,
372,延边新正谈餐饮管理有限公司,公司企业,延吉市,,,园洁胡同河畔花园7幢,42.903159,129.488827,
372,延吉兴成餐饮有限公司,公司企业,延吉市,,,牛市街公主啤酒屋南侧停车场院内左边第一家,42.906873,129.500529,
372,延边涞润餐饮服务有限公司,公司企业,延吉市,,,人民路51号活力城,42.908196,129.508061,
372,延边妈妈菜餐饮管理有限公司,公司企业,延吉市,,,光明街1088号金星大厦,42.910975,129.511975,
372,白桦林餐饮有限公司,公司企业,延吉市,,,青杨街与健康路交叉口西南20米,42.915879,129.517306,
372,熹捞旋转火锅餐饮店,餐饮服务,延吉市,,,海兰路23号,42.905825,129.510225,
373,刘炭长牛烧大块烤肉(白山抚松店),餐饮服务,抚松县,,,东盛小区商企8号楼,42.334851,127.280221,
373,小崔锅烙,餐饮服务,长白朝鲜族自治县,,,长白镇长白一中旁,41.418473,128.202579,
374,唐番·寻味餐饮,餐饮服务,类乌齐县,,,滨江路6号,31.217314,96.605110,
374,徐大厨餐饮店,餐饮服务,八宿县,,,然乌湖镇二环路33号,29.499914,96.757203,
374,李姐餐饮,餐饮服务,察雅县,,,349国道与贡德路交叉口南200米,30.651125,97.566875,
374,左贡县五二零市井小火锅餐饮店,餐饮服务,左贡县,,,珠然新区东坝民俗风情旅游文化街3-1号,29.667764,97.844876,
374,饱你满意餐饮店,餐饮服务,芒康县,,,如美镇竹卡村江西组9户人家后侧318线旁次巴自建房1层1号,29.620152,98.349377,
374,芒康百年圣厨火锅餐饮有限公司,餐饮服务,芒康县,,,帮达西街与滨河路交叉口东80米,29.685638,98.597594,
374,三号六加佳餐饮店,餐饮服务,芒康县,,,曲孜卡乡,29.089349,98.605418,
375,小牛当家餐饮娱乐有限公司,公司企业,申扎县,,,扎西南路与岗桑西路交叉口西180米,30.925234,88.706664,
375,藏北香辣餐饮店,餐饮服务,色尼区,,,拉萨中路与扎空西路交叉口西南300米,31.481965,92.058415,
375,森楚锅庄餐饮,餐饮服务,色尼区,,,市二中门前支路与317国道交叉口东北380米,31.475475,92.081575,
375,(大叔凉粉)嘉黎县咔嚓餐饮店,餐饮服务,嘉黎县,,,三湖酒店旁边2栋8号,30.638898,93.234657,
375,比如县秦味源餐饮,餐饮服务,比如县,,,壹号院东南门西50米,31.480400,93.678983,
375,食尚马忠餐饮(嘎青东路店),餐饮服务,索县,,,靠近平德藏医,31.885553,93.789251,
376,清源香餐饮店,餐饮服务,堆龙德庆区,,,堆龙大道17号,29.656463,90.974028,
376,银平餐饮店,餐饮服务,堆龙德庆区,,,规划路干部职工周转房北侧250米,29.659825,90.980525,
376,西藏口口香餐饮管理有限公司,公司企业,堆龙德庆区,,,堆龙大道11号,29.651757,90.995828,
376,岗尖蕃巴特色餐饮,餐饮服务,堆龙德庆区,,,世邦欧郡,29.643425,91.015175,
376,柳梧新区卓然餐饮店,餐饮服务,堆龙德庆区,,,天知世界城珑玺小区,29.624903,91.063410,
376,拉萨城关区高乐餐饮店,餐饮服务,城关区,,,八一南路4号,29.645817,91.073500,
376,军年餐饮店,餐饮服务,城关区,,,北京西路210号天成矿业大厦,29.659775,91.075475,
376,黑马乃手抓餐饮(柳梧大桥店),餐饮服务,城关区,,,金珠西路61号,29.646177,91.083205,
376,豫晨香餐饮店,餐饮服务,堆龙德庆区,,,柳唔北京大道海亮天成1层2-5号,29.610456,91.083959,
376,趣辣餐饮,餐饮服务,城关区,,,当热西路与嘎吉路交叉口东南280米,29.662175,91.093575,
376,酌饮轩餐饮店,餐饮服务,城关区,,,北京中路与文艺路交叉口西南280米,29.655225,91.093824,
376,源锦餐饮店,餐饮服务,城关区,,,西藏天海商城(天海路),29.659025,91.098275,
376,老夏餐饮店,餐饮服务,城关区,,,加措居委会幸福新村五组012号,29.662601,91.098678,
376,西藏麻辣都会餐饮管理有限公司,公司企业,城关区,,,北京中路与林廓西路交叉口西北100米,29.654068,91.109963,
376,李大胖餐饮,餐饮服务,城关区,,,雪新村路14号,29.660510,91.114144,
376,西藏岗嘎杰餐饮有限公司,公司企业,城关区,,,林廓西路与北京中路交叉口东北380米,29.656075,91.114175,
376,阿勇餐饮店,餐饮服务,城关区,,,巴尔库路2组240号4-5号房,29.665357,91.115004,
376,西藏玉意餐饮管理有限公司,公司企业,城关区,,,环岛南路19号圣河丽景商业楼,29.640275,91.115575,
376,西藏拉日牧民餐饮管理有限公司,公司企业,城关区,,,金牛石油加油站西侧210米,29.698325,91.116525,
376,八子胡餐饮店,餐饮服务,城关区,,,雪新村路与当热西路交叉口南180米,29.662825,91.116775,
376,拉萨市城关区咥秦人味道餐饮店,餐饮服务,城关区,,,阳岛路与太阳岛二路交叉口东南20米,29.642393,91.117799,
376,西藏橘子屋餐饮服务有限公司,公司企业,城关区,,,娘热北路与吉拉路辅路交叉口南280米,29.684236,91.124685,
376,西藏观山餐饮管理有限公司,公司企业,城关区,,,宇拓路10号雪雁街,29.649670,91.124315,
376,西藏盛柯餐饮管理有限公司,公司企业,城关区,,,北京东路与娘热南路交叉口东南280米,29.650185,91.125136,
376,餐饮中心,餐饮服务,城关区,,,朵森格路北段与温州商贸城步行街交叉口西南240米,29.655975,91.127025,
377,五道菜馆,餐饮服务,吉隆县,,,216国道与吉东路交叉口西400米,28.391545,85.329471,
377,萨迦丰盛餐饮演艺阁,餐饮服务,萨迦县,,,萨迦镇格桑西路格拉东酒店对面,28.902912,88.021679,
377,好味来餐饮店,餐饮服务,亚东县,,,城西路与城东路交叉口南340米,27.479962,88.906992,
377,西藏吉财餐饮有限公司,公司企业,桑珠孜区,,,黑龙江中路与珠峰中路交叉口南120米,29.263325,88.890875,
377,桑布囊松餐饮店,餐饮服务,桑珠孜区,,,吉林中路与珠峰中路交叉口北120米,29.265779,88.895091,
378,西藏布达拉山旅游餐饮有限公司,公司企业,加查县,,,所朗区,29.160373,92.557863,
379,邦杰塘服务区餐厅,餐饮服务,工布江达县,,,G4218雅叶高速与邦杰塘服务区交叉口西南360米,29.910716,92.357737,
379,冲康景区餐饮服务中心,生活服务,朗县,,,千年核桃林东北侧80米,29.069669,92.897116,
379,朗县福庆餐饮馆,餐饮服务,朗县,,,光明新区东侧80米,29.042755,93.063282,
379,朗县顺利糕点食品有限公司,餐饮服务,朗县,,,朗县公安局北侧190米,29.043197,93.065445,
379,朗县渝记老麻抄手餐饮店,餐饮服务,朗县,,,团结路石狮大厦二楼,29.044456,93.072772,
379,林芝市宏云乐饮食府有限公司,餐饮服务,巴宜区,,,八一镇章麦村89号,29.666476,94.335990,
379,高原红餐饮店,餐饮服务,巴宜区,,,觉木路与306省道交叉口西北40米,29.664925,94.346125,
379,米晋鱼府餐饮住宿娱乐,餐饮服务,米林市,,,华发(林芝)航空商贸旅游小镇外东侧20米平房,29.306511,94.332017,
379,黄记煌甲子餐厅合伙企业(有限合伙),餐饮服务,巴宜区,,,八一大街北段与福清路交叉口西南120米,29.661525,94.360375,
379,味你而来餐饮店,餐饮服务,巴宜区,,,纺织新街与福清路交叉口东20米,29.660230,94.363794,
379,诺芸餐饮娱乐有限公司,公司企业,巴宜区,,,广州大道北段与福清路交叉口北40米,29.658275,94.365525,
379,红火地带餐饮店,餐饮服务,巴宜区,,,尼洋大道2号主体房屋10号,29.610104,94.369332,
379,西藏奈丝餐饮服务管理有限公司,公司企业,巴宜区,,,工布民俗街与尼池东路交叉口东北40米,29.637141,94.374574,
379,熊三炒饭餐饮店,餐饮服务,巴宜区,,,幸福三路109-135号,29.626759,94.383619,
379,福满园餐饮店,餐饮服务,巴宜区,,,幸福小区B1区北门东130米,29.626625,94.383875,
379,旺灶柴火鸡餐饮店,餐饮服务,巴宜区,,,八一镇林芝商贸城7栋302室,29.628070,94.384539,
379,小农夫农家餐饮部,餐饮服务,巴宜区,,,巴宜宾米瑞乡玉荣增村攀方之芮隔壁,29.464215,94.539071,
379,田野食语餐饮店,餐饮服务,墨脱县,,,甘登乡巴登则村果辛安置点,29.132203,95.152798,
379,湘宴餐饮店,餐饮服务,波密县,,,沿江东路与商贸街交叉口西南140米,29.856843,95.766041,
379,东哥餐饮店,餐饮服务,波密县,,,德庆路与318国道交叉口东北220米,29.860591,95.768416,
379,察隅乡间小味餐饮,餐饮服务,察隅县,,,上察隅镇微党校东南侧80米,28.715450,96.779511,
379,察隅吉公鸿运餐饮有限公司,公司企业,察隅县,,,竹瓦根镇吉公居委会退役军人服务站东侧90米,28.659966,97.466276,
379,察隅县招财美食餐饮店,餐饮服务,察隅县,,,219国道,28.475265,98.464282,
379,渝见餐饮店,餐饮服务,察隅县,,,察瓦龙乡扎那路052号,28.473507,98.465157,
380,香哆味餐饮店,餐饮服务,札达县,,,阿青罐区一区5-2,31.489185,79.748246,
380,老常餐饮店,餐饮服务,噶尔县,,,格吉巷与文化路交叉口南160米,32.502225,80.111425,
380,多玛乡潘姐私房菜宾馆,餐饮服务,日土县,,,多玛乡多玛村二组5号,33.711322,80.377561,
380,措勤县峰味餐饮店,餐饮服务,措勤县,,,国网路3号,31.017058,85.155079,
381,艳军香聚餐饮店,餐饮服务,巧家县,,,玉屏街道体育馆向南100米,26.915396,102.927439,
381,李记老面破酥包餐饮店,餐饮服务,巧家县,,,玉屏街道盛世堂琅西苑10幢S-1003,26.907373,102.937327,
381,丽娜餐饮店,餐饮服务,昭阳区,,,大山包镇合兴村集镇,27.403953,103.310798,
381,云松餐饮,餐饮服务,永善县,,,金沙路与和谐路交叉口南180米,28.230775,103.615525,
381,福林餐饮店,餐饮服务,永善县,,,新拉村民委员会西南侧210米,28.164275,103.612575,
381,鲜轩餐饮广东肠粉,餐饮服务,昭阳区,,,洒渔镇老粮管所8号,27.445925,103.620675,
381,昭通天祥餐饮管理有限公司,公司企业,昭阳区,,,旧圃镇土城村民委员会潘家营村17号,27.322229,103.682911,
381,昭通源本盛餐饮服务有限公司,公司企业,昭阳区,,,落红段与昭大线交叉口东北360米,27.358025,103.687725,
381,昭顺福餐饮店,餐饮服务,昭阳区,,,昭通迅捷机动车检测站东侧120米,27.352798,103.691655,
381,与食俱进餐饮店,餐饮服务,昭阳区,,,吉比特市场A4栋140,27.355989,103.695158,
381,小邹餐饮,餐饮服务,昭阳区,,,凤凰街道办事处凤凰社区居民委员会凤宁康居2幢2单元B-3号,27.303652,103.689766,
381,昭通众汇荷遇餐饮服务有限公司,公司企业,昭阳区,,,凤凰街道荷花蒂斯1-101号,27.332841,103.697552,
381,昭通蹄非花餐饮管理服务有限公司,公司企业,昭阳区,,,槐树路与学庄路交叉口西北80米,27.311223,103.695731,
381,烟囱餐饮店,餐饮服务,昭阳区,,,海楼路829号,27.310296,103.696430,
381,昭阳区忠爱餐饮店,餐饮服务,昭阳区,,,二环西路与通江路交叉口东140米,27.338402,103.701754,
381,云南板扎柠餐饮管理有限公司,公司企业,昭阳区,,,龙泉街道办事处官坝社区居民委员会五组555号,27.359116,103.706885,
381,盛康达餐饮,餐饮服务,昭阳区,,,昭通市中医医院总院东北门旁,27.325775,103.705175,
381,云南达豪餐饮有限公司,公司企业,昭阳区,,,环城西路国防广场,27.341152,103.709795,
381,天外天(昭通)餐饮有限公司,公司企业,昭阳区,,,宏发金都西南门东南50米,27.317934,103.707202,
381,伊克拉姆餐饮店,餐饮服务,昭阳区,,,西苑街150号附28号,27.330937,103.709887,
381,老回巷餐饮店,餐饮服务,昭阳区,,,凤凰街道办事处海楼路社区二环南路龙泉花园东苑195,27.317023,103.708982,
381,昭通红枫餐饮服务有限公司,公司企业,昭阳区,,,枫林路与枫园路交叉口西40米,27.346225,103.713225,
381,季鲜餐饮店,餐饮服务,昭阳区,,,龙泉街道凤舞路坤尚金沙湾20幢30号,27.356871,103.721400,
381,清真.三食六餐饮店,餐饮服务,昭阳区,,,沿河岔街18号附1号,27.329334,103.718315,
381,滇驿热辣滚烫麻辣烫餐饮,餐饮服务,昭阳区,,,步行街与环城东路交叉口西北100米,27.333475,103.724575,
382,会泽服务区会泽特色杀猪菜,餐饮服务,会泽县,,,会泽服务区与G85银昆高速交叉口西南280米,26.406302,103.260301,
382,待补服务区餐厅,餐饮服务,会泽县,,,G85银昆高速出口与G85银昆高速交叉口西南460米,26.191441,103.398619,
382,苗云乡餐饮店(老火锅),餐饮服务,马龙区,,,马过河镇鲁石村委会鲁石街,25.534549,103.442685,
382,沾益区江景云舍餐饮店,餐饮服务,沾益区,,,大坡乡妥乐村民委员会牛栏江江边,25.687752,103.550550,
382,多味多滋小吃服务店,餐饮服务,陆良县,,,大莫古镇大莫古居委会小莫古村小莫古集市恒丰街,24.903399,103.516517,
382,马龙区小胖餐饮店(小胖农家砂锅猪脚),餐饮服务,马龙区,,,通泉镇杨官田社区杨外营村(新小区),25.450738,103.613950,
382,福兴居餐饮店,餐饮服务,沾益区,,,大坡乡集镇中通快递旁边,25.678406,103.666996,
382,陆良云禧金丰餐饮管理有限公司,公司企业,陆良县,,,聚缘街y059号,25.024042,103.641466,
382,陆良盛世佳宴餐饮有限公司,餐饮服务,陆良县,,,中枢街道同乐大道606号附1号,25.009060,103.642597,
382,龙和圆餐饮店,餐饮服务,陆良县,,,同乐街道万和欣城3栋22号商铺,25.027835,103.647281,
382,陆良县郭记鱼号餐饮店,餐饮服务,陆良县,,,同乐街道云水御邸15栋郭记鱼号,25.041675,103.652335,
382,钰涵熹润餐饮 养生乳鸽鸡柠檬鱼,餐饮服务,陆良县,,,春蕾街56号,25.022969,103.652985,
382,兰亭锦餐饮厅,餐饮服务,陆良县,,,锦源雅居兰庭,25.048535,103.659644,
382,陆良县泽智餐饮店,餐饮服务,陆良县,,,春光路105-1号,25.034251,103.662259,
382,陆良县新裕园餐饮店,餐饮服务,陆良县,,,中枢街道窑上社区古桥街266号-268号,25.020989,103.665154,
382,黑山羊丽景餐饮,餐饮服务,陆良县,,,东门菜市场后大门入口处(面对入口处左侧),25.031089,103.668460,
382,卜嘎服务区餐厅,餐饮服务,沾益区,,,卜嘎服务区南40米,25.876393,103.781257,
382,云南龙尚熙缘餐饮管理服务有限公司,公司企业,麒麟区,,,靖阳路47号,25.534935,103.751375,
382,歪大头餐饮服务有限公司,公司企业,麒麟区,,,迎霞路与学府路交叉口东80米,25.505575,103.758725,
382,曲靖云谣集餐饮文化有限公司,公司企业,麒麟区,,,西城街道办事处西苑社区江悦逸景苑1-4号商铺,25.518004,103.763831,
382,怀诚餐饮管理有限公司,公司企业,麒麟区,,,三江大道300号院内,25.512410,103.787614,
382,大兵小灶餐饮店,餐饮服务,麒麟区,,,寥廓街道园林社区园林路38号,25.489127,103.787727,
382,吉食社餐饮铺,餐饮服务,麒麟区,,,寥廓街道办事处玄坛社区龙潭市井特色商业街区1-C21号商铺,25.498991,103.790743,
382,云南禧记餐饮管理有限公司,公司企业,麒麟区,,,文笔路与玉带路交叉口西北340米,25.460891,103.787875,
382,二狗与大花餐饮店,餐饮服务,麒麟区,,,天池公园诸葛巷54号,25.485487,103.794395,
383,绿春县永圣餐饮管理有限公司,公司企业,绿春县,,,219国道与214省道交叉口南160米,22.995037,102.358233,
383,立雄餐饮店,餐饮服务,红河县,,,甲寅派出所东北侧100米,23.249625,102.420275,
383,石屏县潘群餐饮店,餐饮服务,石屏县,,,环城东路与环城南路交叉口东20米,23.710352,102.494195,
383,庭柚餐饮,餐饮服务,石屏县,,,异龙镇大瑞城生祠3组,23.706134,102.499963,
383,阿丽餐饮店,餐饮服务,建水县,,,青龙街与朱加段交叉口西北20米,23.558025,102.757075,
383,云南丹味餐饮有限责任公司,公司企业,个旧市,,,个碧临屏铁路公司旧址(西南角),23.364856,103.154430,
383,开远市伊冉餐饮管理有限公司,公司企业,开远市,,,云龙路与团结路交叉口东南80米,23.702357,103.248425,
383,九家餐饮,餐饮服务,开远市,,,兴远北路与灵泉东路交叉口北140米,23.709825,103.271775,
383,红河大鲜门餐饮有限公司,公司企业,开远市,,,强盛路与一行路交叉口西140米,23.715366,103.273794,
383,康氏餐饮服务店,餐饮服务,弥勒市,,,357国道与048乡道交叉口西南280米,24.146525,103.324075,
383,云香居餐饮店,餐饮服务,弥勒市,,,火木龙小学北侧,24.275375,103.360875,
383,上上签火锅餐饮店,餐饮服务,个旧市,,,海风路与建兴街交叉口东南120米,23.404870,103.283065,
383,河韵一米餐饮店,餐饮服务,弥勒市,,,莲花路87号,24.397992,103.410302,
383,弥勒市巷树餐饮吧,餐饮服务,弥勒市,,,弥阳街道梅花温泉社区云南红河投资有限公司沙滩茶室指定联营区域17号,24.406609,103.413778,
383,弥勒市三焱餐饮店,餐饮服务,弥勒市,,,中山路与银杏路交叉口南180米,24.398425,103.419925,
383,骆氏餐饮店,餐饮服务,弥勒市,,,民之源2号门进来,24.408018,103.426316,
383,酒罐小吃餐饮,餐饮服务,弥勒市,,,006乡道与红烟路交叉口东北20米,24.421375,103.431675,
383,满尚餐饮铺,餐饮服务,弥勒市,,,佛城广场10-1-10号,24.403980,103.438275,
383,暖食餐饮铺,餐饮服务,个旧市,,,团山上村菜市场,23.383374,103.331122,
383,弥勒市羊了个羊餐饮馆,餐饮服务,弥勒市,,,弥阳街道城关社区文昌街7-1-2、3号,24.407310,103.441664,
383,康美香餐饮,餐饮服务,弥勒市,,,中以则酒厂东侧120米,24.323225,103.435575,
383,西龙餐饮,餐饮服务,弥勒市,,,双桥路与环城北路交叉口北60米,24.408975,103.447875,
383,开个小灶餐饮店,餐饮服务,弥勒市,,,大高梁地,24.104844,103.415803,
383,赤心餐饮店,餐饮服务,弥勒市,,,304省道与028乡道交叉口北120米,24.330825,103.444725,
383,雷陈小吃服务摊,餐饮服务,蒙自市,,,观澜路与文萃路交叉口东南500米,23.351375,103.377325,
384,贡山怒味鲜饭店,餐饮服务,贡山独龙族怒族自治县,,,傈僳族自治州贡山丙中洛街,28.015557,98.621386,
384,怒江梦达餐饮有限公司,公司企业,泸水市,,,生态园小区安置房1,25.822000,98.847686,
384,泸水市迪哥餐饮店,餐饮服务,泸水市,,,市怒江明珠一期8-9-10-11,25.831685,98.856807,
384,胡嬢嬢餐饮店,餐饮服务,泸水市,,,向阳南路132号,25.840562,98.857814,
384,怒江馨雅缘餐饮管理有限公司,公司企业,泸水市,,,大南茂新建村,25.779015,98.865909,
384,仟佰味餐饮店,餐饮服务,泸水市,,,上江镇大墩子叶子花社区,25.655645,98.879004,
384,倔小驴餐饮店,餐饮服务,兰坪白族普米族自治县,,,文兴社区居委会文兴社区综合楼9号商铺文兴停车场旁文兴停车场大门下来百米,26.421927,99.406733,
384,红芳餐饮海稍鱼店,餐饮服务,兰坪白族普米族自治县,,,金顶镇文兴社区永安村40号,26.419335,99.407871,
384,羊掌柜·阿香婆餐饮,餐饮服务,兰坪白族普米族自治县,,,翠屏街道玉泉社区龙凤小区78号信合小区二期201号商铺,26.461659,99.423916,
384,霖鲜阁餐饮店,餐饮服务,兰坪白族普米族自治县,,,金江路120号,26.451075,99.425195,
384,郡廷蜀香园餐饮店,餐饮服务,兰坪白族普米族自治县,,,翠屏街道,26.474053,99.430519,
384,溪水园民族特色餐饮示范基地,餐饮服务,兰坪白族普米族自治县,,,大龙村小利坪口往左20米,26.439410,99.442463,
385,新平心愿餐饮有限公司,公司企业,新平彝族傣族自治县,,,戛洒大道与吉星路交叉口北120米,24.054903,101.575508,
385,元江县小潘面馆餐饮店,餐饮服务,元江哈尼族彝族傣族自治县,,,元漠路与189乡道交叉口南400米,23.662275,101.872975,
385,新平寨子里餐饮店,餐饮服务,新平彝族傣族自治县,,,锦秀路37号,24.061739,101.987703,
385,元江县福满楼餐饮店,餐饮服务,元江哈尼族彝族傣族自治县,,,福森建材城1号楼,23.593953,101.993335,
385,彝韵红餐饮店,餐饮服务,元江哈尼族彝族傣族自治县,,,甘庄互通与兴华路交叉口东南140米,23.693540,102.002735,
385,传承餐饮,餐饮服务,元江哈尼族彝族傣族自治县,,,凤凰路26号,23.599714,102.003549,
385,甘庄服务区鑫鸿兴,餐饮服务,元江哈尼族彝族傣族自治县,,,甘庄服务区南侧,23.695990,102.018349,
385,甘庄服务区蜀香驿赶路小食,餐饮服务,元江哈尼族彝族傣族自治县,,,甘庄服务区南侧,23.696013,102.018395,
385,易门县录鲤餐饮店,餐饮服务,易门县,,,龙泉街道办事处西环路社区居民委员会南屯湖东路34号,24.678470,102.153028,
385,欧禧膳餐饮店,餐饮服务,易门县,,,迎春小区,24.675907,102.165601,
385,绿玖小吃服务店,餐饮服务,易门县,,,新建路与南园巷交叉口西北100米,24.666225,102.165075,
385,云雨餐饮店,餐饮服务,易门县,,,东环路与龙泉路交叉口南40米,24.670720,102.166905,
385,扬武服务区蜀香驿赶路小食,餐饮服务,新平彝族傣族自治县,,,扬武服务区与G8511昆磨高速交叉口东120米,23.902350,102.143209,
385,新平县仙湖臻味火锅餐饮店,餐饮服务,新平彝族傣族自治县,,,新平互通与G8511昆磨高速交叉口西220米,24.002825,102.181925,
385,峨山县暖阳小吃服务店,餐饮服务,峨山彝族自治县,,,化念镇化念社区柚木小区小花园前美食街11号商铺,24.061107,102.209144,
385,研和服务区蜀香驿赶路小食,餐饮服务,红塔区,,,G8511昆磨高速与研和服务区交叉口西北140米,24.257549,102.483589,
385,研和服务区蜀香驿中式自助餐,餐饮服务,红塔区,,,G8511昆磨高速与研和服务区交叉口东北180米,24.258073,102.485632,
385,云南恒昇餐饮服务有限公司,公司企业,红塔区,,,春明路3号,24.420858,102.524319,
385,龙家餐饮店,餐饮服务,红塔区,,,龚家路与302县道交叉口西南40米,24.326325,102.517975,
385,江太餐饮,餐饮服务,红塔区,,,玉溪市高新区九龙片区智能制造产业园,24.415175,102.531175,
385,玉溪皓穆餐饮管理服务有限公司,餐饮服务,红塔区,,,春和街道春和社区棋盘路(百信超市旁)1号,24.397675,102.529975,
385,素颜食代餐饮店,餐饮服务,红塔区,,,明珠路145号,24.330143,102.526107,
385,红塔区彬彬餐饮店,餐饮服务,红塔区,,,红塔大道11号-36号玉溪好吃街,24.351990,102.530435,
385,江芝餐饮店,餐饮服务,红塔区,,,南祥路51幢2号江芝快餐,24.328125,102.532125,
385,江川私味餐饮店,餐饮服务,红塔区,,,南祥路79号,24.326172,102.534508,
386,啊达乡餐饮小院,餐饮服务,剑川县,,,羊岑乡兴文村委会邑邦村155号附3号,26.477013,99.803211,
386,永平县幺妹餐饮店,餐饮服务,永平县,,,215国道与蒙黄段交叉口西北80米,25.521075,99.742275,
386,西粮库融合餐饮有限公司,公司企业,剑川县,,,千狮山旅游接待中心停车场内,26.532884,99.899874,
386,干饭人餐饮店,餐饮服务,漾濞彝族自治县,,,漾江北路与苍山中路交叉口东340米,25.673647,99.963348,
386,鹤庆县伊纳阁清真餐饮店,餐饮服务,鹤庆县,,,兴鹤路武庙街H栋一层8-9号,26.556424,100.173629,
386,归家餐饮店,餐饮服务,鹤庆县,,,大丽线与016乡道交叉口西北200米,26.552119,100.176283,
386,健哥餐饮,餐饮服务,大理市,,,德馨诊所东北侧180米,25.725725,100.134975,
386,归禾记素食餐饮,餐饮服务,大理市,,,大理镇三文笔村委会2组,25.707320,100.144776,
386,大理市木兰心餐饮店,餐饮服务,大理市,,,大理镇北门街27号大青树生皮对面巷内6米,25.700893,100.157655,
386,傣曼餐饮饭店,餐饮服务,大理市,,,博爱路与一塔路交叉口西北80米,25.687166,100.161370,
386,顶鲜餐饮东北饺子馆,餐饮服务,大理市,,,南门10组,25.685103,100.168190,
386,国豪餐饮店,餐饮服务,大理市,,,021乡道与环海西路交叉口东北60米,25.725125,100.181725,
386,拌卤仙餐饮服务部,餐饮服务,大理市,,,万庆庄70号,25.655862,100.195061,
386,大理市宝水园餐饮服务有限公司,公司企业,大理市,,,下关镇龙泉组团鹤拓路383-2号商铺,25.595902,100.207918,
386,二麦餐饮店,餐饮服务,大理市,,,太和街道荷花社区居民委员会一组兴隆村194号二楼,25.600361,100.211726,
386,蒸鸿餐饮店,餐饮服务,大理市,,,嘉士伯大道与雪人路交叉口西40米,25.598941,100.214647,
386,大理市多亮餐饮店,餐饮服务,大理市,,,雪人路与嘉士伯大道交叉口北80米,25.599525,100.214825,
386,鸿耀餐饮,餐饮服务,大理市,,,幸福路23号幸福路23号院2号楼,25.580975,100.216475,
386,周公哺餐饮店,餐饮服务,大理市,,,太和街道北城天街B5号周公哺餐饮店,25.609800,100.220340,
386,萧扬餐饮管理(大理市)有限公司,公司企业,大理市,,,下关街道福星村委会七社83号,25.565828,100.216668,
386,藏胞餐饮店,餐饮服务,大理市,,,人民南路16号,25.575335,100.221311,
386,禧笼汇餐饮店,餐饮服务,大理市,,,蓝色星空电脑旁20米,25.602590,100.225225,
386,成都市台盖餐饮管理有限公司大理爱琴海分公司,公司企业,大理市,,,爱琴海购物公园,25.609233,100.226576,
386,大理市鼎寰餐饮管理有限公司,公司企业,大理市,,,鸡足山路与兴盛北路交叉口西南60米,25.609769,100.227530,
386,开臣餐饮文化传播有限公司,公司企业,大理市,,,规划一号线与兴盛北路交叉口西南120米,25.601657,100.227819,
387,梵宿雪景酒店-餐饮部,餐饮服务,德钦县,,,梅里雪山国家公园雾浓顶东侧470米,28.444475,98.916175,
387,聚源丰餐饮店,餐饮服务,维西傈僳族自治县,,,保和镇红杉路林业小区岔路口对面巷子,27.171731,99.297731,
387,福泽园餐饮,餐饮服务,维西傈僳族自治县,,,塔城中心完小南侧120米,27.603375,99.404725,
387,穆穆小吃服务店,餐饮服务,香格里拉市,,,214国道与215国道交叉口北160米,28.016325,99.539175,
387,有滋有味餐饮店,餐饮服务,香格里拉市,,,建塘镇火车站6栋9号,27.808746,99.688352,
387,青率百吃餐饮店,餐饮服务,香格里拉市,,,金沙路北侧25号,27.829568,99.701037,
387,牛千碗餐饮,餐饮服务,香格里拉市,,,步行街与仓房街交叉口北40米,27.812752,99.705167,
387,友珍小吃服务店,餐饮服务,香格里拉市,,,卡卓巷1号,27.814224,99.705513,
387,线太爷餐饮铺古城店,餐饮服务,香格里拉市,,,步行街与团结路交叉口南60米,27.814478,99.705570,
387,正宗潮轩餐饮店港粤茶点,餐饮服务,香格里拉市,,,建塘镇长征路东侧日月星辰19栋104号,27.826475,99.707549,
387,嘟嘟餐饮店,餐饮服务,香格里拉市,,,滨河南路与祥祜巷交叉口东40米,27.831902,99.708215,
387,云樵记餐饮店,餐饮服务,香格里拉市,,,建塘镇独客宗古城金龙街东廊34号,27.808347,99.706253,
387,香格里拉市九州百味餐饮发展有限公司,公司企业,香格里拉市,,,"日月星辰27栋1号,2号",27.826596,99.707953,
387,香格里拉市瑞膳福餐饮服务有限公司,公司企业,香格里拉市,,,日月星辰27栋,27.826526,99.707971,
387,大尚餐饮(神泉巷店),餐饮服务,香格里拉市,,,日月星城,27.826039,99.708245,
387,非我莫蜀餐饮,餐饮服务,香格里拉市,,,览廊与纳举廊交叉口南20米,27.807575,99.708084,
387,大强餐饮,餐饮服务,香格里拉市,,,建塘路与香巴拉大道交叉口西40米,27.821625,99.709825,
387,香格里拉朗嘉岭餐饮有限公司,公司企业,香格里拉市,,,环城南路47号,27.802115,99.708431,
387,许小咩餐饮,餐饮服务,香格里拉市,,,康定路26号,27.836938,99.711954,
387,锅然是你餐饮店,餐饮服务,香格里拉市,,,香巴拉大道东侧与昌聪巷交叉口南60米,27.815830,99.710186,
387,屋香满灶餐饮店,餐饮服务,香格里拉市,,,心中日月车友之家民宿西南门东310米,27.807176,99.711075,
387,聚火餐饮店,餐饮服务,香格里拉市,,,仁安路与强杰塘路交叉口东20米,27.825681,99.712931,
387,腊骨坊火锅餐饮店,餐饮服务,香格里拉市,,,建塘镇建塘路建塘居民二组20号,27.821525,99.712725,
387,鸿萱餐饮管理有限责任公司,公司企业,香格里拉市,,,林卡街与格咱路交叉口西北140米,27.831475,99.713925,
387,蕃色黑陶土锅鸡餐饮,餐饮服务,香格里拉市,,,龙潭北路18号,27.816940,99.713983,
388,鼎凤合荷餐饮店,餐饮服务,腾冲市,,,市荷花乡肖庄街,24.973294,98.395196,
388,阿艳餐饮店,餐饮服务,腾冲市,,,荷花派出所东北侧70米,24.967675,98.394925,
388,恒平餐饮店,餐饮服务,腾冲市,,,固东镇河头村村民委员会固东街桃李路中段B-8号,25.345195,98.484029,
388,农家风味餐饮店,餐饮服务,腾冲市,,,马站派出所西北侧120米,25.209458,98.481486,
388,枫吟音乐餐饮坊,餐饮服务,腾冲市,,,西源街道宝峰社区居民委员会核桃园7号,25.059609,98.472808,
388,零号小吃服务铺,餐饮服务,腾冲市,,,西源街道融合社区居民委员会公租房主街道集装箱2栋1号商铺,25.046577,98.477736,
388,大富翁老火锅餐饮店,餐饮服务,腾冲市,,,西源街道融和社区锦绣雅苑小区2号9栋105铺面,25.047887,98.478654,
388,新食代餐饮,餐饮服务,腾冲市,,,观音堂社区松原小区266号,25.036960,98.479389,
388,腾冲市一只鸡餐饮店,餐饮服务,腾冲市,,,腾越路与光华路交叉口北160米,25.033525,98.488325,
388,桐馨餐饮店,餐饮服务,腾冲市,,,凤翅路与宝翠路交叉口西南80米,25.026775,98.488275,
388,小谢家餐饮,餐饮服务,腾冲市,,,市腾越镇山源社区居民委员会来凤小区102号附2号,25.017817,98.488800,
388,岩东餐饮店,餐饮服务,腾冲市,,,腾越街道上绮罗社区居民委员会融群小区新华书店仓库内2号,25.002560,98.488291,
388,福荣餐饮农家院,餐饮服务,腾冲市,,,市上绮罗社区双坡小区103号,25.008800,98.491274,
388,豪嚼餐饮店,餐饮服务,腾冲市,,,近月楼小区,25.021525,98.495675,
388,腾冲市雨林舂韵小吃服务店,餐饮服务,腾冲市,,,腾越街道秀峰社区顺城小区,25.026114,98.496203,
388,老邓餐饮店,餐饮服务,腾冲市,,,腾冲民航大厦东侧140米,24.997075,98.494525,
388,龙续蜀餐饮管理有限公司,公司企业,腾冲市,,,翡翠路与泰安街交叉口南80米,25.016058,98.495914,
388,赵姐餐饮,餐饮服务,腾冲市,,,观音塘社区陈家巷小区87号,25.045083,98.498626,
388,翠仁餐饮店,餐饮服务,腾冲市,,,右所街与凤山路交叉口东南80米,25.025975,98.497325,
388,继芳餐饮店(美域中央店),餐饮服务,腾冲市,,,华严三小区美域中央10栋103室,25.014825,98.497127,
388,幸荟餐饮店,餐饮服务,腾冲市,,,西源街道金源社区小罗绮坪99号,25.067122,98.501011,
388,荷花红餐饮馆,餐饮服务,腾冲市,,,腾越街道满邑社区居民委员会华园二小区126号,25.011895,98.497957,
388,邓秀餐饮,餐饮服务,腾冲市,,,东方路与元吉街交叉口东北120米,25.022934,98.502309,
388,奕琪餐饮店,餐饮服务,腾冲市,,,东方路与火山路交叉口西南140米,25.023642,98.502912,
388,腾冲映象3栋李铭餐饮店,餐饮服务,腾冲市,,,腾冲映象3栋李铭餐饮,25.032309,98.506945,
389,龙蟠服务区餐厅,餐饮服务,玉龙纳西族自治县,,,龙蟠服务区东侧,27.123063,100.074976,
389,丽江星荣餐饮管理有限公司,公司企业,古城区,,,宣科庄园西北侧260米,26.869875,100.190475,
389,齐贤阁餐饮店,餐饮服务,玉龙纳西族自治县,,,丰源·雪山墅西南侧280米,26.823769,100.196488,
389,云南菜园子餐饮管理有限公司,公司企业,古城区,,,祥和街道尚义片区西部客运站内4号楼,26.867945,100.204872,
389,木屿·废墟餐厅,餐饮服务,古城区,,,丽江乙立建筑有限公司东南门东北140米,26.918933,100.210658,
389,东福园餐饮店,餐饮服务,玉龙纳西族自治县,,,白沙镇新善村委会新善村二组37号,26.966827,100.216366,
389,丽江乙华餐饮管理有限公司,公司企业,玉龙纳西族自治县,,,文华段与青龙南路交叉口西南360米,26.840225,100.207425,
389,菌王府(丽江),餐饮服务,玉龙纳西族自治县,,,菌王府餐饮有限公司,26.949304,100.218573,
389,丽江众可餐饮管理有限公司,公司企业,玉龙纳西族自治县,,,嘉乐村121号东南侧240米,26.852775,100.210175,
389,古城区森悦坊餐饮店,餐饮服务,古城区,,,[],26.867163,100.211831,
389,老芊爸妈餐饮店,餐饮服务,玉龙纳西族自治县,,,[],26.959847,100.222191,
389,云南藏香记餐饮管理有限公司,公司企业,古城区,,,西安街道办事处象山居委会象山市场内4-1商铺,26.887604,100.225310,
389,云南汤米叔叔餐饮管理有限公司,公司企业,古城区,,,福星路与云岭段云岭巷交叉口西北220米,26.881725,100.225575,
389,云南优源牧心餐饮管理有限公司,公司企业,玉龙纳西族自治县,,,白华段金龙村22号,26.846351,100.222644,
389,晓珍餐饮店,餐饮服务,古城区,,,七星街与步行街交叉口东南60米,26.873966,100.225546,
389,谷语闲庭餐饮店,餐饮服务,玉龙纳西族自治县,,,中心坊,26.828611,100.221437,
389,瑞晨餐饮,餐饮服务,古城区,,,金凯广场西门西南50米,26.865775,100.224875,
389,云南星河亭餐饮有限公司丽江分公司,公司企业,古城区,,,福星街117号2楼,26.878913,100.227128,
389,易见古城餐饮管理有限公司,公司企业,古城区,,,西安街道办事处金甲居委会民主路锦天国际花苑北区35号,26.868175,100.226925,
389,米当家餐饮店,餐饮服务,古城区,,,玉福东路与花马街交叉口东140米,26.885875,100.229175,
389,凯吉餐饮,餐饮服务,古城区,,,福慧路618号丽江国际购物广场,26.876775,100.229525,
389,海鹿餐饮,餐饮服务,古城区,,,祥和街道彩云街现云段66号云胡家园南苑一幢108号,26.845252,100.228102,
389,鼎源居餐饮店,餐饮服务,古城区,,,天吉居西门北50米,26.857652,100.230211,
389,简阳市海捞餐饮管理有限公司,公司企业,古城区,,,祥和商业广场,26.853425,100.230175,
389,玉龙甘海子小吃餐饮店,餐饮服务,玉龙纳西族自治县,,,玉龙雪山医疗急救中心东南侧200米,27.100663,100.255436,
390,勐海勐遮香宰福来餐饮店,餐饮服务,勐海县,,,勐遮镇曼勐养村委会曼广小组,21.938701,100.222766,
390,小巷香融合餐饮店,餐饮服务,勐海县,,,勐遮镇商业广场2栋08号,21.984983,100.266862,
390,一锅倾城餐饮店,餐饮服务,勐海县,,,009乡道与K09县道交叉口西300米,22.182075,100.327975,
390,勐海县街中小吃服务馆,餐饮服务,勐海县,,,沙河小镇水街一期,21.959475,100.435775,
390,艺莲早晚餐饮店,餐饮服务,勐海县,,,普洱茶大厦,21.961666,100.438222,
390,福家缘餐饮馆,餐饮服务,勐海县,,,勐往乡人民政府西南侧130米,22.382825,100.470075,
390,玉点捞餐饮,餐饮服务,勐海县,,,浩宇二期24栋2-13玉点捞餐饮,21.961096,100.439613,
390,林胡冲餐饮店,餐饮服务,勐海县,,,龙港·金沙河畔,21.965728,100.440766,
390,亮厨餐饮店,餐饮服务,勐海县,,,嘎海路24号,21.957213,100.442146,
390,勐海味中味餐饮店,餐饮服务,勐海县,,,七彩大道与黎明路交叉口东北140米,21.956475,100.445875,
390,阿棒餐饮店,餐饮服务,勐海县,,,景兴路与雨林大道交叉口东60米,21.974275,100.449225,
390,勐海县清兰餐饮店,餐饮服务,勐海县,,,象山新街89号,21.962482,100.448554,
390,大象小象融合餐饮店,餐饮服务,勐海县,,,老街156号,21.963825,100.451232,
390,罕滇渝餐饮店,餐饮服务,勐海县,,,兴园路与景竜路交叉口东北360米,21.961225,100.456775,
390,勐海县心意餐饮店,餐饮服务,勐海县,,,景管路67号,21.954795,100.462278,
390,勐海县普氏餐饮,餐饮服务,勐海县,,,勐海八公里门诊部西南侧160米,21.990725,100.489325,
390,漫途餐饮吧,餐饮服务,勐海县,,,漫途徒步户外活动东南侧,22.062875,100.557575,
390,帕婉傣家宴餐饮店,餐饮服务,景洪市,,,雨林路与主题公园路交叉口西300米,22.030825,100.733775,
390,曼沙李记餐饮店,餐饮服务,景洪市,,,曼沙路与073乡道交叉口西北320米,22.040784,100.742576,
390,景洪快赞餐饮店,餐饮服务,景洪市,,,嘎栋工业园区义乌商城背后17号,22.023453,100.748510,
390,味暖家厨餐饮店,餐饮服务,景洪市,,,棕榈路与新城东路交叉口西南80米,22.023025,100.761025,
390,湘美华餐饮,餐饮服务,景洪市,,,雨林源筑一期,21.945525,100.758025,
390,炒大侠餐饮店,餐饮服务,景洪市,,,黎都一品3栋外商115号,21.987104,100.776759,
390,西双版纳兄弟客运汽车有限公司,公司企业,景洪市,,,勐泐非遗小寨餐饮店东侧,21.971325,100.778275,
390,傣景·金湾傣味餐饮,餐饮服务,景洪市,,,曼贡村民小组11号路A36号,21.970083,100.790088,
391,楚雄市茹意小吃服务店,餐饮服务,楚雄市,,,大三线,25.003845,101.053479,
391,姚安繁花里餐饮有限责任公司,公司企业,姚安县,,,光禄镇繁花里玫瑰庄园,25.586788,101.206291,
391,姚安服务区滇食坊,餐饮服务,姚安县,,,G5621昆楚大高速与姚安服务区交叉口西240米,25.475643,101.241460,
391,南华县龙川镇好运农庄餐饮部,体育休闲服务,南华县,,,龙川镇徐营村委会撒马场杨梅山,25.168614,101.256451,
391,锦苑花园酒店餐饮中心,餐饮服务,大姚县,,,环城北路与白塔路交叉口东220米,25.732525,101.322175,
391,四海烧烤餐饮店,餐饮服务,南华县,,,龙城大道与滨河路交叉口东180米,25.198775,101.273925,
391,温馨园餐饮店,餐饮服务,南华县,,,仁和园三院东南门东南50米,25.195525,101.278975,
391,胖小胖餐饮店,餐饮服务,南华县,,,龙川镇龙泉社区居民委员会纪家村二组,25.194883,101.281058,
391,雨露华味小吃餐饮店,餐饮服务,南华县,,,012乡道与河牛线交叉口东南260米,25.090875,101.282275,
391,云南福源堂餐饮管理有限公司,公司企业,楚雄市,,,东瓜镇兴隆街1号,25.075566,101.502329,
391,永泉餐饮店,餐饮服务,楚雄市,,,上章村安置小区东南3门西南80米,25.065908,101.516552,
391,乐福味餐饮店,餐饮服务,牟定县,,,化湖南路公租房小区,25.319284,101.542095,
391,岳记牛汤锅餐饮店,餐饮服务,楚雄市,,,源江路与东盛西路交叉口西南60米,25.067350,101.518249,
391,德宏景德傣手抓饭餐饮店,餐饮服务,楚雄市,,,山脚小区2栋3号,25.067423,101.519268,
391,简饭餐饮店,餐饮服务,楚雄市,,,德运南街与车坪路交叉口东南60米,25.056975,101.518425,
391,尝香忆餐饮(田黎屯小区店),餐饮服务,楚雄市,,,东瓜镇井家小区田黎屯方源街56号,25.045459,101.523975,
391,云南晟阳餐饮服务有限公司,公司企业,楚雄市,,,车坪屯拆迁安置小区15栋7号,25.059853,101.525484,
391,恋味餐饮,餐饮服务,楚雄市,,,东瓜镇孙家屯小区25栋9号,25.057252,101.525407,
391,楚雄高新区醉大侠餐饮店,餐饮服务,楚雄市,,,丰胜路522-558号,25.045954,101.525312,
391,楚雄市小家家餐饮店,餐饮服务,楚雄市,,,龙江路与鹿城西路交叉口东北20米,25.038275,101.539625,
391,双粮餐饮,餐饮服务,楚雄市,,,鹿城尚府s3-11号,25.032183,101.540461,
391,楚雄市卖鱼侠餐饮店(昆百大·楚悦广场店),餐饮服务,楚雄市,,,中大街436号昆百大·楚悦广场,25.032990,101.541915,
391,新新旺餐饮店,餐饮服务,楚雄市,,,文联街与鹿城南路交叉口西南20米,25.032025,101.545525,
391,阿萍餐饮店(上海小馄饨),餐饮服务,楚雄市,,,中大街与和瑞巷交叉口西60米,25.034923,101.548722,
391,伊亲阁餐饮店,餐饮服务,楚雄市,,,固业路375号,25.018513,101.548251,
392,富民天滋味餐饮有限公司,餐饮服务,富民县,,,[],25.346984,102.647878,
392,万逸之家(西山风景区店),生活服务,西山区,,,西山风景花街闲巷1号附1号(西山公园地铁站A口旁),24.983875,102.618657,
392,云南紫园餐饮有限公司,公司企业,西山区,,,碧鸡镇高峣村冷水塘1号高蒋段西50米,24.979910,102.626462,
392,流连往返餐饮店,餐饮服务,五华区,,,黑林铺街道办事处龙院三组商铺4幢7号,25.087520,102.651509,
392,万逸之家(玉龙广场店),购物服务,西山区,,,碧鸡路2999融创滇池后海项目SY-KM-122号,25.014513,102.649143,
392,万逸之家(云时代广场店),购物服务,五华区,,,普吉街道科普路中铁云时代广场3栋113号,25.086932,102.659859,
392,万逸之家(海世界店),生活服务,西山区,,,碧鸡路2999融创滇池后海项目SY-KM-050号,25.015506,102.652924,
392,昆明未来餐饮有限公司,公司企业,西山区,,,马街张峰社区居委会中峰一组兴苑路156号,25.034375,102.655375,
392,万逸之家(海埂大坝店),购物服务,西山区,,,滇池度假区观景路2号滇池旅游体验馆B区B07号,24.982975,102.650917,
392,万逸之家(云时代2店),购物服务,五华区,,,王筇路,25.087112,102.662111,
392,万逸之家(海豚湾店),购物服务,五华区,,,普吉街道办事处御辰商务中心一期2幢1层132、133号,25.081440,102.662516,
392,云南逸丰餐饮管理有限公司,公司企业,五华区,,,小屯路与陈家营路交叉口北120米,25.093093,102.665030,
392,万逸之家(高美云安店),购物服务,西山区,,,高美云安商住小区19号,25.041305,102.665371,
392,万逸之家(摩根道2店),购物服务,西山区,,,摩根道金成财郡商业中心7栋111号,25.000772,102.668115,
392,云南诚祥餐饮服务有限公司,公司企业,五华区,,,普吉路21号附4号,25.063465,102.674999,
392,云南景程餐饮服务有限公司,公司企业,五华区,,,普吉69号9栋(小屯地铁站B口步行430米),25.068808,102.675975,
392,谷德满满餐饮管理(昆明)有限公司,公司企业,五华区,,,丰云财富广场东北门西280米,25.063125,102.678225,
392,万逸之家(中央金座店),购物服务,西山区,,,滇池路4公里杨家社区中央金座2幢第一层122号,25.007134,102.675422,
392,赵孃孃锅边洋芋,餐饮服务,西山区,,,太河社区五组引摊入市西1号,24.976787,102.673819,
392,万逸之家(米轨公园店),购物服务,五华区,,,米轨特色集市A-94号,25.052621,102.682674,
392,云南靖晨园餐饮管理有限公司,公司企业,五华区,,,虹山东路与苏家塘路交叉口西南160米,25.060503,102.687719,
392,万逸之家(博泰城店),生活服务,西山区,,,棕树营街道办事处博悦城项目二期商业项目六栋一层10号,25.042529,102.687318,
392,万逸之家(滇池时代银鹏商厦店),购物服务,西山区,,,滇池路390号(福海地铁站A口步行120米),25.011451,102.684761,
392,万逸之家(玫瑰天街二店),购物服务,西山区,,,广福路玫瑰天街1层102号,24.993277,102.685160,
392,万逸之家(云大医院店),生活服务,五华区,,,昆明医科大学第一附属医院(西昌路院区)2号住院楼1楼,25.043692,102.694012,
393,兴盟香餐饮店,餐饮服务,西盟佤族自治县,,,兴盟路与云海路交叉口东60米,22.646309,99.593023,
393,孟连川蜀串串火锅餐饮店,餐饮服务,孟连傣族拉祜族佤族自治县,,,白象街与建设路交叉口东南160米,22.325425,99.585552,
393,西盟县云飘飘餐饮店,餐饮服务,西盟佤族自治县,,,勐梭大寨总佛寺(东北角),22.634075,99.612675,
393,西盟红石榴餐饮文化有限公司,餐饮服务,西盟佤族自治县,,,勐梭镇勐梭村委会勐梭小寨,22.630946,99.613063,
393,遇见餐饮吧,餐饮服务,澜沧拉祜族自治县,,,宝来宾馆东南侧,22.717175,99.804175,
393,澜沧县奇意餐饮店,餐饮服务,澜沧拉祜族自治县,,,仙人洞路与214国道交叉口西南400米,22.710375,99.806275,
393,澜沧县新鑫轩餐饮店,餐饮服务,澜沧拉祜族自治县,,,酒谭小院北侧50米,22.580025,99.914425,
393,澜沧何新富餐饮店,餐饮服务,澜沧拉祜族自治县,,,环城路1-7幢,22.557789,99.916880,
393,澜沧海吃海喝餐饮店,餐饮服务,澜沧拉祜族自治县,,,天丰公寓二期,22.553534,99.922015,
393,澜沧县请多关赵餐饮店,餐饮服务,澜沧拉祜族自治县,,,勐朗镇金福湾A区143、144号店铺,22.552612,99.934648,
393,合三餐饮,餐饮服务,澜沧拉祜族自治县,,,老景洪路,22.548027,99.935866,
393,澜沧康峰源餐饮店,餐饮服务,澜沧拉祜族自治县,,,建设路561号,22.562470,99.940040,
393,澜沧有间破院餐饮店,餐饮服务,澜沧拉祜族自治县,,,依山庭院内,22.542296,99.942154,
393,早尚好餐饮店,餐饮服务,澜沧拉祜族自治县,,,068乡道,22.143475,100.015475,
393,惠食佳餐饮,餐饮服务,澜沧拉祜族自治县,,,惠民客运站南门西70米,22.258779,100.078739,
393,庆龙餐饮娱乐,餐饮服务,澜沧拉祜族自治县,,,009乡道与新城段交叉口西北140米,22.901425,100.172375,
393,碧安张保餐饮店,餐饮服务,景谷傣族彝族自治县,,,安乐村公路与勐班弹石路段交叉口南20米,23.105524,100.359900,
393,鑫华渡餐饮,餐饮服务,景谷傣族彝族自治县,,,钟碧公路与白银渡公路交叉口西南80米,23.064975,100.440375,
393,荣莲餐饮店,餐饮服务,景东彝族自治县,,,J24县道与095乡道交叉口西南380米,24.290825,100.541925,
393,小富婆餐饮,餐饮服务,思茅区,,,普洱晓丰宾馆东北侧180米,22.576975,100.534825,
393,兴哥餐饮店,餐饮服务,景东彝族自治县,,,215国道与009乡道交叉口东南160米,24.641375,100.732275,
393,老饶家餐饮店,餐饮服务,景谷傣族彝族自治县,,,323国道与永安路交叉口东60米,23.494525,100.704225,
393,三餐来餐饮店,餐饮服务,景谷傣族彝族自治县,,,222省道与勐班路交叉口东北60米,23.497275,100.707725,
393,宜宾燃面鲜拌面餐饮馆,餐饮服务,景谷傣族彝族自治县,,,滨江花园负1层107号,23.501222,100.708276,
393,德福餐饮店,餐饮服务,景谷傣族彝族自治县,,,222省道与滨河西路交叉口西120米,23.505025,100.710125,
394,有欢餐饮店,餐饮服务,陇川县,,,荣昌路与芒拉路交叉口西南40米,24.192693,97.744549,
394,香遇餐饮店,餐饮服务,陇川县,,,麓川合院西侧360米,24.197352,97.792209,
394,刀上飞烤吧餐饮,餐饮服务,陇川县,,,章凤镇荣昌路20号,24.167710,97.796280,
394,酒倌浪人餐饮店,餐饮服务,瑞丽市,,,翰宏服饰有限公司东北侧150米,23.985325,97.808175,
394,旭赢餐饮食材供应链,公司企业,瑞丽市,,,大别综合农贸市场,23.978700,97.832004,
394,瑞丽市罕蔓餐饮店,餐饮服务,瑞丽市,,,古城商业B区18栋104号铺面,23.981475,97.842575,
394,仟亨餐饮店,餐饮服务,瑞丽市,,,五缘玉城三期,24.030356,97.848656,
394,老地方新疆烧烤牛羊肉汤锅,餐饮服务,瑞丽市,,,翡翠路57湖,24.003924,97.847394,
394,瑞丽市食野餐饮店,餐饮服务,瑞丽市,,,勐卯街道办事处翡翠路6号附1号一楼2号铺面,24.002199,97.848220,
394,久炫餐饮,餐饮服务,瑞丽市,,,瑞兴路7号附3号,24.003653,97.852192,
394,鑫赢餐饮,餐饮服务,瑞丽市,,,德安智慧公寓西南侧50米,23.986875,97.851875,
394,博艺广告营销策划有限责任公司,公司企业,瑞丽市,,,广母路77号,23.993481,97.853455,
394,凌滇餐饮店,餐饮服务,瑞丽市,,,新安路与新光路交叉口南80米,24.004558,97.856134,
394,颂谷餐饮,餐饮服务,瑞丽市,,,新安路与新光路交叉口东南120米,24.004275,97.856575,
394,钧榕餐饮店,餐饮服务,瑞丽市,,,556国道与麓川路交叉口西南140米,23.990825,97.856475,
394,颠豫餐饮店(郑州烩面),餐饮服务,瑞丽市,,,勐卯街道办事处瑞江路边城街路口10-1号1层3号,24.010922,97.857822,
394,也健餐饮店,餐饮服务,瑞丽市,,,瑞京路36号,24.017729,97.858524,
394,瑞丽市乔锦小吃餐饮店,餐饮服务,瑞丽市,,,中渠巷与兴安路交叉口东南160米,23.997275,97.860775,
394,新疆西域马兰特色餐饮,餐饮服务,瑞丽市,,,广母路20号,24.002169,97.865647,
394,芒市盈黎餐饮管理有限公司瑞丽分公司,公司企业,瑞丽市,,,姐岗路与文蚌路交叉口东南80米,23.995138,97.871085,
394,久味餐饮店,餐饮服务,瑞丽市,,,广母路与金泉路交叉口南280米,24.002825,97.872625,
394,立东餐饮店,餐饮服务,瑞丽市,,,金泉路与556国道交叉口西40米,24.004375,97.874875,
394,盈江县湘府餐饮管理有限公司,公司企业,盈江县,,,318省道与友缘巷交叉口东南20米,24.717265,97.919768,
394,苏粤餐饮,餐饮服务,瑞丽市,,,姐岗路与瑞丽大道交叉口东南480米,23.990175,97.876725,
394,二村小吃服务店,餐饮服务,盈江县,,,永盛路与弄等巷交叉口西120米,24.708325,97.922375,
395,宋姐餐饮店,餐饮服务,砚山县,,,平车段与010乡道交叉口西100米,23.748825,103.749325,
395,苗大姐餐饮店,餐饮服务,文山市,,,味正香清真小吃北侧,23.473316,103.953905,
395,梅林餐饮店,餐饮服务,马关县,,,浪健段与竹阳线交叉口南500米,23.083880,103.992142,
395,众爱餐饮店,餐饮服务,丘北县,,,太合水逸小区,24.048052,104.158635,
395,鱼痴鱼醉餐饮店,餐饮服务,丘北县,,,家园路170号,24.049669,104.174464,
395,三棵松餐饮管理有限公司,公司企业,丘北县,,,青峰路与茶饮街交叉口东340米,24.048408,104.182699,
395,云海火锅餐饮店,餐饮服务,丘北县,,,206省道,24.333894,104.313100,
395,文山市桑柠私宴餐饮店,餐饮服务,文山市,,,西华路与开化北路交叉口东420米,23.382467,104.211876,
395,洁月餐饮店,餐饮服务,文山市,,,开化北路与金石路交叉口西南40米,23.377325,104.223125,
395,兴顾餐饮店,餐饮服务,文山市,,,石海路与钟灵小区中路交叉口东南180米,23.371848,104.228024,
395,朝前钱餐饮店,餐饮服务,文山市,,,普阳西路与新闻三路交叉口东北360米,23.382825,104.247175,
395,云南时光餐饮服务有限公司,公司企业,文山市,,,炬隆·万商汇,23.364225,104.247025,
395,餐忆鲜餐饮店,餐饮服务,文山市,,,开化街道开化中路77号,23.360825,104.249775,
395,口口余香餐饮,餐饮服务,文山市,,,349县道与北郊路交叉口南320米,23.377775,104.252075,
395,文山市巅峰餐饮店,餐饮服务,文山市,,,腾龙北路与团田路交叉口东南260米,23.338175,104.261825,
395,文山壮家晓厨娘餐饮管理有限公司,公司企业,文山市,,,风清街与金泰路交叉口南140米,23.356525,104.266375,
395,饭点到餐饮店,餐饮服务,文山市,,,福源堂中医诊所东侧130米,23.332225,104.265375,
395,小梁餐饮,餐饮服务,文山市,,,文山安康诊所西南侧60米,23.347325,104.274075,
395,文山市谷尔粮餐饮店,餐饮服务,文山市,,,073乡道,23.324525,104.309475,
395,钰轩餐饮,餐饮服务,砚山县,,,嘉禾路85号,23.612442,104.342293,
395,沈记状元餐饮铺,餐饮服务,砚山县,,,兴城大道与兴城路交叉口南120米,23.618438,104.344065,
395,巷子里餐饮,餐饮服务,马关县,,,林海路与信合路交叉口东北200米,23.015875,104.399975,
395,浅尝餐饮,餐饮服务,麻栗坡县,,,望京路与磨柏段交叉口西南380米,23.153825,104.683675,
395,世春餐饮,餐饮服务,麻栗坡县,,,麻栗坡线一佳商贸有限公司东北侧150米,23.150716,104.730446,
395,八布思味餐饮店,餐饮服务,麻栗坡县,,,345县道与振兴路交叉口北20米,23.237548,104.888456,
396,镇康县南伞好味来餐饮店,餐饮服务,镇康县,,,新城社区居民委员会玉石街商住楼6幢7号一楼租房,23.755941,98.825320,
396,商祺餐饮,餐饮服务,耿马傣族佤族自治县,,,孟定镇清水河村民委员会西侧110米,23.479356,98.838267,
396,麟懿餐饮店,餐饮服务,沧源佤族自治县,,,芒卡镇芒岗村民委员会北侧,23.486175,98.909875,
396,新由餐饮店,餐饮服务,镇康县,,,勐捧镇人民政府南侧,24.059825,98.974075,
396,泰酷辣孟定集合服务店,餐饮服务,耿马傣族佤族自治县,,,孟定镇中缅街小河边206-207号,23.552929,99.081259,
396,坎家姐妹餐饮店,餐饮服务,耿马傣族佤族自治县,,,孟定镇罕宏村委会新寨路口斜对面,23.565488,99.105627,
396,暖洋洋餐饮店,餐饮服务,永德县,,,小勐统镇茶马之苑23幢5号,24.206282,99.286178,
396,顿顿爽餐饮店,餐饮服务,沧源佤族自治县,,,勐董镇勐董社区源湖路2号第2间门面,23.142674,99.242728,
396,沧源县惊蛰餐饮吧,餐饮服务,沧源佤族自治县,,,摸你黑广场4-1-8铺面醉江南酒吧楼下叶嘎小吃旁,23.139398,99.247432,
396,景江餐饮店,餐饮服务,沧源佤族自治县,,,314省道与广允路交叉口东400米,23.151475,99.253375,
396,鹏琳餐饮店,餐饮服务,沧源佤族自治县,,,勐董镇煜恒C区9-2-110商铺,23.150196,99.254571,
396,哎叶小吃服务店,餐饮服务,沧源佤族自治县,,,费达新村9栋1号,23.144979,99.257138,
396,兵甜餐饮店,餐饮服务,永德县,,,施孟路与羊勐线交叉口东60米,24.086327,99.374521,
396,云享餐饮店,餐饮服务,永德县,,,羊勐线与施孟路交叉口东北80米,24.086775,99.374825,
396,永德县御源餐饮服务有限责任公司,公司企业,永德县,,,云聚物流(永康营业部)北侧,24.116934,99.379524,
396,食芬香餐饮店,餐饮服务,永德县,,,永康街头农业银行对面第一家,24.109885,99.384587,
396,一品鲜餐饮店,餐饮服务,耿马傣族佤族自治县,,,吉祥路与团结路交叉口西20米,23.542835,99.396595,
396,耿马零肆捌捌餐饮店,餐饮服务,耿马傣族佤族自治县,,,芒片湿地公园沙滩对面,23.520612,99.399686,
396,多多餐饮,餐饮服务,耿马傣族佤族自治县,,,建设路与景戈商业步行街交叉口西北100米,23.533077,99.404704,
396,栖迟•傣院•花园餐饮店,餐饮服务,耿马傣族佤族自治县,,,耿马镇职业教育中心东南侧,23.548536,99.405931,
396,曼琳傣院餐饮店,餐饮服务,永德县,,,永康镇勐底村,24.195406,99.459437,
396,耿马县海稍鱼餐饮店,餐饮服务,耿马傣族佤族自治县,,,导航路与景戈路交叉口北20米,23.531115,99.410795,
396,沧源县吃不停小吃服务店,餐饮服务,沧源佤族自治县,,,南永段,23.195111,99.410291,
396,清真沧源县小轮餐饮园,餐饮服务,沧源佤族自治县,,,批粮段,23.347474,99.424980,
396,月姐餐饮店,餐饮服务,永德县,,,永班段与班放段交叉口东南20米,24.019575,99.478775,
