city_id,name,description,address,category,score,price,open_time,latitude,longitude,image_url
1,隋唐城遗址植物园,洛龙区,王城大道281号,风景名胜,,,,34.635398,112.448335,
1,洛阳博物馆,洛龙区,聂泰路6号,科教文化服务,,,,34.643323,112.451541,
1,体育公园,洛龙区,开元大道(体育中心地铁站A1口步行260米),风景名胜,,,,34.620466,112.435579,
1,关林景区,洛龙区,关林镇关林南街2号,风景名胜,,,,34.607419,112.483366,
1,神都十三坊,洛龙区,古城路辅路与龙门大道辅路交叉口东南220米,风景名胜,,,,34.629233,112.474474,
1,定鼎门南广场,洛龙区,龙门大道436号,风景名胜,,,,34.629784,112.466927,
1,隋唐洛阳城国家遗址公园,西工区,定鼎路与中州路交汇处(应天门地铁站C2口步行220米),风景名胜,,,,34.679369,112.460318,
1,从政坊游园,洛龙区,永通门里坊展示路,风景名胜,,,,34.634196,112.457846,
1,龙门石窟,洛龙区,龙门中街13号,风景名胜,,,,34.558782,112.477463,
1,洛阳大河荟,洛龙区,金城寨街与通衢路交叉口东南200米,风景名胜,,,,34.593370,112.450074,
1,洛邑古城,老城区,九都东路与柳林街交叉口北侧,风景名胜,,,,34.680541,112.485027,
1,洛浦公园,洛龙区,豫博路1号,风景名胜,,,,34.632690,112.423453,
1,应天门,老城区,定鼎南路23号,风景名胜,,,,34.676011,112.460886,
1,文博体育公园,洛龙区,滨河南路(文博园地铁站A口步行310米),风景名胜,,,,34.644295,112.443892,
1,开元湖健康主题公园,洛龙区,开元大道与长兴街交叉口西南100米,风景名胜,,,,34.617594,112.457309,
1,关林庙,洛龙区,关林东路与新九街交叉口西北200米,风景名胜,,,,34.607602,112.483496,
1,梦神都,洛龙区,古城路辅路与龙门大道辅路交叉口东南220米,风景名胜,,,,34.630172,112.474738,
1,王城公园,西工区,中州中路312号,风景名胜,,,,34.666822,112.421575,
1,洛阳城市阳台,西工区,御博路与滨河北路交叉口东北260米,风景名胜,,,,34.661150,112.450160,
1,洛阳龙门海洋馆,洛龙区,龙门大道782号,风景名胜,,,,34.591869,112.474132,
1,兴洛湖公园,洛龙区,兴洛西街与关林路交叉口东南200米,风景名胜,,,,34.603179,112.455214,
1,隋唐洛阳城应天门遗址博物馆,老城区,定鼎南路23号,科教文化服务,,,,34.675990,112.460805,
1,丽景门景区,老城区,西门口街与金业路交叉口东,风景名胜,,,,34.680899,112.471252,
1,隋唐洛阳城九洲池遗址,西工区,唐宫中路与宫隅路交叉口西150米,风景名胜,,,,34.681749,112.453774,
1,明堂天堂景区,老城区,唐宫路毛线市场对面(应天门地铁站C2口步行200米),风景名胜,,,,34.680653,112.459829,
2,沙澧河风景区,郾城区,沙北路附近,风景名胜,,,,33.579558,114.021809,
2,神州鸟园,源汇区,泰山路南段,风景名胜,,,,33.547351,114.019897,
2,沙澧河风景区-红枫广场,郾城区,沙澧河风景区红枫广场(黄山路南),风景名胜,,,,33.578860,114.020851,
2,漯河市人民公园,源汇区,马路街街道交通路502号,风景名胜,,,,33.564923,114.039775,
2,漯河彩虹桥,源汇区,泰山北路与滨河路交叉口北60米,风景名胜,,,,33.577498,114.024924,
2,漯河海洋馆,源汇区,嵩山路与连江路交叉口鲁明嵩山学府东南110米,风景名胜,,,,33.544785,114.016427,
2,漯湾古镇,源汇区,柳江西路与五台山南路交汇处附近,风景名胜,,,,33.553195,113.954631,
2,许慎文化园,召陵区,龙江路与中山路交叉口东800米路北,风景名胜,,,,33.610394,114.099771,
2,漯河市博物馆,源汇区,月湾湖东路与九龙山路交叉口,科教文化服务,,,,33.566382,113.974360,
2,双汇广场,源汇区,文化路与建设路交叉口,风景名胜,,,,33.566183,114.035138,
2,江南园,郾城区,郾襄路95号沙河北岸高铁桥东200米,风景名胜,,,,33.596488,113.965883,
2,河上街运动神兽,源汇区,泰山南路银江路交叉口往南100米路西,风景名胜,,,,33.544447,114.022194,
2,神州鸟园-河上街古镇,源汇区,泰山路南段(神州鸟园附近),风景名胜,,,,33.548579,114.022463,
2,沙澧公园,源汇区,干河陈街道嵩山路708号,风景名胜,,,,33.563701,114.004287,
2,烟厂花园,召陵区,解放路402号,风景名胜,,,,33.564544,114.049918,
2,东方明珠,召陵区,桐柏山路与滦河路交叉口西北角,商务住宅,,,,33.590063,114.084200,
2,远香塘,郾城区,沙北路沙澧河风景区内(西侧),风景名胜,,,,33.581355,113.993337,
2,镇河铁牛,郾城区,黄河西路1297号,风景名胜,,,,33.584290,113.986043,
2,漯河市烈士陵园,郾城区,龙塔街道黄河路1022号,生活服务,,,,33.582496,114.001510,
2,金沙滩公园,郾城区,黄河路,风景名胜,,,,33.582641,114.032792,
2,沙澧河风景区-休息亭,郾城区,沙北路与天山路交叉口西南20米,生活服务,,,,33.578933,114.017655,
2,梨园春公园,郾城区,黄河路沙澧河风景区梨园春公园,风景名胜,,,,33.581129,114.027784,
2,小南湖湿地公园,源汇区,宝塔山路与嘉陵江路交叉口西270米路北,风景名胜,,,,33.564157,113.975448,
2,漯河市动物园,源汇区,漯河市人民公园内(东北角),风景名胜,,,,33.565528,114.040444,
2,城隍庙,郾城区,黄河路1303号,风景名胜,,,,33.585470,113.986081,
3,白河国家城市湿地公园,宛城区,滨河东路与建设东路交叉口东,风景名胜,,,,33.002049,112.586578,
3,南阳府衙,宛城区,民主街100号,风景名胜,,,,32.993625,112.537179,
3,南阳市博物馆,宛城区,白河街道鼎盛大道369号,科教文化服务,,,,32.992975,112.602032,
3,医圣祠,宛城区,医圣祠街88号,风景名胜,,,,32.999441,112.554242,
3,申伯公园,宛城区,申伯大道与汉冶东路交叉口西北260米,风景名胜,,,,33.013881,112.573376,
3,南阳世界月季大观园,宛城区,白桐干渠与月季大道交叉口,风景名胜,,,,32.996049,112.637207,
3,南阳月季公园,宛城区,孔明北路1263号,风景名胜,,,,33.029600,112.602361,
3,南阳独山森林公园,卧龙区,七里园乡靖宇路北部,风景名胜,,,,33.059521,112.582973,
3,南阳世界月季大观园西园,宛城区,南阳世界月季大观园,风景名胜,,,,33.000341,112.624201,
3,南阳市海洋乐园,宛城区,李宁体育馆西门左侧,风景名胜,,,,33.034047,112.612425,
3,南阳卧龙岗景区,卧龙区,卧龙路766号,风景名胜,,,,32.975546,112.506184,
3,南阳市如意湖公园,宛城区,光武东路与孔明南路交叉口西北150米,风景名胜,,,,33.008985,112.585353,
3,中国月季园,卧龙区,孔明(诸葛亮)北路独山月季园,风景名胜,,,,33.064410,112.607811,
3,花境公园,宛城区,光武大道与宝天曼路交叉口白河国家城市湿地公园(三馆一院西),风景名胜,,,,32.999613,112.599367,
3,泮池公园,宛城区,长江北路,风景名胜,,,,32.994548,112.615058,
3,南阳市解放广场,宛城区,仲景南路,风景名胜,,,,32.990065,112.552376,
3,龙泉园,宛城区,校场路与明山路交叉口西280米,风景名胜,,,,32.990032,112.555366,
3,医圣文化园,宛城区,建设东路99号,风景名胜,,,,33.002373,112.554839,
3,张仲景博物院(医圣祠),宛城区,医圣祠街7号,科教文化服务,,,,33.001192,112.554867,
3,南阳卧龙岗武侯祠,卧龙区,卧龙路766号,风景名胜,,,,32.979396,112.507196,
3,张衡游园,卧龙区,张衡东路1270号,风景名胜,,,,33.018385,112.587857,
3,东方水上元宇宙,宛城区,仲景街道滨河大道和关帝庙路交叉口往东220米,风景名胜,,,,32.988943,112.576648,
3,明月轩广场,宛城区,白河湿地公园景区广场,风景名胜,,,,32.988272,112.553201,
3,丽华公园,宛城区,白河之滨、南阳大桥西头、万政大帝苑东侧,风景名胜,,,,33.018692,112.609202,
3,玄妙观,卧龙区,靖宇路独山玉国家矿山公园独山风景区,风景名胜,,,,33.050227,112.583365,
4,羊山森林植物园,平桥区,北环路与新六大街交叉口东南840米,风景名胜,,,,32.155614,114.094338,
4,百花园,平桥区,新五大道,风景名胜,,,,32.144189,114.091061,
4,信阳博物馆,平桥区,前进街道羊山新区百花中路,科教文化服务,,,,32.145387,114.087412,
4,浉河公园,浉河区,解放路(申城大道路口),风景名胜,,,,32.118968,114.067950,
4,龙都海洋馆,浉河区,金牛路99号,风景名胜,,,,32.153916,114.062320,
4,羊山新区北湖风景区,平桥区,新六大街最北端北湖江南风景区,风景名胜,,,,32.193904,114.092616,
4,南湾湖风景旅游区,浉河区,南湖大街188号,风景名胜,,,,32.125469,114.004627,
4,羊山公园,平桥区,龙飞山街道新二十四大街与吉祥路交叉口西北350米,风景名胜,,,,32.131287,114.124374,
4,悦合欢乐世界,平桥区,新区大道阳光城阳光里街区6号楼6101-6108号,风景名胜,,,,32.138796,114.099245,
4,北湖沙滩,平桥区,北湖郊野公园(一期)西侧200米,风景名胜,,,,32.186735,114.083140,
4,茗阳阁,浉河区,茶韵路1号,风景名胜,,,,32.123992,114.041793,
4,万家灯火城市广场,浉河区,民权街与礼节路交叉口西北80米,商务住宅,,,,32.125029,114.080309,
4,奥林匹克公园,浉河区,南湾街道南湾街道南湾街道南湾街道南湾街道南湖路,风景名胜,,,,32.138286,114.023731,
4,金牛文化公园,浉河区,国道312号,风景名胜,,,,32.171931,114.051541,
4,红军广场,浉河区,北京路198号,风景名胜,,,,32.145405,114.062144,
4,贤山,浉河区,湖东办事处贤山村,风景名胜,,,,32.113991,114.040010,
4,震雷山风景区,平桥区,震雷山街道平南大道中段,风景名胜,,,,32.071410,114.145699,
4,文新茶村,浉河区,浉河港镇白龙潭村,风景名胜,,,,32.013989,113.918430,
4,贤隐寺,浉河区,湖东大道,风景名胜,,,,32.110144,114.042189,
4,星宿川沙滩营地,浉河区,游河乡山淮村星宿川露营基地018号,体育休闲服务,,,,32.259177,113.930819,
4,琵琶台公园,浉河区,浉河北路与琴桥交叉口,风景名胜,,,,32.086178,114.114615,
4,豪德天伦广场,浉河区,107国道,风景名胜,,,,32.123031,114.055506,
4,绿廊松鼠主题乐园,平桥区,新五大道37号,体育休闲服务,,,,32.144197,114.115390,
4,灵龙湖旅游区,浉河区,东双河镇杜河村,风景名胜,,,,31.991372,114.155779,
4,人民体育广场(北京大街),浉河区,北京路,风景名胜,,,,32.126375,114.069421,
5,戚城考古遗址公园,华龙区,京开路南段134号,风景名胜,,,,35.752292,115.032006,
5,濮阳博物馆,华龙区,黄河路与开州路交汇处东北角(文化艺术中心内),科教文化服务,,,,35.773432,115.027206,
5,濮水公园,华龙区,濮上中路与胜利西路交汇处,风景名胜,,,,35.764553,115.009321,
5,濮上园旅游度假区,华龙区,皇甫路街道黄河路西段(近绿色庄园),风景名胜,,,,35.781415,114.952606,
5,东湖广场,华龙区,卫都大街与鹿城路交叉口东北100米,风景名胜,,,,35.800566,115.055556,
5,龙栖岛,华龙区,黄河西路260号,风景名胜,,,,35.779815,114.959438,
5,中原绿色庄园,华龙区,黄河路西段,风景名胜,,,,35.778809,114.967695,
5,东湖沙滩景区,华龙区,东湖北岸,风景名胜,,,,35.808206,115.061952,
5,蝴蝶岛,华龙区,龙湖东湖沙滩浴场(西南角),风景名胜,,,,35.807982,115.061513,
5,颐和广场,华龙区,振兴路与中原路交汇处东南角,风景名胜,,,,35.778780,115.033410,
5,三角公园,华龙区,人民路濮水公园南侧约50米,风景名胜,,,,35.762896,115.008842,
5,濮水小镇,濮阳县,濮渠路与新南环交汇处东北角,风景名胜,,,,35.678303,115.024971,
5,梅园,华龙区,政和路216号,商务住宅,,,,35.778362,115.013175,
5,西湖公园,华龙区,濮上路与卫都大街交叉口西北角,风景名胜,,,,35.802950,115.009461,
5,龙山公园,华龙区,澶州大街,风景名胜,,,,35.818653,115.033783,
5,南里商文化广场,华龙区,商桥路与五一中路交叉口北20米,风景名胜,,,,35.785072,115.056141,
5,东湖,华龙区,卫都大街与鹿城路交叉口西北400米,风景名胜,,,,35.803404,115.053002,
5,濮阳县奥林匹克运动公园,濮阳县,铁丘路,风景名胜,,,,35.725430,115.014034,
5,新蕾公园,华龙区,中原东路任丘路411号,风景名胜,,,,35.773831,115.083761,
5,挥公园,濮阳县,挥公大道中段,风景名胜,,,,35.693795,115.034323,
5,濮阳风筝广场,华龙区,北环路58号,风景名胜,,,,35.804593,115.065734,
5,挥公陵园,濮阳县,挥公大道中段挥公园内(北侧),风景名胜,,,,35.696708,115.034362,
5,四牌楼,濮阳县,南街与和平西路交叉口,风景名胜,,,,35.704010,115.016250,
5,龙碑,濮阳县,濮上南路附近,风景名胜,,,,35.699486,115.003591,
5,濮阳世纪森林公园,华龙区,世纪森林公园(中原东路南),风景名胜,,,,35.779555,115.051238,
6,黄河公园,湖滨区,天鹅湖旅游度假区,风景名胜,,,,34.794874,111.202324,
6,天鹅湖国家城市湿地公园,陕州区,南大街8号,风景名胜,,,,34.778713,111.148097,
6,三门峡虢国博物馆,湖滨区,湖滨街道六峰北路三门峡中海国际商业文化广场对面,科教文化服务,,,,34.785877,111.210547,
6,三门峡天鹅湖旅游度假区,陕州区,陕州大道天鹅湖景区南门,风景名胜,,,,34.766936,111.138541,
6,人民公园,湖滨区,崤山路市中心医院对面,风景名胜,,,,34.779360,111.190905,
6,三门峡市人民公园-动物园,湖滨区,三门峡市人民公园内(东侧),风景名胜,,,,34.778989,111.192152,
6,三门峡涧河公园儿童主题公园,湖滨区,六峰路与仰韶大道交叉口东北角,风景名胜,,,,34.767967,111.187983,
6,三门峡庙底沟博物馆,湖滨区,召公西路与迎宾大道交叉口东北200米,科教文化服务,,,,34.772560,111.159601,
6,三门峡大坝风景区,湖滨区,王大路,风景名胜,,,,34.827747,111.344163,
6,陕州地坑院,陕州区,张汴乡北营村,风景名胜,,,,34.689911,111.138520,
6,三门峡涧河体育公园,湖滨区,陕州大道,风景名胜,,,,34.760156,111.207573,
6,陕州风景区,湖滨区,崤山路西段,风景名胜,,,,34.794890,111.153573,
6,湖滨广场,湖滨区,黄河路,风景名胜,,,,34.780177,111.199954,
6,明珠广场,湖滨区,广场南路与迎宾大道交叉口东200米,风景名胜,,,,34.766818,111.159664,
6,月季园,湖滨区,涧河公园儿童主题公园,风景名胜,,,,34.769648,111.184632,
6,三门峡博物馆,湖滨区,太阳路,科教文化服务,,,,34.792946,111.152089,
6,茅津古渡(会兴渡口),湖滨区,009乡道东50米,交通设施服务,,,,34.788977,111.216358,
6,庙底沟考古遗址公园,湖滨区,陕州大道与甘棠路交叉口西南角,风景名胜,,,,34.771281,111.163006,
6,河南省崤函非物质文化遗产展示馆,湖滨区,文明路西区38号楼,科教文化服务,,,,34.774835,111.200961,
6,南山广场,湖滨区,南山公园山顶,风景名胜,,,,34.757860,111.191091,
6,黄河公园-芦荡烟雨,湖滨区,黄河公园内(东侧),风景名胜,,,,34.795681,111.209117,
6,宝轮寺塔,湖滨区,南大街与太阳路交叉口东南120米,风景名胜,,,,34.790680,111.154910,
6,运动公园,湖滨区,三门峡经济开发区五源路西,风景名胜,,,,34.781399,111.163494,
6,天鹅湖国家城市湿地公园-召公岛,陕州区,310国道附近天鹅湖景区内,风景名胜,,,,34.779523,111.138916,
6,天鹅湖国家城市湿地公园-三河广场,陕州区,南大街8号天鹅湖国家城市湿地公园内(西侧),风景名胜,,,,34.780017,111.137916,
7,黄河小浪底风景区,济源市,245省道,风景名胜,,,,34.921085,112.400491,
7,王屋山景区,济源市,王屋镇愚公村,风景名胜,,,,35.142047,112.271132,
7,黄河三峡景区,济源市,下冶镇黄河三峡景区内,风景名胜,,,,35.059889,112.141783,
7,五龙口风景区,济源市,208国道与二广高速交汇处,风景名胜,,,,35.188663,112.679566,
7,小沟背银河峡景区,济源市,邵原镇小沟背村,风景名胜,,,,35.243663,112.173445,
7,小沟背,济源市,邵原镇西北部晋豫交界的邵原镇境内,风景名胜,,,,35.253117,112.175129,
7,磨石洞,济源市,[],风景名胜,,,,35.017037,112.521078,
7,济水之源文化旅游区·济渎庙,济源市,济渎大街1396号,风景名胜,,,,35.108663,112.582315,
7,黄河三峡-龙凤峡,济源市,下冶镇黄河三峡景区黄河三峡内,风景名胜,,,,35.014243,112.176127,
7,黄河三峡-龙凤峡观景台,济源市,黄河三峡-龙凤峡,风景名胜,,,,35.017592,112.167635,
7,阳台宫,济源市,王屋镇愚公村王屋山风景名胜区,风景名胜,,,,35.148804,112.274694,
7,黄河三峡-野猪林漂流,济源市,下冶镇黄河三峡景区,体育休闲服务,,,,35.069620,112.134521,
7,王屋老街,济源市,王屋镇愚公村王屋山景区,风景名胜,,,,35.143957,112.269692,
7,济水之源文化旅游区·龙泉湖,济源市,济渎大街1202号,风景名胜,,,,35.109046,112.588032,
7,下冶镇陶山村元宝山观景台,济源市,王坡村,风景名胜,,,,35.020081,112.157450,
7,济水之源文化旅游区·牡丹园,济源市,S243(北环路),风景名胜,,,,35.114167,112.605257,
7,那些年小镇旅游度假区,济源市,思礼镇郑坪村,风景名胜,,,,35.185752,112.435658,
7,河口村水库,济源市,河口学校北侧约148米,风景名胜,,,,35.194524,112.655512,
7,南山森林公园,济源市,S28(长济高速),风景名胜,,,,35.033246,112.482970,
7,古轵公园,济源市,沁园南路666号,风景名胜,,,,35.056180,112.597998,
7,玉阳山景区,济源市,承留镇,风景名胜,,,,35.116907,112.445841,
7,黄河三峡-三峡之巅观景台,济源市,下冶镇黄河三峡景区凤凰山游线,风景名胜,,,,35.036383,112.144683,
7,蟒河公园,济源市,东二环与济源大道交叉口东北角,风景名胜,,,,35.074167,112.649004,
7,盘谷寺,济源市,五龙口风景区内(西侧),风景名胜,,,,35.192903,112.629731,
7,济源植物园,济源市,西环路,风景名胜,,,,35.112821,112.554961,
8,曹魏古城,魏都区,东大街道春秋广场南大街,风景名胜,,,,34.028188,113.827909,
8,许昌市博物馆,魏都区,许都路与赵湾路交叉口西北角,科教文化服务,,,,34.032061,113.852427,
8,许都公园,魏都区,建安大道(市政府对面),风景名胜,,,,34.033901,113.850857,
8,曹丞相府,魏都区,衙前街北端,风景名胜,,,,34.031544,113.827452,
8,西湖公园,魏都区,西大街468号,风景名胜,,,,34.032090,113.822466,
8,春秋广场,魏都区,曹魏古城内(南侧),风景名胜,,,,34.023584,113.828106,
8,春秋楼景区,魏都区,文庙前街春秋广场,风景名胜,,,,34.025814,113.828194,
8,许昌海洋馆,魏都区,许昌科技广场东北角,风景名胜,,,,34.050185,113.850510,
8,许都广场,魏都区,许都公园,风景名胜,,,,34.034197,113.850789,
8,中央公园,魏都区,万通街与青梅路交叉口东北220米,风景名胜,,,,34.072973,113.848524,
8,东湖游园,魏都区,莲城大道,风景名胜,,,,34.032533,113.865914,
8,灞陵桥景区,魏都区,许继大道西段2781号,风景名胜,,,,34.020829,113.784981,
8,秋湖湿地公园,建安区,新兴东路与京港澳高速交汇处东南,风景名胜,,,,34.017556,113.907772,
8,嗨想玩游乐场,魏都区,建设路与察院西街东20米路北550号,体育休闲服务,,,,34.022216,113.831794,
8,瑞贝卡水世界,建安区,新兴路东段秋湖湿地公园内(西侧),体育休闲服务,,,,34.016528,113.903387,
8,许昌烈士陵园,魏都区,长青街118号,生活服务,,,,34.027470,113.840834,
8,双龙湖,魏都区,延安南路清泥河,风景名胜,,,,33.998214,113.796970,
8,北海公园,建安区,人民政府南邻,风景名胜,,,,34.115671,113.825606,
8,春秋楼文庙遗址,魏都区,曹魏古城,风景名胜,,,,34.025746,113.828242,
8,帝豪游园,魏都区,颍昌路555号,风景名胜,,,,34.025487,113.811755,
8,再见三国,魏都区,北环西路,风景名胜,,,,34.057215,113.815602,
8,花之都星空露营基地,魏都区,高桥营街道劳动路66号,体育休闲服务,,,,34.084949,113.816084,
8,中央公园芙蓉广场,建安区,中央公园,风景名胜,,,,34.085184,113.847884,
8,许昌科技广场-科技之星,魏都区,许昌科技广场内(南侧),风景名胜,,,,34.047877,113.849833,
8,灞陵公园,魏都区,许继大道西段,风景名胜,,,,34.022133,113.786076,
9,龙源湖公园,山阳区,丰收中路,风景名胜,,,,35.205771,113.259995,
9,人民公园,解放区,太行路与民主中路交叉路口东南方向,风景名胜,,,,35.248467,113.235098,
9,南水北调·天河公园,解放区,政一街与天河北路交叉口东南角,风景名胜,,,,35.219850,113.238063,
9,东方红广场,山阳区,步行街与广场西街交叉口东120米,风景名胜,,,,35.244556,113.244399,
9,龙源湖国际广场,山阳区,长恩路1288号,商务住宅,,,,35.204630,113.270376,
9,焦作影视城,解放区,普济路北端,风景名胜,,,,35.267424,113.208207,
9,国家方志馆南水北调分馆,解放区,普济路与天河南路交叉口西南260米,风景名胜,,,,35.212352,113.216413,
9,焦作市博物馆,山阳区,建设中路72号,科教文化服务,,,,35.237178,113.250351,
9,焦作市大沙河生态公园,山阳区,金沙路,风景名胜,,,,35.167149,113.280334,
9,人民广场,解放区,人民路,风景名胜,,,,35.213834,113.242347,
9,圆融无碍禅寺,修武县,西村乡当阳峪古瓷窑遗址西北处,风景名胜,,,,35.274395,113.238226,
9,焦作森林动物园,解放区,牧野路,风景名胜,,,,35.224561,113.191531,
9,缝山公园,解放区,塔北路与影视路交叉口西100米,风景名胜,,,,35.263960,113.236151,
9,焦作市沁泉湖公园,山阳区,世纪路和民主南路交叉口西北角,风景名胜,,,,35.180529,113.238136,
9,391文化创意园,山阳区,丰收路金山·东方花园南园西侧,商务住宅,,,,35.212459,113.290936,
9,焦作盆景园,山阳区,光亚街道工业路纺织厂家属院100号楼盆景公园,风景名胜,,,,35.233106,113.258738,
9,南太行花海,解放区,影视大道,风景名胜,,,,35.264482,113.221125,
9,青龙峡景区峰林峡,修武县,西村乡双庙村焦作云台山风景名胜区内(西侧),风景名胜,,,,35.374993,113.194212,
9,焦作大沙河沙滩,山阳区,迎宾路,风景名胜,,,,35.163337,113.251161,
9,青天河风景区,博爱县,寨豁乡青南路,风景名胜,,,,35.341171,113.010419,
9,承享欢乐世界,山阳区,山阳路与影视路交叉口东1600米,体育休闲服务,,,,35.274404,113.274498,
9,太行盆景园,山阳区,迎宾路与黄河大道交叉口正西路北,风景名胜,,,,35.158592,113.249505,
9,焦作云台山风景名胜区,修武县,七贤镇红绿灯东南角,风景名胜,,,,35.421124,113.428178,
9,净影风景区,修武县,西村乡影寺村,风景名胜,,,,35.399184,113.181957,
9,青龙峡景区,修武县,西村乡裴庄,风景名胜,,,,35.413502,113.241402,
10,清明上河园,龙亭区,大兴街道,风景名胜,,,,34.809044,114.340685,
10,万岁山武侠城,龙亭区,东京大道中段(近开封大学),风景名胜,,,,34.819966,114.351800,
10,宋都皇城旅游度假区,龙亭区,龙亭北路23号,风景名胜,,,,34.811216,114.353760,
10,开封府,鼓楼区,州桥街道延庆街7号,风景名胜,,,,34.789726,114.346500,
10,大宋汴河,鼓楼区,迎宾路与包公湖北路交叉口南40米,风景名胜,,,,34.791468,114.343091,
10,包公祠,鼓楼区,向阳路1号,风景名胜,,,,34.792935,114.339110,
10,金明广场,龙亭区,金明大道,风景名胜,,,,34.802394,114.302951,
10,汴梁小宋城,龙亭区,大梁路西段208号(小吃街区擂台东侧),风景名胜,,,,34.803281,114.310757,
10,大梁门,龙亭区,内顺城路与西门大街交叉口,风景名胜,,,,34.800708,114.334029,
10,皇宋大观文化园,龙亭区,晋安路,风景名胜,,,,34.797240,114.325421,
10,中国翰园碑林,龙亭区,龙亭北路15号,风景名胜,,,,34.809920,114.344712,
10,开封市鼓楼广场-鼓楼,鼓楼区,清平街道寺后街23号,风景名胜,,,,34.793931,114.355936,
10,龙亭景区,龙亭区,龙亭北路,风景名胜,,,,34.811187,114.351130,
10,大相国寺,鼓楼区,自由路西段36号,风景名胜,,,,34.791769,114.354678,
10,天波杨府,龙亭区,龙亭北路14号,风景名胜,,,,34.810734,114.347433,
10,汴河游船,龙亭区,大宋汴河,风景名胜,,,,34.807615,114.344842,
10,开封城墙,龙亭区,西门大街198号(大梁门里向北10米路西),风景名胜,,,,34.818781,114.349518,
10,包公湖,鼓楼区,向阳路1号包公祠内,风景名胜,,,,34.790634,114.342790,
10,金明池遗址,龙亭区,龙亭区经济开发区郑开大道东1号,风景名胜,,,,34.799715,114.300948,
10,铁塔景区,顺河回族区,北门大街210号,风景名胜,,,,34.816081,114.369748,
10,开封博物馆,龙亭区,六大街与郑开大道交叉口,科教文化服务,,,,34.803533,114.253818,
10,开封市城乡一体示范区健康主题公园,龙亭区,开封经济开发区晋安路165号晋安广场,风景名胜,,,,34.796875,114.310237,
10,开封银滩,龙亭区,新城街道附一大街与安顺路交叉口东南180米,风景名胜,,,,34.811096,114.277800,
10,大宋校场,龙亭区,龙亭西路5号清明上河园(东北角),风景名胜,,,,34.811572,114.342940,
10,汴河游船-包公祠码头,鼓楼区,向阳路包公祠御河码头,风景名胜,,,,34.792036,114.338333,
11,商字,睢阳区,神火大道与南京路交汇处,风景名胜,,,,34.407267,115.653091,
11,商丘古城,睢阳区,中山大街,风景名胜,,,,34.381246,115.616259,
11,帝和广场,睢阳区,[],商务住宅,,,,34.418642,115.653446,
11,商丘日月湖景区,睢阳区,中州路与鸿宾路交叉口,风景名胜,,,,34.372556,115.674557,
11,运河公园,睢阳区,文化路与昌盛路交叉口南100米,风景名胜,,,,34.422434,115.664783,
11,商丘人民公园,梁园区,东风街道光复路,风景名胜,,,,34.457865,115.665064,
11,商丘火神台景区,睢阳区,平原路,风景名胜,,,,34.364786,115.592224,
11,商丘人民公园-商丘市动物园,梁园区,园林路光复街69号,风景名胜,,,,34.457552,115.662655,
11,商都公园,睢阳区,南京路与凯旋路交叉口西北角,风景名胜,,,,34.410982,115.625665,
11,商丘华夏游乐园,睢阳区,华夏路与应天路交汇处西南角,风景名胜,,,,34.368477,115.637040,
11,商丘好人主题公园,睢阳区,日月湖景区,风景名胜,,,,34.377219,115.673919,
11,三局公园,梁园区,平原路建设路交叉口西南角,风景名胜,,,,34.460467,115.623956,
11,中心广场,梁园区,民主路与凯旋路交汇处,风景名胜,,,,34.440808,115.649885,
11,商丘古城-应天书院,睢阳区,环城南路,风景名胜,,,,34.370673,115.620104,
11,商丘古城-月老公园,睢阳区,中山大街商丘古城内(东侧),风景名胜,,,,34.379380,115.630246,
11,欢乐谷水上乐园,睢阳区,平原南路火神台对面,体育休闲服务,,,,34.369234,115.590405,
11,月老祠,睢阳区,月老公园大门北500米,风景名胜,,,,34.382964,115.631036,
11,商丘古城北关牌坊,睢阳区,北海路与中山大街交叉口,风景名胜,,,,34.392603,115.624181,
11,商丘清凉寺,梁园区,清凉寺村,风景名胜,,,,34.444806,115.571561,
11,帝和公园,睢阳区,长江路,风景名胜,,,,34.414200,115.639761,
11,商丘观音寺,梁园区,民主西路,风景名胜,,,,34.442798,115.620854,
11,商丘古城-龙岫山景区,睢阳区,大阁北街252号,风景名胜,,,,34.391312,115.612873,
11,商丘海洋馆,梁园区,光复路商丘人民公园(西侧),风景名胜,,,,34.459384,115.662015,
11,毛主席雕像,梁园区,中心广场(东北角),风景名胜,,,,34.441101,115.650358,
11,商丘古城西关牌坊,睢阳区,平原路与西关街交叉口向东商丘古城西门,风景名胜,,,,34.384789,115.602949,
12,天中广场,驿城区,通达路爱家会展公寓2号楼,风景名胜,,,,33.009896,114.022945,
12,极致水世界,驿城区,乐山大道与郎陵路交汇处东北角,体育休闲服务,,,,33.041533,114.019834,
12,驻马店市博物馆,驿城区,开源办事处天中广场南侧,科教文化服务,,,,33.007541,114.024077,
12,皇家驿站,驿城区,天中山大道与玉兰路交叉口向西500米,风景名胜,,,,32.934523,114.003722,
12,开源公园,驿城区,开源大道与驿城大道交叉口(春江铭都对面),风景名胜,,,,33.003741,113.991737,
12,儿童公园,驿城区,西园街道西园街道西园街道西园街道西园街道交通路与骏马路交叉路口40,风景名胜,,,,32.982164,114.023850,
12,南海公园,驿城区,[],风景名胜,,,,32.968062,114.047065,
12,富强公园,驿城区,富强路与开源大道交叉口东北侧,风景名胜,,,,33.014789,114.039905,
12,驻马店老乐山风景区,确山县,瓦岗镇,风景名胜,,,,32.850851,113.915547,
12,移动文化广场,驿城区,乐山路,风景名胜,,,,33.000455,114.028689,
12,人民公园沉水廊道,驿城区,古吕路与复兴路交叉口北360米,风景名胜,,,,33.037413,114.007172,
12,三秋醋博园,驿城区,水屯镇三秋工业园,风景名胜,,,,32.968801,114.103119,
12,香山天池,驿城区,香山杨楼,风景名胜,,,,32.923041,113.982289,
12,杨靖宇将军纪念馆,驿城区,白桥南路靖宇大道,风景名胜,,,,32.910131,114.032481,
12,奇幻森林,驿城区,洪河大道西段,体育休闲服务,,,,33.024223,113.980269,
12,靖宇广场,驿城区,乐山大道与中华大道交叉口东北160米,风景名胜,,,,32.972540,114.034596,
12,盘古园,驿城区,纬一路与107国道交叉口,风景名胜,,,,33.016117,114.022552,
12,滨河公园,驿城区,滨河东路,风景名胜,,,,32.939525,114.071766,
12,光明游园,驿城区,金雀路165号,风景名胜,,,,32.998669,114.022104,
12,人民公园百花盛景园,驿城区,文明大道与创业大道交叉口南480米,风景名胜,,,,33.044127,114.009881,
12,金顶山风景区,驿城区,蚁蜂镇,风景名胜,,,,32.855208,113.833735,
12,玄都宫,驿城区,[],风景名胜,,,,32.869156,113.920012,
12,嵖岈山风景区,遂平县,嵖岈山镇遂嵖路,风景名胜,,,,33.121004,113.736914,
12,玄都宫寨,驿城区,玄都宫内,风景名胜,,,,32.875547,113.913366,
12,梁祝游园,驿城区,乐山路开源路东南角,风景名胜,,,,33.010529,114.026968,
13,中国文字博物馆,北关区,人民大道东段656号,科教文化服务,,,,36.114085,114.393740,
13,安阳博物馆,文峰区,文明大道东段436号,科教文化服务,,,,36.091261,114.392426,
13,易园,文峰区,中华路北段1号,风景名胜,,,,36.103218,114.392692,
13,人民公园,文峰区,紫薇大道街道灯塔路431号,风景名胜,,,,36.104007,114.367921,
13,东区市民文化广场,文峰区,文峰大道中华路交叉口东南角,风景名胜,,,,36.093468,114.392442,
13,殷墟博物馆,殷都区,纺织路与纱厂路交叉口,科教文化服务,,,,36.120550,114.330309,
13,殷墟宫殿宗庙遗址,殷都区,殷墟路北段,风景名胜,,,,36.121667,114.324686,
13,安阳天宁寺,文峰区,文峰北街,风景名胜,,,,36.098060,114.349539,
13,安阳天宁寺-文峰塔,文峰区,文峰南路1号,风景名胜,,,,36.098178,114.349473,
13,仓巷街,文峰区,甜水井街道甜水井街道甜水井街道仓巷街与后仓街交叉口西160米,风景名胜,,,,36.099081,114.357053,
13,迎宾公园,北关区,文峰大道与光明路交叉口东400米,风景名胜,,,,36.097294,114.419614,
13,海绵公园,文峰区,中华路文昌大道交叉口东200米,风景名胜,,,,36.073193,114.392419,
13,洹园,北关区,彰德路北段270号,风景名胜,,,,36.114050,114.343863,
13,安阳古城,文峰区,县前街与马号街交叉口北120米,风景名胜,,,,36.095935,114.357151,
13,纱厂1903·BUBUPARK,殷都区,纱厂路33号,风景名胜,,,,36.120474,114.337360,
13,袁林,北关区,胜利路南段同德医院西100米,风景名胜,,,,36.126119,114.354336,
13,玉皇庙,文峰区,东关街道东工路,风景名胜,,,,36.094364,114.372440,
13,文博园,北关区,盘庚街86号,商务住宅,,,,36.123548,114.368012,
13,后营喷泉,文峰区,东风路金都瑞园东南侧约120米,风景名胜,,,,36.058519,114.364293,
13,安阳五一广场,文峰区,中华路与文明大道交叉口东南60米,风景名胜,,,,36.089250,114.389880,
13,魁星阁,文峰区,头二三街道文明大道与东风路交叉口西北角,风景名胜,,,,36.090810,114.363682,
13,银杏仙子转盘,文峰区,东风路与海河大道交汇处,风景名胜,,,,36.065754,114.363925,
13,洪河湿地公园,文峰区,平原路与长江大道交叉口西南角,风景名胜,,,,36.046073,114.373323,
13,钟楼,文峰区,西钟楼巷西钟楼巷1号,风景名胜,,,,36.099820,114.353784,
13,安阳玄鸟,文峰区,文昌大道与彰德路交叉口西100米,风景名胜,,,,36.072103,114.344839,
14,淇河森林公园,淇滨区,淇水大道与湘江路交叉口西80米,风景名胜,,,,35.724430,114.271147,
14,淇河金沙滩,淇滨区,淇水大道,风景名胜,,,,35.718182,114.270966,
14,马踏飞燕雕塑,淇滨区,泰山路97号附近,风景名胜,,,,35.750171,114.313670,
14,鹤壁市体育公园,淇滨区,闽江路鹤壁职业技术学院(新校区),风景名胜,,,,35.709855,114.289069,
14,淇澳翠境园,淇滨区,淇水大道与敬亭山路交叉口西南180米,风景名胜,,,,35.681132,114.270368,
14,中国鹤壁朝歌文化园,淇滨区,淇水大道西150米,风景名胜,,,,35.676030,114.276172,
14,鹿台阁,淇滨区,淇澳翠境园(东南角),风景名胜,,,,35.679021,114.273578,
14,桃园公园,淇滨区,兴鹤大街与朝歌路交叉口,风景名胜,,,,35.709168,114.294254,
14,许沟百草园,淇滨区,淇水苑东南侧150米,体育休闲服务,,,,35.795104,114.209470,
14,古灵山风景区,淇县,026乡道,风景名胜,,,,35.681149,114.123483,
14,旅游花园,淇滨区,闽江路5-7号附近,商务住宅,,,,35.711252,114.293292,
14,灵山,淇县,灵山景区,风景名胜,,,,35.678862,114.116597,
14,街心花园,淇滨区,淇滨大道与华山路交叉口,风景名胜,,,,35.749167,114.286200,
14,英煌广场,淇滨区,太行路284号,购物服务,,,,35.747839,114.278721,
14,桑园小镇,淇滨区,桑园村,风景名胜,,,,35.825595,114.140264,
14,七里沟森林公园,淇滨区,河口村,风景名胜,,,,35.840528,114.092096,
14,清水湾,淇滨区,010乡道附近,风景名胜,,,,35.819810,114.169913,
14,淇水关古道·古石桥,淇县,三佛禅寺东南侧110米,风景名胜,,,,35.703815,114.259254,
14,诚城香樟园,淇滨区,淇滨大道268号,风景名胜,,,,35.750530,114.302772,
14,鹤壁风车天路,淇县,风车天路起始点东侧,风景名胜,,,,35.777870,114.143664,
14,淇水诗苑,淇滨区,鹤煤大道与淇水大道交叉口向南200米,风景名胜,,,,35.730526,114.274852,
14,云梦山风景区,淇县,城西南11公里,风景名胜,,,,35.618998,114.088255,
14,黎阳城文化旅游区,浚县,卫溪街道西大街,风景名胜,,,,35.665013,114.545559,
14,淇水关植物园,淇滨区,淇水大道30号,风景名胜,,,,35.697707,114.263340,
14,桧松亭,淇滨区,[],风景名胜,,,,35.752067,114.253467,
15,平原博物院,红旗区,人民东路697号,科教文化服务,,,,35.299465,113.926782,
15,新乡市人民公园,红旗区,健康路65号,风景名胜,,,,35.298633,113.883801,
15,定国湖,牧野区,东环路与荣校东路西北角,风景名胜,,,,35.312221,113.957536,
15,牧野公园,红旗区,牧野镇东干道360号,风景名胜,,,,35.305823,113.906370,
15,伟业·中央公园广场,红旗区,平原路与西如意街交叉口西北100米,风景名胜,,,,35.305810,113.923564,
15,牧野湖,红旗区,洪门镇牧野大道与平原路交叉口,风景名胜,,,,35.306350,113.910299,
15,新乡市市政广场,红旗区,洪门镇吉祥路与东如意街交叉口西260米,风景名胜,,,,35.301515,113.926797,
15,和谐公园,红旗区,平原路与新二街交汇处,风景名胜,,,,35.306163,113.927216,
15,共渠生态长廊,牧野区,中心路与振兴路交叉口西340米,风景名胜,,,,35.364614,113.915629,
15,定国禅寺,牧野区,东环路与中原东路交叉口北380米,风景名胜,,,,35.318641,113.962268,
15,乐水公园,红旗区,华兰大道564号,风景名胜,,,,35.283084,113.916927,
15,凤泉湖白沙滩,牧野区,北环路595号,风景名胜,,,,35.340595,113.897625,
15,新乡健康主题公园,红旗区,丰华路,风景名胜,,,,35.264249,113.909385,
15,新乡海洋馆,红旗区,南干道57号新乡市人民公园,风景名胜,,,,35.298241,113.882841,
15,南湖公园,卫滨区,胜利路街道解放大道291号附近,风景名胜,,,,35.269644,113.859815,
15,龙泉苑,新乡县,七里营镇龙泉村,风景名胜,,,,35.204349,113.826669,
15,和谐公园-和谐石,红旗区,和谐公园(西南角),风景名胜,,,,35.305535,113.926805,
15,五龙山响水河乡村旅游区,辉县市,常村镇常北村58号,风景名胜,,,,35.497327,113.869453,
15,新乡潞王陵景区,凤泉区,云龙大道88号,风景名胜,,,,35.416547,113.925330,
15,新乡市烈士陵园,牧野区,宏力大道北港绿城,生活服务,,,,35.315518,113.881631,
15,牧野公园-牧野广场,红旗区,平原路与新飞大道十字路口东北角(牧野湖),风景名胜,,,,35.305826,113.902180,
15,千米花墙,红旗区,创业路与创新路交叉口东40米,风景名胜,,,,35.284253,113.904191,
15,东宁寺,红旗区,南环路新一街,风景名胜,,,,35.256625,113.916031,
15,五龙山野生动物王国,辉县市,常村镇常北村,风景名胜,,,,35.496740,113.864728,
15,京华园,新乡县,民兴路与青年大街交叉口,风景名胜,,,,35.187991,113.784989,
16,平顶山博物馆,新华区,长安大道与怀仁路交汇处北140米路西,科教文化服务,,,,33.764000,113.190007,
16,香山寺景区,新华区,大香山路,风景名胜,,,,33.817732,113.193794,
16,香山普门禅寺,新华区,大香山路香山寺景区内(北侧),风景名胜,,,,33.815993,113.193330,
16,白龟湖沙滩,新华区,长安大道1号白龟湖国家城市湿地公园(东南角),体育休闲服务,,,,33.744643,113.204885,
16,白龟湖国家城市湿地公园音乐喷泉,新华区,湖滨路附近,风景名胜,,,,33.757318,113.192535,
16,回声广场,新华区,长安大道路南,体育休闲服务,,,,33.763392,113.180599,
16,祥云公园,新华区,祥云路与怀仁路交叉口,风景名胜,,,,33.769224,113.193037,
16,鹭栖湾广场,新华区,长安大道1号白龟湖国家城市湿地公园内(东侧),风景名胜,,,,33.769736,113.167799,
16,大香山文博园,新华区,花香线与大香山路辅路交叉口东360米,科教文化服务,,,,33.807912,113.194584,
16,平顶山山顶公园,卫东区,新华北路,风景名胜,,,,33.774320,113.328342,
16,伴山观澜·观澜公园,新华区,湖滨路与吉祥路交叉口东北侧,风景名胜,,,,33.740040,113.214367,
16,平顶山市白龟湖国家城市湿地公园-自动售卖机,新华区,长安大道1号白龟湖国家城市湿地公园(东南角),风景名胜,,,,33.755816,113.195611,
16,市民广场,新华区,湖滨路白龟山湿地公园音乐喷泉,风景名胜,,,,33.757181,113.193147,
16,平顶山海洋馆,新华区,西市场街道平安大道与四矿路交汇处义乌国际商贸城B1层,风景名胜,,,,33.761521,113.266169,
16,秀林园,新华区,长安大道1号白龟湖国家城市湿地公园,风景名胜,,,,33.768216,113.162047,
16,乌江河口公园,湛河区,湛河北路与春晖路交叉口西180米,风景名胜,,,,33.741486,113.257047,
16,姚庄旅游区,郏县,幸福路与生态路交叉口西北320米,风景名胜,,,,33.868826,113.284153,
16,马街书会,宝丰县,杨庄镇,风景名胜,,,,33.817965,113.053711,
16,海鸥灯塔,新华区,公正路0375号,风景名胜,,,,33.753270,113.196500,
16,焦店清真寺,新华区,建设路西段,风景名胜,,,,33.758700,113.231924,
16,平顶山市月季山公园,新华区,G36宁洛高速出口与G36宁洛高速入口交叉口西南360米,风景名胜,,,,33.762111,113.213773,
16,七彩沙河水上乐园,叶县,开源路与农科路交叉口正南方向1776米,体育休闲服务,,,,33.661003,113.313444,
16,龙山真武庙,宝丰县,龙山山顶,风景名胜,,,,33.807827,113.244279,
16,湛河源莲花湿地,宝丰县,周庄镇东五环与平宝路交叉口东180米,风景名胜,,,,33.840165,113.114657,
16,徐氏九亩阁,宝丰县,[],风景名胜,,,,33.823910,113.173553,
17,碧沙岗公园,中原区,建设东路31号(绿城广场地铁站J口步行50米),风景名胜,,,,34.751280,113.630255,
17,碧沙岗,中原区,嵩山北路15号,风景名胜,,,,34.752492,113.628783,
17,二七广场,二七区,西大街21号,风景名胜,,,,34.751860,113.666451,
17,五一公园,中原区,文化宫路68号(五一公园地铁站D2口步行440米),风景名胜,,,,34.753615,113.617872,
17,郑州市月季公园,中原区,西站路80号(桐柏路西站街81号院旁),风景名胜,,,,34.766916,113.629315,
17,郑州二砂文化创意园,中原区,华山路与颍河西路交叉口西500米路北,风景名胜,,,,34.743255,113.593681,
17,德化步行街,二七区,德化街85附71号(二七广场地铁站F口步行480米),购物服务,,,,34.749703,113.666303,
17,郑州市人民公园,二七区,北二七路97号,风景名胜,,,,34.761610,113.662369,
17,郑州二七纪念馆,二七区,德化街街道二七路230号二七广场(近火车站),风景名胜,,,,34.752186,113.666494,
17,西流湖公园,中原区,建设西路与湖西路交叉口,风景名胜,,,,34.763312,113.578986,
17,二七纪念馆-纪念塔,二七区,郑州二七纪念馆(二七广场地铁站D口步行90米),风景名胜,,,,34.752287,113.666515,
17,河南博物院,金水区,农业路8号,科教文化服务,,,,34.788263,113.672097,
17,遇见山海城市度假区,金水区,南阳路300号(海滩寺地铁站C口步行100米),体育休闲服务,,,,34.772464,113.649270,
17,郑州市西流湖公园(北区),中原区,化工路,风景名胜,,,,34.776304,113.587815,
17,紫荆山公园,金水区,金水路108号(紫荆山地铁站B口步行270米),风景名胜,,,,34.761890,113.687708,
17,郑州市动物园,金水区,花园路103号(关虎屯地铁站A口步行120米),风景名胜,,,,34.789401,113.685214,
17,郑州雕塑公园,中原区,化工路28号,风景名胜,,,,34.782866,113.590365,
17,郑州商都国家考古遗址公园,管城回族区,城南路商都遗址公园(郑州文庙地铁站B口步行80米),风景名胜,,,,34.747088,113.687229,
17,河南南水北调博物馆,中原区,嵩山南路168号,科教文化服务,,,,34.745303,113.627384,
17,贾鲁河公园,中原区,丹水大道与渠南路交叉口正南方向938米,风景名胜,,,,34.725390,113.575834,
17,二七米房时尚创意街区,二七区,行云路赣江路西南角,体育休闲服务,,,,34.703116,113.649385,
17,郑州党史馆,中原区,嵩山南路66号(绿城广场地铁站F口步行260米),科教文化服务,,,,34.744632,113.627221,
17,郑州博物馆(文翰街馆),中原区,文翰街与汇智路交叉口东南220米,科教文化服务,,,,34.739600,113.546720,
17,郑州商都遗址博物院,管城回族区,东大街366号,科教文化服务,,,,34.746532,113.686552,
17,郑州二七纪念堂,二七区,一马路街道钱塘路82号,风景名胜,,,,34.746190,113.666180,
18,周口公园,川汇区,文昌路(近交通路),风景名胜,,,,33.636990,114.691817,
18,周口市博物馆,川汇区,文昌街道东新区文昌大道东段2号,科教文化服务,,,,33.629643,114.700955,
18,周口植物园,川汇区,恒山路与庆丰街交叉路口往东南约150米,风景名胜,,,,33.619408,114.719206,
18,周口关帝庙景区,川汇区,富强街号111号,风景名胜,,,,33.631609,114.645358,
18,沙颍河湿地公园,川汇区,滨河北路,风景名胜,,,,33.600125,114.716404,
18,周口野生动物世界,西华县,213省道李营小学幼儿园西北870米,风景名胜,,,,33.682373,114.633410,
18,周口三川明珠塔,川汇区,周口大道,风景名胜,,,,33.612670,114.695412,
18,引黄调蓄湖湿地公园-白沙滩,川汇区,武盛大道引黄调蓄湖湿地公园(西北角),风景名胜,,,,33.613371,114.749330,
18,周口沙颍河风景区,川汇区,滨河北路,风景名胜,,,,33.616072,114.702453,
18,龙都红星广场,川汇区,大庆路与黄河路交汇处,商务住宅,,,,33.604066,114.667293,
18,周口国防园,川汇区,中原路,风景名胜,,,,33.637919,114.688235,
18,白沙滩,川汇区,滨河北路沙颍河湿地公园(东南角),风景名胜,,,,33.591612,114.726354,
18,周口小三亚,川汇区,引黄调蓄湖湿地公园-白沙滩(西南角),风景名胜,,,,33.612684,114.748708,
18,滨河公园,川汇区,滨河路与八一路交汇处,风景名胜,,,,33.624838,114.649304,
18,周家口南寨历史文化街区,川汇区,滨河路与老街交叉口西南80米,风景名胜,,,,33.625261,114.641514,
18,太昊伏羲陵文化旅游区,淮阳区,民生西路与吉庆街交叉口东20米,风景名胜,,,,33.732687,114.895510,
18,太昊伏羲陵,淮阳区,龙都大道中路269号,风景名胜,,,,33.750512,114.887365,
18,芙蓉湖公园,川汇区,东四路以东泰山路以西松花江路以南平安路以北,风景名胜,,,,33.640820,114.729715,
18,开发区人民广场,川汇区,八一大道与太昊路交汇处,风景名胜,,,,33.590731,114.653376,
18,和谐公园,川汇区,文化艺术中心对面,风景名胜,,,,33.632599,114.701345,
18,铁路主题公园,川汇区,交通大道68号,风景名胜,,,,33.602688,114.678964,
18,阳城公园,商水县,公园路,风景名胜,,,,33.555437,114.610625,
18,淮阳龙湖国家湿地公园,淮阳区,大同街25号,风景名胜,,,,33.745395,114.896725,
18,周口海洋馆,淮阳区,羲皇大道与清风路交叉口西100米(太昊陵西3公里),风景名胜,,,,33.739915,114.852602,
18,陈胜公园,商水县,溵川大道与八一大道交叉口西南,风景名胜,,,,33.552368,114.648500,
19,小公园,金平区,小公园街道延寿一横街14号(近国平路),风景名胜,,,,23.353395,116.671519,
19,汕头老城,金平区,小公园街道至平路86号,风景名胜,,,,23.353547,116.670869,
19,老妈宫戏台,金平区,升平路1号,体育休闲服务,,,,23.354655,116.675324,
19,西堤公园,金平区,小公园街道安平路259号,风景名胜,,,,23.347722,116.664608,
19,礐石风景名胜区,濠江区,礐石海旁路,风景名胜,,,,23.333250,116.680789,
19,侨批文物馆,金平区,外马路18号,科教文化服务,,,,23.352833,116.674524,
19,汕头市博物馆,金平区,月眉路与韩堤路交界处,科教文化服务,,,,23.362586,116.681070,
19,礐石风景名胜区-海滨公园,濠江区,礐石海旁路4号,风景名胜,,,,23.338177,116.677130,
19,陶芳酒楼旧址,金平区,至平路12号,风景名胜,,,,23.353178,116.672780,
19,汕头开埠文化陈列馆,金平区,小公园街道永平路1号(近邮政集团),风景名胜,,,,23.352164,116.673880,
19,金砂公园,金平区,金砂路42号(近鮀岛宾馆),风景名胜,,,,23.365370,116.698916,
19,海滨长廊公园,金平区,海安街道海滨路与同益路交口处东,风景名胜,,,,23.350630,116.683695,
19,汕头市电视塔,金平区,潮汕路和金湖西路交界处,风景名胜,,,,23.375716,116.677899,
19,观音庙,金平区,外马路存心学校,风景名胜,,,,23.355271,116.676163,
19,礐石风景名胜区-礐石塔山景区,濠江区,礐石街道确石海旁路4号礐石风景名胜区内(西北角),风景名胜,,,,23.333025,116.679938,
19,石炮台公园,金平区,石炮台街道石炮台街道海滨路20号,风景名胜,,,,23.352014,116.698920,
19,人民广场西广场,金平区,人民广场海滨路,风景名胜,,,,23.351520,116.681215,
19,骑楼建筑,金平区,永泰路109-129号,风景名胜,,,,23.352726,116.667331,
19,存心公馆,金平区,民族路16-18号,餐饮服务,,,,23.355644,116.675610,
19,礐石风景名胜区-飞来石,濠江区,海关顶39号附近塔山景区内,风景名胜,,,,23.331557,116.678756,
19,三身人雕像,金平区,金新南路与中山中路交叉口北20米,风景名胜,,,,23.359330,116.700986,
19,妈屿岛旅游区,龙湖区,龙腾街道汕头海湾大桥,风景名胜,,,,23.335011,116.751925,
19,天后宫,金平区,升平路6号,风景名胜,,,,23.354988,116.675607,
19,礐石风景区索道,濠江区,礐石海关顶2-15号,风景名胜,,,,23.333726,116.679772,
19,潮汕铁路总务处车务处旧址,金平区,火车路18号,风景名胜,,,,23.362485,116.677949,
20,佛山岭南天地,禅城区,祖庙大街2号,购物服务,,,,23.029927,113.116275,
20,祖庙,禅城区,祖庙路21号(祖庙地铁站出入口步行260米),风景名胜,,,,23.028945,113.113510,
20,中山公园,禅城区,中山路12号,风景名胜,,,,23.043387,113.118378,
20,文华公园,禅城区,文华中路与彩虹路交叉口对面,风景名胜,,,,23.008948,113.126021,
20,梁园,禅城区,松风路先锋古道93号,风景名胜,,,,23.038184,113.113271,
20,千灯湖公园,南海区,灯湖西路28号,风景名胜,,,,23.053610,113.146094,
20,佛山市祖庙博物馆,禅城区,祖庙街道祖庙路21号(祖庙地铁站出入口步行460米),科教文化服务,,,,23.029843,113.113124,
20,季华园,禅城区,石湾镇街道季华新景园季华五路16号西,风景名胜,,,,23.010685,113.111057,
20,南风古灶,禅城区,高庙路5-34号,风景名胜,,,,23.005324,113.079185,
20,垂虹公园,禅城区,垂虹路29座610号(同济路地铁站A口步行320米),风景名胜,,,,23.020146,113.112086,
20,佛山乐园,禅城区,体育路50号(同济路地铁站B口步行450米),体育休闲服务,,,,23.021544,113.109690,
20,仁寿寺,禅城区,祖庙路5号,风景名胜,,,,23.033239,113.113365,
20,文华公园-佛山电视塔,禅城区,季华六路,风景名胜,,,,23.010940,113.126934,
20,石湾公园,禅城区,石湾镇街道和平路6号(石湾地铁站D口步行320米),风景名胜,,,,23.008376,113.080402,
20,叠滘水乡,南海区,南一路时代名轩,风景名胜,,,,23.056780,113.134946,
20,通济,禅城区,金鱼街(近洛水河),风景名胜,,,,23.017557,113.116661,
20,兆祥公园,禅城区,普君北路地铁站A口步行100米,风景名胜,,,,23.027003,113.120178,
20,通济桥,禅城区,通济内(西侧),风景名胜,,,,23.017600,113.116339,
20,人民公园,禅城区,厚源路13号,风景名胜,,,,23.021277,113.123050,
20,龙塘诗社,禅城区,祖庙大街15-19号佛山岭南天地,风景名胜,,,,23.029481,113.115544,
20,张槎文化广场,禅城区,张槎三路与仙槎南路交叉口西北角,风景名胜,,,,23.037303,113.083759,
20,花卉世界,顺德区,花卉大道,风景名胜,,,,22.978494,113.159723,
20,佛山青年公园,禅城区,X507(江滨路)佛山青年公园东南角,风景名胜,,,,22.983566,113.089746,
20,莲花广场,禅城区,公正路101号,风景名胜,,,,23.033785,113.117032,
20,半月岛湿地公园,禅城区,奇槎区禅桂交界处东平路边,风景名胜,,,,22.994638,113.165975,
21,七星岩风景名胜区,端州区,七星路1号,风景名胜,,,,23.074182,112.472091,
21,肇庆星湖风景名胜区,端州区,文明北路1号,风景名胜,,,,23.075649,112.469765,
21,肇庆古城墙,端州区,正西路6号(康乐居东北),风景名胜,,,,23.048992,112.461428,
21,肇庆牌坊广场,端州区,城东街道七星路1号七星岩风景名胜区内(南侧),风景名胜,,,,23.055841,112.470550,
21,肇庆古城,端州区,宋城二路与康乐中路交叉口东40米,风景名胜,,,,23.049698,112.457005,
21,七星岩牌坊,端州区,端州五路,风景名胜,,,,23.054505,112.469484,
21,城东公园,端州区,和平路39号,风景名胜,,,,23.054251,112.488538,
21,肇庆市博物馆,端州区,城西街道十字路55号,科教文化服务,,,,23.048075,112.464826,
21,披云楼,端州区,人民中路,风景名胜,,,,23.049094,112.459263,
21,叶挺独立团团部旧址纪念馆,端州区,江滨四路11号,风景名胜,,,,23.044755,112.472077,
21,肇庆江滨公园,端州区,江滨堤东段,风景名胜,,,,23.044681,112.488544,
21,高要海金沙滩,高要区,沿江二路与要南一路交叉口东北20米,风景名胜,,,,23.034968,112.452761,
21,七星岩东门广场,端州区,星湖大道与棠岗路交叉口,风景名胜,,,,23.071562,112.488233,
21,宝月公园,端州区,天宁北路75号,风景名胜,,,,23.052300,112.466804,
21,芙蓉公园,端州区,芙蓉路西一街9号首层,风景名胜,,,,23.055297,112.454328,
21,金象山森林公园,高要区,沿江三路,风景名胜,,,,23.006596,112.462318,
21,包公文化园,端州区,城西街道厂排街横巷2幢05,风景名胜,,,,23.044855,112.434720,
21,牌坊公园,端州区,城东街道端州四路星湖国际广场附近,风景名胜,,,,23.059433,112.470827,
21,波海公园,端州区,肇庆大道辅路附近,风景名胜,,,,23.076403,112.449793,
21,包公祠,端州区,江滨四路包公文化园内(北侧),风景名胜,,,,23.045286,112.434806,
21,上清湾古巷,高要区,大桥路与南湾路交叉口西北约260米,风景名胜,,,,23.036308,112.443653,
21,恒远海立方·肇庆海洋馆,端州区,康乐北路9号1层101卡商场(国际广场),风景名胜,,,,23.055646,112.456245,
21,金渡大花坛,高要区,世纪大道与金沙路交叉路口东侧,风景名胜,,,,23.036086,112.522554,
21,岩前云道,端州区,联四庆宁北一巷1号,风景名胜,,,,23.070191,112.483850,
21,明珠广场,高要区,沿江二路与南兴一路交叉口西北220米,风景名胜,,,,23.030831,112.473502,
22,惠州西湖风景名胜区,惠城区,环城西路2号,风景名胜,,,,23.090256,114.394446,
22,惠州博物馆,惠城区,市民乐园西路3号,科教文化服务,,,,23.106499,114.417866,
22,大云寺,惠城区,东江三路与东江二路交叉口东北500米,风景名胜,,,,23.100754,114.427211,
22,东江公园,惠城区,东江二路与水北四路交汇处,风景名胜,,,,23.095996,114.414863,
22,合江楼,惠城区,水西东路40号,风景名胜,,,,23.091911,114.409544,
22,惠州市儿童公园,惠城区,金石一路48号,风景名胜,,,,23.137748,114.434394,
22,惠州西湖风景名胜区-丰渚园,惠城区,环城西路2号,风景名胜,,,,23.098377,114.393600,
22,惠州植物园,惠城区,环城西路2号,风景名胜,,,,23.095786,114.379904,
22,元妙古观,惠城区,江南街道元妙观8号,风景名胜,,,,23.098400,114.398641,
22,下埔滨江公园,惠城区,惠沙堤一路,风景名胜,,,,23.084365,114.411970,
22,惠州西湖红花湖景区,惠城区,上排红花湖路92号,风景名胜,,,,23.071057,114.372382,
22,朝京门,惠城区,环北西一路3号(近东江边),风景名胜,,,,23.099236,114.404451,
22,新华文化广场,惠城区,华辉铭铸旁(新江路与新沥路的交汇处),风景名胜,,,,23.124472,114.423336,
22,中山公园,惠城区,中山北路17号,风景名胜,,,,23.096133,114.406446,
22,市民公园,惠城区,云山西路与市民乐园东路交叉口西南140米,风景名胜,,,,23.110351,114.417345,
22,花边岭广场,惠城区,桥西街道麦地路60号,风景名胜,,,,23.075357,114.414738,
22,新湖公园,惠城区,新湖一路(近伟豪领域、云山花园),风景名胜,,,,23.117914,114.423701,
22,金山湖公园,惠城区,惠沙堤二路(近珑湖湾),风景名胜,,,,23.066000,114.436769,
22,千花洲度假区,惠城区,汝湖镇金石四路6号,风景名胜,,,,23.157438,114.436304,
22,市民公园广场,惠城区,市民公园,风景名胜,,,,23.109396,114.418216,
22,平湖门,惠城区,环城西路8号,风景名胜,,,,23.092209,114.402382,
22,北湖公园,惠城区,江北街道8号小区,风景名胜,,,,23.104475,114.422376,
22,丰湖书院,惠城区,龙丰街道龙丰街道环城西路2号惠州西湖风景名胜区内(东侧),科教文化服务,,,,23.089268,114.397114,
22,惠州鹿江公园,惠城区,长湖西路东金山立交西,风景名胜,,,,23.077040,114.442819,
22,文笔塔,惠城区,中山东路3号,风景名胜,,,,23.093140,114.408049,
23,莲花山公园,福田区,红荔路6030号,风景名胜,,,,22.553594,114.058673,
23,深圳博物馆新馆,福田区,福中路市民中心A区(市民中心地铁站B口步行340米),科教文化服务,,,,22.543674,114.061704,
23,莲花山公园-邓小平雕像,福田区,红荔路6030号莲花山公园,风景名胜,,,,22.553197,114.059470,
23,笔架山公园,福田区,梅岗路,风景名胜,,,,22.562893,114.080876,
23,深圳博物馆金田路馆,福田区,福中路市民中心A区(市民中心地铁站B口步行350米),科教文化服务,,,,22.543681,114.062126,
23,香蜜公园,福田区,香蜜湖街道农园路30号,风景名胜,,,,22.546640,114.022082,
23,笔架山体育公园,福田区,笔架山公园内福田河以西,风景名胜,,,,22.559359,114.074456,
23,海滨广场,福田区,金田路2018号,商务住宅,,,,22.526887,114.066912,
23,皇岗公园,福田区,益田路2002号,风景名胜,,,,22.517921,114.058000,
23,深圳博物馆,福田区,深南中路同心路6号,科教文化服务,,,,22.542361,114.101633,
23,A PARK深圳数字艺术公园,福田区,下梅林梅丽路9号(下梅林地铁站A口步行90米),体育休闲服务,,,,22.564508,114.040100,
23,荔枝公园,福田区,红岭中路1001号,风景名胜,,,,22.545539,114.102313,
23,深圳华侨城旅游度假区,南山区,杜鹃山(华侨城地铁站A口步行390米),风景名胜,,,,22.531366,113.988596,
23,洪湖公园,罗湖区,文锦北路2023号(洪湖地铁站A口步行330米),风景名胜,,,,22.565811,114.120393,
23,沙嘴牌坊,福田区,沙嘴路与福沙路交叉口东北100米,风景名胜,,,,22.519551,114.035615,
23,深圳国际园林花卉博览园,福田区,深南大道8002号,风景名胜,,,,22.537601,114.003766,
23,福田区文化广场,福田区,景田路8号,风景名胜,,,,22.545280,114.045416,
23,水围文化广场,福田区,金田路1029号,风景名胜,,,,22.521620,114.063930,
23,福田红树林生态公园,福田区,新洲路与福荣路交叉口,风景名胜,,,,22.509273,114.039644,
23,莲花山公园山顶广场,福田区,红荔路6030号,风景名胜,,,,22.553186,114.059469,
23,深圳湾公园,南山区,滨海大道,风景名胜,,,,22.518968,113.972602,
23,莲花山公园风筝广场,福田区,红荔路6030号莲花山公园内(南侧),风景名胜,,,,22.549422,114.059910,
23,市民广场南广场,福田区,福华一路3号(市民中心地铁站F口步行420米),风景名胜,,,,22.541479,114.059855,
23,华侨城创意文化园,南山区,锦绣北街8号,商务住宅,,,,22.537349,113.993477,
23,深圳平安金融中心云际观光层,福田区,益田路5033号平安金融中心A座B1层,体育休闲服务,,,,22.533744,114.055174,
24,情侣路,香洲区,情侣中路,风景名胜,,,,22.272443,113.581813,
24,野狸岛公园,香洲区,情侣路,风景名胜,,,,22.277654,113.589934,
24,海滨公园,香洲区,海滨南路108号,风景名胜,,,,22.258599,113.586334,
24,香炉湾沙滩,香洲区,香湾街道情侣中路,风景名胜,,,,22.265289,113.582404,
24,珠海渔女,香洲区,情侣中路香炉湾,风景名胜,,,,22.261417,113.588277,
24,珠海日月贝,香洲区,环岛路3号,风景名胜,,,,22.284681,113.589436,
24,景山公园,香洲区,吉大海滨北路1号,风景名胜,,,,22.261099,113.570812,
24,珠海大剧院,香洲区,渔湾路129号,体育休闲服务,,,,22.284695,113.588908,
24,爱情邮局,香洲区,情侣中路88号,风景名胜,,,,22.256618,113.590590,
24,海滨泳场,香洲区,情侣中路88号,体育休闲服务,,,,22.253591,113.591530,
24,日月贝拍照点,香洲区,情侣中路与东风路交叉口东北120米,风景名胜,,,,22.272450,113.582126,
24,景山公园-石景山观光索道,香洲区,吉大海滨北路景山公园内(东侧),风景名胜,,,,22.264325,113.580675,
24,珠海博物馆,香洲区,海虹路88号,科教文化服务,,,,22.292980,113.576561,
24,柠溪文化广场,香洲区,柠溪路284号,购物服务,,,,22.264973,113.558260,
24,珠海活体自然博物馆,香洲区,香湾街道野狸岛野狸岛公园内(东侧),科教文化服务,,,,22.278403,113.593191,
24,圆明新园,香洲区,兰埔路与白石路交界处,风景名胜,,,,22.242634,113.539606,
24,香山公园,香洲区,园山路8号,风景名胜,,,,22.275352,113.573001,
24,社会主义核心价值观主题广场,香洲区,人民东路与新光里三街交叉口西20米,风景名胜,,,,22.270079,113.576850,
24,白莲洞公园,香洲区,九洲大道中段北侧,风景名胜,,,,22.243757,113.562523,
24,望海亭,香洲区,香湾街道香湾街道海滨北路7号,风景名胜,,,,22.267484,113.581097,
24,海滨公园-渔女观景台,香洲区,海滨南路108号海滨公园内(东北角),风景名胜,,,,22.261349,113.588206,
24,板樟山森林公园,香洲区,兰埔路4号,风景名胜,,,,22.249664,113.553556,
24,和平广场,香洲区,兴业路193号,商务住宅,,,,22.275548,113.557161,
24,狮山漫步,香洲区,光华街街区,风景名胜,,,,22.270745,113.571087,
24,金嘉创意谷,香洲区,明珠南路2021号,商务住宅,,,,22.252706,113.518767,
25,墟顶历史文化街区,蓬江区,兴宁路26号,风景名胜,,,,22.578148,113.091279,
25,启明里,蓬江区,白沙街道跃进路,风景名胜,,,,22.581233,113.094880,
25,东湖公园,蓬江区,港口路7号,风景名胜,,,,22.591963,113.089215,
25,长堤历史文化街区,蓬江区,堤中路与宝善路交叉口东北180米,购物服务,,,,22.579093,113.090424,
25,白水带风景区,江海区,外海街道白水带大道,风景名胜,,,,22.585544,113.124247,
25,五邑华侨广场,蓬江区,发展大道南侧,风景名胜,,,,22.614133,113.084239,
25,圭峰山风景名胜区,新会区,圭峰路,风景名胜,,,,22.559695,113.030299,
25,江门儿童公园,江海区,白水带大道(体育公园对面),风景名胜,,,,22.585293,113.106427,
25,下沙公园,江海区,河南中沙路惠泽园西100米,风景名胜,,,,22.568034,113.086866,
25,启明里广场,蓬江区,跃进路启明里2号,风景名胜,,,,22.582654,113.093079,
25,江门市博物馆(中国侨都华侨华人博物馆),蓬江区,文化馆北门东200米,科教文化服务,,,,22.614148,113.085105,
25,长堤广场,蓬江区,白沙街道白沙街道镇东路58号,风景名胜,,,,22.576667,113.091933,
25,中山公园,蓬江区,白沙街道范罗岗2号首层,风景名胜,,,,22.578479,113.088668,
25,江门儿童公园-梦主题游乐区,江海区,江海一路16-18号,体育休闲服务,,,,22.585104,113.107234,
25,陈白沙纪念馆,蓬江区,白沙大道西37号,风景名胜,,,,22.571382,113.075099,
25,白水带体育公园,江海区,江海路白水带风景区旁边,风景名胜,,,,22.581377,113.106913,
25,白沙公园,蓬江区,江门市交通机修厂有限公司环市三路,风景名胜,,,,22.566714,113.079127,
25,科创公园,蓬江区,江门大道中898号,商务住宅,,,,22.616196,113.051680,
25,江门船厂户外博物馆,江海区,礼乐街道礼乐街道礼乐街道礼乐街道江门市堤西安置点西南侧160米,科教文化服务,,,,22.566041,113.083211,
25,叱石风景区,蓬江区,杜阮镇,风景名胜,,,,22.578288,113.010875,
25,釜山公园,江海区,江南街道江海一路(近白水带公园),风景名胜,,,,22.585545,113.104742,
25,益寿公园,蓬江区,华园东路花园新村-中区,风景名胜,,,,22.575166,113.079822,
25,东湖广场,蓬江区,港口路13号,风景名胜,,,,22.587463,113.091356,
25,江门儿童公园-沙主题游乐区,江海区,白水带大道(体育公园对面),体育休闲服务,,,,22.580567,113.107376,
25,龙溪湖公园,江海区,南山路333号,风景名胜,,,,22.554386,113.148905,
26,鸳鸯湖公园,江城区,东风三路,风景名胜,,,,21.856958,111.989295,
26,体育公园,江城区,体育公园(阳江市体育馆西南),风景名胜,,,,21.875114,111.989075,
26,东岳公园,江城区,东风一路44号之1号,风景名胜,,,,21.850149,111.971755,
26,北湖公园,江城区,安宁路643号,风景名胜,,,,21.869976,111.958036,
26,共青湖公园,江城区,体育北路,风景名胜,,,,21.888964,111.988088,
26,中山公园,江城区,江城区人民医院新华北路,风景名胜,,,,21.849996,111.957796,
26,江湾公园,江城区,山后村恒大悦龙府东侧,风景名胜,,,,21.830140,112.002606,
26,石觉寺,江城区,南三里外漠阳江畔,风景名胜,,,,21.831280,111.957655,
26,金鸡岭森林公园,江城区,体育路,风景名胜,,,,21.891156,111.998400,
26,石觉公园,江城区,富康路与城南西路交叉口北60米,风景名胜,,,,21.830822,111.957169,
26,阳东龙山公园,阳东区,永安路,风景名胜,,,,21.863622,112.024997,
26,金山植物公园游乐场,江城区,城北街道东三路,体育休闲服务,,,,21.873909,111.998907,
26,三廉公园,江城区,富康路,风景名胜,,,,21.828904,111.956726,
26,燕山湖生育文化公园,阳东区,湖滨路,风景名胜,,,,21.869974,112.010355,
26,北山公园,江城区,陵园路9号,风景名胜,,,,21.855555,111.961184,
26,漠阳湖公园,江城区,东门南路399号,风景名胜,,,,21.820026,111.981646,
26,燕山湖广场,阳东区,东城镇湖滨西路19号,风景名胜,,,,21.869623,112.009268,
26,阳江市博物馆(漠阳楼分馆),江城区,东风三路鸳鸯湖公园内漠阳楼,科教文化服务,,,,21.857244,111.989160,
26,广东北桂园旅游区,江城区,狮子二路十巷与东风二路交叉口西20米,风景名胜,,,,21.857115,111.980648,
26,江湾小镇,阳东区,滨河南路,餐饮服务,,,,21.834667,112.005681,
26,碧田湖公园,江城区,阳光园北侧,风景名胜,,,,21.867779,111.981734,
26,金鸡寺,江城区,[],风景名胜,,,,21.888284,112.009107,
26,山外西海滩,江城区,阳江公路,风景名胜,,,,21.728505,111.966214,
26,珍珠湾,阳东区,东平镇西面,风景名胜,,,,21.743389,112.208800,
26,阳江了园,江城区,608县道与325国道交叉口西北300米,风景名胜,,,,21.905380,111.999033,
27,文化广场,茂南区,油城八路3号,风景名胜,,,,21.661878,110.940536,
27,官渡公园,茂南区,官渡五路与西粤路交叉口西北260米,风景名胜,,,,21.677087,110.941383,
27,茂名市博物馆,茂南区,官渡街道人民北路20号,科教文化服务,,,,21.666395,110.918683,
27,榕园,茂南区,官渡街道文明北路,风景名胜,,,,21.675981,110.931265,
27,南香公园,茂南区,西粤中路东侧,风景名胜,,,,21.651476,110.944996,
27,江滨公园,茂南区,滨河南路1号江滨公园内,风景名胜,,,,21.666395,110.905155,
27,茂名市露天矿生态公园,茂南区,公馆镇,风景名胜,,,,21.722092,110.853123,
27,站南公园,茂南区,金城路,风景名胜,,,,21.637204,110.935975,
27,友谊广场,茂南区,天桥路开发区153号,商务住宅,,,,21.637654,110.922285,
27,广东茂名森林公园,茂南区,公馆镇125乡道,风景名胜,,,,21.626630,110.824607,
27,茂名市露天矿博物馆,茂南区,金塘镇采矿路,科教文化服务,,,,21.717581,110.877467,
27,合水城市生态湿地公园,茂南区,合水村附近,风景名胜,,,,21.644194,110.871634,
27,瑾佑缤纷游乐园,茂南区,站前五路南侧旧货地002、003室,体育休闲服务,,,,21.640040,110.933522,
27,铁路文化公园,茂南区,茂名大道西侧,风景名胜,,,,21.640485,110.945354,
27,茂名同心岛,茂南区,滨河南路附近,风景名胜,,,,21.663169,110.906344,
27,市民公园,电白区,七迳镇,风景名胜,,,,21.585542,111.006719,
27,南香古庙,茂南区,羊角镇高水公路南香村南,风景名胜,,,,21.643034,110.951557,
27,小东江,茂南区,江东中路与官山一路交叉口北100米,风景名胜,,,,21.670881,110.909390,
27,茂名摩天轮,茂南区,东江生态园林休闲区(新湖公园西),体育休闲服务,,,,21.665288,110.907803,
27,高山廊桥,茂南区,高山桥附近,风景名胜,,,,21.655224,110.899937,
27,中国第一滩,电白区,南海街道海滨二路,风景名胜,,,,21.456800,111.051761,
27,财富·公园荟,茂南区,高凉路与官渡四路交叉口北400米,商务住宅,,,,21.679253,110.937062,
27,桥北公园,茂南区,江东花园东区,风景名胜,,,,21.680155,110.916488,
27,浮山岭风景区,高州市,根子镇,风景名胜,,,,21.790210,111.089064,
27,贡园,高州市,根子镇贡园益嘉饭店西侧80米,风景名胜,,,,21.780158,111.014022,
28,赤坎老街景区,赤坎区,大同路与民权路交叉口东20米,风景名胜,,,,21.276244,110.364471,
28,赤坎民国风情街,赤坎区,大众路湛江大众康复医院,购物服务,,,,21.276341,110.363843,
28,寸金桥公园,赤坎区,寸金街道跃进路95号,风景名胜,,,,21.270302,110.352559,
28,金沙湾滨海休闲旅游区,赤坎区,观海北路177号,风景名胜,,,,21.264911,110.392748,
28,金沙湾观海长廊,赤坎区,沙湾街道观海北路10号,风景名胜,,,,21.267043,110.395738,
28,寸金动物园,赤坎区,寸金街道跃进路95号寸金桥公园内(东侧),风景名胜,,,,21.271390,110.356570,
28,湛江博物馆,赤坎区,南方路50号,科教文化服务,,,,21.269845,110.354501,
28,瑞云湖公园,赤坎区,南方路,风景名胜,,,,21.258106,110.350042,
28,金沙湾广场,赤坎区,观海路1号,风景名胜,,,,21.267472,110.396057,
28,赤坎区博物馆,赤坎区,民主路75号第1幢、2幢,科教文化服务,,,,21.275604,110.362692,
28,滨湖湿地公园,赤坎区,海湾路与军民路交叉口,风景名胜,,,,21.281016,110.390374,
28,南国热带花园,赤坎区,体育南路19号,风景名胜,,,,21.251138,110.389464,
28,广州湾商会会址,赤坎区,中山街道中山街道民主路105号,风景名胜,,,,21.276491,110.362206,
28,中澳友谊花园,赤坎区,海湾大桥旁,风景名胜,,,,21.242818,110.410396,
28,粤桂边区革命纪念馆,赤坎区,寸金街道跃进路95号寸金桥公园(西南角),风景名胜,,,,21.267356,110.350115,
28,静园,赤坎区,南兴街49号,风景名胜,,,,21.274505,110.361582,
28,赤坎南墙,赤坎区,民主路与木桥街交叉口西南60米,风景名胜,,,,21.277213,110.361673,
28,湛江华侨城欢乐海湾,赤坎区,调顺东二路1号,商务住宅,,,,21.274868,110.401821,
28,渔港公园,霞山区,海洋路,风景名胜,,,,21.218915,110.424893,
28,水仙庙,赤坎区,泥水街与中山一路交叉口东北80米,风景名胜,,,,21.274229,110.362923,
28,赤坎埠古码头旧址,赤坎区,民主路153号,风景名胜,,,,21.278311,110.361121,
28,湛江军事文化博览园,坡头区,奥体中心南侧,风景名胜,,,,21.257682,110.435547,
28,湖光岩风景名胜区,麻章区,海大路,风景名胜,,,,21.138766,110.285020,
28,银帆公园,霞山区,人民大道中39号附近,风景名胜,,,,21.226686,110.389047,
28,7号码头(赤坎埠古码头),赤坎区,民主路55号,风景名胜,,,,21.274803,110.363027,
29,凤山民俗文化旅游区(凤山祖庙旅游区),城区,凤山街道凤翔社区海滨大道中,风景名胜,,,,22.763241,115.372032,
29,汕尾市博物馆,城区,风山街道海滨大道汕尾市体育中心7号楼,科教文化服务,,,,22.788204,115.399408,
29,凤山民俗文化旅游区妈祖文化广场,城区,凤山街道海滨大道与湖滨大道交叉口西北200米新联派出所凤山祖庙警务室附近,风景名胜,,,,22.762464,115.372005,
29,金町湾沙滩,城区,瀚海大道与天海街交叉口东南460米,风景名胜,,,,22.791766,115.307519,
29,西沙滩,城区,海滨大道与规划路交叉口西40米,风景名胜,,,,22.783278,115.340372,
29,保利金町湾度假区,城区,瀚海大道46号,风景名胜,,,,22.791709,115.304822,
29,海滨公园,城区,凤山街道金海湾32栋商铺08号正西方向140米,风景名胜,,,,22.774880,115.380274,
29,善美广场,城区,迎宾大道1号,风景名胜,,,,22.783468,115.418115,
29,奎山公园,城区,红海大道与文德路路口,风景名胜,,,,22.783818,115.368395,
29,玉台山慈云公园,城区,凤山街道香洲社区汕尾大道与红海大道交汇处,风景名胜,,,,22.782717,115.374493,
29,汕尾滨海公园,城区,海滨大道东,风景名胜,,,,22.786736,115.412795,
29,沙舌尾,城区,[],风景名胜,,,,22.769038,115.348358,
29,铜鼎山旅游区,城区,242省道,风景名胜,,,,22.820193,115.363322,
29,凤仪台妈祖石像,城区,凤山街道凤翔社区海滨大道中凤山民俗文化旅游区(西北角),风景名胜,,,,22.764140,115.371625,
29,风帆礼堂·T5金町湾,城区,马宫街道保利金町湾度假区(西南角),风景名胜,,,,22.791426,115.292332,
29,汕尾渔歌文化广场,城区,口海景假日酒店,科教文化服务,,,,22.771218,115.355986,
29,观澜栈道,城区,成业路与海滨大道中交叉口东南140米,风景名胜,,,,22.786574,115.404186,
29,海丰红宫红场旧址纪念馆,海丰县,红场路19号,风景名胜,,,,22.968111,115.335561,
29,元天上帝庙,城区,金城宝豪庭的后面,风景名胜,,,,22.788633,115.376706,
29,红海湾旅游区,城区,南澳路1号,风景名胜,,,,22.664702,115.571365,
29,鲸湾小镇,城区,保利金町湾旅游区,风景名胜,,,,22.791780,115.302692,
29,沙舌尾沙滩,城区,沙舌尾内,风景名胜,,,,22.770595,115.347437,
29,白鹤寺,城区,汕尾市城区,风景名胜,,,,22.790312,115.276266,
29,赤蝶山觉源寺,城区,汕尾大道,风景名胜,,,,22.796337,115.380135,
29,马宫沙滩,城区,天空之城影视摄影基地东南侧120米,风景名胜,,,,22.784296,115.247995,
30,潮州西湖公园,湘桥区,环城西路中段,风景名胜,,,,23.671471,116.641877,
30,潮州人民广场,湘桥区,凤新街道枫春路388号,风景名胜,,,,23.654375,116.624397,
30,广济桥,湘桥区,环城东路(广济门城楼对面),风景名胜,,,,23.662858,116.652732,
30,湘子桥,湘桥区,环城东路与水平路交叉口北120米,风景名胜,,,,23.662911,116.652734,
30,牌坊街,湘桥区,太平路663号,购物服务,,,,23.668646,116.650790,
30,开元寺,湘桥区,开元路32号,风景名胜,,,,23.663056,116.648963,
30,潮人公园,湘桥区,沙洲开心农场西南侧150米,风景名胜,,,,23.638182,116.640226,
30,潮州博物馆,湘桥区,凤新街道人民广场福安路与潮州大道交汇处,科教文化服务,,,,23.652748,116.624575,
30,广济门城楼,湘桥区,湘桥街道水平路牌坊街潮州古城(东南角),风景名胜,,,,23.662959,116.652241,
30,凤凰洲公园,湘桥区,城西街道城西街道上洲村凤洲东路,风景名胜,,,,23.650481,116.651452,
30,韩愈纪念馆,湘桥区,韩江东岸笔架山麓,风景名胜,,,,23.663810,116.660019,
30,韩文公祠,湘桥区,桥东街道桥东街道桥东社区东兴北路18号,风景名胜,,,,23.663533,116.659040,
30,青龙古庙,湘桥区,南春街道南堤路8号凤城公园(东北角),风景名胜,,,,23.651050,116.645094,
30,潮州镇海楼(旧府衙),湘桥区,水平路85号东南90米潮州古城,风景名胜,,,,23.667520,116.648981,
30,开元寺泰佛殿,湘桥区,桥东街道桥东街道东山路慧如公园公交站,风景名胜,,,,23.654101,116.663453,
30,慧如公园,湘桥区,桥东街道桥东街道桥东街道桥东街道桥东街道东山路,风景名胜,,,,23.650523,116.664419,
30,许驸马府,湘桥区,中山路葡萄巷东府埕4号,风景名胜,,,,23.670855,116.647155,
30,池湖公园,潮安区,池湖村新宫路,风景名胜,,,,23.643135,116.616385,
30,古城石牌坊,湘桥区,太平路附近,风景名胜,,,,23.658387,116.648543,
30,潮州钟楼,湘桥区,潮州大道572号奎元广场,风景名胜,,,,23.654221,116.621442,
30,己略黄公祠,湘桥区,湘桥街道义安路铁巷2号,风景名胜,,,,23.665454,116.648302,
30,潮州古城墙,湘桥区,湘桥街道分司社区水平路85号,风景名胜,,,,23.664260,116.652620,
30,下水门城楼,湘桥区,水平路85号东南90米潮州古城(东南角),风景名胜,,,,23.661892,116.651994,
30,潮人公园花果山,湘桥区,潮人公园内(北侧),风景名胜,,,,23.639675,116.640372,
30,北堤栈道,湘桥区,宫前街北大巷与宏发街交叉口东300米,体育休闲服务,,,,23.681658,116.644026,
31,揭阳古城,榕城区,中山街道东环城路,风景名胜,,,,23.535114,116.353970,
31,进贤门,榕城区,进贤门大道,风景名胜,,,,23.534918,116.357822,
31,揭阳楼广场,榕城区,北环路,风景名胜,,,,23.565836,116.392938,
31,揭阳学宫,榕城区,韩祠路7号,风景名胜,,,,23.535795,116.355961,
31,揭阳古城中山骑楼街,榕城区,望江北路26号,风景名胜,,,,23.533416,116.353638,
31,双峰寺,榕城区,红旗小学往下100米,风景名胜,,,,23.531568,116.355270,
31,城隍庙,榕城区,城隍路,风景名胜,,,,23.534571,116.355051,
31,揭阳市儿童公园,榕城区,玉浦村玉马路,风景名胜,,,,23.546773,116.361108,
31,新河文化广场,榕城区,新河村,风景名胜,,,,23.556871,116.378603,
31,榕江公园,榕城区,榕华大道,风景名胜,,,,23.537129,116.362040,
31,揭阳学宫-学宫广场,榕城区,韩祠路7号揭阳学宫,风景名胜,,,,23.534732,116.355644,
31,揭阳市丁日昌纪念馆,榕城区,中山街道东环城路揭阳古城内(西北角),风景名胜,,,,23.538480,116.351821,
31,古榕武庙,榕城区,天福路北门,风景名胜,,,,23.539669,116.359030,
31,岐山古塔,揭东区,晓翠路黄岐山森林公园(东北角),风景名胜,,,,23.584786,116.376123,
31,揭阳禁城,榕城区,中山街道永革居委下池路,风景名胜,,,,23.537428,116.355215,
31,圣弥額尔堂,榕城区,中山街道东环城路揭阳古城(东北角),风景名胜,,,,23.540027,116.360364,
31,大源水族,榕城区,新阳东路与新华街交叉口西北140米,风景名胜,,,,23.554496,116.372475,
31,西马路历史文化街区,榕城区,中山街道东环城路揭阳古城(西北角),风景名胜,,,,23.538263,116.349207,
31,进贤门荷花池,榕城区,滨江路与环市东路辅路交叉口西南420米,风景名胜,,,,23.558095,116.423066,
31,万竹园,揭东区,埔田镇庵后村,风景名胜,,,,23.612336,116.409744,
31,龙砂文化公园,揭东区,揭东开发区朝阳大道,风景名胜,,,,23.561787,116.443830,
31,乔西广场,揭东区,磐东街道乔西社区磐东路,风景名胜,,,,23.558823,116.329599,
31,乔林广场,揭东区,揭阳产业园磐东街道乔南村,体育休闲服务,,,,23.557844,116.335738,
31,妈祖宫,榕城区,东环城路与望江北路交叉口北40米,风景名胜,,,,23.529749,116.355996,
31,青狮文化旅游景区,榕城区,进贤商业步行街114号,风景名胜,,,,23.534297,116.358085,
32,越秀公园,越秀区,解放北路988号,风景名胜,,,,23.140096,113.265561,
32,大佛寺,越秀区,惠新中街21号,风景名胜,,,,23.122373,113.268027,
32,三元宫,越秀区,应元路11号(地铁2号线纪念堂站C出口步行140米),风景名胜,,,,23.134993,113.263246,
32,中山纪念堂,越秀区,东风中路299号(纪念堂地铁站C口步行130米),风景名胜,,,,23.132860,113.264692,
32,南越王博物院(王墓展区),越秀区,解放北路867号(地铁2号线越秀公园站E出口步行150米),科教文化服务,,,,23.137823,113.261015,
32,光孝寺,越秀区,光孝路109号,风景名胜,,,,23.129347,113.256587,
32,流花湖公园,越秀区,东风西路163号,风景名胜,,,,23.137289,113.251095,
32,沙面岛,荔湾区,沙面南街52号,风景名胜,,,,23.106802,113.244707,
32,广州兰圃,越秀区,解放北路901号,风景名胜,,,,23.143731,113.260471,
32,永庆坊,荔湾区,恩宁路99号,风景名胜,,,,23.114821,113.237495,
32,上下九-第十甫历史文化街区,荔湾区,下九路29号(华林寺地铁站E口步行400米),风景名胜,,,,23.114287,113.247072,
32,南越王博物院(王宫展区),越秀区,中山四路316号,科教文化服务,,,,23.126878,113.269853,
32,珠江夜游(天字码头),越秀区,沿江中路200号省总工会对面(解放桥西侧100米处),风景名胜,,,,23.114704,113.271155,
32,广州鲁迅纪念馆,越秀区,大塘街道文明路215号,风景名胜,,,,23.123933,113.276990,
32,六榕寺,越秀区,六榕路87号,风景名胜,,,,23.127887,113.260083,
32,市政府广场,越秀区,北京街道北京街道北京街道北京街道北京街道府前路1号,风景名胜,,,,23.128891,113.264331,
32,广州博物馆(仲元楼展区),越秀区,镇海路99号,科教文化服务,,,,23.137451,113.267802,
32,越秀公园-越秀山,越秀区,解放北路988号越秀公园,风景名胜,,,,23.139389,113.266971,
32,广州动物园,越秀区,先烈中路120号,风景名胜,,,,23.140884,113.305342,
32,麓湖公园,越秀区,登峰街道云山南路白云山风景区,风景名胜,,,,23.151091,113.281794,
32,广州博物馆(镇海楼展区),越秀区,镇海路9号(越秀公园地铁站A口步行250米),科教文化服务,,,,23.137978,113.265624,
32,五羊雕像,越秀区,解放北路988号越秀公园内木壳岗上,风景名胜,,,,23.138021,113.262852,
32,荔湾湖公园,荔湾区,龙津西路155号,风景名胜,,,,23.121297,113.231472,
32,广州塔,海珠区,阅江西路222号,风景名胜,,,,23.106428,113.324521,
32,黄花岗公园,越秀区,先烈中路79号,风景名胜,,,,23.139692,113.295108,
33,剑英公园,梅江区,华南大道18号,风景名胜,,,,24.272341,116.122655,
33,梅州千佛塔,梅江区,学子大道与东风路交叉口东南460米,风景名胜,,,,24.305451,116.141917,
33,中国客家博物馆,梅江区,东山大道2号客家公园内,科教文化服务,,,,24.310328,116.131916,
33,梅州客天下旅游度假区,梅江区,三角镇东升村圣山路,风景名胜,,,,24.257588,116.155130,
33,嘉应古城,梅江区,凌风西路66号,风景名胜,,,,24.308413,116.116145,
33,泮坑风景区,梅江区,三角镇泮坑村,风景名胜,,,,24.245021,116.139797,
33,嘉印拾光乐园,梅江区,嘉应路与白马一巷交叉口,风景名胜,,,,24.294039,116.117917,
33,梅州市足球文化公园,梅江区,梅松路,风景名胜,,,,24.313667,116.121178,
33,东山公园,梅江区,东山大桥附近,风景名胜,,,,24.306772,116.130918,
33,东山书院,梅江区,金山街道学海路14号,风景名胜,,,,24.307651,116.132022,
33,鸿都世纪广场,梅江区,彬芳大道中恩华商业广场(西南角),风景名胜,,,,24.287320,116.130530,
33,百岁山,梅江区,[],风景名胜,,,,24.316121,116.142268,
33,亲水公园,梅江区,学海路院士广场对面,风景名胜,,,,24.296759,116.138704,
33,梅州市圣品沉香博物馆,梅江区,东升工业园广东风华环保股份有限公司大楼二楼,科教文化服务,,,,24.274504,116.159077,
33,梅州市华侨博物馆,梅江区,梅龙西路5号,科教文化服务,,,,24.296768,116.128097,
33,学宫,梅江区,金山街道凌风西路14之2附近,风景名胜,,,,24.309158,116.116097,
33,客天下客家小镇景区,梅江区,三角镇东升村圣山路梅州客天下旅游度假区(西北角),风景名胜,,,,24.261156,116.153145,
33,归读公园,梅江区,江南梅水路东,风景名胜,,,,24.288205,116.137118,
33,梅州市全民健身广场,梅江区,沿江西路与新中路交叉口南320米,风景名胜,,,,24.286719,116.115392,
33,绿轴花园广场,梅江区,客都大道,风景名胜,,,,24.261150,116.124128,
33,野樱花服装店,梅江区,江南街道梅新路163号,购物服务,,,,24.288479,116.120935,
33,梅州爱丽丝庄园,梅江区,城北镇札上村黄沙坑水库旁,风景名胜,,,,24.348854,116.065952,
33,客家公园,梅江区,金山街道金山街道东山大道2号,风景名胜,,,,24.310715,116.132603,
33,梅江公园,梅江区,西郊街道沿江西路剑英纪念大桥桥头,风景名胜,,,,24.307468,116.115268,
33,珍珠公园,梅江区,西郊街道广梅路69号,风景名胜,,,,24.307645,116.106971,
34,景源红树林,清城区,静福路27号,风景名胜,,,,23.671678,113.065491,
34,清远市博物馆,清城区,银泉北路图书博物大楼2-3楼,科教文化服务,,,,23.675382,113.057943,
34,江心岛,清城区,北江二路,风景名胜,,,,23.687812,113.055822,
34,东城红树林,清城区,大学西路与凤翔北路交叉口西220米,风景名胜,,,,23.710925,113.062675,
34,北江南岸公园,清城区,洲心街道北江一路,风景名胜,,,,23.690902,113.102173,
34,中山公园,清城区,先锋东路,风景名胜,,,,23.707721,113.035659,
34,北江夜游,清城区,北江一路丁香酒店旁游船码头,风景名胜,,,,23.683358,113.066251,
34,古龙峡,清新区,三坑滩村,风景名胜,,,,23.780320,112.957388,
34,玄真峡谷嬉水王国,清新区,玄真路尾,风景名胜,,,,23.750386,113.014149,
34,玄真漂流,清新区,环城路2号,体育休闲服务,,,,23.746386,113.015586,
34,清远黄腾峡生态旅游区,清城区,东城街石板村,风景名胜,,,,23.762680,113.095287,
34,清远市民体育公园,清城区,银泉北路与峡江一路交叉口东南340米,风景名胜,,,,23.668620,113.059285,
34,南岸码头,清城区,北江一路40号,交通设施服务,,,,23.688447,113.098856,
34,笔架山旅游区,清新区,[],风景名胜,,,,23.770171,113.035887,
34,金鸡岩,清城区,东城清高公路5公里处,风景名胜,,,,23.740403,113.096362,
34,清远古龙峡漂流,清新区,三坑滩(近旧107国道),风景名胜,,,,23.786822,112.958121,
34,向秀丽公园,清城区,向秀丽公园南侧广场,风景名胜,,,,23.673313,113.049342,
34,清远长隆度假区,清城区,长隆大道63号,体育休闲服务,,,,23.574046,113.161845,
34,清远市博物馆新馆,清城区,人民东路121号,科教文化服务,,,,23.670082,113.092743,
34,水池广场,清城区,人民二路与银泉北路交叉路口往北约170米,风景名胜,,,,23.680918,113.056105,
34,凤城码头,清城区,沿江路1号,交通设施服务,,,,23.695142,113.059547,
34,太和古洞,清新区,太和路,风景名胜,,,,23.748105,112.988211,
34,清远麻鸡欢乐世界,清新区,飞来南路来湖湿地公园,体育休闲服务,,,,23.718555,113.018614,
34,清远长隆森林王国,清城区,长隆大道63号清远长隆度假区,体育休闲服务,,,,23.573397,113.162496,
34,玄真溪降,清新区,玄真路尾玄真古洞生态旅游度假区内,体育休闲服务,,,,23.746668,113.014822,
35,中山公园,浈江区,风采街道园前路2号,风景名胜,,,,24.795959,113.596438,
35,韶关国家森林公园,浈江区,[],风景名胜,,,,24.775231,113.608896,
35,韶州公园,武江区,沙湖公园内,风景名胜,,,,24.812518,113.565330,
35,世纪幸福广场,武江区,幸福路23号,风景名胜,,,,24.804568,113.574496,
35,北伐战争纪念馆,浈江区,十里亭镇五里亭良村公路四横巷4号,风景名胜,,,,24.823211,113.596975,
35,沙湖公园,武江区,惠民街道惠民街道惠民街道工业西路沙湖路,风景名胜,,,,24.811891,113.560580,
35,芙蓉山公园,武江区,蓉山南路与蓉山西路交叉口东北200米,风景名胜,,,,24.769793,113.576783,
35,韶阳楼,浈江区,车站街道生态路15号韶关国家森林公园莲花山顶峰,风景名胜,,,,24.779584,113.609792,
35,南华禅寺,曲江区,曹溪路,风景名胜,,,,24.645764,113.637122,
35,韶关国家森林公园-华南虎园,浈江区,生态路15号,风景名胜,,,,24.779256,113.604260,
35,韶关市博物馆,武江区,工业西路90号,风景名胜,,,,24.799985,113.552020,
35,大鉴禅寺,浈江区,风度南路8号风度路步行街,风景名胜,,,,24.800205,113.599112,
35,太傅庙,浈江区,帽峰路太傅街44号,风景名胜,,,,24.817290,113.598120,
35,韶关芙蓉山体育公园,武江区,武江大道中30号,风景名胜,,,,24.776138,113.571135,
35,通天塔,浈江区,车站街道浈江大道北与北江中路交叉口西北260米,风景名胜,,,,24.791130,113.595070,
35,粤北省委五里亭旧址,浈江区,848县道与皇景路交叉口东南160米,风景名胜,,,,24.824849,113.599162,
35,欢乐碰碰车,浈江区,东堤中路与东堤北路交叉口南140米,体育休闲服务,,,,24.810857,113.598424,
35,新韶龟谷,浈江区,花寨路与五矿路交叉口东南260米,风景名胜,,,,24.817872,113.645042,
35,园中花园,武江区,沙洲三路1号,商务住宅,,,,24.787837,113.585958,
35,浈江水口未来公园,浈江区,S84韶关北环高速,风景名胜,,,,24.848369,113.649909,
35,老虎岩公园,武江区,新兴路韶关开放大学景泰花园,风景名胜,,,,24.813291,113.578642,
35,黄岗山观景台,浈江区,[],风景名胜,,,,24.837365,113.583145,
35,皇岗山公园,浈江区,十里亭镇韶聆路韶关碧桂园·凤凰城西,风景名胜,,,,24.841261,113.597341,
35,银山户外运动养生景区,浈江区,新韶镇,风景名胜,,,,24.795388,113.683709,
35,中国丹霞山世界地质公园,仁化县,106国道,风景名胜,,,,25.026080,113.732609,
36,龟峰公园,源城区,滨江大道35号,风景名胜,,,,23.726718,114.701396,
36,亚洲第一高喷泉,源城区,大同路与沿江中路交叉口东南100米,风景名胜,,,,23.744346,114.695186,
36,河源恐龙博物馆(中国古动物馆恐龙蛋馆),源城区,南堤路,科教文化服务,,,,23.725847,114.700676,
36,万绿湖风景区,东源县,新港镇港中路17号,风景名胜,,,,23.774255,114.631793,
36,茶山公园,源城区,东埔街道大同路与沿江中路家口东100米,风景名胜,,,,23.744850,114.697449,
36,河源市博物馆,源城区,河紫路62号,科教文化服务,,,,23.726468,114.701135,
36,河源市儿童公园,源城区,东华路145号,风景名胜,,,,23.765052,114.708403,
36,鳄湖公园,源城区,湖滨路23号,风景名胜,,,,23.736779,114.698028,
36,东江湾公园,源城区,东江西路附近,风景名胜,,,,23.757560,114.728572,
36,人民公园,源城区,环城南路,风景名胜,,,,23.734991,114.701674,
36,桂山风景区,东源县,迎客大道新丰江水库内,风景名胜,,,,23.721859,114.594532,
36,新丰江森林公园-笔架山旅游风景区,源城区,新丰江美食街,风景名胜,,,,23.725456,114.662408,
36,全民休闲健身广场,源城区,东埔街道文祥路与永安路交叉口15区,风景名胜,,,,23.764636,114.710825,
36,笔架山公园,源城区,新丰江水库大坝公路中段右侧,风景名胜,,,,23.726804,114.661145,
36,万绿湖风景区-镜花缘旅游区,东源县,新港镇港中路17号,风景名胜,,,,23.776159,114.629277,
36,河源文化广场水上乐园,源城区,东埔街道旺业街与沿江东路交汇处东100米文化广场内,风景名胜,,,,23.740056,114.709963,
36,九重门公园,源城区,宝源路12号附近,风景名胜,,,,23.739762,114.688334,
36,富德祺家·巴伐利亚庄园,源城区,高埔岗街道大水井社区龙源大道1号,风景名胜,,,,23.626383,114.619198,
36,街心花园,源城区,人民路与湖滨路交叉口西40米,风景名胜,,,,23.738472,114.698533,
36,野趣沟旅游区,源城区,大桂山主峰北部源城箩坑,风景名胜,,,,23.703599,114.619859,
36,春沐源小镇,源城区,山谷南路东与河陂路交叉口西北200米,商务住宅,,,,23.626173,114.592664,
36,黄子洞公园,源城区,站前路3号,风景名胜,,,,23.751666,114.678067,
36,中华恐龙遗迹公园,源城区,源南镇迎客大道,风景名胜,,,,23.706891,114.701195,
36,东源公园,东源县,新河大道东源中学东北150米,风景名胜,,,,23.786533,114.746185,
36,卫星公园,源城区,环城西路,风景名胜,,,,23.733343,114.693984,
37,广东南山森林公园,云城区,云城街道声屏路,风景名胜,,,,22.908769,112.047257,
37,蟠龙洞风景区,云城区,高峰街道蟠龙路75号,风景名胜,,,,22.944426,112.051777,
37,云浮植物园,云城区,云城街道荷香路,风景名胜,,,,22.921999,112.057305,
37,九星岩,云城区,星岩一路82号,风景名胜,,,,22.935297,112.044495,
37,云浮市体育公园,云城区,环市西路教育园,风景名胜,,,,22.904222,112.007202,
37,大金山,云城区,云城街道大金山风景区,风景名胜,,,,22.942132,111.989744,
37,城南花坛,云城区,浩林西路与永福巷交叉口东80米,风景名胜,,,,22.925104,112.043467,
37,邓发故居,云城区,云城街道龙华路148号,风景名胜,,,,22.921192,112.035940,
37,云浮市博物馆,云城区,云城街道府前路1号,科教文化服务,,,,22.916491,112.046552,
37,烈士公园,云城区,解放中路与湖边路交叉口南120米,风景名胜,,,,22.929409,112.046109,
37,云浮人民广场,云城区,云城街道世纪大道中(市政府对面),风景名胜,,,,22.917388,112.043244,
37,市府广场,云城区,河滨西路15号,风景名胜,,,,22.916012,112.044099,
37,富丰公园,云城区,家宜商店东侧160米,风景名胜,,,,22.900609,112.034830,
37,安居楼花坛,云城区,华丰路与会众路交叉口东北140米,风景名胜,,,,22.930088,112.055642,
37,硫都广场,云城区,星岩四路12号,风景名胜,,,,22.949599,112.042920,
37,花德山,云城区,蟠龙路2号,风景名胜,,,,22.942296,112.055426,
37,东安公园,云城区,河南路,风景名胜,,,,22.919473,112.047177,
37,云城好人广场,云城区,湖边路46号,风景名胜,,,,22.929935,112.045792,
37,沙地村公园,云城区,英东体育馆后,风景名胜,,,,22.933121,112.040809,
37,笔架山,云城区,云城街道云城街道珊瑚路与乐谊路交叉口南140米,风景名胜,,,,22.940280,112.046977,
37,马岗山公园,云城区,兴云西路与闻莺一路交叉口北320米,风景名胜,,,,22.933218,112.036190,
37,云石遗址公园,云城区,云城街道牧羊朱屋村,风景名胜,,,,22.951744,112.054547,
37,大坎村文化广场,云城区,S368(世纪大道西),风景名胜,,,,22.908560,112.033075,
37,蝶采园,云安区,都杨镇都骑路1号,风景名胜,,,,23.004161,112.137690,
37,水东古村落,云城区,腰古镇西堤路与新江一路交叉口东南400米,风景名胜,,,,22.883013,112.294528,
38,可园博物馆,东莞市,莞城街道西隅社区可园路32号,科教文化服务,,,,23.042432,113.743390,
38,东莞人民公园,东莞市,莞城街道公园路1号,风景名胜,,,,23.039568,113.759919,
38,东莞市黄旗山城市公园,东莞市,东城街道东城中路2号,风景名胜,,,,23.016399,113.774991,
38,东莞记忆,东莞市,莞城街道西隅社区中兴路101号,风景名胜,,,,23.044207,113.742615,
38,东莞市科学技术博物馆,东莞市,元美中路2号(青少年活动中心旁),科教文化服务,,,,23.009527,113.746574,
38,东莞市黄旗山城市公园,东莞市,东城街道石井路黄旗山,风景名胜,,,,23.007591,113.786194,
38,旗峰公园-旗峰山,东莞市,旗峰路旗峰公园内,风景名胜,,,,23.014859,113.773670,
38,东莞33小镇,东莞市,东城街道主山社区乌石岗村东昇路33号,商务住宅,,,,23.024807,113.792458,
38,鳒鱼洲文创园,东莞市,莞城街道博厦社区鳒鱼洲路8号,商务住宅,,,,23.032590,113.733928,
38,东城体育公园,东莞市,东城街道旗盛社区新源路31号,风景名胜,,,,23.005655,113.775011,
38,中心广场,东莞市,鸿福路,风景名胜,,,,23.014810,113.750261,
38,西城楼公园,东莞市,莞城街道市桥社区运河东二路,风景名胜,,,,23.040733,113.749854,
38,东莞植物园,东莞市,南城街道绿色路99号,风景名胜,,,,22.968324,113.747911,
38,滨江体育公园,东莞市,万江街道坝头东江大道旁,风景名胜,,,,23.026036,113.724360,
38,东莞市虎英郊野公园,东莞市,东城街道迎宾大道,风景名胜,,,,23.009376,113.787617,
38,东莞中心公园,东莞市,南城街道东莞中心公园南路与东莞大道辅路交叉口西北300米,风景名胜,,,,22.992022,113.740994,
38,旗峰公园-黄旗观音古寺,东莞市,旗峰公园,风景名胜,,,,23.016717,113.771283,
38,东莞海洋馆·恒远海立方环游城,东莞市,万江街道万道路万江段24号华南摩尔主题购物公园9栋1009室,体育休闲服务,,,,23.034132,113.724719,
38,元美公园,东莞市,南城街道元美中路,风景名胜,,,,23.006080,113.747691,
38,同沙湖城市公园,东莞市,东城街道莞长路东城段86号,风景名胜,,,,22.967287,113.801480,
38,769文创园,东莞市,南城街道新基社区香园路35号,商务住宅,,,,23.000278,113.736605,
38,政府广场,东莞市,鸿福路99号,风景名胜,,,,23.021323,113.750762,
38,工农8号创意园,东莞市,莞城街道博厦社区工农路88号1号门,商务住宅,,,,23.029407,113.734447,
38,桑园广场,东莞市,东城街道圃园西路89号,风景名胜,,,,23.054847,113.810256,
38,万江龙舟竞渡主题公园,东莞市,金曲路与中心区西路交叉口东40米,风景名胜,,,,23.030135,113.728234,
39,中山市博物馆,中山市,石岐街道孙文中路197号(近中国收音机博物馆),科教文化服务,,,,22.520005,113.375310,
39,中山市华侨公园,中山市,桃苑路与利来街交叉口北180米,风景名胜,,,,22.516796,113.401624,
39,中山公园,中山市,石岐街道孙文西路步行街,风景名胜,,,,22.523520,113.370107,
39,广东中山国家森林公园,中山市,旱坑正街与南外环路辅路交叉口西南200米,风景名胜,,,,22.489824,113.370121,
39,孙中山纪念堂,中山市,太平社区孙文中路190号,风景名胜,,,,22.522677,113.375850,
39,紫马岭动物园,中山市,东区街道中山五路紫马岭公园内(西侧),风景名胜,,,,22.506409,113.409129,
39,西山寺,中山市,孙文中路197号正西方向160米民族路商业街,风景名胜,,,,22.521140,113.373721,
39,岐江公园,中山市,西区街道中山一路与大桥横街交叉口东200米,风景名胜,,,,22.517284,113.364074,
39,孙文纪念公园,中山市,东区街道城桂路与公园路交叉口以东,风景名胜,,,,22.497242,113.388339,
39,岐江桥,中山市,孙文西路与南基路交叉口西80米,风景名胜,,,,22.521790,113.366374,
39,圣母无原罪堂,中山市,孙文中路与寿山里交叉口西南60米,风景名胜,,,,22.522087,113.378022,
39,中山市儿童公园,中山市,东区街道沙石公路与新安路交叉口往西南约250米,风景名胜,,,,22.479173,113.395230,
39,金钟水库(金钟湖),中山市,新安村第一工区7号厂房驰行电力,风景名胜,,,,22.478648,113.383908,
39,兴中广场B1座,中山市,兴中广场B座,购物服务,,,,22.522588,113.366814,
39,恒远海立方·中山海洋馆,中山市,石岐街道兴中广场C座1-3层,风景名胜,,,,22.525850,113.366841,
39,中山树木园,中山市,东区永安一路20号,风景名胜,,,,22.484348,113.374884,
39,兴中园,中山市,康乐三横街与康乐街交叉口北20米,风景名胜,,,,22.517734,113.390144,
39,古香林公园,中山市,中山市儿童公园南侧,风景名胜,,,,22.478042,113.393537,
39,中山人才公园,中山市,东区蝴蝶桥社区体育公园东,风景名胜,,,,22.565964,113.416539,
39,缤纷幻彩摩天轮,中山市,凤鸣路3号兴中广场C座5层,体育休闲服务,,,,22.526008,113.366754,
39,世纪广场,中山市,中山三路8号,风景名胜,,,,22.511090,113.384083,
39,龙舟文化公园,中山市,石岐街道青溪路169号,风景名胜,,,,22.545839,113.377099,
39,白衣古寺,中山市,石岐区街道莲园东路8号,风景名胜,,,,22.531463,113.379740,
39,博鳌广场,中山市,博爱六路与长江路交叉口西北150米,商务住宅,,,,22.507643,113.424504,
39,老安山牌坊,中山市,安山大街与安山大街西十二巷交叉口北30米,风景名胜,,,,22.507386,113.362422,
40,乌海湖休闲度假旅游区,海勃湾区,环湖路与君正街交汇处,风景名胜,,,,39.659664,106.779260,
40,乌海湖一号码头,海勃湾区,滨河大道,交通设施服务,,,,39.660228,106.778880,
40,乌海滨河公园,海勃湾区,中国建筑第三工程局项目部西北侧190米,风景名胜,,,,39.638905,106.784225,
40,乌海博物馆,海勃湾区,滨河路,科教文化服务,,,,39.651403,106.788015,
40,凤凰山体育公园,海勃湾区,海拉南路76号,风景名胜,,,,39.661721,106.837511,
40,乌海湖演艺广场,海勃湾区,环湖路与宜化街交叉口西南220米,风景名胜,,,,39.655432,106.779652,
40,成吉思汗雕像,海勃湾区,卡布其街道甘德尔山生态景区内(北侧),风景名胜,,,,39.608449,106.837713,
40,运动公园,海勃湾区,和谐路与神华街交口,风景名胜,,,,39.667203,106.794787,
40,乌海植物园,海勃湾区,机场路,风景名胜,,,,39.697335,106.821840,
40,金沙湾,海勃湾区,飞机场路东3公里处,风景名胜,,,,39.764560,106.862064,
40,甘德尔山生态景区,海勃湾区,卡布其街道,风景名胜,,,,39.526631,106.824665,
40,蒙古族家具博物馆,海勃湾区,滨河路,科教文化服务,,,,39.665073,106.782298,
40,成吉思汗博物馆,海勃湾区,成吉思汗雕像,科教文化服务,,,,39.608510,106.838241,
40,神华墨玉广场,海勃湾区,林荫街道海馨家园1号楼2单元301室,风景名胜,,,,39.690418,106.845737,
40,海勃湾区凤凰山三清观,海勃湾区,甘德尔街,风景名胜,,,,39.664966,106.842197,
40,乌海湖冰雪世界欢乐谷,海勃湾区,滨河大道2号,体育休闲服务,,,,39.647349,106.782753,
40,葡萄公园,海勃湾区,乌珠穆路与祥和街交叉口西北340米,风景名胜,,,,39.694226,106.805555,
40,桃李园,海勃湾区,团结南路乌海市职业技术学校,风景名胜,,,,39.652780,106.799340,
40,乌海观音寺,海勃湾区,棋千线,风景名胜,,,,39.637023,106.829250,
40,乌海煤炭博物馆,海勃湾区,神华墨玉广场,科教文化服务,,,,39.690598,106.846170,
40,苍狼白鹿,海勃湾区,滨河大道与鸿达西街交叉口西北60米,风景名胜,,,,39.670072,106.787592,
40,青山翰墨园,海勃湾区,狮城大街东段,风景名胜,,,,39.681997,106.845467,
40,吉奥尼葡萄庄园,乌达区,兰亭路40-1号,体育休闲服务,,,,39.606450,106.745015,
40,海勃湾黄河公园,海勃湾区,海达街,风景名胜,,,,39.652533,106.811866,
40,法制公园,海勃湾区,海勃湾区公安局对面,风景名胜,,,,39.688363,106.842043,
41,内蒙古河套文化博物院,临河区,五一街河套公园内,科教文化服务,,,,40.738517,107.391354,
41,人民公园,临河区,胜利北路,风景名胜,,,,40.756406,107.414784,
41,足球主题公园,临河区,新力奥林国际二区西(金沙路南),风景名胜,,,,40.732226,107.375358,
41,黄河河套文化旅游区湿地公园,临河区,金川大道(金川大桥下西侧),风景名胜,,,,40.725615,107.402651,
41,河套公园,临河区,金川办事处新华西街,风景名胜,,,,40.739882,107.390205,
41,巴彦淖尔自然博物馆,临河区,[],风景名胜,,,,40.739153,107.385478,
41,黄河河套文化旅游区,临河区,金川街道乌兰布和路,风景名胜,,,,40.726029,107.404473,
41,青春湖旅游区,临河区,110国道992号,风景名胜,,,,40.728850,107.322563,
41,临河区植物园,临河区,幸福路北环路北400米,风景名胜,,,,40.780125,107.395401,
41,浩澎商业广场,临河区,金川大道与解放街交叉口西南180米,风景名胜,,,,40.764905,107.374021,
41,星月广场,临河区,胜利路,风景名胜,,,,40.766138,107.410112,
41,河套非遗小镇,临河区,冬街7号,风景名胜,,,,40.691494,107.333253,
41,旧虹桥,临河区,乌拉特大街与临巴线交叉口东180米,风景名胜,,,,40.775274,107.413726,
41,消防公园,临河区,利民西街与丰河路交叉口东南260米,风景名胜,,,,40.738602,107.375405,
41,镜湖,临河区,242国道与朔方路交叉口东200米,风景名胜,,,,40.849166,107.422882,
41,五星庄园业主草坪公园,临河区,树野·城市露营地西北侧130米,风景名胜,,,,40.781408,107.390011,
41,巴彦淖尔植物园,临河区,金川大道,风景名胜,,,,40.699929,107.431537,
41,五谷城,临河区,老段农资东侧70米,风景名胜,,,,40.772533,107.336152,
41,清真北寺,临河区,阳光新都c座,风景名胜,,,,40.765684,107.400298,
41,镜湖湿地公园,临河区,朔方路与242国道交叉口西南380米,风景名胜,,,,40.846464,107.416773,
41,湿地公园水车,临河区,黄河河套文化旅游区湿地公园内(西侧),风景名胜,,,,40.723288,107.391851,
41,经纬广场,临河区,解放街,风景名胜,,,,40.766225,107.392739,
41,竞香苑公园,临河区,万丰街,风景名胜,,,,40.750620,107.429162,
41,观赏黄河日出流凌点,临河区,725县道,风景名胜,,,,40.677407,107.421062,
41,巴彦淖尔国家地质公园,临河区,开源路与新华西街交叉口东南80米,风景名胜,,,,40.739489,107.386382,
42,赛汗塔拉城中草原,九原区,国安森林花园五号楼,风景名胜,,,,40.627502,109.903049,
42,包头市建设广场,九原区,纬一路东100米,风景名胜,,,,40.630068,109.922663,
42,青年生态园,九原区,建设路果园西墙北,风景名胜,,,,40.618796,109.947160,
42,赛汗塔拉城中草原-西门广场,九原区,赛汗塔拉生态园,商务住宅,,,,40.635896,109.892748,
42,包头南郊公园,九原区,黄河大街与自由路交叉口南160米,风景名胜,,,,40.624780,109.891878,
42,奥体公园,青山区,临奥巷与新园路交叉口西南300米,商务住宅,,,,40.639946,109.921023,
42,包头·春风十里主题街区,九原区,幸福南路56号,风景名胜,,,,40.633874,109.865505,
42,妙法禅寺,东河区,财神庙街道内环路,风景名胜,,,,40.598719,110.019560,
42,观音寺,九原区,[],风景名胜,,,,40.622982,109.996174,
42,北方兵器城,青山区,兵工路,风景名胜,,,,40.680144,109.878862,
42,马踏飞燕,九原区,建设路,风景名胜,,,,40.618498,109.946257,
42,包头南海景区,东河区,二里半路,风景名胜,,,,40.548613,110.025320,
42,包头乐园,昆都仑区,阿尔丁大街与富林路交叉口西500米,体育休闲服务,,,,40.637973,109.828674,
42,二〇二广场,青山区,公园路,风景名胜,,,,40.655892,109.958114,
42,包头古城,石拐区,集贤路与遵信路交叉口往东500米,风景名胜,,,,40.649654,110.061527,
42,人民公园,东河区,环城路329号,风景名胜,,,,40.588655,110.018430,
42,滨河风景,九原区,稀土高新区滨河新区礼贤路黄家医圈对面,商务住宅,,,,40.570196,109.928516,
42,包头市廉洁主题文化公园,九原区,青年生态园内(东侧),风景名胜,,,,40.616206,109.955509,
42,奥林匹克公园沙滩,青山区,建设路奥林匹克公园内(西南角),风景名胜,,,,40.630520,109.925683,
42,阿尔丁广场,昆都仑区,市府办公大楼前方,风景名胜,,,,40.655731,109.840054,
42,巴音高勒公园,九原区,图书大厦对面,风景名胜,,,,40.606576,109.971741,
42,赛汗塔拉生态园-观景台,九原区,赛汗塔拉城中草原,风景名胜,,,,40.625431,109.900710,
42,内蒙古包头博物馆,昆都仑区,阿尔丁大街25号2-3层(云龙骨科医院正对面),科教文化服务,,,,40.641929,109.840543,
42,滨河公园,九原区,稀土高新区滨河新区万水泉大街,风景名胜,,,,40.584259,109.923564,
42,台地公园,九原区,井卜石美好家园对面,风景名胜,,,,40.606199,109.915431,
43,呼伦贝尔历史博物馆,海拉尔区,奋斗镇满都拉街与都兰路交叉口西北180米,科教文化服务,,,,49.190206,119.770625,
43,成吉思汗广场,海拉尔区,胜利街道胜利大街10号,风景名胜,,,,49.207192,119.771065,
43,苏炳文广场,海拉尔区,健康街道国信小区2-117室,风景名胜,,,,49.208450,119.743593,
43,伊敏河文化休闲长廊,海拉尔区,滨河西路与东升路(东)交叉口东220米,风景名胜,,,,49.190616,119.754482,
43,海拉尔国家森林公园,海拉尔区,西交界街(呼伦贝尔市海拉尔区林业局附近),风景名胜,,,,49.194746,119.690100,
43,呼伦贝尔法治文化广场,海拉尔区,滨河东路,风景名胜,,,,49.190204,119.755960,
43,鄂温克博物馆,鄂温克族自治旗,伊敏路与海兰察街交叉口西北150米,科教文化服务,,,,49.148401,119.753759,
43,六馆一湖旅游区,海拉尔区,满都拉街与敖汗路交叉口北320米,风景名胜,,,,49.192004,119.766996,
43,百花园,海拉尔区,军民路与中央南路交叉口西北340米,商务住宅,,,,49.193563,119.738562,
43,成吉思汗公园-天骄园,海拉尔区,呼和诺尔街与诺敏路交叉口东北20米,风景名胜,,,,49.207608,119.769555,
43,伊敏河广场,海拉尔区,中学街与滨河路交叉口西50米,风景名胜,,,,49.219218,119.757699,
43,成吉思汗广场-天骄园雕像,海拉尔区,天骄园内,风景名胜,,,,49.209772,119.771705,
43,呼伦贝尔自然博物馆,海拉尔区,[],科教文化服务,,,,49.207471,119.679197,
43,清真寺(礼拜寺路),海拉尔区,礼拜寺路1号,风景名胜,,,,49.213618,119.741785,
43,伊敏河民族公园,海拉尔区,伊敏河广场,风景名胜,,,,49.213354,119.757538,
43,苏联红军烈士纪念园,鄂温克族自治旗,[],风景名胜,,,,49.129002,119.764248,
43,广慧寺,鄂温克族自治旗,广慧南街与苇特很路交叉口东南240米,风景名胜,,,,49.110037,119.755299,
43,两河三圣观景点,海拉尔区,农林西二道街1号,风景名胜,,,,49.262196,119.760399,
43,和平公园,鄂温克族自治旗,呼伦贝尔路与巴彦托海中路交叉口东北60米,风景名胜,,,,49.184079,119.748424,
43,万佛寺,海拉尔区,[],风景名胜,,,,49.290050,119.767565,
43,109山上基督教堂,海拉尔区,呼伦大街与杭盖路交叉口西500米,风景名胜,,,,49.228934,119.791581,
43,西山广场,海拉尔区,正阳街道西交界街家属楼2号楼2单元,风景名胜,,,,49.212409,119.737843,
43,呼伦贝尔大草原·莫尔格勒河景区,陈巴尔虎旗,332国道,风景名胜,,,,49.461573,119.709888,
43,海拉尔西山公园驯鹿部落,海拉尔区,海拉尔国家森林公园(东北角),风景名胜,,,,49.212411,119.729232,
43,达尔吉林寺,海拉尔区,哈克镇,风景名胜,,,,49.285696,119.747807,
44,五一广场,乌兰浩特市,普惠西街附近,风景名胜,,,,46.076474,122.068997,
44,成吉思汗庙,乌兰浩特市,兴安北大路150号,风景名胜,,,,46.092749,122.056557,
44,成吉思汗公园,乌兰浩特市,兴安北路西50米,风景名胜,,,,46.097476,122.051873,
44,科尔沁公园,科尔沁右翼前旗,罕山西街与梅园路交叉口东南400米,风景名胜,,,,46.070954,121.995780,
44,科尔沁塔拉城中草原,科尔沁右翼前旗,哈萨尔街,风景名胜,,,,46.068575,121.997552,
44,成吉思汗公园游乐场,乌兰浩特市,北山公园游乐场内,体育休闲服务,,,,46.088498,122.057253,
44,乌兰浩特市中心公园,乌兰浩特市,罕山西街兴安盟党政大楼公交站西北,风景名胜,,,,46.080112,122.039744,
44,五一会址,乌兰浩特市,五一办事处五一北路,风景名胜,,,,46.082920,122.071300,
44,兴安博物馆,乌兰浩特市,新桥东街999-6号,科教文化服务,,,,46.070833,122.091373,
44,万佳樱花园(普惠西街),乌兰浩特市,兴安街道,商务住宅,,,,46.073283,122.065062,
44,归流河生态公园,科尔沁右翼前旗,[],风景名胜,,,,46.079511,122.013241,
44,洮儿河生态公园,乌兰浩特市,翠堤南路东侧,风景名胜,,,,46.077005,122.098321,
44,内蒙古民族解放纪念馆,乌兰浩特市,和平街道和平街道爱国南大路16号-25号,风景名胜,,,,46.070486,122.091965,
44,北山观景台,乌兰浩特市,山城路75号,风景名胜,,,,46.096129,122.046811,
44,乌兰夫同志办公旧址,乌兰浩特市,兴安北大路37号,风景名胜,,,,46.082991,122.065018,
44,巴彦查干山景区,乌兰浩特市,机场路,风景名胜,,,,46.138729,122.037681,
44,大兴安岭生态文化园,乌兰浩特市,机场路八里八道西,公司企业,,,,46.114400,122.050354,
44,梦幻塔拉游乐园-坦克对战,科尔沁右翼前旗,科尔沁公园内(东侧),体育休闲服务,,,,46.072252,121.999667,
44,内蒙古乌兰浩特洮儿河国家湿地公园,乌兰浩特市,城郊街道,风景名胜,,,,46.031010,122.124650,
44,成吉思汗庙-王爷庙,乌兰浩特市,成吉思汗庙景区王爷庙,风景名胜,,,,46.095420,122.060389,
44,三合朝鲜族民俗文化旅游村,乌兰浩特市,[],体育休闲服务,,,,46.024550,122.151218,
44,新王爷庙寺院,乌兰浩特市,义勒义特新王爷庙寺院新址,风景名胜,,,,46.145789,122.047976,
44,天骄天骏生态旅游度假区-观景台,乌兰浩特市,天空之镜东南侧140米,风景名胜,,,,46.144006,122.035032,
44,葛根庙,乌兰浩特市,005乡道葛根庙镇北葛根屯,风景名胜,,,,45.917339,122.295367,
44,万佳樱花园,乌兰浩特市,光明东街与育才南路交叉口西南120米,商务住宅,,,,46.073293,122.089738,
45,贝子庙,锡林浩特市,宝力根街道贝子庙街,风景名胜,,,,43.950315,116.070457,
45,贝子庙广场,锡林浩特市,宝力根街道贝子庙街贝子庙,风景名胜,,,,43.949988,116.071138,
45,锡林郭勒博物馆,锡林浩特市,巴彦查干街道锡林西大街,科教文化服务,,,,43.928220,116.053160,
45,锡林广场,锡林浩特市,团结大街33号,风景名胜,,,,43.932298,116.091590,
45,锡林浩特生态植物园,锡林浩特市,巴彦查干街道巴彦查干街道巴彦查干街道上海路与阿巴嘎街交汇处,风景名胜,,,,43.919251,116.072655,
45,未来城欢乐世界,锡林浩特市,巴彦查干街道西二环未来城9号楼,体育休闲服务,,,,43.908901,116.059967,
45,南山森林公园,锡林浩特市,锡林河国家湿地公园,风景名胜,,,,43.894070,116.086447,
45,额尔敦敖包公园,锡林浩特市,杭盖街道贝子庙街与额尔敦路交汇处,风景名胜,,,,43.952666,116.067497,
45,中国马都文化商业广场,锡林浩特市,锡林河国家湿地公园,风景名胜,,,,43.910873,116.087394,
45,马都不夜城,锡林浩特市,马都文化演艺厅南200米,体育休闲服务,,,,43.905093,116.097004,
45,滨河广场,锡林浩特市,世纪嘉园西南50米,风景名胜,,,,43.933012,116.064342,
45,锡林湖,锡林浩特市,锡林西大街与滨河路交叉口西340米,风景名胜,,,,43.937014,116.056145,
45,锡林浩特市法治文化广场,锡林浩特市,那达慕大街额尔敦路交汇处,风景名胜,,,,43.938104,116.081798,
45,锡林浩特清真寺,锡林浩特市,滨河路中国石油第四加油站东南,风景名胜,,,,43.944691,116.065045,
45,东山公园,锡林浩特市,团结大街601号,风景名胜,,,,43.954340,116.150650,
45,锡林浩特打卡地标,锡林浩特市,锡海线207国道交叉口西北侧,风景名胜,,,,43.852464,116.084947,
45,逸园公园,锡林浩特市,重庆路,风景名胜,,,,43.927626,116.083526,
45,锡林郭勒大草原,锡林浩特市,026乡道,风景名胜,,,,43.649287,116.187203,
45,锡林金地永旺广场,锡林浩特市,白音街与多伦路交叉口西220米,商务住宅,,,,43.924125,116.041625,
45,菩提寺,锡林浩特市,希日塔拉街东段宝格达路,风景名胜,,,,43.951408,116.132710,
45,维克公园,锡林浩特市,希日塔拉街道乌兰社区维多利商业广场9号楼五楼01052室,风景名胜,,,,43.941164,116.080300,
45,世界和平瓶,锡林浩特市,锡林河国家湿地公园,风景名胜,,,,43.899099,116.064224,
45,天主教堂,锡林浩特市,华油胡同,风景名胜,,,,43.944907,116.126913,
45,漫步休闲公园,锡林浩特市,北京路与希日街西南角,风景名胜,,,,43.913198,116.064559,
45,颐和广场,锡林浩特市,锡林西大街辅路与二连路交叉口东120米,风景名胜,,,,43.920982,116.032968,
46,乌兰察布博物馆,集宁区,永宁路4号,科教文化服务,,,,40.990417,113.136393,
46,白泉山生态公园,集宁区,泉山路(近生态路),风景名胜,,,,40.998475,113.122157,
46,凤凰楼,集宁区,生态大道,风景名胜,,,,41.008171,113.118102,
46,老虎山生态公园,集宁区,光明路与虎山路交叉口处,风景名胜,,,,41.023842,113.113891,
46,乌兰察布植物园,集宁区,满达西街10号,风景名胜,,,,40.980407,113.129414,
46,乌兰察布古城,集宁区,开源街1号,风景名胜,,,,40.975112,113.107461,
46,永亮·温泉水世界,集宁区,昌宁街1号,体育休闲服务,,,,40.994601,113.149517,
46,友谊湖公园,集宁区,康宁北路5号,风景名胜,,,,41.013975,113.160475,
46,集宁战役红色纪念园,集宁区,泉山北街18号,风景名胜,,,,41.021061,113.116247,
46,集宁战役纪念馆,集宁区,泉山北街18号,风景名胜,,,,41.021902,113.116311,
46,乌兰察布公园,集宁区,察哈尔东街7号,风景名胜,,,,40.990108,113.167310,
46,霸王河国家湿地公园,集宁区,[],风景名胜,,,,41.017719,113.175220,
46,白泉山生态公园·鹿苑,集宁区,怀远大街179号,风景名胜,,,,41.006686,113.117754,
46,乌兰察布火山草原旅游集散中心,集宁区,聚源街与开源街交叉口西北220米,生活服务,,,,40.979199,113.109617,
46,人民公园,集宁区,民建大街21号,风景名胜,,,,41.031749,113.127941,
46,察哈尔仿古街,集宁区,古城路9号,风景名胜,,,,41.022692,113.110824,
46,金雕广场,集宁区,杜尔伯特东街12号,风景名胜,,,,40.985921,113.167482,
46,纳尔松河风情园,集宁区,民建大街,风景名胜,,,,41.035028,113.163848,
46,霸王河欢乐世界,集宁区,察哈尔东街南,体育休闲服务,,,,40.991939,113.192783,
46,霸王河生态公园,集宁区,小鹿家坝附近,风景名胜,,,,41.038912,113.152266,
46,乌兰察布广场,集宁区,察哈尔西街9号,风景名胜,,,,40.992329,113.133685,
46,桥西广场,集宁区,建国三路与马桥街交叉口南220米,商务住宅,,,,41.028743,113.093412,
46,时代公园,集宁区,呼格吉东街10号,风景名胜,,,,40.975164,113.150950,
46,白泉山寺庙,集宁区,生态大道,风景名胜,,,,41.011060,113.114672,
46,乌兰察布滨河康旅度假区,集宁区,霸王河东路16号,风景名胜,,,,41.002931,113.187394,
47,阿拉善博物馆(曼德拉路),阿拉善左旗,巴彦浩特镇额鲁特东路,科教文化服务,,,,38.848275,105.725742,
47,定远营,阿拉善左旗,巴彦浩特额鲁特街道南大街阿粮大酒店旁,风景名胜,,,,38.839519,105.677351,
47,贺兰草原,阿拉善左旗,银巴高速东,风景名胜,,,,38.846105,105.803712,
47,新世纪广场,阿拉善左旗,和硕特路75号,风景名胜,,,,38.837611,105.700834,
47,阿左旗丁香园,阿拉善左旗,雅布赖街与东环路交叉口东320米,风景名胜,,,,38.840153,105.739683,
47,石博园,阿拉善左旗,南梁街008-3号附近,商务住宅,,,,38.834083,105.680557,
47,阿拉善大漠奇石博物馆,阿拉善左旗,巴彦浩特镇乌日斯路阿拉善大漠奇石博物馆负一楼,科教文化服务,,,,38.849243,105.664182,
47,腾格里,阿拉善左旗,都兰街阿拉善职业技术学院北侧约190米,商务住宅,,,,38.839680,105.646404,
47,营盘山生态公园,阿拉善左旗,额鲁特西路23号,风景名胜,,,,38.848927,105.685235,
47,巴彦浩特镇城市公园,阿拉善左旗,吉祥路与雅布赖街交叉口南340米,风景名胜,,,,38.835164,105.699302,
47,巴彦浩特公园,阿拉善左旗,额鲁特西路009号,风景名胜,,,,38.850359,105.702266,
47,阿拉善沙漠世界地质公园,阿拉善左旗,218省道西150米,风景名胜,,,,38.688804,105.639720,
47,沙生植物园,阿拉善左旗,环城北路,风景名胜,,,,38.860309,105.715040,
47,贺兰山福因寺旅游景区,阿拉善左旗,木仁高勒苏木境内(距离巴彦浩特镇约30公里),风景名胜,,,,38.974798,105.864055,
47,定远营古城景区,阿拉善左旗,定远营(西北角),风景名胜,,,,38.842354,105.675329,
47,丁香生态公园,阿拉善左旗,和谐路,风景名胜,,,,38.856846,105.747412,
47,定远营城墙遗址公园,阿拉善左旗,王府街北,风景名胜,,,,38.840619,105.680776,
47,阿拉善英雄会雕塑广场,阿拉善左旗,315省道,风景名胜,,,,38.790680,105.507656,
47,敖包生态公园,阿拉善左旗,巴彦浩特镇俄博沟,风景名胜,,,,38.809760,105.686240,
47,阿拉善王府博物馆,阿拉善左旗,王府街与南大街交叉口东北120米,科教文化服务,,,,38.839587,105.678776,
47,延福寺,阿拉善左旗,巴彦浩特镇王府街北侧,风景名胜,,,,38.840524,105.677235,
47,贺兰草原马文化敖包,阿拉善左旗,[],风景名胜,,,,38.840429,105.782841,
47,延寿寺,阿拉善左旗,额鲁特西路23号营盘山生态公园,风景名胜,,,,38.846506,105.689976,
47,巴彦笋布尔峰,阿拉善左旗,广宗寺,风景名胜,,,,38.672910,105.845072,
47,腾格里沙漠天鹅湖风景区,阿拉善左旗,通古勒格淖尔苏木西北侧,风景名胜,,,,38.768995,105.376638,
48,乌兰木伦滨河广场,康巴什区,湖滨路乌兰木伦滨河广场(西侧),风景名胜,,,,39.586197,109.796720,
48,鄂尔多斯市博物院,康巴什区,文化西路南5号,科教文化服务,,,,39.601137,109.784294,
48,康巴什喷泉广场,康巴什区,文化西路与湖滨路交汇处南100米(乌兰木伦滨河广场),风景名胜,,,,39.586002,109.796250,
48,蒙欣休闲广场(康和盛世店),康巴什区,文化西路5号,购物服务,,,,39.596909,109.775709,
48,乌兰木伦湖,康巴什区,康巴什新区康巴什,风景名胜,,,,39.585277,109.795280,
48,康巴什乌兰木伦湖音乐喷泉,康巴什区,乌兰木伦滨河广场,风景名胜,,,,39.585761,109.796403,
48,鄂尔多斯智慧体育公园,康巴什区,鄂尔多斯大街与乌仁都西路交汇处东南侧,风景名胜,,,,39.605431,109.794760,
48,成吉思汗广场,康巴什区,鄂尔多斯大街,风景名胜,,,,39.603257,109.785765,
48,康镇,康巴什区,哈巴格希街道哈巴格希街道博雅街,风景名胜,,,,39.634034,109.766568,
48,康巴什中心公园,康巴什区,鄂尔多斯市康巴什区,风景名胜,,,,39.611117,109.795608,
48,康巴什小火车商业街,康巴什区,普阳街泰华锦江国际大酒店(康巴什店),风景名胜,,,,39.597625,109.785925,
48,东红海子湿地公园,伊金霍洛旗,622县道附近,风景名胜,,,,39.569594,109.814423,
48,爱拥公园,康巴什区,乌日力格街与乌仁都西路交叉口西40米,风景名胜,,,,39.591696,109.799918,
48,人工湖,康巴什区,湖滨路与文化东路交叉口南500米,风景名胜,,,,39.583235,109.798303,
48,郡王府广场,伊金霍洛旗,宝彦巷与王府街交叉口东南200米,风景名胜,,,,39.569155,109.743035,
48,郡王府,伊金霍洛旗,阿勒腾席热镇郡王府广场(西北角),风景名胜,,,,39.570996,109.742273,
48,康巴什草原丝路文化景区,康巴什区,哈巴格希街道鄂尔多斯市康巴什区博雅街,风景名胜,,,,39.625876,109.775928,
48,康巴什旅游区,康巴什区,宁颐路与长宁街交叉口南60米,风景名胜,,,,39.604548,109.812256,
48,水岸新城中心公园,伊金霍洛旗,文明东街南侧金海路与可罕街之间,风景名胜,,,,39.572709,109.784239,
48,康巴什区宪法主题公园,康巴什区,文化西路11号,风景名胜,,,,39.589376,109.790418,
48,蒙古象棋广场,康巴什区,乌兰木伦街,风景名胜,,,,39.592907,109.792060,
48,康巴什游乐园,康巴什区,人工湖,体育休闲服务,,,,39.588568,109.801477,
48,休闲广场,康巴什区,民族路鄂尔多斯(呼能商业广场)西南,风景名胜,,,,39.596245,109.790009,
48,鄂尔多斯康巴什新区-民族团结纪念馆,康巴什区,鄂尔多斯市康巴什区康伊大街,风景名胜,,,,39.636071,109.756037,
48,母亲公园,伊金霍洛旗,阿勒腾席热镇可汗街,风景名胜,,,,39.571032,109.769862,
49,内蒙古博物院,赛罕区,新华东街76号,科教文化服务,,,,40.841694,111.765680,
49,东河广场,赛罕区,阿吉泰路中华磁电大厦东侧约240米,风景名胜,,,,40.837650,111.757615,
49,如意河音乐广场,新城区,东河广场(西北角),风景名胜,,,,40.842550,111.752165,
49,阿吉太湖,赛罕区,草原丝绸之路文化主题公园内(北侧),风景名胜,,,,40.827416,111.742220,
49,呼和浩特海洋馆,新城区,成吉思汗大街街道东站北街与哈拉沁路交叉口东北240米,风景名胜,,,,40.852211,111.752521,
49,成吉思汗公园,新城区,东风路街道成吉思汗东街,风景名胜,,,,40.859962,111.710438,
49,阿尔泰游乐园,新城区,兴安北路附近,体育休闲服务,,,,40.854582,111.698795,
49,敕勒川公园,赛罕区,敕勒川路街道自治区政府对面,风景名胜,,,,40.814939,111.767029,
49,如意广场,赛罕区,如意开发区四纬路8号,风景名胜,,,,40.831841,111.758559,
49,方正广场,新城区,新华东街与丝绸之路大道交叉口西200米,风景名胜,,,,40.838178,111.738766,
49,内蒙古自治区将军衙署博物院,新城区,新华大街31号,科教文化服务,,,,40.826554,111.686954,
49,北山公园,新城区,万通路,风景名胜,,,,40.865400,111.745470,
49,新华广场,回民区,新华大街68号,风景名胜,,,,40.819867,111.666946,
49,呼和浩特市国际雕塑园,赛罕区,乌兰察布东街24号,风景名胜,,,,40.830053,111.743103,
49,内蒙古自然博物馆,赛罕区,南二环路13号,科教文化服务,,,,40.798490,111.715501,
49,809商业街,新城区,海东路809农贸批发超市,购物服务,,,,40.845552,111.709196,
49,青城公园,回民区,中山西路120号,风景名胜,,,,40.807562,111.666487,
49,满都海公园,赛罕区,大学西路街道乌兰察布西路68号,风景名胜,,,,40.816252,111.688591,
49,哈拉沁生态公园,新城区,G6京藏高速附近,风景名胜,,,,40.898677,111.725073,
49,呼和浩特市植物园,赛罕区,机场高速68号,风景名胜,,,,40.847734,111.794500,
49,春度廉政文化公园,赛罕区,敕勒川街道乌兰察布东路55号春度,风景名胜,,,,40.827205,111.733856,
49,树木园,赛罕区,兴安南路54号,风景名胜,,,,40.807901,111.713003,
49,五塔寺,玉泉区,五塔寺后街48号,风景名胜,,,,40.799381,111.664521,
49,公主府公园,新城区,锡林路街道锡林路街道海拉尔大街54号,风景名胜,,,,40.834598,111.656523,
49,呼和浩特市老牛儿童探索馆,回民区,中山西路街道锡林郭勒南路7号,科教文化服务,,,,40.808445,111.673136,
50,海贝尔游乐城,松山区,宝山路北段,体育休闲服务,,,,42.268429,118.889022,
50,石博园,松山区,林西路,风景名胜,,,,42.254928,118.907862,
50,辽代历史文化博物馆,红山区,钢铁街与小新地路交叉口东300米,科教文化服务,,,,42.238074,118.904940,
50,兴安南麓植物园,松山区,兴安街道林西路32号,风景名胜,,,,42.265483,118.896729,
50,车伯尔民俗园,松山区,林西路与兴安街交叉口东北140米,风景名胜,,,,42.260456,118.902885,
50,和美温泉旅游度假村(和美水城),喀喇沁旗,和美路与应昌街交汇处,体育休闲服务,,,,42.215173,118.873620,
50,七彩游乐园,红山区,赤喜路26号,体育休闲服务,,,,42.224721,118.925384,
50,牧歌公园,松山区,玉龙大街39-8号,风景名胜,,,,42.240100,118.871161,
50,奥林匹克公园,松山区,中梁首府壹号西边,风景名胜,,,,42.290988,118.883943,
50,蒙古源流雕塑园,松山区,玉龙街道大明街1号,风景名胜,,,,42.260409,118.894382,
50,英金公园,松山区,穆家营子镇迎金路73号附近,风景名胜,,,,42.287992,118.917188,
50,松州法治文化公园,松山区,银河路,风景名胜,,,,42.283443,118.949023,
50,玉龙广场,松山区,玉龙大街21号,风景名胜,,,,42.256454,118.888112,
50,桥北动物园,红山区,桥北街附近,风景名胜,,,,42.309426,118.957931,
50,红山文化博物馆,红山区,红山路与红旗路交叉口西北角,科教文化服务,,,,42.296932,118.982096,
50,宝峰禅寺,红山区,桥北街道,风景名胜,,,,42.322328,118.920392,
50,赤峰植物园,红山区,红峰路与三道东街交汇处,风景名胜,,,,42.285895,119.004826,
50,清真南大寺,红山区,火花路,风景名胜,,,,42.276774,118.966852,
50,欢乐草原,松山区,全宁街1号天骄西苑南侧蒙古源流雕塑园(东北角),风景名胜,,,,42.261003,118.895811,
50,乌兰哈达公园,红山区,桥北街道清河路,风景名胜,,,,42.306335,118.959869,
50,和谐广场,松山区,锦山路38-4号正东方向171米,风景名胜,,,,42.265089,118.881805,
50,心景花海,松山区,[],风景名胜,,,,42.377320,118.911666,
50,双拥碑,红山区,赤平公路与长青街交叉口西北220米,风景名胜,,,,42.277673,118.990996,
50,和美主题公园,喀喇沁旗,和美六路与富河街交叉口,风景名胜,,,,42.209098,118.867916,
50,道谷南山文旅小镇,红山区,文钟镇三道井子村南山,风景名胜,,,,42.218677,119.056599,
51,欢乐河岸,科尔沁区,胜利北路辅路与青龙山大街交叉口西南120米,风景名胜,,,,43.656677,122.234477,
51,通辽市市民公园,科尔沁区,门达路与青龙山大街交汇处南130米,风景名胜,,,,43.656863,122.242790,
51,通辽薰衣草庄园,科尔沁区,哲里木大桥东北侧,风景名胜,,,,43.650676,122.270494,
51,通辽市政府广场,科尔沁区,阿古拉大街南150米,风景名胜,,,,43.650719,122.243511,
51,通辽市博物馆,科尔沁区,清真街道建国路,科教文化服务,,,,43.625372,122.272302,
51,西拉木伦公园动物园,科尔沁区,西拉木伦公园(西北角),风景名胜,,,,43.632915,122.258804,
51,人民公园,科尔沁区,明仁街道建国路74号,风景名胜,,,,43.609779,122.270848,
51,彩虹大坝,科尔沁区,万华·锦海棠松石广场西北侧130米,风景名胜,,,,43.649225,122.285025,
51,科尔沁民俗风情园,科尔沁区,北绕城线西50米,风景名胜,,,,43.706908,122.255399,
51,生态植物园,科尔沁区,韩曹段039乡,风景名胜,,,,43.685002,122.278944,
51,金牛广场,科尔沁区,河西开发区创业大道,风景名胜,,,,43.624470,122.223416,
51,通辽森林公园,科尔沁区,铁南街道红光大街与永安路交汇处东,风景名胜,,,,43.599311,122.296983,
51,哲里木广场,科尔沁区,永清街道中心大街与和平路交汇处北,风景名胜,,,,43.617555,122.265766,
51,奥体中心广场,科尔沁区,胜利路与红胜大街交叉口西北200米,风景名胜,,,,43.630175,122.244381,
51,蒙药小镇,科尔沁区,罕山大街17-18号(原通辽经济开发区金汉新城五期),风景名胜,,,,43.705129,122.227741,
51,格桑花花田,科尔沁区,辽河公园(东北角),风景名胜,,,,43.658167,122.292580,
51,辽河公园-观景平台,科尔沁区,辽河公园,风景名胜,,,,43.644541,122.256041,
51,那达幕文化园,科尔沁区,那达幕文化园(北绕城线南),风景名胜,,,,43.708312,122.221477,
51,科尔沁知青之恋雕塑,科尔沁区,胜利路大桥辽河公园(西南角),风景名胜,,,,43.640488,122.255622,
51,薰衣草花田,科尔沁区,辽河公园内(西侧),风景名胜,,,,43.639503,122.245801,
51,双拥广场,科尔沁区,柳荫路与常胜路交叉口东260米,风景名胜,,,,43.648367,122.244083,
51,科尔沁那达慕文化体育中心,科尔沁区,那达幕文化园,风景名胜,,,,43.710127,122.220568,
51,通辽市净妙寺,科尔沁区,霍林河大街东3185号,风景名胜,,,,43.630199,122.304153,
51,清河街城市公园,科尔沁区,二道河大街14号,风景名胜,,,,43.675348,122.281128,
51,万华·锦海棠松石广场,科尔沁区,滨河大街21路,体育休闲服务,,,,43.648249,122.285964,
52,北山森林公园,加格达奇区,建林路,风景名胜,,,,50.439426,124.152417,
52,铁道兵开发大兴安岭纪念碑,加格达奇区,东二道街,风景名胜,,,,50.429057,124.138907,
52,金刚寺,加格达奇区,建林路北山森林公园(东南角),风景名胜,,,,50.430927,124.164972,
52,公园中心,加格达奇区,景观大道127号,风景名胜,,,,50.407731,124.121762,
52,东湖公园,加格达奇区,铁东大街东向,风景名胜,,,,50.419708,124.154996,
52,知青广场,加格达奇区,银波大街与人民路交叉口西60米,风景名胜,,,,50.427248,124.108102,
52,大兴安岭民俗博物馆,加格达奇区,铁东大街附近,科教文化服务,,,,50.418470,124.153766,
52,儿童公园,加格达奇区,红旗街道红旗街道红旗街道人民路11号,风景名胜,,,,50.425631,124.120675,
52,圆觉寺,加格达奇区,卫东街道铁东大街,风景名胜,,,,50.411775,124.161912,
52,加格达奇老道口十里画廊,加格达奇区,老道口西南,风景名胜,,,,50.409943,123.991678,
52,加格达奇法治文化公园,加格达奇区,人民路,风景名胜,,,,50.421709,124.143539,
52,加格达奇区清真寺,加格达奇区,地区加格达奇区铁路南小区22号楼前平房,风景名胜,,,,50.419414,124.146845,
52,黑龙江加格达奇国家森林公园,加格达奇区,Z001,风景名胜,,,,50.318014,124.121681,
52,万亩种子园,加格达奇区,加格达奇国家森林公园东侧,风景名胜,,,,50.432712,124.156496,
52,加格达奇区北山烈士陵园,加格达奇区,加格达奇区北山公园(育才小学北270米),生活服务,,,,50.429701,124.140796,
52,兴安冰雪乐园,加格达奇区,加格达奇区体育馆,风景名胜,,,,50.396769,124.107254,
52,苗圃民悦园,加格达奇区,曙光街,公司企业,,,,50.418100,124.103850,
52,西岭教堂,加格达奇区,光辉路附近,风景名胜,,,,50.417608,124.099188,
52,映山红风景区,加格达奇区,光明街道机场路中段西3公里处,风景名胜,,,,50.387590,124.070747,
52,八角楼,加格达奇区,红旗大街与人民路交叉口南40米,风景名胜,,,,50.425477,124.115400,
52,万寿山林园,加格达奇区,332国道,风景名胜,,,,50.469819,124.010912,
52,东山基督教堂,加格达奇区,铁民一巷与朝阳路交叉口东北60米,风景名胜,,,,50.423884,124.146892,
52,曙光基督教堂,加格达奇区,光明东路,风景名胜,,,,50.415426,124.124530,
52,天主堂,加格达奇区,长虹镇鑫源小区1号商服,风景名胜,,,,50.430334,124.104608,
52,光明基督教堂,加格达奇区,光辉路与电厂街交叉口东260米,风景名胜,,,,50.414051,124.124193,
53,北山公园,向阳区,北山街道北山公园东南300米,风景名胜,,,,47.366823,130.289644,
53,天水湖公园,工农区,湖滨街道青少年科技活动中心,风景名胜,,,,47.345832,130.274922,
53,鹤岗国家矿山公园,兴山区,运输路10号,风景名胜,,,,47.356802,130.320199,
53,鹤岗市儿童公园,向阳区,七马路与新兴路交叉口东50米,风景名胜,,,,47.351997,130.293192,
53,东山体育公园,东山区,东山路与沿河南五道街交叉口南320米,风景名胜,,,,47.342334,130.322366,
53,五指山公园,南山区,花园街,风景名胜,,,,47.308953,130.277016,
53,梨花谷,东山区,北山公园经前进检查站至红旗林场5公里处道路旁,风景名胜,,,,47.398125,130.236583,
53,北大岭博然公园,兴山区,青岭路,风景名胜,,,,47.393883,130.331925,
53,普陀山宗教文化风景区,工农区,鹿林山,风景名胜,,,,47.291669,130.248697,
53,鹤立湖,东山区,三精路,风景名胜,,,,47.368282,130.203261,
53,鹤岗市梦幻水世界,东山区,松鹤生态新区,体育休闲服务,,,,47.302950,130.227018,
53,北普陀寺,南山区,普陀山宗教文化风景区,风景名胜,,,,47.287713,130.250516,
53,鹤岗平安宝塔,东山区,氧气厂路与龙源路交叉口东480米,风景名胜,,,,47.320603,130.248503,
53,普陀山宗教文化风景区-三宝寺,工农区,新南街道三宝路三宝寺,风景名胜,,,,47.292106,130.252057,
53,欣虹湖公园,东山区,西解放路与支架路交叉口西北400米,风景名胜,,,,47.319683,130.253437,
53,岭北矿露天采坑遗址,东山区,运输路10号,风景名胜,,,,47.359968,130.324480,
53,松鹤西湖公园,东山区,蔬园乡鹤嫩公路,风景名胜,,,,47.362561,130.136346,
53,鹤岗市博物馆,兴安区,光宇路与宇南街交叉口,科教文化服务,,,,47.277043,130.248642,
53,红军碑,向阳区,鹤岗市儿童公园(东南角),风景名胜,,,,47.350537,130.294874,
53,清真寺,工农区,东解放路南三道街与文化街交叉口西40米,风景名胜,,,,47.332218,130.280883,
53,鹿林山公园,工农区,宇南街和光宇路交口处,风景名胜,,,,47.290302,130.245705,
53,清源湖景区,东山区,"松花江二级支流大鹤立河中上游,鹤嫩公路西100米",风景名胜,,,,47.352229,130.124405,
53,文化广场,工农区,学府路与育才路交叉口西80米,风景名胜,,,,47.322466,130.274611,
53,兴山电影广场,兴山区,兴山路与医大街交叉口北60米,风景名胜,,,,47.358177,130.303054,
53,将军石山庄,兴安区,[],风景名胜,,,,47.237024,130.115712,
54,黑龙江公园,爱辉区,王肃街9号,风景名胜,,,,50.247756,127.521402,
54,192号界碑,爱辉区,王肃街9号黑龙江公园内(西侧),风景名胜,,,,50.251380,127.508400,
54,瑷珲腾冲中国人口地理分界线主题公园,爱辉区,电业街与龙海路交叉口,风景名胜,,,,50.225908,127.517406,
54,母亲广场,爱辉区,边上工人文化宫对面,风景名胜,,,,50.252637,127.503380,
54,世纪广场,爱辉区,环城东路1号,风景名胜,,,,50.248668,127.517197,
54,黑河游船码头,爱辉区,王肃街和迎恩路交叉口下江,体育休闲服务,,,,50.255053,127.497331,
54,国旗广场,爱辉区,通江路7号,风景名胜,,,,50.250587,127.534061,
54,龙滨公园,爱辉区,龙滨路196号,风景名胜,,,,50.237412,127.509031,
54,黑龙江大桥公园,爱辉区,[],风景名胜,,,,50.203367,127.598208,
54,旅俄华侨纪念馆,爱辉区,王肃街72号,风景名胜,,,,50.253844,127.497087,
54,黑河市大岛植物园,爱辉区,王肃街,风景名胜,,,,50.250704,127.523014,
54,黑龙江中俄民族风情园,爱辉区,环城东路1号,风景名胜,,,,50.286578,127.360619,
54,金法寺,爱辉区,中俄自由贸易城西,风景名胜,,,,50.249912,127.527536,
54,王肃公园,爱辉区,王肃街9号黑龙江公园内(西侧),风景名胜,,,,50.249376,127.511599,
54,大黑河岛西滩头,爱辉区,王肃街与公园路交叉口东北420米,风景名胜,,,,50.252384,127.514124,
54,樱花园,爱辉区,王肃街9号黑龙江公园内(东侧),风景名胜,,,,50.246170,127.529920,
54,锦河大峡谷,爱辉区,S302附近山神府村,风景名胜,,,,50.148222,127.282194,
54,黑河清真寺,爱辉区,中央街538号,风景名胜,,,,50.245985,127.508726,
54,休闲景观区,爱辉区,王肃街与公园路交叉口东北420米,风景名胜,,,,50.252525,127.513907,
54,卧牛湖风景区,爱辉区,黑洛公路附近,风景名胜,,,,50.300134,127.317357,
54,黑河市瑷珲历史陈列馆,爱辉区,瑷珲镇萨布素街爱辉小学旁,科教文化服务,,,,49.977697,127.493794,
54,黑河市商会旧址,爱辉区,[],风景名胜,,,,50.250909,127.508602,
54,上马厂镇新曙光村达子香花海,爱辉区,622乡道,风景名胜,,,,50.216830,127.274137,
54,黑河五道豁洛酒厂旧址,爱辉区,[],风景名胜,,,,50.268292,127.439573,
54,天龙票务中心,爱辉区,官渡路99号,生活服务,,,,50.247614,127.496329,
55,江滨公园,东安区,太平路133号,风景名胜,,,,44.569597,129.629646,
55,牡丹广场,东安区,江南会展中心北侧,风景名胜,,,,44.561418,129.630316,
55,八女投江革命烈士陵园,西安区,大安路133号江滨公园附近,风景名胜,,,,44.569346,129.625284,
55,八女投江烈士群雕,西安区,江滨公园内(西侧),风景名胜,,,,44.569468,129.625405,
55,八女投江纪念馆,西安区,太平路156号,风景名胜,,,,44.570629,129.622706,
55,牡丹江珍稀动物园,东安区,[],风景名胜,,,,44.565672,129.662375,
55,南湖公园,西安区,江滨街道江滨街道南市街附近,风景名胜,,,,44.563036,129.612358,
55,北山公园,爱民区,北山街道北山街道北山街道北山街道新华路427号,风景名胜,,,,44.609364,129.593972,
55,小提琴广场,东安区,爱河路与牡丹江大街交汇处,风景名胜,,,,44.544700,129.633063,
55,同心公园,东安区,四区二道街停车场与松江路交叉口东南300米,风景名胜,,,,44.576575,129.647775,
55,文化宫广场,西安区,先锋街道太平路与平安街交叉口南100米,风景名胜,,,,44.580755,129.617916,
55,清真寺,东安区,东新安街东一条路389-12号,风景名胜,,,,44.578054,129.624431,
55,牡丹江市博物馆,西安区,西二条路华龙城市花园北门东侧,科教文化服务,,,,44.570623,129.622703,
55,儿童公园,爱民区,铁北街道天安路与西新荣街交叉口,风景名胜,,,,44.590004,129.592486,
55,人民空军东北老航校旧址(不对外开放),西安区,[],风景名胜,,,,44.543532,129.582189,
55,牡丹峰国家森林公园,东安区,兴隆镇,风景名胜,,,,44.467630,129.735920,
55,大湾水世界,东安区,大湾村东北,体育休闲服务,,,,44.577088,129.663020,
55,朝鲜民族文化广场,西安区,西长安街,风景名胜,,,,44.574812,129.608075,
55,圆通讲寺,爱民区,通乡街5号,风景名胜,,,,44.609304,129.580753,
55,牡丹江人防主题园,东安区,江南公园(东北角),风景名胜,,,,44.549726,129.634125,
55,江南公园,东安区,牡丹江政府正对面,风景名胜,,,,44.548949,129.632938,
55,牡丹江体育公园,西安区,环江北街与江滨三道街交叉口南100米,风景名胜,,,,44.558019,129.616845,
55,报恩寺,海林市,子龙街报恩路1号,风景名胜,,,,44.562105,129.410169,
55,爱熊猫小镇,东安区,[],风景名胜,,,,44.563682,129.659643,
55,牡丹江江心岛,东安区,太平路133号江滨公园内(东侧),风景名胜,,,,44.569680,129.632038,
56,锦绣山水公园,伊美区,前进街道通山路南山风景林自然保护区,风景名胜,,,,47.722830,128.856091,
56,森林博物馆,伊美区,前进街道伊春市伊美区新区政府,科教文化服务,,,,47.726602,128.843525,
56,中国林都木雕园,伊美区,前进街道前进街道花园路小兴安岭石苑附近,风景名胜,,,,47.713344,128.872768,
56,水上公园,伊美区,黎明路107号西北方向160米伊春小兴安岭国家地质公园,风景名胜,,,,47.721206,128.886091,
56,伊春小兴安岭国家地质公园,伊美区,黎明路107号西北方向160米,风景名胜,,,,47.722556,128.887141,
56,乌翠之夏乌翠区第六届文化旅游嘉年华,乌翠区,林都大街与通乡路交叉口西80米,风景名胜,,,,47.725151,128.814211,
56,北山公园,伊美区,朝阳街道朝阳街道山河大道与通河路交汇处西行186米,风景名胜,,,,47.738095,128.898177,
56,兴安国家森林公园(伊美区南山公园),伊美区,扶兴路3号,风景名胜,,,,47.707708,128.925442,
56,伊春市博物馆(地质博物馆),伊美区,新兴西大街1号,科教文化服务,,,,47.722525,128.884883,
56,乌马河广场,乌翠区,林都大街与中心路交叉口西南40米,风景名胜,,,,47.725657,128.803432,
56,比罗比詹广场,伊美区,林都大街6号,风景名胜,,,,47.722546,128.860426,
56,乌翠区南山森林公园,乌翠区,乌翠区乌带公路基督教堂西南200米,风景名胜,,,,47.716318,128.794218,
56,溪水国家森林公园,友好区,伊嘉路24公里处上甘岭林业局溪水林场施业区内,风景名胜,,,,47.907793,129.003620,
56,小兴安岭石苑,伊美区,前进街道前进街道中国林都木雕园附近,风景名胜,,,,47.715157,128.882547,
56,小兴安岭植物园,伊美区,迎宾北路与新建街交叉口西北460米,风景名胜,,,,47.743334,128.907169,
56,水上明珠旅游景区,伊美区,和平街与通山路交叉口西200米,风景名胜,,,,47.731823,128.894113,
56,火山岩地质公园,伊美区,红升街道红升街道红升街道红升街道红升街道红旗小区18号楼513,风景名胜,,,,47.729002,128.891913,
56,东升岛竹筏漂流,伊美区,东升岛度假村附近,风景名胜,,,,47.751453,128.924241,
56,兴安塔,伊美区,青山中大街93号,风景名胜,,,,47.703567,128.921843,
56,花海,伊美区,伊春一中西北侧330米,风景名胜,,,,47.737658,128.835128,
56,醉泉,伊美区,扶兴路3号兴安国家森林公园(伊美区南山公园)(西南角),风景名胜,,,,47.700590,128.910293,
56,丁香园,伊美区,山珍路6号,风景名胜,,,,47.734737,128.849424,
56,上甘岭溪水国家森林公园售票处,友好区,溪水国家森林公园,生活服务,,,,47.906693,128.999456,
56,天恩堂,伊美区,林都大街4号,风景名胜,,,,47.721466,128.860263,
56,伊春广场,伊美区,青山西大街伊春蓝莓小镇,风景名胜,,,,47.713429,128.845638,
57,福地洞天,鸡冠区,和平南大街附近,商务住宅,,,,45.287779,130.956699,
57,穆棱河公园,鸡冠区,利民路37号,风景名胜,,,,45.313815,130.976317,
57,丁香公园,鸡冠区,康新路与政通街交叉口,风景名胜,,,,45.299325,130.943566,
57,鸡西市博物馆,鸡冠区,新兴路196号,科教文化服务,,,,45.294782,130.942782,
57,华严寺,鸡冠区,文化路附近,风景名胜,,,,45.303048,130.944305,
57,鸡西市儿童公园,鸡冠区,东风街道东风街道中心大街1号,风景名胜,,,,45.303764,130.994456,
57,鸡西城市森林公园,鸡冠区,文化路,风景名胜,,,,45.306184,130.931378,
57,河滨公园,鸡冠区,祥光路141号,风景名胜,,,,45.307942,130.986270,
57,鸡西动植物园,鸡冠区,向南街43号,风景名胜,,,,45.304456,130.898662,
57,杏花山,鸡冠区,红星乡沙发屯往东,风景名胜,,,,45.262117,130.977954,
57,鸡西市文化广场,鸡冠区,利民路37号穆棱河公园,风景名胜,,,,45.313388,130.975662,
57,清真寺,鸡冠区,祥光月秀2期1号楼,风景名胜,,,,45.311399,130.974395,
57,鸡西水上公园,城子河区,政丰路与政祥路辅路交叉口南420米,风景名胜,,,,45.312767,130.992564,
57,东山桥公园,鸡冠区,鸡东镇鸡密南路,风景名胜,,,,45.291775,130.981843,
57,东北民俗博物馆,鸡冠区,利民路37号穆棱河公园(东南角),科教文化服务,,,,45.310929,130.981394,
57,麒麟山风景区,鸡东县,兴农镇,风景名胜,,,,45.507445,130.895023,
57,净土寺,城子河区,长青乡东,风景名胜,,,,45.338075,131.049777,
57,杜鹃花公园,鸡冠区,新兴路与人和街交叉口西北220米,风景名胜,,,,45.296139,130.945323,
57,松林路健身公园,鸡冠区,松林路与人和街交叉口东北100米,风景名胜,,,,45.299133,130.950947,
57,鸡西市城隍庙,鸡冠区,南环路,风景名胜,,,,45.280861,130.918053,
57,大鸡冠山,鸡冠区,[],风景名胜,,,,45.280461,131.053983,
57,鸡西市体育公园,鸡冠区,人和街与鸡兴东路交汇处西北侧,风景名胜,,,,45.292999,130.941907,
57,鸡西烈士陵园,鸡冠区,[],生活服务,,,,45.291821,131.041165,
57,基督教堂,鸡冠区,006乡道与东山街交叉口东南100米,风景名胜,,,,45.274966,130.974438,
57,小黄鸭游乐园(丁香公园店),鸡冠区,丁香公园丁香汇购物广场一层,体育休闲服务,,,,45.299004,130.942718,
58,龙沙公园,龙沙区,公园路36号,风景名胜,,,,47.341572,123.942139,
58,龙沙动植物园,建华区,碾北公路1号,风景名胜,,,,47.387355,123.944518,
58,齐齐哈尔市博物馆,建华区,卜奎北大街6号,科教文化服务,,,,47.356017,123.956054,
58,嫩江公园,龙沙区,湖滨街道新明街1号,风景名胜,,,,47.339497,123.921260,
58,明月岛,梅里斯达斡尔族区,沿江北街4号(龙沙动植物园西侧),风景名胜,,,,47.407034,123.908674,
58,金沙潮玩小镇,龙沙区,望江广场附近,风景名胜,,,,47.318470,123.903619,
58,黑龙江督军署,建华区,卜奎街道卜奎北大街6号,风景名胜,,,,47.356782,123.955894,
58,北纬47度洗浴,建华区,党校街62号00单元01层03,体育休闲服务,,,,47.368225,123.940407,
58,齐齐哈尔市鹤城公园,龙沙区,卜奎南大街与鹤城路交叉口东南320米,风景名胜,,,,47.300025,123.955776,
58,大乘寺,铁锋区,民航路499号,风景名胜,,,,47.317543,123.977288,
58,西满革命烈士陵园,铁锋区,站前南大街陵园路3号,风景名胜,,,,47.318858,123.978242,
58,浏园景区沙滩,建华区,浏园,风景名胜,,,,47.361086,123.914074,
58,天主堂,龙沙区,海山路与海山胡同交叉口东北40米,风景名胜,,,,47.343334,123.959255,
58,圣弥厄尔教堂,龙沙区,海山路与海山胡同交叉口东北40米,风景名胜,,,,47.343397,123.959314,
58,鹤城公园主题游乐园,龙沙区,大民街道南苑高新区中汇城卜奎南大街与腾飞路交叉口鹤城公园,体育休闲服务,,,,47.299839,123.956805,
58,南部万广场,龙沙区,喜庆路与安寿南街交叉口西160米,商务住宅,,,,47.305161,123.960159,
58,齐遇,铁锋区,木海街101号,风景名胜,,,,47.326759,123.982296,
58,工人文化宫毛泽东塑像,龙沙区,源地街与新文路交叉口西20米,风景名胜,,,,47.337597,123.942106,
58,阳光文化公园,龙沙区,新合路与新立街交叉口西南100米,风景名胜,,,,47.324606,123.918886,
58,水师森林温泉度假区,昂昂溪区,水师森林公园内,体育休闲服务,,,,47.254389,124.011420,
58,水师森林公园,昂昂溪区,水师营满族镇东一公里处,风景名胜,,,,47.254027,124.010980,
58,龙沙公园-一号门广场,龙沙区,公园路36号龙沙公园(东北角),风景名胜,,,,47.345353,123.949195,
58,俄国领事馆旧址,龙沙区,公园路与中环路交叉口西北260米,风景名胜,,,,47.346008,123.946806,
58,劳动湖音乐广场,建华区,劳动东路123号,风景名胜,,,,47.353418,123.947278,
58,抗洪胜利纪念塔,龙沙区,新明街1号,风景名胜,,,,47.339322,123.920777,
59,西湖公园,北林区,西二环,风景名胜,,,,46.635599,126.961548,
59,绥化博物馆,北林区,新兴西街北100米博物馆,科教文化服务,,,,46.650185,126.969566,
59,人民公园,北林区,花园街绥化三中斜对面,风景名胜,,,,46.616739,126.991560,
59,唯恋公园,北林区,S304(绥望路),风景名胜,,,,46.640535,126.957231,
59,五环广场,北林区,中直北路267号,风景名胜,,,,46.653637,126.986626,
59,东湖公园,北林区,广盛东街南侧,风景名胜,,,,46.631150,127.007361,
59,唯实公园,北林区,迎宾路与唯才路交叉口西北180米,风景名胜,,,,46.652728,126.964799,
59,市府广场,北林区,迎宾路北100米,风景名胜,,,,46.652920,126.969048,
59,圈树广场,北林区,东风街与二马路交叉口东南40米,风景名胜,,,,46.638065,127.009102,
59,大雄宝殿,北林区,地藏寺内,风景名胜,,,,46.626569,126.997208,
59,铁牛公园,北林区,长江北路东侧,风景名胜,,,,46.650778,126.999881,
59,绥化市基督教堂,北林区,吉泰办事处南三西路广源街85号,风景名胜,,,,46.630225,126.983255,
59,朝中广场,北林区,花园街,风景名胜,,,,46.628446,127.002934,
59,慈云观,北林区,[],风景名胜,,,,46.725064,126.987529,
59,地藏寺,北林区,北林办事处,风景名胜,,,,46.618270,126.914194,
59,跌水瀑布,北林区,西湖公园内,风景名胜,,,,46.635706,126.960211,
59,隆福寺,北林区,广顺街9号,风景名胜,,,,46.625708,126.997351,
59,府西植物园,北林区,红星街北侧,风景名胜,,,,46.649197,126.966564,
59,红光寺,望奎县,304省道,风景名胜,,,,46.704404,126.684223,
59,绥化冰雪奇园,北林区,广顺西街与康庄南路交叉口东240米,体育休闲服务,,,,46.621296,126.977383,
59,东湖公园湿地,北林区,花园街南,风景名胜,,,,46.625897,127.010568,
59,绥化夏威夷温泉酒店,北林区,铂金宫馆6栋,住宿服务,,,,46.618430,126.967064,
59,侵华日军飞机场(飞机堡)遗址,北林区,红星街北府西植物园内,风景名胜,,,,46.649569,126.966322,
59,绥西圆塘,北林区,绥兰路4号,风景名胜,,,,46.637348,126.946487,
59,小八达岭长城,北林区,人民公园内人工湖北侧,风景名胜,,,,46.616721,126.991973,
60,石油馆,萨尔图区,东风路6A号,风景名胜,,,,46.594522,125.087526,
60,果成寺,萨尔图区,中林街附近,风景名胜,,,,46.605187,125.082024,
60,万宝湖体育公园,萨尔图区,时代广场东侧,风景名胜,,,,46.584528,125.101740,
60,大庆博物馆,龙凤区,高新技术产业开发区文苑街2号,科教文化服务,,,,46.584229,125.153169,
60,三永湖公园,龙凤区,富民街与东风路交叉口西南180米,风景名胜,,,,46.572857,125.124767,
60,时代广场,萨尔图区,时代广场东街13号,风景名胜,,,,46.581571,125.100851,
60,滨洲湖,龙凤区,学伟大街与保健路交叉口南380米,风景名胜,,,,46.620157,125.137827,
60,奥林匹克公园,萨尔图区,火炬街道学伟大街,风景名胜,,,,46.641579,125.135783,
60,西苑,萨尔图区,人民西路与体育街交叉口西南20米,风景名胜,,,,46.591376,125.099253,
60,大庆磐石大教堂,龙凤区,龙永路45号,风景名胜,,,,46.554678,125.125395,
60,净觉寺,龙凤区,高新区农场安萨路77号,风景名胜,,,,46.564818,125.205201,
60,青龙湖体育公园,龙凤区,大庆东站东北方向的中轴线上,风景名胜,,,,46.544768,125.134905,
60,铁人王进喜纪念馆,让胡路区,中原路2号,风景名胜,,,,46.609386,124.886805,
60,青龙山绿舟公园,龙凤区,龙兴路与新兴西街交叉口西南220米,风景名胜,,,,46.560677,125.145701,
60,龙凤湿地,龙凤区,龙凤镇风景街,风景名胜,,,,46.539305,125.179237,
60,龙凤湿地监测塔(不对外开放),龙凤区,龙凤镇龙兴路,风景名胜,,,,46.538960,125.180278,
60,植物园,龙凤区,黎明街道科技路107号,风景名胜,,,,46.577384,125.155976,
60,大庆人防主题园,萨尔图区,东风路22号,风景名胜,,,,46.586680,125.103105,
60,黎明湖-风帆广场,龙凤区,发展路五湖新区祥阁花园农行小区西北,风景名胜,,,,46.590453,125.136608,
60,黎明湖沙滩特色市集,龙凤区,发展路黎明湖(东南角),风景名胜,,,,46.588068,125.134762,
60,兰德公园,萨尔图区,东风街道新村五湖新区美兰街,风景名胜,,,,46.620463,125.124410,
60,黎明湖公园,龙凤区,科技路56号,风景名胜,,,,46.586897,125.134208,
60,黎明湖-黎明河带状公园,龙凤区,学伟大街黎明河带状公园附近,风景名胜,,,,46.593071,125.129941,
60,世界石油文化公园,让胡路区,西湖街140号,风景名胜,,,,46.605754,124.860497,
60,铁人广场,让胡路区,西宾街道远望大街68号,风景名胜,,,,46.613641,124.885382,
61,哈尔滨融创乐园,松北区,哈尔滨融创文旅城内(东侧),风景名胜,,,,45.806609,126.505013,
61,哈尔滨融创文旅城,松北区,丰源街与世茂大道交汇处,风景名胜,,,,45.807403,126.499179,
61,哈尔滨冰雪大世界,松北区,太阳大道1458号,风景名胜,,,,45.777005,126.562459,
61,太阳岛风景区,松北区,太阳大道3号,风景名胜,,,,45.791584,126.597880,
61,新区中心公园,松北区,中源大道与江安街交汇处,风景名胜,,,,45.817554,126.523721,
61,东北虎林园,松北区,松北街88号,风景名胜,,,,45.817483,126.600650,
61,哈尔滨极地公园·极地馆,松北区,太阳大道277号,风景名胜,,,,45.784741,126.586057,
61,金河湾湿地植物园,松北区,江湾路5000号,风景名胜,,,,45.783001,126.498681,
61,哈尔滨市政府广场,松北区,松北街道世纪大道与泰山街交叉口西南340米,风景名胜,,,,45.800794,126.536450,
61,哈尔滨防洪纪念塔广场,道里区,斯大林街3号斯大林公园内(东侧),风景名胜,,,,45.780655,126.617118,
61,哈尔滨市人民防洪胜利纪念塔,道里区,友谊路259-7号,风景名胜,,,,45.780654,126.617203,
61,哈尔滨音乐公园,道里区,群力街道上江街与友谊西路交汇处,风景名胜,,,,45.749011,126.548455,
61,斯大林公园,道里区,斯大林街3号(近松花江畔),风景名胜,,,,45.779383,126.612799,
61,圣·索菲亚教堂,道里区,透笼街129号,风景名胜,,,,45.770125,126.627215,
61,一湖三岛,松北区,太阳岛西区外滩湿地公园(东南角),风景名胜,,,,45.793768,126.536823,
61,群力外滩生态湿地,道里区,工农街道星光耀广场,风景名胜,,,,45.755922,126.540273,
61,黑龙江哈尔滨太阳岛国家湿地公园,松北区,政府大厦对面,风景名胜,,,,45.798161,126.536666,
61,中华巴洛克历史文化街区,道外区,南头道街64号,风景名胜,,,,45.781791,126.640729,
61,丁香公园,道里区,群力大道与景江东路交汇处,风景名胜,,,,45.743329,126.566514,
61,银河欢乐世界,松北区,世茂大道与丰源街交叉口东北100米,体育休闲服务,,,,45.800217,126.496746,
61,枫叶小镇温泉度假村,松北区,智谷三街5555号,体育休闲服务,,,,45.825901,126.467971,
61,人民广场,道里区,经纬街与友谊路交口102号,风景名胜,,,,45.773650,126.602915,
61,关东古巷,道里区,群力新区群力第五大道770号城屿in象1层,购物服务,,,,45.734291,126.566775,
61,九站公园,道里区,九站街1号,风景名胜,,,,45.770097,126.598557,
61,哈尔滨热雪奇迹,松北区,世茂大道99号融创茂1楼,体育休闲服务,,,,45.803200,126.500714,
62,佳木斯市沿江公园,向阳区,滨江路外滩广场东,风景名胜,,,,46.825976,130.352084,
62,松花江广场,前进区,沿江路松花江边,风景名胜,,,,46.820860,130.363492,
62,外滩公园,向阳区,滨江路,风景名胜,,,,46.824284,130.347953,
62,杏林湖公园,向阳区,通江街368号,风景名胜,,,,46.802254,130.360454,
62,西浦植物园,郊区,友谊路与苗圃巷交汇处,风景名胜,,,,46.804699,130.310842,
62,佳木斯建国十周年纪念塔,向阳区,中山街与滨江路交叉口北50米,风景名胜,,,,46.820859,130.363448,
62,绿云公园,郊区,红旗路北段,风景名胜,,,,46.814798,130.319733,
62,合江省政府旧址博物馆,前进区,中山街与保卫路交叉口东北侧,科教文化服务,,,,46.811525,130.368158,
62,双拥公园,向阳区,环城路西头(比亚迪4S店对面),风景名胜,,,,46.788597,130.359289,
62,佳木斯市水源山公园-佛光寺,前进区,胜利东路125号,风景名胜,,,,46.795612,130.392761,
62,知青文化广场,前进区,和平路,风景名胜,,,,46.819899,130.374857,
62,侵华日军铁路桥江南桥头堡遗迹,向阳区,滨江路附近,风景名胜,,,,46.830886,130.330593,
62,刘英俊烈士陵园,郊区,友谊路402号,风景名胜,,,,46.808913,130.284854,
62,西林公园,前进区,顺和街,风景名胜,,,,46.809015,130.372649,
62,佳乡印象亲子游乐园,向阳区,港龙三期滨江路与松林街交叉口,体育休闲服务,,,,46.827734,130.331875,
62,东北抗联雕塑馆,东风区,杏林路与滨江路交叉口东120米,风景名胜,,,,46.823202,130.398250,
62,西门转盘,郊区,红旗街与解放路辅路交叉口西100米,风景名胜,,,,46.809300,130.331139,
62,佳木斯市博物馆,东风区,步行街2号楼,科教文化服务,,,,46.828719,130.434431,
62,国家安全教育主题公园,郊区,长安西路864号,风景名胜,,,,46.798204,130.322153,
62,江北日军铁路桥桥头堡遗迹,郊区,黑龙江省佳木斯市郊区,风景名胜,,,,46.841726,130.339745,
62,胜利公园,东风区,长安东路333号,风景名胜,,,,46.818575,130.398324,
62,水源山动物园,前进区,光华街与育林街交叉口北160米,风景名胜,,,,46.792366,130.385562,
62,东兴城公园,东风区,光复东路与长江巷交叉口东南400米,风景名胜,,,,46.831237,130.434990,
62,东北大学旧址,向阳区,德祥街409号,风景名胜,,,,46.804822,130.359480,
62,桦川县星火稻乡旅游景区,桦川县,102国道,体育休闲服务,,,,46.884215,130.570145,
63,七台河市仙洞山风景区,桃山区,景丰路与学府街交叉路口北面,风景名胜,,,,45.783389,131.019675,
63,万宝湖儿童公园,桃山区,万宝公园内,风景名胜,,,,45.756234,131.004583,
63,人民公园(同仁路),桃山区,大同街285-8号,风景名胜,,,,45.772453,131.022761,
63,冠军公园,桃山区,山湖路39号,风景名胜,,,,45.776562,130.999427,
63,人才公园,桃山区,沿河街18号,风景名胜,,,,45.786303,130.981028,
63,佛宝寺,桃山区,东胜村浴池道,风景名胜,,,,45.787588,131.028168,
63,七台河博物馆,茄子河区,东安街2号(大学附属幼儿园西侧、体育会展中心对面),科教文化服务,,,,45.774446,131.040349,
63,七台河市狐仙洞,桃山区,黎明街115号仙洞山公园内,风景名胜,,,,45.780817,131.015049,
63,文化广场,桃山区,学府社区服务站,风景名胜,,,,45.774709,131.009684,
63,湖滨广场,桃山区,沿河街与阿尔乔姆路交叉口西180米,风景名胜,,,,45.781505,131.009472,
63,七台河市矿工广场,桃山区,大同街8号,风景名胜,,,,45.764440,130.995386,
63,万宝音乐喷泉,桃山区,幸福路66号音乐创意部落,风景名胜,,,,45.750029,131.005106,
63,桃山湖,茄子河区,[],风景名胜,,,,45.797072,131.041811,
63,桃山区银泉广场,桃山区,湖滨广场内(南侧),风景名胜,,,,45.780957,131.009408,
63,人才休闲园,桃山区,石油大道242号,风景名胜,,,,45.756669,130.999213,
63,四新花海,茄子河区,401乡道西北30米,公共设施,,,,45.699857,131.095606,
63,七台河烈士陵园,桃山区,同仁路与人才街交叉口西北420米,生活服务,,,,45.784390,131.022764,
63,石龙山国家森林公园,茄子河区,龙山林场境内,风景名胜,,,,45.647251,131.250170,
63,松椿清泉,桃山区,大同街与朝阳路交叉口西60米,风景名胜,,,,45.770048,131.009110,
63,七台河音乐喷泉,桃山区,沿河街18号,风景名胜,,,,45.786927,130.982003,
63,仙洞山广场,桃山区,桃山区青少年宫8楼,风景名胜,,,,45.776927,131.017911,
63,仙湖洞,桃山区,沿河街与阿尔乔姆路交叉口南40米,风景名胜,,,,45.782064,131.011655,
63,七台河市桃山区万宝水库大坝,桃山区,万宝湖儿童公园(西南角),风景名胜,,,,45.755331,131.002987,
63,七台河市乌金桥,桃山区,东进街119号,风景名胜,,,,45.765068,130.999612,
63,主恩礼拜堂,新兴区,中化石油加油站西北侧220米,风景名胜,,,,45.799513,130.949009,
64,双鸭山市承平湖公园,尖山区,学府街,风景名胜,,,,46.692087,131.162282,
64,民生广场,尖山区,卫生大厦附近,风景名胜,,,,46.663184,131.148298,
64,北秀公园,尖山区,园林路1号,风景名胜,,,,46.628588,131.149949,
64,佛母山中道寺,尖山区,双兴村,风景名胜,,,,46.647322,131.095577,
64,市政广场人工湖,尖山区,市政广场南侧,风景名胜,,,,46.662803,131.148306,
64,杜勒里花园,尖山区,勤廉路与学院西街交汇处,商务住宅,,,,46.682475,131.145048,
64,双鸭山市博物馆,尖山区,世纪大道,科教文化服务,,,,46.665967,131.145371,
64,大菩提寺,集贤县,福利镇新发街与016乡道交叉口西100米,风景名胜,,,,46.671230,131.068108,
64,双鸭山体育公园,尖山区,建设路和民生大街交叉口东南,风景名胜,,,,46.675431,131.168156,
64,七星峰森林公园,集贤县,017乡道西150米,风景名胜,,,,46.707430,130.958120,
64,益寿山公园,尖山区,新城路142号,风景名胜,,,,46.639277,131.174863,
64,翠峰山公园,尖山区,尖山区东平行路六马路,风景名胜,,,,46.643612,131.167681,
64,秋枫谷,集贤县,[],风景名胜,,,,46.661201,130.991897,
64,紫云岭森林公园,四方台区,132县道,风景名胜,,,,46.601733,131.354524,
64,七星广场,集贤县,同三公路与203省道交叉口西200米,风景名胜,,,,46.750839,131.133556,
64,黑龙江七星山国家森林公园,集贤县,七星林场,风景名胜,,,,46.595665,130.896620,
64,黑龙江青山国家森林公园,岭东区,岭东区青山旅游公司307省道青山村,风景名胜,,,,46.487525,131.211448,
64,人民广场,尖山区,一马路,风景名胜,,,,46.633399,131.167802,
64,集贤县水源山公园,集贤县,[],风景名胜,,,,46.711148,131.129795,
64,云台山太清宫,尖山区,安邦乡双兴屯,风景名胜,,,,46.650355,131.103700,
64,北秀公园-动物观赏区,尖山区,北秀公园内(东侧),风景名胜,,,,46.627383,131.153993,
64,东湖公园,岭东区,中心街道中心街道中心街道中心街道中心街道307省道,风景名胜,,,,46.567316,131.126941,
64,七星山峡谷漂流,集贤县,016乡道,体育休闲服务,,,,46.658625,131.002575,
64,和谐公园(文化胡同),尖山区,尖山区广播局住宅楼北方胡同,风景名胜,,,,46.656614,131.161355,
64,双兴农业生态旅游区,尖山区,安邦乡双兴村西侧,风景名胜,,,,46.642267,131.118115,
65,玉带河滨水休闲景区,北屯市,玉带河北路与文昌北路交叉口西100米,风景名胜,,,,47.323646,87.824847,
65,玉带河休闲广场,北屯市,龙疆东街458号,风景名胜,,,,47.322992,87.830961,
65,北屯博物馆,北屯市,龙疆东街458号,科教文化服务,,,,47.325551,87.829508,
65,东区公园,北屯市,将台路208-2号,风景名胜,,,,47.349907,87.854013,
65,禾木河,北屯市,西北路1738号,风景名胜,,,,47.372419,87.787293,
65,芦花湖,北屯市,[],风景名胜,,,,47.197918,88.153019,
65,西区公园,北屯市,华阳路与海棠路交叉口,风景名胜,,,,47.348631,87.815707,
65,孔雀生态园,北屯市,406县道与216国道交叉口南140米,风景名胜,,,,47.324216,87.961107,
65,图瓦民俗文化旅游村,北屯市,G3014奎阿高速(奎阿)187团路口,风景名胜,,,,47.329020,87.951243,
65,额河草原,北屯市,博望东街与花园路交叉口西南160米,购物服务,,,,47.352204,87.825293,
65,瑞海源游乐场,北屯市,188团6连瑞海源游乐场,体育休闲服务,,,,47.344350,87.766637,
65,玉带河游乐园,北屯市,玉带河广场U型平台,体育休闲服务,,,,47.322995,87.830964,
65,巡物社,北屯市,屯南路与军垦街交叉口东北220米,风景名胜,,,,47.336875,87.827175,
65,布伦托海海滨度假旅游区,北屯市,碧海蓝天宾馆东侧130米,风景名胜,,,,47.409260,87.512701,
65,平顶山公园,北屯市,多尔布尔津街与文苑路交叉口西南100米,风景名胜,,,,47.346647,87.847146,
65,丰庆大峡谷,北屯市,G3014奎阿高速附近,风景名胜,,,,47.223273,87.788868,
65,北屯大寺,北屯市,319省道附近,风景名胜,,,,47.365212,87.796486,
66,秋林广场,双河市,建国路12号,购物服务,,,,44.883401,82.091336,
66,古道温泉康养中心,双河市,长安路与精河路交叉口西北180米,生活服务,,,,44.854590,82.343425,
66,第五师双河市滨河公园,双河市,光明路与滨河西路交叉口东120米,风景名胜,,,,44.842408,82.372983,
66,双河市人民公园,双河市,精河路,风景名胜,,,,44.855031,82.372703,
66,第五师双河市如意文化主题公园,双河市,光明路与滨河东路交叉口西北140米,风景名胜,,,,44.843082,82.373243,
66,凤鸣西湖,双河市,305省道与金山路交叉口西北340米,风景名胜,,,,44.845675,82.308536,
66,第五师双河市英雄烈士纪念陵园,双河市,生产建设兵团第五师86团南区G219国道东侧,生活服务,,,,44.829464,82.093888,
66,双河市人民广场,双河市,博河路与滨河东路交叉口西140米,风景名胜,,,,44.849401,82.373268,
66,双河市胡杨公园,双河市,黄河路与迎宾路交叉口西南280米,风景名胜,,,,44.855396,82.352696,
66,81团九连香妃海棠园,双河市,[],风景名胜,,,,44.735204,82.582291,
66,第五师双河市光明湖,双河市,光明路南(景园南门对面),风景名胜,,,,44.841715,82.347175,
66,第五师双河市光明公园北区,双河市,武汉路与和平路交叉口东200米,风景名胜,,,,44.843312,82.381954,
66,长泽公园,双河市,长泽公园(兴镇东街北),风景名胜,,,,44.843686,82.364721,
66,第五师双河市东湖,双河市,精河路,风景名胜,,,,44.853954,82.383736,
66,第五师双河市光明公园南区,双河市,光明路与延安路交叉口西220米,风景名胜,,,,44.841497,82.381912,
66,双河市冒险谷游乐园,双河市,军垦路与175县道交叉口西南200米,体育休闲服务,,,,44.864889,82.391391,
66,第五师双河市如意湖,双河市,光明路与滨河东路交叉口西120米,风景名胜,,,,44.842940,82.373455,
66,双河市热带植物园,双河市,长安路,风景名胜,,,,44.854224,82.341829,
66,第五师双河市荆楚公园(建设中),双河市,昆仑路与军垦路交叉口西北220米,风景名胜,,,,44.832239,82.364169,
66,第五师双河市南湖公园,双河市,长安路,风景名胜,,,,44.823853,82.346030,
67,天鹅湾,铁门关市,焉耆垦区21团,风景名胜,,,,42.209369,86.269120,
67,铁门关市雁鸣湖公园,铁门关市,孔雀西路与宝塔街交叉口东北220米,风景名胜,,,,41.855301,85.688109,
67,铁门关丝路雄关景区,铁门关市,明珠街,风景名胜,,,,41.858999,85.689808,
67,铁门关市雁鸣湖公园花海,铁门关市,安定街4号,风景名胜,,,,41.855967,85.688108,
67,第二师体育公园,铁门关市,仁爱路9号,风景名胜,,,,41.846595,85.684638,
67,心祖博物馆,铁门关市,铁门兵团二十九团,科教文化服务,,,,41.793791,86.013484,
67,蒲昌古城,铁门关市,218国道,风景名胜,,,,40.583481,87.789879,
67,月牙湖,铁门关市,开裕段,风景名胜,,,,42.185039,86.293983,
67,三十四团西海明珠广场,铁门关市,三十四团商贸北路中段,风景名胜,,,,40.644977,87.699381,
67,30团园一连汇合点,铁门关市,迎宾路30团园一连入口处,风景名胜,,,,41.898836,85.520700,
67,米兰遗址-保护站,铁门关市,米兰遗址内,风景名胜,,,,39.230657,88.935572,
67,将军河公园,铁门关市,滨河西路与军垦大街交叉口东200米,风景名胜,,,,41.854699,85.696231,
67,丝路雄关公园,铁门关市,仁爱路与为民东街交叉口西120米,风景名胜,,,,41.860070,85.690667,
67,冀疆公园,铁门关市,亲水路,风景名胜,,,,41.849700,85.685893,
67,胡杨广场,铁门关市,兵团三十一团前进路与团结路交叉口东南140米,风景名胜,,,,40.885102,86.952188,
67,青年公园,铁门关市,兵团兴新职业学院北侧、铁门关职业技术学院南侧、香梨大街西侧、创业大街东侧,风景名胜,,,,41.860594,85.653801,
67,乌鲁克国家沙漠公园,铁门关市,[],风景名胜,,,,40.795601,87.168735,
67,香梨公园,铁门关市,建设西街,风景名胜,,,,40.831059,87.190721,
67,铁门关市公园,铁门关市,仁爱路9号,风景名胜,,,,41.848157,85.685700,
67,二十二团桥头堡红色旅游示范基地,铁门关市,三北段与医二段交汇处东,风景名胜,,,,42.230330,86.454030,
67,双丰镇文化广场,铁门关市,双丰路与和平北路交叉口西北300米,风景名胜,,,,41.835110,85.501450,
67,度母寺,铁门关市,文化路与中山路交叉口西320米,风景名胜,,,,42.298543,86.521845,
67,尧干尤勒滚,铁门关市,[],风景名胜,,,,39.101214,88.899253,
67,红旗街公园,铁门关市,迎宾大道与幸福街交叉口西北380米,风景名胜,,,,41.866813,85.678400,
67,第二师渤海教导旅纪念馆,铁门关市,迎宾大道9号,风景名胜,,,,41.851426,85.688837,
68,朱雀湖公园,可克达拉市,珠江西路(图书馆对面),风景名胜,,,,43.923528,80.980596,
68,可克达拉花海,可克达拉市,珠江西路829号,风景名胜,,,,43.915073,80.981675,
68,可克达拉伊帕尔汗薰衣草文化产业园,可克达拉市,天山南路555号,风景名胜,,,,43.953476,80.979418,
68,可克达拉滨河东公园,可克达拉市,滨河东路与迎宾大道东南方向,风景名胜,,,,43.911862,80.982981,
68,可克达拉市红色记忆餐饮广场,可克达拉市,新丝路与安康东路交叉口西南80米,风景名胜,,,,43.929325,81.004463,
68,可克达拉市儿童公园,可克达拉市,香飘路与湘江西路交叉口,风景名胜,,,,43.934805,80.987868,
68,可克达拉市湿地公园,可克达拉市,北固山西路1313号,风景名胜,,,,43.921288,80.955241,
68,望河亭,可克达拉市,滨河东路与岳麓山南路交叉口西南220米,风景名胜,,,,43.911906,80.997406,
68,可克达拉滨河西公园,可克达拉市,可克达拉市滨河路(可克达拉宾馆大门正对面),风景名胜,,,,43.916844,80.976521,
68,湟渠公园,可克达拉市,可克达拉定情路与湘江东路和镇江路的中段,风景名胜,,,,43.922582,81.008691,
68,第四师可克达拉市游客服务中心,可克达拉市,北固山西路与香飘路交叉口西北160米,生活服务,,,,43.929290,80.980359,
68,金谷文化广场,可克达拉市,峨眉山南路与镇江路交叉口西100米,风景名胜,,,,43.926331,80.983218,
68,四馆广场,可克达拉市,珠江西路与峨眉山南路交叉口西北200米,风景名胜,,,,43.926214,80.981767,
68,塔克尔穆库尔沙漠,可克达拉市,[],风景名胜,,,,43.899706,80.540001,
68,胡杨林公园,可克达拉市,可克达拉市滨河路与昆仑山南路交叉往南,风景名胜,,,,43.921573,80.971483,
68,青草公园,可克达拉市,昆仑山南路与汉江西路交叉口北460米,风景名胜,,,,43.948741,80.990016,
68,六十七团红酒文化广场,可克达拉市,友好南路23号,风景名胜,,,,43.798506,80.756639,
68,乔拉克炮台,可克达拉市,[],风景名胜,,,,43.933025,80.494375,
68,望河亭公园,可克达拉市,滨河东路与岳麓山南路南面,风景名胜,,,,43.913191,80.998253,
68,人民公园,可克达拉市,珠江西路829号(金谷文化广场大门正对面),风景名胜,,,,43.927909,80.982524,
68,可克达拉市绿茵公园,可克达拉市,天山北路与汉江西路东北面,风景名胜,,,,43.949450,80.979243,
68,瞻德公园,可克达拉市,迎宾大道4580号,风景名胜,,,,43.919044,80.990302,
68,可克达拉市溪谷公园,可克达拉市,汉江西路与昆仑山东北方(宏远新天地小区西南角),风景名胜,,,,43.944570,80.990612,
68,鹤林公园,可克达拉市,紫金山路与湘江西路东北方向(文远大酒店南面),风景名胜,,,,43.929398,81.000900,
68,伊香公园,可克达拉市,箭桥北路与丰登路交叉口东400米,风景名胜,,,,43.875707,81.058129,
69,塔城地区博物馆,塔城市,文化路18号,科教文化服务,,,,46.750560,82.979510,
69,塔城市千泉湖,塔城市,广场街1号,风景名胜,,,,46.722928,82.990329,
69,双塔公园,塔城市,团结街6号,风景名胜,,,,46.749805,82.986718,
69,塔城市手风琴馆,塔城市,六合广场新时代文明实践中心内,科教文化服务,,,,46.745261,82.942687,
69,快活林,塔城市,文化路20-9号,风景名胜,,,,46.759668,82.983909,
69,塔城大巴扎商业公园,塔城市,昌南二段14号楼,体育休闲服务,,,,46.722245,82.995261,
69,天泉湖广场,塔城市,建新南街与昌南一段交叉口西北200米,风景名胜,,,,46.732559,82.994681,
69,塔城市伊蔓树塔塔尔风情园,塔城市,环城街与闻琴路交叉口北80米,风景名胜,,,,46.739636,83.001499,
69,千泉体育公园,塔城市,拜格托别街145号,风景名胜,,,,46.760033,82.980700,
69,塔城五弦河国家湿地公园(伊宁路园),塔城市,城东巷与伊宁路交叉口东约60米,风景名胜,,,,46.742932,83.002833,
69,玛依海清真寺,塔城市,杜别克街道文化南路76号,风景名胜,,,,46.729615,82.964575,
69,塔城市瓦西丽莎风情园,塔城市,光明五巷与左公路北六巷交叉口东北40米,风景名胜,,,,46.737252,82.961082,
69,塔城市烈士陵园,塔城市,伊宁路与卡浪古尔南路交叉口东北60米,生活服务,,,,46.734415,83.017666,
69,绥靖城遗址,塔城市,环城路与闻琴路交叉口北140米,风景名胜,,,,46.740921,82.993681,
69,塔城市五弦河国家湿地公园,塔城市,[],风景名胜,,,,46.749958,83.045600,
69,塔城市博物馆,塔城市,迎宾路2号,科教文化服务,,,,46.745508,82.943011,
69,塔城市旅游文化产业园,塔城市,335国道与塔尔巴哈台南路交叉口东300米,商务住宅,,,,46.725993,82.989549,
69,塔城计划园林式公园,塔城市,长青路与左公路交叉口西北280米,风景名胜,,,,46.737496,82.965037,
69,塔城五弦河国家湿地公园(师范河园),塔城市,清泉巷与伊宁路交叉口西北420米,风景名胜,,,,46.744493,83.024761,
69,土城墙遗迹,塔城市,环城路与闻琴路交叉口东北60米,风景名胜,,,,46.740003,82.993877,
69,广场花园,塔城市,杜别克街北二巷,商务住宅,,,,46.748297,82.975493,
69,杜别克街道公园社区,塔城市,杜别克街与大塔段交叉口东100米,风景名胜,,,,46.748132,82.973363,
69,塔城市丁香公园,塔城市,解放路138号,风景名胜,,,,46.751382,82.970009,
69,楚呼楚泉,塔城市,团结街6号双塔公园(东北角),风景名胜,,,,46.750171,82.987362,
69,感受祖国的西北角,塔城市,巴克图口岸旅游景区内(西侧),风景名胜,,,,46.683188,82.797083,
70,47团老战士悼念碑,昆玉市,[],生活服务,,,,37.394567,79.739400,
70,滨河公园,昆玉市,八一街1号,风景名胜,,,,37.217817,79.278959,
70,沙海老兵纪念碑,昆玉市,[],风景名胜,,,,37.397183,79.739477,
70,吐尔迪·阿吉庄园,昆玉市,550县道附近,风景名胜,,,,37.747458,78.504387,
70,三八线沙海老兵纪念园,昆玉市,昆玉市附近,风景名胜,,,,37.396771,79.739324,
70,昆玉市奥林匹克生态体育公园,昆玉市,八一街1号,风景名胜,,,,37.227462,79.281260,
70,新疆昆仑山大峡谷景区游客中心,昆玉市,一牧场五连团结路14号,生活服务,,,,36.278901,81.034438,
70,四十七团军垦广场,昆玉市,公园路,风景名胜,,,,37.506366,79.641409,
70,漠上花溪-花儿与少年主题旅游区,昆玉市,老兵镇十墨段,风景名胜,,,,37.284816,79.775868,
70,蓝湖生态园景区,昆玉市,[],风景名胜,,,,36.267740,81.047034,
70,人民政府公园(南园),昆玉市,玉枣路1号,风景名胜,,,,37.210433,79.268365,
70,新一连胡杨旅游景点,昆玉市,205乡道,风景名胜,,,,37.742062,78.509031,
70,人民政府公园(北园),昆玉市,玉枣路1号,风景名胜,,,,37.213079,79.269346,
70,玉河园,昆玉市,玉都大街,风景名胜,,,,37.198567,79.329068,
70,十四师昆牧小镇蓝湖游乐园,昆玉市,新疆维吾尔自治区昆玉市,体育休闲服务,,,,36.263940,81.041964,
70,蓝湖生态园景区游客中心,昆玉市,[],生活服务,,,,36.267708,81.046127,
70,枣花公园,昆玉市,昆泉大道与滨河西街交叉口西南220米,风景名胜,,,,37.212958,79.285562,
70,墨玉县漠上花溪,昆玉市,其乃巴格北路6号,风景名胜,,,,37.284693,79.775671,
70,中国人民解放军进军和田纪念馆(暂停开放),昆玉市,工八段,风景名胜,,,,37.512258,79.644223,
71,和田团城景区,和田市,加买路83号,风景名胜,,,,37.111261,79.933490,
71,和田博物馆,和田市,昆仑路,科教文化服务,,,,37.091873,79.927167,
71,昆仑湖公园,和田市,北京东路197号,风景名胜,,,,37.099904,79.945368,
71,和田玉博物馆,和田市,东环北路60号,科教文化服务,,,,37.106510,79.954726,
71,和田约特干故城,和田县,巴格其镇敦煌路与重庆路交叉口西南240米,风景名胜,,,,37.143024,79.829432,
71,玉泉河公园,和田市,奴尔巴格街道纳瓦格路278号,风景名胜,,,,37.112049,79.917336,
71,三角公园,和田市,台北东路与文化路交叉口东60米,风景名胜,,,,37.114838,79.931774,
71,昆仑文化广场,和田市,塔乃依北路与纳瓦格路交叉口北260米,体育休闲服务,,,,37.117858,79.923068,
71,和田大风车无动力乐园,和田市,北京西路肖尔巴格乡政府旁大风车无动力乐园,风景名胜,,,,37.119146,79.885417,
71,万达·嘻游谷,和田市,台北西路与二环北路交叉口东80米,风景名胜,,,,37.130208,79.910527,
71,沙漠观景台,和田市,阿拉尔至和田沙漠公路和田出入口处,风景名胜,,,,37.215385,79.962001,
71,欢乐水世界(和田站),和田市,英明路1号,体育休闲服务,,,,37.090425,79.941425,
71,核桃树王公园,和田县,033乡道旁边,风景名胜,,,,37.107829,79.811465,
71,昆仑古事馆,和田市,夏玛勒巴格路28号,科教文化服务,,,,37.102392,79.957078,
71,千里葡萄长廊,和田县,巴格其镇,风景名胜,,,,37.127514,79.833641,
71,墨玉老城,墨玉县,咯拉咯什路(罗科曼中心医院西南)附近,购物服务,,,,37.268522,79.747525,
71,和田市动物园,和田市,其盖布隆村,风景名胜,,,,37.225321,79.897839,
71,双拥广场,和田市,北京西路团结广场,风景名胜,,,,37.111750,79.923388,
71,体育广场,和田市,迎宾路和田体育中心,风景名胜,,,,37.102146,79.928841,
71,大漠湖杨生态景区,和田市,大漠胡杨观景台西南1.67公里,风景名胜,,,,37.217410,79.978410,
71,湖心岛,和田市,北京东路197号昆仑湖公园内(南侧),风景名胜,,,,37.095707,79.945762,
71,喀拉喀什河渠首,和田县,586乡道,风景名胜,,,,37.011964,79.734497,
71,无花果王,和田县,拉依喀乡拉依喀乡政府后果园内,风景名胜,,,,37.075447,79.737960,
71,大漠胡杨景区,和田市,大漠胡杨观景台西南侧400米,风景名胜,,,,37.220745,79.996605,
71,和美广场,和田县,北京路,风景名胜,,,,37.241299,79.841037,
72,将军山国际滑雪度假区,阿勒泰市,将军山路40号,体育休闲服务,,,,47.845788,88.160960,
72,桦林公园,阿勒泰市,金山路街道公园路56号,风景名胜,,,,47.864343,88.122383,
72,将军山森林公园,阿勒泰市,解放路街道解放南路110号,风景名胜,,,,47.831481,88.138046,
72,阿勒泰博物馆,阿勒泰市,团结南路与望湖街交叉口西北100米,科教文化服务,,,,47.810913,88.125913,
72,阿勒泰街心公园,阿勒泰市,解放路西侧,风景名胜,,,,47.844892,88.137032,
72,将军山国际滑雪度假区B区,阿勒泰市,解放路办事处将军山路,体育休闲服务,,,,47.841463,88.159454,
72,骆驼峰,阿勒泰市,文化路与八道巷交叉口西南440米,风景名胜,,,,47.849658,88.127214,
72,阿尔泰山中草药博物馆,阿勒泰市,公园路与林场路交叉口东100米,科教文化服务,,,,47.856755,88.124668,
72,将军山森林公园揽月湖观景平台,阿勒泰市,解放路街道解放南路110号将军山森林公园,风景名胜,,,,47.832880,88.141918,
72,天鹅湖水上娱乐公园,阿勒泰市,迎宾路与望湖街交叉口北200米,风景名胜,,,,47.811046,88.118451,
72,将军山国际滑雪度假区售票处,阿勒泰市,解放路办事处将军山路,生活服务,,,,47.841312,88.159636,
72,将军山观景台,阿勒泰市,银水路13-16号,风景名胜,,,,47.824360,88.138330,
72,阿勒泰市体育公园,阿勒泰市,团结南路,风景名胜,,,,47.809428,88.130136,
72,阿勒泰街心公园-金山广场,阿勒泰市,解放路400号阿勒泰街心公园(东南角),风景名胜,,,,47.844652,88.137509,
72,将军山国际滑雪度假区A区,阿勒泰市,将军山路,体育休闲服务,,,,47.845792,88.160938,
72,克兰公园,阿勒泰市,银水路26号,风景名胜,,,,47.823808,88.130757,
72,阿勒泰矿产宝石博物馆,阿勒泰市,山水街与迎宾路交叉口东100米,科教文化服务,,,,47.803607,88.122436,
72,驼峰园,阿勒泰市,公园路与团结路交叉口东北80米,风景名胜,,,,47.846310,88.134678,
72,承化寺遗址,阿勒泰市,解放北路458号,风景名胜,,,,47.857379,88.149894,
72,塘巴湖旅游景区,阿勒泰市,[],风景名胜,,,,47.642355,88.203135,
72,体育公园,阿勒泰市,园林路体育公园,风景名胜,,,,47.857480,88.137000,
72,阿勒泰五指泉景区,阿勒泰市,汗德尕特乡东部,风景名胜,,,,47.792196,88.382470,
72,银水广场,阿勒泰市,银水路与民族路交叉口西南120米,风景名胜,,,,47.829718,88.136249,
72,克兰大峡谷,阿勒泰市,阿小段,风景名胜,,,,47.935071,88.138434,
72,拉格尔清真寺,阿勒泰市,团结路41号,风景名胜,,,,47.834496,88.130610,
73,新疆兵团军垦博物馆,石河子市,北三路59号,风景名胜,,,,44.302075,86.039895,
73,西公园,石河子市,西一路303号,风景名胜,,,,44.297074,86.021619,
73,新疆张裕巴保男爵酒庄,石河子市,兵团一五二团科教路81-1号,风景名胜,,,,44.251919,86.053155,
73,明珠公园,石河子市,北三路与东五路交汇处西南,风景名胜,,,,44.302959,86.080447,
73,将军山,石河子市,[],风景名胜,,,,44.198068,86.087107,
73,周恩来总理纪念碑,石河子市,北泉路360号,风景名胜,,,,44.338095,86.019566,
73,玛河公园,石河子市,城东加油站对面,风景名胜,,,,44.305692,86.134066,
73,明珠公园,石河子市,东城街道,风景名胜,,,,44.299024,86.080399,
73,军垦第一连景区,石河子市,军垦路,风景名胜,,,,44.206458,86.077434,
73,军垦广场,石河子市,北三路石河子音乐文化广场,风景名胜,,,,44.300514,86.039915,
73,石河子中央公园,石河子市,石河子乌伊路与东四路交会处,风景名胜,,,,44.323509,86.080945,
73,人工湖游乐园,石河子市,北三东路与东四路交叉口东220米,体育休闲服务,,,,44.300958,86.078771,
73,新疆戈壁印象文化旅游园,石河子市,西三路原八一棉纺厂厂区内,科教文化服务,,,,44.303505,86.012624,
73,明珠河,石河子市,北二路14号,风景名胜,,,,44.296092,86.064275,
73,艾青诗歌馆,石河子市,北二路21号,风景名胜,,,,44.297596,86.038173,
73,泽众公园,石河子市,东四路与北一东路交叉口西40米,风景名胜,,,,44.291970,86.074909,
73,红柳滩,石河子市,511乡道附近,风景名胜,,,,44.192628,86.118385,
73,石河子动物园,石河子市,北三路31号,风景名胜,,,,44.300249,86.021392,
73,周恩来纪念馆,石河子市,北泉路与纪念碑路交叉口东北80米,风景名胜,,,,44.338434,86.019030,
73,石河子市卧龙山旅游滑雪场,石河子市,兵团一五二团卧龙山,体育休闲服务,,,,44.211013,86.024595,
73,星光无动力游乐园,石河子市,西三路与红星路交叉口西南220米,体育休闲服务,,,,44.303200,86.012750,
73,石河子音乐文化广场,石河子市,军垦广场,风景名胜,,,,44.300693,86.040142,
73,石河子大学中区-世纪广场,石河子市,石河子大学中区内,风景名胜,,,,44.303798,86.058073,
73,玉禾田体育公园,石河子市,北一路与东一路交叉口东北160米,风景名胜,,,,44.293193,86.053493,
73,军垦广场,石河子市,西环路129号,风景名胜,,,,44.298215,86.036732,
74,人民公园,昌吉市,宁边东路3号(近回民小吃一条街),风景名胜,,,,44.026260,87.313182,
74,昌吉庭州生态绿谷,昌吉市,头屯河大桥,风景名胜,,,,43.955584,87.282725,
74,滨湖河湿地公园,昌吉市,宁边西路与滨河北路交叉口南240米,风景名胜,,,,44.024780,87.281319,
74,亚洲中心广场,昌吉市,州体育馆旁,风景名胜,,,,44.016034,87.310213,
74,昌吉中山儿童公园,昌吉市,滨河北路与北城路交叉口东北200米,风景名胜,,,,44.036120,87.296234,
74,滨湖河,昌吉市,中山南路与商城路交叉口西北300米,风景名胜,,,,44.015470,87.273030,
74,昌吉市中央公园,昌吉市,建国西路169号对面,风景名胜,,,,44.009905,87.259400,
74,昌吉博物馆,昌吉市,绿洲路街道南公园西路传媒大厦对面,科教文化服务,,,,44.009880,87.255071,
74,西域胡杨,昌吉市,净化路与北城路交叉口东北360米,风景名胜,,,,44.034544,87.330945,
74,森林公园,昌吉市,北京南路与静苑巷交叉口西南160米,风景名胜,,,,43.979116,87.283316,
74,千回西域票务中心,昌吉市,东外环路与乌昌公路交叉口东北140米,生活服务,,,,44.001597,87.332147,
74,闽昌公园,昌吉市,东方国际步行街与豫东巷交叉口南120米,风景名胜,,,,43.995315,87.310322,
74,清代粮仓,昌吉市,红旗路与北京北路交叉口西100米,风景名胜,,,,44.029323,87.303394,
74,国防军事博物馆,昌吉市,沿河北路999号,科教文化服务,,,,44.001167,87.334180,
74,西圣观音寺,昌吉市,红旗东路人民公园北门对面巷内,风景名胜,,,,44.030452,87.312464,
74,昌吉庭州生态绿谷生态修复公园,昌吉市,昌吉庭州生态绿谷(西南角),风景名胜,,,,43.951132,87.278531,
74,YOLO芯城昌吉馕产业文旅小镇,昌吉市,绿洲路恒铭广场B1商业6号,商务住宅,,,,44.015028,87.323575,
74,昌吉市本地寺,昌吉市,宁边西路135号,风景名胜,,,,44.027141,87.297937,
74,杜氏旅游度假区,昌吉市,六工镇杜氏旅游景区停车场,风景名胜,,,,44.116049,87.422948,
74,统一商城-通讯广场,昌吉市,乌伊西路与延安北路交叉口西北200米,风景名胜,,,,44.009442,87.305621,
74,海棠景观大道,昌吉市,文化东路与屯河路交叉口西360米,风景名胜,,,,44.012243,87.327810,
74,昌吉古城遗址,昌吉市,宁边路街道红旗东路,风景名胜,,,,44.030418,87.319436,
74,灵香山,昌吉市,三工镇春光二队,风景名胜,,,,43.847923,87.183787,
74,昌吉市头屯河生态修复公园景观平台,昌吉市,昌吉庭州生态绿谷生态修复公园,风景名胜,,,,43.950315,87.278366,
74,北京南路街道天方社区法治文化园,昌吉市,建国西路与北京南路交叉口西北60米,风景名胜,,,,44.002376,87.297127,
75,库尔勒市天鹅湖景区,库尔勒市,萨依巴格路与滨河东路交叉口东南260米,风景名胜,,,,41.755924,86.150594,
75,天鹅河景区,库尔勒市,延安路6号,风景名胜,,,,41.768138,86.164813,
75,鸿雁广场,库尔勒市,英下路附近,风景名胜,,,,41.734075,86.131095,
75,孔雀体育公园,库尔勒市,延安路6号天鹅河景区(西南角),风景名胜,,,,41.754006,86.148626,
75,七星广场,库尔勒市,梨乡路与人民东路交叉口东60米,购物服务,,,,41.764679,86.154553,
75,孔雀河景区,库尔勒市,萨依巴格路与滨河东路交叉口东南340米,风景名胜,,,,41.755122,86.150601,
75,孔雀公园,库尔勒市,石化大道丰源小区-紧邻,风景名胜,,,,41.754006,86.148626,
75,库尔勒市园林处龙山公园,库尔勒市,建设街道龙山立交桥北侧,风景名胜,,,,41.768178,86.190919,
75,巴音郭楞蒙古自治州博物馆,库尔勒市,石化大道迎宾路口,科教文化服务,,,,41.733280,86.176659,
75,天鹅河景区-库尔勒风帆广场,库尔勒市,滨河路19号,风景名胜,,,,41.758079,86.150793,
75,孔雀河景观带,库尔勒市,其兰巴格街,风景名胜,,,,41.747942,86.139771,
75,库尔勒丝路旅游小镇,库尔勒市,喀拉苏路与延安路交汇处,购物服务,,,,41.734798,86.150960,
75,孔雀河公园,库尔勒市,皇朝·孔雀城邦北侧250米,风景名胜,,,,41.749968,86.120373,
75,永安塔,库尔勒市,铁克其乡南库大道鸿雁广场西南200米,风景名胜,,,,41.730761,86.129689,
75,市外桃源,库尔勒市,兰干路中国石化加油站前200米,风景名胜,,,,41.757476,86.114986,
75,铁门关景区游客中心,库尔勒市,G3012吐和高速,公共设施,,,,41.806656,86.192100,
75,孔雀河景观带,库尔勒市,滨河路10号,风景名胜,,,,41.764157,86.160011,
75,库尔勒民俗文化博物馆,库尔勒市,新城街道延安路,科教文化服务,,,,41.733576,86.156648,
75,天鹅河梦幻喷泉,库尔勒市,天鹅河景区A段延安路附近,风景名胜,,,,41.738886,86.155727,
75,鸿雁河音乐喷泉,库尔勒市,鸿雁广场旁,风景名胜,,,,41.732751,86.126152,
75,大风车无动力乐园,库尔勒市,314国道北侧建设局东南侧2号街面房后场地,体育休闲服务,,,,41.773754,86.193202,
75,库尔勒体育公园,库尔勒市,东归路,风景名胜,,,,41.656294,86.169913,
75,库尔勒莲花湖旅游区,博湖县,库尔塔什店,风景名胜,,,,41.813532,86.368047,
75,石化广场,库尔勒市,石化大道78号,风景名胜,,,,41.718843,86.201050,
75,库尔勒市湿地公园,库尔勒市,南环路与石化路交叉口西北460米,风景名胜,,,,41.684846,86.161724,
76,博乐滨河公园,博乐市,博尔塔拉宾馆南侧,风景名胜,,,,44.871599,82.064465,
76,博尔塔拉生态旅游景区,博乐市,南城区街道南城区街道北京南路与大庆路交叉口南100米北京南路600号附近,风景名胜,,,,44.874226,82.059264,
76,人民公园,博乐市,世纪华庭西侧100米,风景名胜,,,,44.880413,82.049380,
76,北山公园,博乐市,Z564与216县道交叉口东北400米,风景名胜,,,,44.920186,82.076998,
76,中央公园,博乐市,精河路与文化南路交叉口西220米,商务住宅,,,,44.869667,82.047791,
76,博尔塔拉蒙古自治州博物馆,博乐市,锦绣路9号,科教文化服务,,,,44.856196,82.056673,
76,月亮湾,博乐市,阿拉山口路与文化路交叉口东南120米,风景名胜,,,,44.863399,82.051657,
76,开屏湖公园,博乐市,阿拉山口路,风景名胜,,,,44.863939,82.055217,
76,农五师广场,博乐市,天山路48号,风景名胜,,,,44.889325,82.073605,
76,凤凰山游乐园,博乐市,精河路83号凤凰山游乐园,体育休闲服务,,,,44.868397,82.071044,
76,博乐市海棠公园,博乐市,老温泉路与西外环交口处西侧2公里,风景名胜,,,,44.854950,82.022201,
76,孛罗大营,博乐市,西环路与温泉路交叉口东北角,风景名胜,,,,44.860048,82.040890,
76,风帆广场,博乐市,北京南路598号,风景名胜,,,,44.873706,82.059481,
76,清荷渔湾,博乐市,[],风景名胜,,,,44.902781,81.969870,
76,西部文化广场,博乐市,青得里大街113号,风景名胜,,,,44.906143,82.062924,
76,中央广场,博乐市,新华路与北京路交叉口西北220米,购物服务,,,,44.889027,82.062403,
76,街心游园,博乐市,北京路与青得里大街交叉口南100米,风景名胜,,,,44.903753,82.074097,
76,牧歌广场,博乐市,沿河路26号,风景名胜,,,,44.875902,82.059396,
76,凤凰山公园,博乐市,精河路东镜湖华庭小区东侧,风景名胜,,,,44.864435,82.077939,
76,博河生态公园,博乐市,小营盘镇,风景名胜,,,,44.927354,81.868969,
76,怪石峪,博乐市,卡浦牧尕依沟中,风景名胜,,,,45.142606,82.224904,
76,海棠园,博乐市,鲜烤巴扎农家院东南侧210米,风景名胜,,,,44.920868,82.110470,
76,敖包景区,博乐市,[],风景名胜,,,,44.796181,82.057792,
76,青河景区,博乐市,响根布呼路与文化路交叉口西北360米,风景名胜,,,,44.902956,82.057755,
76,博尔塔拉纪念园,博乐市,精河路博乐滨河公园(西南角),风景名胜,,,,44.869470,82.062415,
77,伊犁老城文化旅游区,伊宁市,胜利南路2号,风景名胜,,,,43.901992,81.332486,
77,六星街景区,伊宁市,工人街十巷与黎光街交叉口西北方向50米,风景名胜,,,,43.932766,81.308460,
77,伊犁河旅游风景区,伊宁市,郊16公里313省道,风景名胜,,,,43.892306,81.294063,
77,苹果公园,伊宁市,新矿滨河家园东区对面茹仙巴格街与海棠路交叉路口,风景名胜,,,,43.915638,81.283673,
77,汉家公主纪念馆,伊宁市,江苏路25号,风景名胜,,,,43.929379,81.318173,
77,伊宁市六星街亚历山大手风琴博物馆,伊宁市,黎光街九巷与黎光街交叉口西北180米,科教文化服务,,,,43.935830,81.309875,
77,后滩湿地公园,伊宁市,琼科瑞克街道英阿亚提路后滩公园,风景名胜,,,,43.917804,81.345530,
77,人民广场,伊宁市,胜利街6巷,风景名胜,,,,43.915587,81.330620,
77,伊犁赛乃姆演艺广场,伊宁市,前进街八巷与新路街一巷交叉口东北40米,风景名胜,,,,43.903816,81.336754,
77,丝路之光旅游小镇,伊宁市,汉宾乡边境经济合作开发区重庆北路501号,风景名胜,,,,43.959774,81.274885,
77,伊犁哈萨克自治州博物馆,伊宁市,如意街44号,科教文化服务,,,,43.913838,81.263215,
77,伊犁林则徐纪念馆,伊宁市,福州路885号,风景名胜,,,,43.939525,81.277409,
77,伊犁河游乐园(南岸店),伊宁市,伊河大道,体育休闲服务,,,,43.881747,81.297214,
77,万力广场,伊宁市,解放西路与飞机场路交叉口西100米,风景名胜,,,,43.922223,81.319056,
77,欢乐嘉年华游乐园,伊宁市,东梁街16号,体育休闲服务,,,,43.910975,81.344375,
77,东正教堂,伊宁市,黎光街四巷与赛依拉木街交叉口西80米,风景名胜,,,,43.931206,81.309361,
77,东方明珠,伊宁市,淮海西路,商务住宅,,,,43.945014,81.295367,
77,东城湿地公园,伊宁市,东梁街五巷,风景名胜,,,,43.921357,81.370469,
77,华宁寺,伊宁市,滨河大道与伊犁河老街交叉口北260米,风景名胜,,,,43.895393,81.301645,
77,七彩广场,伊宁市,郊16公里313省道伊犁河旅游风景区,风景名胜,,,,43.902246,81.277698,
77,空港薰衣草生态庄园,伊宁市,飞机场街154号,风景名胜,,,,43.954540,81.318726,
77,伊帕尔汗薰衣草观光园,伊宁县,七十团益群工业园区114号,风景名胜,,,,43.876046,81.556004,
77,伊宁市六星街民俗文化陈列馆,伊宁市,解放路街道解放路街道黎光街十巷,风景名胜,,,,43.935912,81.309960,
77,城市海景,伊宁市,海景路与民主路交叉口西300米,风景名胜,,,,43.901318,81.277848,
77,伊水亭,伊宁市,郊16公里313省道伊犁河旅游风景区,风景名胜,,,,43.899916,81.277689,
78,蝴蝶谷景区,阿拉尔市,[],风景名胜,,,,41.410393,79.898829,
78,沙漠之门,阿拉尔市,[],风景名胜,,,,40.451300,81.636677,
78,三五九旅屯垦纪念馆,阿拉尔市,金银川路街道金银川路街道军垦大道附近,风景名胜,,,,40.549412,81.280851,
78,三五九红色文化旅游区,阿拉尔市,三五九旅屯垦纪念馆,风景名胜,,,,40.549410,81.280775,
78,塔河源景区,阿拉尔市,塔河源零公里西南侧,风景名胜,,,,40.480932,80.961445,
78,胡杨河滨水公园,阿拉尔市,胡杨路与幸福北路交叉口西100米,风景名胜,,,,40.560530,81.286245,
78,阿拉尔市印象蓝泊湾生态观光园,阿拉尔市,青松路,风景名胜,,,,40.565762,81.261994,
78,睡胡杨谷景区,阿拉尔市,14团睡胡杨谷景区,风景名胜,,,,40.584516,81.834327,
78,荷花公园,阿拉尔市,[],风景名胜,,,,40.493578,80.836608,
78,阿拉尔市清音公园,阿拉尔市,大学路359小区,风景名胜,,,,40.574725,81.283875,
78,阿拉尔市博物馆,阿拉尔市,幸福路与桃园巷交叉口西南180米,科教文化服务,,,,40.541425,81.283575,
78,屯垦文化公园,阿拉尔市,幸福路街道幸福路和塔里木大道交汇处以西100米处,风景名胜,,,,40.542792,81.279994,
78,塔克拉玛干景区-游客中心,阿拉尔市,[],生活服务,,,,40.454113,81.635143,
78,不夜城,阿拉尔市,秋收大道与海清路交叉口西180米,风景名胜,,,,40.563275,81.301125,
78,胡杨公园,阿拉尔市,王震大道705号,风景名胜,,,,40.543247,81.306755,
78,七团如意湖公园,阿拉尔市,121乡道南40米,风景名胜,,,,40.594855,80.671688,
78,第一师十六团一营营部旧址,阿拉尔市,老一营景区南侧,风景名胜,,,,40.407055,80.844172,
78,雪松河游乐场,阿拉尔市,幸福路昌安镇雪松河游乐场,体育休闲服务,,,,40.579732,81.291198,
78,国际大巴扎·商业公园,阿拉尔市,水街西巷与班超大道交叉口南40米,风景名胜,,,,40.569296,81.282920,
78,人民英雄纪念碑,阿拉尔市,幸福路街道,风景名胜,,,,40.536885,81.306229,
78,三五九旅屯垦纪念碑,阿拉尔市,胜利大道与屯垦博物馆东路交叉口西南340米,风景名胜,,,,40.543530,81.280087,
78,十团文化公园,阿拉尔市,光明路与环城南路交叉口西北220米,风景名胜,,,,40.604157,81.333231,
78,睡胡杨公园,阿拉尔市,[],风景名胜,,,,40.552066,81.865029,
78,荷花公园-爱莲堂,阿拉尔市,荷花文化广场北侧130米,科教文化服务,,,,40.492273,80.838564,
78,玉尔滚军垦旧址,阿拉尔市,314国道,风景名胜,,,,41.399188,80.834815,
79,吐曼河公园,喀什市,中西亚市场路与吐曼路交叉口东北160米,风景名胜,,,,39.472794,76.001533,
79,喀什古城宿集,喀什市,喀什市吾斯塘博依街道吐曼路075号7号楼10号商铺,购物服务,,,,39.478151,75.993303,
79,人民公园,喀什市,塔里木路17号,风景名胜,,,,39.463412,75.992947,
79,喀什古城彩虹巷,喀什市,吾斯塘博依路237号,风景名胜,,,,39.469514,75.982650,
79,艾提尕尔广场,喀什市,解放北路艾提尕尔清真寺,风景名胜,,,,39.472618,75.988536,
79,东湖公园,喀什市,人民东路东湖公园,风景名胜,,,,39.466870,76.001583,
79,喀什古城西区,喀什市,亚瓦格路10号喀什古城景区,风景名胜,,,,39.471050,75.987222,
79,买买提的老房子,喀什市,恰萨街道亚瓦格路10号喀什古城景区内(东侧),风景名胜,,,,39.472236,75.994914,
79,香妃园,喀什市,浩罕乡艾孜热特村香妃路,风景名胜,,,,39.488614,76.026973,
79,昆仑塔,喀什市,恰萨街道恰萨街道吐曼路6号,风景名胜,,,,39.476410,75.997362,
79,喀什大巴扎,喀什市,学院路44号,风景名胜,,,,39.474230,76.003508,
79,喀什博物馆,喀什市,天山西路28号,科教文化服务,,,,39.495487,75.996271,
79,空中花园,喀什市,恰萨街道恰萨街道亚瓦格路10号喀什古城景区内(东侧),风景名胜,,,,39.469299,75.996897,
79,耿恭祠,喀什市,亚瓦格路10号喀什古城景区(东北角),风景名胜,,,,39.474720,75.996915,
79,布袋巷,喀什市,吾斯塘博依路237号,风景名胜,,,,39.469405,75.982752,
79,喀什古城(水门),喀什市,亚瓦格路10号喀什古城景区(东北角),风景名胜,,,,39.475323,75.994657,
79,喀什古城墙,喀什市,库木德尔瓦扎街道人民西路与塔什巴扎巷交叉口西180米,风景名胜,,,,39.467640,75.983841,
79,古城城门,喀什市,亚瓦格路10号喀什古城景区内(东侧),风景名胜,,,,39.471825,75.999575,
79,柱子巷,喀什市,菜巴扎路126号,风景名胜,,,,39.469552,75.986175,
79,毛主席雕像,喀什市,亚瓦格路10号喀什古城景区(东南角),风景名胜,,,,39.467863,75.992897,
79,向日葵巷,喀什市,利民路与徕宁路交叉口东120米,风景名胜,,,,39.472750,75.983649,
79,摩天轮,喀什市,吐曼河公园内(南侧),风景名胜,,,,39.468247,76.001471,
79,喀什打卡墙,喀什市,徕宁路与利民路交叉口东南120米,风景名胜,,,,39.472248,75.983583,
79,玉素甫·哈斯·哈吉甫墓,喀什市,库木德尔瓦扎街道体育路54号,风景名胜,,,,39.459476,75.994958,
79,西公园,喀什市,园丁路38号,风景名胜,,,,39.471018,75.951035,
80,克拉玛依河景区,克拉玛依区,胜利路与天池路交叉口东南180米,风景名胜,,,,45.586506,84.885688,
80,世纪公园,克拉玛依区,滨河南路125号,风景名胜,,,,45.581649,84.883087,
80,石油纪念广场,克拉玛依区,汇源路,风景名胜,,,,45.569599,84.913582,
80,黑油山景区,克拉玛依区,银河路街道油泉路25号,风景名胜,,,,45.619484,84.894361,
80,克拉玛依大油泡,克拉玛依区,胜利路石油纪念广场内(东侧),风景名胜,,,,45.569853,84.915386,
80,九龙潭,克拉玛依区,准噶尔路与东外环路交叉口西行200米,风景名胜,,,,45.611923,84.913950,
80,南新湿地公园,克拉玛依区,白桦路与清园路交叉口东140米,风景名胜,,,,45.583568,84.912605,
80,石油纪念广场-克一号井,克拉玛依区,昆仑路街道昆仑路街道汇源路石油纪念广场内(东侧),风景名胜,,,,45.569892,84.915769,
80,喷泉水幕,克拉玛依区,克拉玛依河景区(西南角),风景名胜,,,,45.582491,84.878477,
80,人民广场,克拉玛依区,胜利路街道友谊路187号对面,风景名胜,,,,45.601127,84.868917,
80,克拉玛依区生态休闲健身公园,克拉玛依区,永红路102号,风景名胜,,,,45.591499,84.849172,
80,黑油山公园,克拉玛依区,准噶尔路24号,风景名胜,,,,45.605554,84.898275,
80,朝阳公园,克拉玛依区,胜利路148号,风景名胜,,,,45.604907,84.879958,
80,城南体育公园,克拉玛依区,展会路与顺安路交叉口西300米,体育休闲服务,,,,45.564865,84.921332,
80,钟楼,克拉玛依区,文化街内,风景名胜,,,,45.604915,84.865498,
80,钟楼广场,克拉玛依区,文化街内钟楼,风景名胜,,,,45.605156,84.865420,
80,晴照台,克拉玛依区,滨河南路与迎宾路交叉口西北50米克拉玛依河景区(东北角),风景名胜,,,,45.590256,84.893342,
80,向日葵花海,克拉玛依区,如意路11号,风景名胜,,,,45.573392,84.924309,
80,狼嚎山景区,克拉玛依区,[],风景名胜,,,,45.569942,84.799533,
80,黑油山景区游客中心,克拉玛依区,银河路街道油泉路25号黑油山景区内(南侧),生活服务,,,,45.613752,84.893770,
80,黑油山景区售票处,克拉玛依区,银河路街道油泉路25号黑油山景区内(南侧),生活服务,,,,45.613825,84.893634,
80,九天瀑,克拉玛依区,克拉玛依河景区(东北角),风景名胜,,,,45.600303,84.904675,
80,克拉玛依市紫砂博物馆,克拉玛依区,汉博文化创意园51-11,购物服务,,,,45.587622,84.876293,
80,九龙潭·引水纪念碑,克拉玛依区,油泉路10号,风景名胜,,,,45.610889,84.912668,
80,水幕喷泉滨河廊架休闲区,克拉玛依区,滨河北路蓝湾酒店(克拉玛依汉博中央广场店)东南侧约220米,风景名胜,,,,45.583123,84.879182,
81,吐鲁番葡萄沟风景区,高昌区,312国道与Z474交叉口北侧,风景名胜,,,,43.000687,89.244170,
81,月光湖欢乐世界,高昌区,白杨河路226号,体育休闲服务,,,,42.964182,89.250422,
81,青蛙巷,高昌区,吐鲁番葡萄沟风景区内(南侧),风景名胜,,,,42.997589,89.244820,
81,吐鲁番坎儿井民俗园,高昌区,新城路西门村30-168号,风景名胜,,,,42.952640,89.148541,
81,坎儿井乐园,高昌区,亚尔镇亚尔村1队坎儿井路,风景名胜,,,,42.981336,89.130826,
81,苏公塔,高昌区,鲁番市东郊2公里处葡萄乡木纳格村的台地上,风景名胜,,,,42.935833,89.206429,
81,吐鲁番郡王府,高昌区,高昌木纳尔路与零五一县道交叉口南侧700米,风景名胜,,,,42.936639,89.209230,
81,吐鲁番大巴扎,高昌区,高昌巴扎路120号,风景名胜,,,,42.938257,89.177461,
81,交河故城,高昌区,亚尔乡西6公里,风景名胜,,,,42.953881,89.065435,
81,火焰山景区,高昌区,312国道北,风景名胜,,,,42.918783,89.513296,
81,吐鲁番葡萄沟风景区售票处,高昌区,Z474与312国道交叉口东北80米,生活服务,,,,42.970952,89.219711,
81,新化广场,高昌区,文化路与老沙河子路交叉口东南60米,风景名胜,,,,42.946205,89.193330,
81,坎儿井源·交河驿,高昌区,高昌区亚尔镇坎儿井北路8号,风景名胜,,,,42.995636,89.121936,
81,吐鲁番旅游文化广场,高昌区,广场北路与青年路交叉路口往西南约170米,风景名胜,,,,42.944142,89.183217,
81,火焰山大景区,高昌区,京新高速,风景名胜,,,,42.935535,89.506548,
81,葡萄沟游乐园,高昌区,高昌区葡萄沟街道葡萄沟街道葡萄沟旅游景区内,风景名胜,,,,43.027002,89.257638,
81,吐鲁番坎儿井博物馆,高昌区,新城路新城西门村888号,科教文化服务,,,,42.952813,89.148777,
81,吐鲁番沙疗旅游园,高昌区,高昌区沙疗旅游园,风景名胜,,,,42.974113,89.091835,
81,中国内陆海拔零点,高昌区,010县道与005乡道交汇处南侧500米,风景名胜,,,,42.927959,89.192520,
81,吐鲁番市库尔班民俗博物馆,高昌区,051县道与木纳尔路交叉口西北260米,科教文化服务,,,,42.944153,89.206632,
81,坎儿井文化传承区,高昌区,五道林004乡道,风景名胜,,,,42.983758,89.082041,
81,吐鲁番艾丁湖景区,高昌区,高昌区恰特喀勒乡阿依库勒村051县道末端,风景名胜,,,,42.759797,89.283643,
81,柏孜克里克千佛洞,高昌区,火焰山景区向北侧5公里,风景名胜,,,,42.957308,89.542139,
81,王洛宾纪念馆,高昌区,葡萄沟景区内王洛宾纪念馆,风景名胜,,,,43.017489,89.251705,
81,待花谷,高昌区,高昌葡萄沟街道达甫散盖社区3组36号葡萄沟大坡北侧150米处房屋,风景名胜,,,,42.986514,89.242753,
82,阿勒屯古街广场,伊州区,环城路与阿勒屯路交叉口东320米,风景名胜,,,,42.813098,93.490638,
82,哈密回王府景区,伊州区,环城路,风景名胜,,,,42.812891,93.487435,
82,哈密木卡姆传承中心,伊州区,西河区街道西河区街道环城路,科教文化服务,,,,42.814503,93.488694,
82,哈密市博物馆,伊州区,西河区街道广东路360号,科教文化服务,,,,42.814530,93.489520,
82,左宗棠凤凰台历史文化公园,伊州区,宗棠路与滨河四路交叉口西北100米,风景名胜,,,,42.818291,93.501881,
82,人民公园,伊州区,天山东路162号,风景名胜,,,,42.830891,93.515480,
82,左宗棠凤凰台历史文化公园凤凰台大营,伊州区,宗棠路与滨河四路交叉口西北160米,风景名胜,,,,42.816413,93.499803,
82,豫园,伊州区,建设东路与滨河路交叉口南360米,风景名胜,,,,42.833409,93.508888,
82,哈密文化旅游创意产业园,伊州区,哈密市第二中学北,风景名胜,,,,42.834898,93.467428,
82,全民健身文化公园,伊州区,西河区街道广东路,风景名胜,,,,42.825642,93.507414,
82,廉洁文化主题公园,伊州区,北关巷路与宗棠路交叉口北260米,风景名胜,,,,42.816702,93.503624,
82,公元大观,伊州区,前进大道685号,商务住宅,,,,42.857442,93.477848,
82,左公文化苑,伊州区,广东路与中华路交叉口北180米,风景名胜,,,,42.829260,93.512220,
82,哈密回王墓,伊州区,回城乡环城路7号,风景名胜,,,,42.813387,93.489565,
82,阿勒屯古街,伊州区,回城乡,风景名胜,,,,42.811431,93.489074,
82,湿地公园,伊州区,伊州区迎宾路9号,风景名胜,,,,42.818347,93.520018,
82,文创园工业广场,伊州区,文化旅游创意产业园南门向北200米,风景名胜,,,,42.834538,93.469856,
82,哈铁公园,伊州区,九街小区附近,风景名胜,,,,42.842696,93.510912,
82,火箭农场百花园,伊州区,锦绣路与和谐路交叉口西北200米,风景名胜,,,,42.866406,93.443519,
82,九龙树生态旅游观光园,伊州区,哈罗公路十五公里处,风景名胜,,,,42.788964,93.444876,
82,海上公路,伊州区,规划七路与新民三路交叉口西北240米,风景名胜,,,,42.851680,93.483337,
82,哈密王府景区售票处,伊州区,回王府景区内,生活服务,,,,42.813421,93.486965,
82,红星中奥体育公园,伊州区,伊州区利民路2号,风景名胜,,,,42.793752,93.534918,
82,哈密肃州寺,伊州区,文化西路与中华路交叉口西北160米,风景名胜,,,,42.824724,93.508883,
82,石油基地公园,伊州区,内环西路,风景名胜,,,,42.913051,93.487843,
83,东天山自然地质博览园,新星市,伊州区兵团黄田农场一棵树东北侧250米,风景名胜,,,,42.778668,93.740013,
83,星湖公园,新星市,新疆生产建设兵团第十三师新星市博物馆附近,体育休闲服务,,,,42.791450,93.749298,
83,新疆生产建设兵团第十三师新星市博物馆,新星市,316乡道与教导旅路交叉口南280米,科教文化服务,,,,42.795915,93.750468,
83,新星市体育公园,新星市,[],风景名胜,,,,42.785473,93.748607,
83,新疆生产建设兵团第十三师新星市红星一场植物园,新星市,新星市缤纷园林有限公司东南侧,风景名胜,,,,42.786175,93.561375,
83,第十三师新星市烈士纪念广场,新星市,511县道与兰新东路交叉口西南440米,风景名胜,,,,42.795868,93.735047,
83,红星园,新星市,伊州区健康路红星一场文化休闲广场(东南角),风景名胜,,,,42.772906,93.591540,
84,永安湖自然风景区,图木舒克市,海安镇四十九团东莞东路9号,风景名胜,,,,39.760973,78.991921,
84,锦绣公园,图木舒克市,锦绣西街244号,风景名胜,,,,39.871190,79.067315,
84,唐王城遗址,图木舒克市,巴楚县托库孜萨来(唐王城)遗址西北侧,风景名胜,,,,39.976811,79.030390,
84,新疆屯垦历史博物馆,图木舒克市,中兴西街与叶尔羌北路交叉口,科教文化服务,,,,39.865532,79.066077,
84,白沙山景区,图木舒克市,[],风景名胜,,,,39.762305,79.086444,
84,绿美南疆林业产业园,图木舒克市,[],风景名胜,,,,39.248438,76.096263,
84,华录电影乐园(图木舒克店),图木舒克市,滨河大道18号文体活动中心西门入口,体育休闲服务,,,,39.855232,79.062027,
84,图木舒克土陶技艺馆,图木舒克市,[],科教文化服务,,,,39.920428,79.065637,
84,军垦第一犁馆,图木舒克市,喀南快速路八连路口西侧,科教文化服务,,,,39.298826,75.972324,
84,永安湖生态旅游区游客中心,图木舒克市,永安湖生态旅游区游客中心北侧,生活服务,,,,39.703541,79.089024,
84,海师图景区,图木舒克市,湖49团13连,风景名胜,,,,39.761183,78.992283,
84,唐王城体育公园,图木舒克市,滨河路,风景名胜,,,,39.852615,79.060503,
84,奇趣宝贝游乐园,图木舒克市,锦绣西街4号,体育休闲服务,,,,39.868635,79.041700,
84,九龙口沙漠,图木舒克市,[],风景名胜,,,,39.182259,77.074992,
84,总场人民广场,图木舒克市,创业路与文明路交叉口东北220米,风景名胜,,,,39.674174,77.587718,
84,茶瀑布(图木舒克金冠商贸城店),图木舒克市,中兴东街2号,风景名胜,,,,39.864903,79.079693,
84,唐王城千年屯垦文化体验中心,图木舒克市,[],科教文化服务,,,,39.750212,78.987038,
84,油莎豆博物馆,图木舒克市,兴业路与建设路交叉口东南120米,风景名胜,,,,38.596694,77.104868,
84,山海传奇沙漠公园,图木舒克市,永安湖冰雪乐园北侧360米,风景名胜,,,,39.732802,78.991446,
84,托库孜萨来遗址(不对外开放),图木舒克市,218省道,风景名胜,,,,39.976593,79.030323,
84,克克勒玛佛教遗址,图木舒克市,[],风景名胜,,,,39.919814,79.070737,
84,草湖镇云天楼,图木舒克市,学府路东湖路交叉口,风景名胜,,,,39.282309,76.023304,
84,第三师图木舒克市烈士墓集中安葬地,图木舒克市,图木舒克市殡仪馆北100米,风景名胜,,,,39.811283,79.145478,
84,南闸旅游区,图木舒克市,[],风景名胜,,,,39.739581,78.998587,
84,五十一团九连广场,图木舒克市,[],风景名胜,,,,39.991387,79.095595,
85,多浪河2期姑墨城,阿克苏市,杭州大道附近,风景名胜,,,,41.172759,80.243761,
85,多浪公园,阿克苏市,西大街20号,风景名胜,,,,41.163813,80.253317,
85,阿克苏地区文博院(博物馆),阿克苏市,友谊路,科教文化服务,,,,41.172323,80.240337,
85,锦绣公园,阿克苏市,杭州大道888号,风景名胜,,,,41.179236,80.241715,
85,幸福公园,阿克苏市,团结西路1号,风景名胜,,,,41.167078,80.278057,
85,凤泉公园,阿克苏市,南大街38号,风景名胜,,,,41.140606,80.276872,
85,水帘洞,阿克苏市,西大街20号多浪公园,风景名胜,,,,41.185087,80.237408,
85,胡杨公园,阿克苏市,民主路与天山南路交叉口,风景名胜,,,,41.182134,80.300745,
85,阿克苏多浪河国家湿地公园,阿克苏市,稻香路国家湿地公园,风景名胜,,,,41.209574,80.231168,
85,金桥凤凰时尚广场,阿克苏市,西大街16号,风景名胜,,,,41.165023,80.252727,
85,龙潭湖公园,阿克苏市,阿温立交桥西侧,风景名胜,,,,41.189114,80.245228,
85,水帘洞游乐园,阿克苏市,西大街20号多浪公园,体育休闲服务,,,,41.186579,80.238870,
85,阿克苏森林公园,阿克苏市,交通路与阿温大道交汇处北侧,风景名胜,,,,41.213012,80.241093,
85,滨河公园,阿克苏市,北京西路与锦绣路交叉口东南120米,风景名胜,,,,41.164023,80.251328,
85,阿克苏市迎宾公园,阿克苏市,柯柯牙街道迎宾大道(新城农产品批发市场西北侧约200米),风景名胜,,,,41.204968,80.299438,
85,阿克苏海洋馆,阿克苏市,杭州大道61号,风景名胜,,,,41.125979,80.223056,
85,姑墨亭,阿克苏市,"杭州大道附近,阿克苏地区博物馆对面",风景名胜,,,,41.172008,80.243707,
85,大风车游乐场,阿克苏市,阿温公路7号立交桥边,体育休闲服务,,,,41.199684,80.250986,
85,温宿古城,温宿县,古城东街11号,风景名胜,,,,41.276142,80.249777,
85,人民路西广场,阿克苏市,人民北路2号,风景名胜,,,,41.167405,80.254338,
85,荷花池,阿克苏市,祥和路与健康路交叉口南20米,风景名胜,,,,41.164426,80.270572,
85,南湖人民公园,阿克苏市,交通路25-5-01号,风景名胜,,,,41.149463,80.302878,
85,名人空中花园,阿克苏市,香港街与北京西路交叉口西北100米,商务住宅,,,,41.172980,80.268930,
85,儿童公园,阿克苏市,解放中路29号,风景名胜,,,,41.169490,80.292963,
85,人民湖鱼鳞堰,阿克苏市,前进东路与延安路交叉口东60米,风景名胜,,,,41.202859,80.286383,
86,红山公园,水磨沟区,红山路北一巷40号,风景名胜,,,,43.807964,87.606487,
86,新疆维吾尔自治区博物馆,沙依巴克区,西北路131号,科教文化服务,,,,43.819603,87.584246,
86,新疆国际大巴扎,天山区,解放南路518号,风景名胜,,,,43.780006,87.617977,
86,人民公园,沙依巴克区,友好南路3号,风景名胜,,,,43.798263,87.604275,
86,乌鲁木齐市儿童公园,沙依巴克区,友好北路29号,风景名胜,,,,43.832618,87.581152,
86,水塔山公园,水磨沟区,温泉西路南一巷与塔山十巷交叉口南340米,风景名胜,,,,43.827008,87.645085,
86,鲤鱼山公园,新市区,鲤鱼山南路177号,风景名胜,,,,43.851000,87.580249,
86,人民广场,天山区,东风路与和平北路交叉口,风景名胜,,,,43.795200,87.624115,
86,红山公园北园,水磨沟区,红山路北一巷40号,风景名胜,,,,43.808376,87.604858,
86,新疆人民剧场,天山区,建中路2号,风景名胜,,,,43.790946,87.621499,
86,一炮成功,水磨沟区,水磨沟风景区内(西南角),风景名胜,,,,43.820244,87.644637,
86,乌鲁木齐市博物馆,水磨沟区,凤起街111号,科教文化服务,,,,43.870987,87.619092,
86,红山公园-南园,水磨沟区,红山路北一巷40号红山公园,风景名胜,,,,43.806924,87.610727,
86,红光山景区,米东区,红光山生态园近郊七道湾(近五建家属院),风景名胜,,,,43.888045,87.617158,
86,乌鲁木齐市红光山大佛寺,米东区,米东南路红光山路1077号,风景名胜,,,,43.882490,87.616001,
86,新疆古生态园,新市区,昆明路158号野马大厦后鲤鱼山上,风景名胜,,,,43.855940,87.577627,
86,文庙,天山区,前进路231号,风景名胜,,,,43.802395,87.629417,
86,南公园,天山区,新华南路1689号,风景名胜,,,,43.766552,87.606592,
86,水上乐园,天山区,燕儿窝路4号,体育休闲服务,,,,43.754777,87.613996,
86,红山公园-红山宝塔,水磨沟区,红山路北一巷40号,风景名胜,,,,43.807660,87.601854,
86,水磨河滨河景观带,水磨沟区,沿河路与沿河路东一巷交叉口西北240米,风景名胜,,,,43.840811,87.653003,
86,新疆赛里木湖直升机高空跳伞基地,沙依巴克区,友好北路518号友好商场,风景名胜,,,,43.824177,87.589532,
86,水磨沟风景区-清泉寺,水磨沟区,水磨沟路472号,风景名胜,,,,43.829577,87.659741,
86,陕西大寺,天山区,永和正街17号,风景名胜,,,,43.789304,87.621051,
86,东山生态园,天山区,高尔夫路119号,生活服务,,,,43.817568,87.669176,
87,祥云湖公园,胡杨河市,锦绣西路与黄河南街交叉口西南260米,风景名胜,,,,44.704008,84.827791,
87,胡杨河市南公园,胡杨河市,井冈山东路与楼兰街交叉口西北280米,风景名胜,,,,44.693390,84.839983,
87,胡杨水韵旅游景区售票处,胡杨河市,胡杨水韵旅游景区游客服务中心西南侧,生活服务,,,,44.693825,84.760975,
87,第七师胡杨河市烈士陵园,胡杨河市,第七师胡杨河生态陵园内,生活服务,,,,44.777752,84.962454,
87,第七师胡杨河市铸牢中华民族共同体意识主题公园,胡杨河市,天山东路,风景名胜,,,,44.714697,84.828354,
87,胡杨水韵旅游景区游客服务中心,胡杨河市,胡杨水韵旅游景区售票处东北侧,生活服务,,,,44.694065,84.761233,
87,崔公馆,胡杨河市,217国道与团牛段交叉口西南60米,风景名胜,,,,44.716551,84.837613,
87,胡杨水韵旅游景区(暂停开放),胡杨河市,皇柳段,风景名胜,,,,44.694030,84.761445,
88,五家渠青格达湖旅游风景区,五家渠市,青湖南路2666号,风景名胜,,,,44.129673,87.533676,
88,青湖御园,五家渠市,青湖南路2666号,风景名胜,,,,44.137558,87.537103,
88,青格达湖景区郁金香园,五家渠市,青湖南路2666号五家渠青格达湖旅游风景区内(东侧),风景名胜,,,,44.129612,87.535796,
88,北海公园,五家渠市,军垦北路,风景名胜,,,,44.172950,87.521924,
88,五家渠市体育公园,五家渠市,长安东街与猛进北路交叉口西160米,风景名胜,,,,44.170183,87.553655,
88,五家渠青格达湖旅游风景区-猛进水库,五家渠市,青湖南路2666号,风景名胜,,,,44.130336,87.539069,
88,荷花池,五家渠市,滨河南路4000号五家渠青格达湖旅游风景区内(东侧),风景名胜,,,,44.136090,87.551263,
88,将军街,五家渠市,天山南路与长征西街交叉口南40米,风景名胜,,,,44.164413,87.527414,
88,五家渠公园,五家渠市,滨河西路与人民北路交叉口东240米,风景名胜,,,,44.182461,87.549757,
88,凰家梁景点,五家渠市,[],风景名胜,,,,44.528616,87.569246,
88,海棠山风景区,五家渠市,长安西街1476号,体育休闲服务,,,,44.176360,87.515409,
88,文化广场,五家渠市,天山北路与长征西街交叉口西北50米,风景名胜,,,,44.165912,87.526009,
88,军垦公园,五家渠市,军垦南路199号,风景名胜,,,,44.161937,87.521090,
88,青格达湖观鸟梦幻沙滩,五家渠市,青湖南路2666号,风景名胜,,,,44.129653,87.537831,
88,印象文旅小镇,五家渠市,青湖路街道友谊路332-3号,风景名胜,,,,44.170227,87.533335,
88,百花园,五家渠市,滨河南路4000号五家渠青格达湖旅游风景区内(东侧),风景名胜,,,,44.133345,87.554681,
88,青格达湖游乐园,五家渠市,迈客来租车-五家渠店西侧110米,体育休闲服务,,,,44.137222,87.519421,
88,动步公园,五家渠市,102省道,风景名胜,,,,44.025446,87.499997,
88,五家渠喷泉广场,五家渠市,长征西街与天山北路交叉口西北100米,风景名胜,,,,44.165464,87.526481,
88,新渠古城遗址,五家渠市,201省道,风景名胜,,,,44.546054,87.445055,
88,第六师五家渠市烈士纪念馆,五家渠市,第六师军垦生态陵园内,风景名胜,,,,44.341207,87.460342,
88,沙山湖滑雪场,五家渠市,沙山湖休闲乐园,体育休闲服务,,,,44.307250,87.518970,
88,亮剑文化广场,五家渠市,香甜路1号,风景名胜,,,,44.407145,87.538981,
88,援疆生态公园,五家渠市,201省道西50米,风景名胜,,,,44.308800,87.519042,
88,玫瑰广场,五家渠市,335国道与凤凰路交叉口南240米,购物服务,,,,44.255972,87.660911,
89,兵团第九师161团芍药谷,白杨市,巴尔鲁克山,风景名胜,,,,46.044202,82.593931,
89,吐尔加辽草原,白杨市,[],风景名胜,,,,45.973160,82.685885,
89,无底湖,白杨市,[],风景名胜,,,,46.955083,84.639698,
89,芍药谷售票处,白杨市,九师芍药谷景区,生活服务,,,,46.044139,82.594241,
89,161团英雄谷景区游客服务中心,白杨市,小白杨哨所对面219国道旁边,生活服务,,,,45.939875,82.502675,
89,伟人山观景点,白杨市,康成租赁有限公司西北侧460米,风景名胜,,,,46.740406,82.916550,
89,巴依木扎民俗风情园,白杨市,蒙古包12间房,风景名胜,,,,46.946734,84.597088,
89,一六五团旅游生态公园,白杨市,南环路(园林小区的正南方向),风景名胜,,,,46.863903,84.293813,
89,巴克图口岸旅游景区售票处,白杨市,巴克图路与河南路交叉口西20米,生活服务,,,,46.683420,82.798098,
89,野巴旦杏自然保护区,白杨市,布丘段附近,风景名胜,,,,45.893826,82.519120,
89,樊犁花点将台,白杨市,郭楞蒙古民族乡樊梨花点将台,风景名胜,,,,46.956334,84.638681,
89,孙龙珍烈士墓纪念碑,白杨市,英布段附近,生活服务,,,,45.946197,82.516268,
89,鼠尾草山花观景点,白杨市,[],风景名胜,,,,45.972370,82.678418,
89,金边广场,白杨市,阿克乔克中街与幸福路交叉口西60米,风景名胜,,,,46.727237,82.895533,
89,孙龙珍军垦烈士陵园,白杨市,英布段南侧,风景名胜,,,,45.946517,82.517135,
89,查干敖包,白杨市,[],风景名胜,,,,46.974986,84.700861,
89,玫瑰谷,白杨市,阔别段北侧,风景名胜,,,,46.138472,82.632315,
89,朱家大院,白杨市,迎宾路与快乐路二道巷交叉口西北240米,风景名胜,,,,46.737007,82.926130,
90,阿孜汗无花果民俗文化旅游景区,阿图什市,阿孜汗路46号,风景名胜,,,,39.703384,76.160843,
90,克孜勒苏柯尔克孜自治州博物馆,阿图什市,帕米尔路西四院,科教文化服务,,,,39.727175,76.184025,
90,南湖公园,阿图什市,[],风景名胜,,,,39.700585,76.213753,
90,阿图什市骑仕大观园,阿图什市,帕米尔路西26院,风景名胜,,,,39.698651,76.136576,
90,阿湖瀑布,阿图什市,127乡道,风景名胜,,,,39.818177,76.084609,
90,北山公园,阿图什市,314国道与友谊路交叉口西北260米,风景名胜,,,,39.731955,76.174985,
90,滨河公园,阿图什市,环城西路与帕米尔路交叉口北20米,风景名胜,,,,39.705993,76.157934,
90,苏里坦苏图克博格拉汗麻扎,阿图什市,环城南路,风景名胜,,,,39.688473,76.178527,
90,建设路,阿图什市,建设路与幸福夜市交叉口西120米,风景名胜,,,,39.714989,76.182269,
90,阿图什市星光旅游观光风景园,阿图什市,阿扎克乡兰干村塔格路777号,风景名胜,,,,39.632804,76.052648,
90,苗圃生态园,阿图什市,克州中心苗圃109-1-7,体育休闲服务,,,,39.729177,76.234804,
90,烟火克州非遗巴扎,阿图什市,团结路与友谊路交叉口东北300米,风景名胜,,,,39.713860,76.190655,
90,小熊出没萌宠乐园,阿图什市,阿孜汗路46号,风景名胜,,,,39.701343,76.163987,
90,西塔其,阿图什市,舒欣火锅吧北侧90米,风景名胜,,,,39.702845,76.143689,
90,阿图什市阿不都卡德尔·吾拉木烈士墓,阿图什市,托万伊什塔其村吾依路,生活服务,,,,39.692963,76.110167,
90,阿扎克木纳格葡萄文化旅游景区,阿图什市,110乡道,风景名胜,,,,39.666630,76.142667,
90,脱库孜吾吉拉千佛洞,阿图什市,314国道,风景名胜,,,,39.598169,75.959723,
90,警民共建广场,阿图什市,幸福夜市与建设路交叉口西北260米,风景名胜,,,,39.716987,76.181403,
90,健康主题公园,阿图什市,帕米尔路63号,风景名胜,,,,39.729397,76.177640,
90,北山憩园,阿图什市,克州殡仪馆西60米,风景名胜,,,,39.742979,76.205654,
90,苏力旦墓,阿图什市,平安路与阿孜汗路交叉口东南140米,风景名胜,,,,39.692233,76.174940,
90,艾比甫·艾洁木麻扎,阿图什市,[],风景名胜,,,,39.614075,75.891238,
90,一村寺,阿图什市,[],风景名胜,,,,39.707000,76.136038,
90,阿扎克镇葡萄小镇地标,阿图什市,004乡道,风景名胜,,,,39.675658,76.151299,
90,阿图什天门景区,阿图什市,上阿图什镇西天山南脉,风景名胜,,,,39.678242,75.540961,
91,襄阳古城,襄城区,古城街道滨江大道北街128号,风景名胜,,,,32.023002,112.147533,
91,月亮湾公园,樊城区,柿铺街道人民西路8号,风景名胜,,,,32.034991,112.107932,
91,六〇三文创园,襄城区,盛丰路6号,商务住宅,,,,31.997017,112.151577,
91,襄阳盛世唐城景区,襄城区,唐城景区商业街6号楼,风景名胜,,,,31.987900,112.182043,
91,襄阳革命烈士陵园,襄城区,铁佛寺路60号,生活服务,,,,32.003600,112.147970,
91,长虹路民发广场,樊城区,长虹路与人民路交叉口西南60米,风景名胜,,,,32.039729,112.136132,
91,米公祠,樊城区,解放路2号,风景名胜,,,,32.029763,112.144659,
91,东力公园,樊城区,解放路2号,风景名胜,,,,32.030789,112.143014,
91,襄阳博物馆,襄城区,胜利街228号,科教文化服务,,,,31.992390,112.168765,
91,襄阳城墙,襄城区,古城街道滨江大道北街128号襄阳古城内(东侧),风景名胜,,,,32.023929,112.150664,
91,昭明台,襄城区,昭明街道昭明街道滨江大道北街128号襄阳古城(东南角),风景名胜,,,,32.018282,112.151262,
91,诸葛亮广场,樊城区,长虹北路16号,风景名胜,,,,32.058284,112.133305,
91,襄阳公园,襄城区,古城街道环城东路122号,风景名胜,,,,32.025706,112.159565,
91,岘山文化广场,襄城区,环城西路181号,风景名胜,,,,32.005605,112.149589,
91,襄城二桥头,襄城区,长虹南路与财苑路交叉口东60米,风景名胜,,,,32.010312,112.140190,
91,古隆中,襄城区,303省道隆中路461-1号,风景名胜,,,,32.012011,112.035372,
91,襄阳马跃檀溪运动公园,襄城区,[],风景名胜,,,,32.006305,112.120350,
91,篦梵椟珑玲宫迢,襄城区,滨江大道与琵琶山路交叉口东北120米,风景名胜,,,,32.013082,112.124123,
91,襄王府,襄城区,曲径巷绿影巷东端襄城南街60号(近南大街),风景名胜,,,,32.013615,112.157850,
91,银河运动公园,樊城区,霁月路5-6号,体育休闲服务,,,,32.041122,112.115246,
91,革命烈士纪念塔,襄城区,铁佛寺路60号襄阳革命烈士陵园,风景名胜,,,,32.002555,112.148136,
91,襄阳水上公园,襄城区,环城东路118号,风景名胜,,,,32.010607,112.162800,
91,黄家湾景区,襄城区,黄家湾路258号,风景名胜,,,,31.967888,112.078433,
91,襄阳水上公园-荟园,襄城区,昭明街道昭明街道昭明街道昭明街道昭明街道环城东路118号,风景名胜,,,,32.010981,112.165251,
91,鱼梁洲快乐水岸,襄城区,鱼梁洲经济开发区鱼梁洲环岛公园内(西侧),风景名胜,,,,32.043971,112.177758,
92,十堰博物馆,茅箭区,五堰街道五堰街道北京北路91号,科教文化服务,,,,32.641949,110.795951,
92,人民公园,张湾区,车城路街道张家湾公园路48号,风景名胜,,,,32.650364,110.777256,
92,武当广场,茅箭区,人民北路98号,商务住宅,,,,32.640238,110.784390,
92,文化广场,茅箭区,市府路9号,风景名胜,,,,32.651141,110.787623,
92,东风汽车博物馆,张湾区,曾家巷与车城路交叉口西180米,科教文化服务,,,,32.621689,110.760504,
92,王府井广场,茅箭区,北京中路(十堰职院旁),商务住宅,,,,32.620873,110.796073,
92,上海路口袋公园,茅箭区,上海名都北侧,风景名胜,,,,32.619126,110.793607,
92,青年广场,张湾区,公园路112号,风景名胜,,,,32.648364,110.769204,
92,牛头山国家森林公园,张湾区,贵州路34号,风景名胜,,,,32.597803,110.736989,
92,紫霄大道紫园,张湾区,十堰健康步道紫霄大道紫园北50米,风景名胜,,,,32.651927,110.806275,
92,凤凰山公园,茅箭区,北京南路与文昌路路口,风景名胜,,,,32.609646,110.783868,
92,北京路百强螺旋塔,茅箭区,北京北路与东山路交叉口东60米,风景名胜,,,,32.644106,110.797118,
92,艳湖公园,张湾区,三峡路与车城南路交叉口西440米,风景名胜,,,,32.614652,110.752251,
92,四方山,茅箭区,发展大道北100米,风景名胜,,,,32.671172,110.778827,
92,十堰健康步道(奥林匹克体育中心),张湾区,紫宵大道102号,风景名胜,,,,32.648819,110.808694,
92,岩洞沟水库,张湾区,发展大道与滨河巷交叉口西北440米,风景名胜,,,,32.674084,110.756818,
92,源园公园,茅箭区,源园路3号,风景名胜,,,,32.608932,110.774955,
92,四方山植物园,张湾区,四方山路附近,风景名胜,,,,32.686146,110.775338,
92,十堰健康步道京东路综合体,茅箭区,浙江路与京东路交叉口东40米,购物服务,,,,32.633152,110.809042,
92,福山公园,张湾区,汉江路街道汉江南路凯伦国际大酒店西南500米,风景名胜,,,,32.660200,110.794525,
92,夏家店转盘,张湾区,汉江中路与胡家巷交叉口西南100米,风景名胜,,,,32.665884,110.797994,
92,读书角,茅箭区,北京中路17号,风景名胜,,,,32.627533,110.795297,
92,百龙潭旅游景区,张湾区,花果街道桃子村,风景名胜,,,,32.601093,110.706534,
92,常隆水上乐园,张湾区,郧阳路8号(十堰西高速出口往凯旋大道方向200米处),体育休闲服务,,,,32.697135,110.773482,
92,浙江路体育公园,张湾区,浙江路25号,风景名胜,,,,32.629333,110.811378,
93,滨江公园,西陵区,沿江大道006号,风景名胜,,,,30.690523,111.287086,
93,儿童公园,西陵区,西陵一路107号,风景名胜,,,,30.700249,111.289954,
93,磨基山森林公园,点军区,点军街道江南路北150米,风景名胜,,,,30.677703,111.290442,
93,镇江阁,西陵区,学院街道滨江公园(西北角),风景名胜,,,,30.700982,111.276536,
93,西坝不夜城,西陵区,建设路51号,风景名胜,,,,30.711589,111.274456,
93,三峡文化天地,西陵区,体育场北路171号,商务住宅,,,,30.718490,111.299239,
93,卷桥河湿地公园,点军区,江南路138号,风景名胜,,,,30.689941,111.261675,
93,维多利亚港湾,点军区,江南大道95号,商务住宅,,,,30.696326,111.267577,
93,宜昌市葛洲坝旅游区,西陵区,沿江大道,风景名胜,,,,30.731873,111.292249,
93,长江三峡,夷陵区,小溪塔街道平湖路与港虹路交叉口西南约80米,风景名胜,,,,30.753395,111.290154,
93,葛洲坝船闸景区,西陵区,镇平路39号,风景名胜,,,,30.731983,111.292024,
93,古佛寺,西陵区,西陵一路107号儿童公园,风景名胜,,,,30.699859,111.288249,
93,江豚广场,西陵区,沿江大道,风景名胜,,,,30.702043,111.276375,
93,西坝大江生态步道,西陵区,和平路与西坝二路交叉口北460米,风景名胜,,,,30.726894,111.277023,
93,宜昌世界和平公园,伍家岗区,大公桥街道沿江大道132号,风景名胜,,,,30.683615,111.300138,
93,北山坡转盘,伍家岗区,东山大道辅路与胜利三路交叉口南20米,风景名胜,,,,30.688339,111.304979,
93,南湖公园,西陵区,隆康路24号,风景名胜,,,,30.692829,111.291174,
93,海底世界,点军区,江南大道与将军路交汇处,风景名胜,,,,30.699025,111.262283,
93,交运两坝一峡游船,伍家岗区,沿江大道142号三峡游客中心内,风景名胜,,,,30.681224,111.304528,
93,点军大道阳光花海一号地,点军区,江南路与李家河路交叉口北400米,风景名胜,,,,30.715445,111.263190,
93,东山公园,西陵区,白龙井路1号,风景名胜,,,,30.702612,111.300876,
93,三峡游轮中心·夜明珠港,西陵区,夜明珠路53号a-6,风景名胜,,,,30.739316,111.306616,
93,三游洞景区,夷陵区,南津关,风景名胜,,,,30.765106,111.266705,
93,湖北省宜昌市峡口风景区,夷陵区,008乡道与夜明珠路交叉口西北440米,风景名胜,,,,30.769394,111.263738,
93,磨基山时空隧道,点军区,江南路180号,风景名胜,,,,30.684615,111.275317,
94,巴公房子,江岸区,大智街办事处洞庭街73号,风景名胜,,,,30.586141,114.299831,
94,咸安坊,江岸区,鄱阳街21号,风景名胜,,,,30.582745,114.295924,
94,武昌江滩,武昌区,临江大道604号,风景名胜,,,,30.588254,114.323074,
94,解放公园,江岸区,解放大道1861号,风景名胜,,,,30.608418,114.298029,
94,江汉关博物馆,江汉区,沿江大道129号,科教文化服务,,,,30.576075,114.297308,
94,江汉关大楼,江汉区,民生路与花楼街交叉口东100米,风景名胜,,,,30.576071,114.297393,
94,中山公园,江汉区,解放大道1265号(中山公园地铁站D口步行80米),风景名胜,,,,30.586650,114.271559,
94,武汉江滩1期(沿江大道),江岸区,汉口沿江大道,风景名胜,,,,30.586382,114.304195,
94,汉口江滩2期,江岸区,江滩大道1号汉口江滩,风景名胜,,,,30.599736,114.312401,
94,黄鹤楼,武昌区,蛇山西山坡特1号(地铁司门口黄鹤楼站A出口步行500m),风景名胜,,,,30.544649,114.302467,
94,武汉江滩,江岸区,江滩大道汉口江滩(西南角),风景名胜,,,,30.585612,114.304232,
94,黄鹤楼公园,武昌区,蛇山西山坡特1号,风景名胜,,,,30.542529,114.307795,
94,汉口江滩-观江台,江岸区,一元街街道蔡锷路和沿江大道交叉口对面汉口江滩内(西南角),风景名胜,,,,30.581687,114.301715,
94,同兴里,江岸区,胜利街148号,商务住宅,,,,30.588574,114.300729,
94,大智无界·空中小镇,江岸区,大智路50号(大智路地铁站A口步行260米),商务住宅,,,,30.589840,114.295277,
94,武昌江滩(大堤口广场)-外滩公园,武昌区,临江大道604号武昌江滩,风景名胜,,,,30.588254,114.323074,
94,平和打包厂旧址,江岸区,青岛路10号,风景名胜,,,,30.582585,114.297772,
94,汉口德国领事馆旧址,江岸区,沿江大道188号,风景名胜,,,,30.592672,114.304796,
94,纵横体育公园,江岸区,澳门路34号(解放大道与澳门路交汇处),风景名胜,,,,30.601070,114.297853,
94,昙华林,武昌区,粮道街道胭脂路仁济医院西侧,风景名胜,,,,30.551940,114.308791,
94,江汉关钟楼,江汉区,花楼街道沿江大道129号,风景名胜,,,,30.576294,114.297482,
94,铁机路江滩灯塔,武昌区,临江大道220号,风景名胜,,,,30.607527,114.338215,
94,八·七会议会址,江岸区,鄱阳街139号,风景名胜,,,,30.586637,114.299904,
94,汉口江滩三阳广场,江岸区,三阳路30号,风景名胜,,,,30.595627,114.308102,
94,宋庆龄汉口旧居纪念馆,江岸区,沿江大道162号,风景名胜,,,,30.586486,114.302333,
95,东坡赤壁,黄州区,公园路11号,风景名胜,,,,30.452494,114.867135,
95,遗爱湖公园,黄州区,赤壁大道78号,风景名胜,,,,30.444753,114.905513,
95,安国寺景区,黄州区,[],风景名胜,,,,30.437254,114.876623,
95,宝塔公园,黄州区,西湖一路11号,风景名胜,,,,30.437454,114.876608,
95,黄冈滨江公园,黄州区,沿江大道5号,风景名胜,,,,30.441990,114.867505,
95,遗爱清风,黄州区,赤壁大道遗爱湖公园(西北角),风景名胜,,,,30.453266,114.894485,
95,李四光纪念馆,黄州区,体育路24号,风景名胜,,,,30.456089,114.875285,
95,黄冈市博物馆(新馆),黄州区,明珠大道110号(东方广场西侧),科教文化服务,,,,30.468635,114.910440,
95,东方广场,黄州区,东门路136号,风景名胜,,,,30.469937,114.911534,
95,遗爱湖公园-苏东坡纪念馆,黄州区,遗爱清风,风景名胜,,,,30.452846,114.897463,
95,江柳摇村,黄州区,遗爱湖公园湖心路,购物服务,,,,30.441185,114.908342,
95,滨江森林公园,黄州区,沿江大道与赤壁湖路交叉口西南240米,风景名胜,,,,30.447908,114.861487,
95,平湖归雁景区,黄州区,赤壁大道遗爱湖公园,风景名胜,,,,30.430732,114.908674,
95,万景公园里,黄州区,环湖路与西湖一路交叉口东南300米,商务住宅,,,,30.444955,114.899711,
95,明珠广场,黄州区,新港二路59号,风景名胜,,,,30.449655,114.921636,
95,黄冈市龙王山植物园,黄州区,七一路8号,风景名胜,,,,30.454442,114.872829,
95,东坡雪堂,黄州区,坡仙路1-11号,风景名胜,,,,30.456010,114.869720,
95,汉川门,黄州区,汉川门路与魏街交叉口西100米,风景名胜,,,,30.450082,114.868189,
95,大别山地质博物馆,黄州区,黄冈经济开发区新港二路146号黄冈师范学院西2门对面,科教文化服务,,,,30.448945,114.921929,
95,遗爱湖公园梅园,黄州区,赤壁大道遗爱湖公园红梅傲雪景区,风景名胜,,,,30.447357,114.910297,
95,对面墩汉墓遗址博物馆,黄州区,中环路与涵晖北路交叉口东北60米,科教文化服务,,,,30.463069,114.882275,
95,黄冈市龙王山森林公园管理中心,黄州区,七一路6号,政府机构及社会团体,,,,30.454309,114.872329,
95,红梅傲雪景区,黄州区,赤壁大道遗爱湖公园(东北角),风景名胜,,,,30.447567,114.910314,
95,遗爱湖公园-幽兰芳径景区,黄州区,黄州区经济开发区遗爱湖公园(南侧),风景名胜,,,,30.441457,114.906381,
95,林家大湾林彪故居,团风县,回龙山镇林家大湾,风景名胜,,,,30.638216,114.993083,
96,北湖湿地公园,天门市,北湖大道,风景名胜,,,,30.671233,113.164133,
96,茶圣故里园景区,天门市,文学泉道与西寺路交叉口西北100米,风景名胜,,,,30.658170,113.159040,
96,胡家花园,天门市,孝子里与竟陵中街交叉口东北80米,风景名胜,,,,30.646514,113.166712,
96,天门三国梦幻谷,天门市,S342天仙大道52公里处,风景名胜,,,,30.498761,113.315004,
96,湖北天门张家湖国家湿地公园,天门市,[],风景名胜,,,,30.768982,113.233761,
96,陆羽故园,天门市,茶圣故里园景区,风景名胜,,,,30.656024,113.160863,
96,天门市博物馆,天门市,西湖路,科教文化服务,,,,30.663678,113.155953,
96,岳口滨江公园,天门市,岳口镇沿河路堤坝上原岳口码头,风景名胜,,,,30.508675,113.078120,
96,东湖公园,天门市,东江大道与东湖路交叉口北100米,风景名胜,,,,30.651736,113.173692,
96,石家河-三房湾遗址,天门市,建镇街134号,风景名胜,,,,30.768331,113.084451,
96,汉江广场,天门市,锦江大道与襄江路交叉口东80米,购物服务,,,,30.401058,113.446100,
96,长寿山原村,天门市,皂市镇泉堰村李谢公路附近,风景名胜,,,,30.831688,113.281863,
96,天门市革命烈士公园,天门市,陆羽大道西与水厂路交叉口西200米,生活服务,,,,30.667592,113.143171,
96,石家河古城,天门市,石家河镇,风景名胜,,,,30.769383,113.080784,
96,天门市植物园,天门市,革命烈士公园,风景名胜,,,,30.667640,113.143112,
96,西塔寺,天门市,竟陵西寺路20号,风景名胜,,,,30.661316,113.161919,
96,天门南湖旅游区,天门市,十丰新村(天西驾校正对面),风景名胜,,,,30.590371,113.137004,
96,小南湖公园2期,天门市,西湖路,风景名胜,,,,30.643566,113.143316,
96,茶经楼,天门市,陆羽故园内(西北角),风景名胜,,,,30.658145,113.159304,
96,骑龙观,天门市,陆羽茶园南侧360米,风景名胜,,,,30.781881,113.007554,
96,白龙寺,天门市,白龙寺西路,风景名胜,,,,30.856545,113.345985,
96,老龙堤闸,天门市,汉北路5号,风景名胜,,,,30.675592,113.138790,
96,开心宝贝儿童主题游乐园,天门市,东环路天门育才小学北侧约500米,体育休闲服务,,,,30.667759,113.196276,
96,文学泉,天门市,文学泉路前壕水中高地,风景名胜,,,,30.654258,113.167279,
96,南湖湾民俗文化村,天门市,蓝湖湾民宿西侧,公司企业,,,,30.588251,113.148828,
97,槐荫公园,孝南区,乾坤大道,风景名胜,,,,30.923774,113.949428,
97,孝感市博物馆,孝南区,孝感市文化中心C座,科教文化服务,,,,30.915631,113.958812,
97,董永公园,孝南区,槐荫大道257号,风景名胜,,,,30.919673,113.917694,
97,孝感邓家河湿地公园,孝南区,大智路与孝汉大道交叉口,风景名胜,,,,30.918034,114.012443,
97,孝感市复兴体育公园,孝南区,复兴大道7号,风景名胜,,,,30.919907,113.970803,
97,孝感仙女湖公园,孝南区,仙女湖路与澴川东路交叉口,风景名胜,,,,30.891525,113.971836,
97,槐荫船说,孝南区,经济开区东闸社区沿河路8号,风景名胜,,,,30.902601,113.954487,
97,孝感天仙城,孝南区,经济开发区鲁铺社区澴川路与仙女湖路交叉口向东900米,风景名胜,,,,30.867243,113.998209,
97,孝感银色沙滩景区,孝南区,福广路223号,风景名胜,,,,30.888101,114.004652,
97,文昌阁,孝南区,沿河南路与南卧路交叉口西北220米,风景名胜,,,,30.912362,113.907665,
97,祥云湾文化旅游区,云梦县,步云路1号,风景名胜,,,,31.011152,113.778683,
97,孝感方特狂野大陆,孝南区,临空经济区欢乐大道88号,体育休闲服务,,,,30.820675,114.107957,
97,孝感方特水上乐园,孝南区,欢乐大道88号,体育休闲服务,,,,30.818268,114.106701,
97,孝感方特旅游区,孝南区,临空经济区欢乐大道88号,体育休闲服务,,,,30.819469,114.107609,
97,孝感市奥林匹克体育中心粉色沙滩,孝南区,奥体东路与仙女湖路交叉口东南300米,风景名胜,,,,30.895114,114.005333,
97,春云公园,孝南区,澴川东路215号,风景名胜,,,,30.910650,113.976295,
97,湖北孝感朱湖国家湿地公园,孝南区,菱角湖,风景名胜,,,,30.805093,113.957328,
97,澴川公园,孝南区,滨河南路,风景名胜,,,,30.907601,113.916215,
97,新铺镇大佛寺,孝南区,新铺镇牌楼村,风景名胜,,,,30.954670,113.979869,
97,航空公园,孝南区,航空路与体育大道交叉口东北160米,风景名胜,,,,30.943546,113.909140,
97,云梦祥山博物馆,云梦县,龙岗大道1号,科教文化服务,,,,31.019494,113.773711,
97,庆典广场,孝南区,孝感开发区槐荫街道,风景名胜,,,,30.904861,114.009549,
97,天紫湖生态度假区,孝南区,107国道天紫湖畔,住宿服务,,,,31.103235,113.980992,
97,董湖公园,孝南区,澴川路与崇文路交叉口西南角,风景名胜,,,,30.913378,113.965343,
97,爱琴海水上乐园,孝南区,朋兴乡华光村爱琴海水上乐园区,体育休闲服务,,,,31.033966,113.946508,
98,潜江市街心花园,潜江市,东方路与横堤路交叉口东南160米,商务住宅,,,,30.414082,112.904205,
98,曹禺公园,潜江市,园林办事处章华北路12号,风景名胜,,,,30.437619,112.895879,
98,紫月湖公园,潜江市,东荆新区东荆大道,风景名胜,,,,30.391503,112.881742,
98,龙湾国家考古遗址公园,潜江市,龙湾镇章华台路001号,风景名胜,,,,30.231153,112.750501,
98,潜江博物馆,潜江市,东荆大道与学府路交叉口东南180米,科教文化服务,,,,30.387363,112.878535,
98,潜江森林公园,潜江市,南城区杨市街道刘岭街1号,风景名胜,,,,30.370019,112.916229,
98,南门河游园,潜江市,园林街道办事处江汉路12号,风景名胜,,,,30.419995,112.892770,
98,小龙虾博物馆,潜江市,紫光路与紫月路交叉口西140米,科教文化服务,,,,30.384682,112.887624,
98,梅苑,潜江市,梅苑古街与殷台路交叉口北240米,风景名胜,,,,30.436247,112.892366,
98,驾考主题公园(腾越驾校新校区),潜江市,奥体路与华中东路交叉口东20米,风景名胜,,,,30.354237,112.909096,
98,潜江龙虾城温泉水世界,潜江市,杨市街道紫月东路33号龙虾城内温泉水世界,体育休闲服务,,,,30.392186,112.915715,
98,白鹭湖管理区,潜江市,田阳分场八队西南侧380米,风景名胜,,,,30.137657,112.709110,
98,青年运动主题公园,潜江市,东城大道1号,风景名胜,,,,30.399121,112.919959,
98,曹禺纪念馆,潜江市,章华北路26号曹禺公园(东北角),风景名胜,,,,30.439104,112.897770,
98,湖北潜江章华台古遗址-放鹰台,潜江市,龙湾镇章华台路001号龙湾国家考古遗址公园内(东侧),风景名胜,,,,30.233001,112.766297,
98,红军闸,潜江市,熊口镇,风景名胜,,,,30.392720,112.823464,
98,龙湾国家考古遗址公园—龙湾遗址博物馆,潜江市,龙徐线,风景名胜,,,,30.231620,112.742326,
98,王场光纤广场,潜江市,红旗路与王高路交叉口北120米,风景名胜,,,,30.508425,112.779947,
98,马湖滩,潜江市,[],风景名胜,,,,30.490784,112.848721,
98,章华台博物馆,潜江市,龙徐线龙湾国家考古遗址公园-龙湾遗址博物馆,科教文化服务,,,,30.231696,112.742186,
98,熊口红军街,潜江市,熊老路特34号,风景名胜,,,,30.304441,112.782534,
98,大佛寺,潜江市,马昌垸路46号,风景名胜,,,,30.429716,112.891341,
98,潜江市禁毒主题公园,潜江市,东城大道与保驾路交叉口西北80米,风景名胜,,,,30.410471,112.910700,
98,总口清真寺,潜江市,总口路与322省道交叉口东北60米,风景名胜,,,,30.278657,112.923387,
98,楚商林,潜江市,大堤小院柴火灶北侧290米,风景名胜,,,,30.434481,112.879302,
99,龙泉公园,东宝区,象山大道69号,风景名胜,,,,31.027011,112.192476,
99,荆门园博园,掇刀区,天山路10号,风景名胜,,,,31.012326,112.176794,
99,公园3326,东宝区,白云大道与云台路交叉口东180米,商务住宅,,,,31.023321,112.206075,
99,白云楼,东宝区,白云大道4号,风景名胜,,,,31.031778,112.210551,
99,荆门生态运动公园,掇刀区,关公大道,风景名胜,,,,30.977361,112.185246,
99,铁路和谐园,东宝区,长宁大道3号,商务住宅,,,,31.046785,112.208975,
99,荆门市博物馆,掇刀区,荆山大道28号,科教文化服务,,,,31.005351,112.173864,
99,天鹅健康主题广场,东宝区,天鹅路3号,风景名胜,,,,31.017786,112.199301,
99,南薰门,东宝区,工商街20号,风景名胜,,,,31.027420,112.202336,
99,浏河岛,东宝区,华地宾馆对面象山二路游园附近,风景名胜,,,,31.041252,112.205772,
99,凤凰湖公园,掇刀区,凤袁路北侧(凤凰水库附近),风景名胜,,,,30.964579,112.184173,
99,天鹅湖公园,东宝区,白云大道86-1号,风景名胜,,,,31.009132,112.201199,
99,漳河国家水利风景区,东宝区,漳河镇漳河风景区旅游码头,风景名胜,,,,31.053559,112.047904,
99,广场花园,东宝区,天鹅路15号,商务住宅,,,,31.022177,112.193487,
99,圣境山风景区,东宝区,013县道,风景名胜,,,,31.111823,112.144580,
99,市民广场,掇刀区,惠泉路与和悦路交叉口东180米,风景名胜,,,,31.006492,112.185087,
99,千佛洞森林公园,掇刀区,千佛寺路,风景名胜,,,,30.997645,112.215176,
99,读书台广场,东宝区,白云大道与建设南巷交叉口东南120米,风景名胜,,,,31.025918,112.208128,
99,东宝山森林公园,掇刀区,东宝山公园入口,风景名胜,,,,31.000622,112.215912,
99,黑山景区,东宝区,文心路荆楚理工学院,风景名胜,,,,31.048106,112.173035,
99,东宝公园,东宝区,长宁新城金龙泉大道路西,风景名胜,,,,31.072846,112.202528,
99,象山二路游园,东宝区,华地宾馆对面,风景名胜,,,,31.041225,112.205817,
99,白云观,东宝区,白云大道4号,风景名胜,,,,31.031883,112.210040,
99,凤鸣门,东宝区,工商街30号,风景名胜,,,,31.027041,112.201014,
99,小观园,掇刀区,炼厂路与月亮湖路交叉路口往东南约150米,风景名胜,,,,31.039942,112.225630,
100,恩施土家女儿城,恩施市,金龙大道98号,风景名胜,,,,30.269545,109.502984,
100,恩施土司城,恩施市,土司路138号,风景名胜,,,,30.301061,109.472098,
100,凤凰山森林公园,恩施市,东风大道495号,风景名胜,,,,30.280898,109.489125,
100,清和园,恩施市,施州大道49号,风景名胜,,,,30.280477,109.483643,
100,恩施风雨桥,恩施市,小渡船街道施州大道清河园,风景名胜,,,,30.280365,109.484732,
100,恩施市博物馆,恩施市,公园街6号,科教文化服务,,,,30.262440,109.477729,
100,恩施土家族苗族自治州博物馆,恩施市,金桂大道恩施州文化中心内,科教文化服务,,,,30.305669,109.496759,
100,硒都广场,恩施市,施州大道2-6号,风景名胜,,,,30.271854,109.481101,
100,武圣宫,恩施市,巴公路,风景名胜,,,,30.257007,109.476085,
100,连珠塔,恩施市,六角亭老城东门外五峰山主峰龙首山顶,风景名胜,,,,30.253647,109.482239,
100,六角亭,恩施市,马鞍山路41号土家女儿城内,风景名胜,,,,30.270243,109.502824,
100,恩施云台寺,恩施市,七柳线,风景名胜,,,,30.256106,109.544955,
100,龙麟宫,恩施市,高桥坝,风景名胜,,,,30.257548,109.419314,
100,毕兹卡文旅小镇,恩施市,清溪别院西侧80米,风景名胜,,,,30.295764,109.515599,
100,金三角广场,恩施市,航空路大桥路51号,风景名胜,,,,30.285299,109.478930,
100,后山湾首府广场,恩施市,叶挺路17-1号,风景名胜,,,,30.273383,109.476607,
100,城隍庙,恩施市,解放路111号(恩施市文物保护局院内),风景名胜,,,,30.262598,109.479395,
100,清水走廊,恩施市,清河沿岸,风景名胜,,,,30.287579,109.487990,
100,叶挺将军囚居旧址纪念馆,恩施市,叶挺路228号,风景名胜,,,,30.263512,109.474022,
100,绣球广场,恩施市,金龙大道东侧,风景名胜,,,,30.270770,109.501579,
100,俭净轩,恩施市,东风大道与舞阳大道一巷交叉口东南100米,风景名胜,,,,30.272429,109.486532,
100,金麟公园,恩施市,高旗大道东侧,风景名胜,,,,30.306648,109.464241,
100,恩施民族歌舞大秀(西兰卡普),恩施市,恩施市金桂大道12号,体育休闲服务,,,,30.305739,109.497672,
100,恩施市望城坡景区,恩施市,望茅线附近,风景名胜,,,,30.325346,109.427665,
100,望城坡观景台,恩施市,望城坡景区,风景名胜,,,,30.325573,109.427803,
101,沔阳小镇,仙桃市,排湖风景区,风景名胜,,,,30.290191,113.281909,
101,湖北仙桃梦里水乡旅游景区,仙桃市,毛通线仙桃市国营赵西垸林场旁,风景名胜,,,,30.298460,113.020153,
101,流潭公园,仙桃市,沔阳大道119号,风景名胜,,,,30.369811,113.474230,
101,仙桃江滩公园游乐场,仙桃市,沿江大道与解放西路交叉口北280米,体育休闲服务,,,,30.379902,113.445488,
101,排湖旅游度假区,仙桃市,[],风景名胜,,,,30.294533,113.290676,
101,沔城风景区,仙桃市,沔城回族镇九贺门正街93号,风景名胜,,,,30.190820,113.233356,
101,永兴观,仙桃市,胡场镇建设西路北150米,风景名胜,,,,30.373870,113.301714,
101,汉江奥运公园,仙桃市,江滩公园,风景名胜,,,,30.379217,113.446350,
101,沔阳公园,仙桃市,钱沟南路88号 (沔街国际大酒店对面),风景名胜,,,,30.338427,113.458417,
101,沔东湿地公园,仙桃市,沔州大道仙桃东收费站旁,风景名胜,,,,30.324726,113.560850,
101,百万花海,仙桃市,长埫口刘家垸林场窑台分场,风景名胜,,,,30.357822,113.729780,
101,沙湖国家湿地公园,仙桃市,沙湖镇石山港闸,风景名胜,,,,30.153013,113.711198,
101,沔阳小镇游客中心售票大厅,仙桃市,排湖风景区售票处东侧60米,生活服务,,,,30.294260,113.291771,
101,仙桃市玉皇宫,仙桃市,陈场镇沙岭村6组,风景名胜,,,,30.236767,113.118256,
101,青年公园,仙桃市,新城大道与南湖路西北角,风景名胜,,,,30.333841,113.433876,
101,陈友谅纪念馆,仙桃市,沔街大道8号元泰商业街,风景名胜,,,,30.350827,113.448707,
101,梦里水乡文化旅游区-游客中心,仙桃市,洪湖味道(梦里水乡景区店)北侧90米,生活服务,,,,30.293875,113.018525,
101,仙桃乐园,仙桃市,干河街道办事处泵站路特1号游乐园摩天轮旋转木马碰碰车大摆锤过山车高空飞椅,体育休闲服务,,,,30.384132,113.409376,
101,杜湖体育公园,仙桃市,创业路1号,风景名胜,,,,30.338070,113.418872,
101,胡幼松烈士纪念馆,仙桃市,陈场镇胡幼松纪念馆,风景名胜,,,,30.271870,113.034689,
101,沔城古城遗址,仙桃市,沔城回族镇,风景名胜,,,,30.193521,113.238152,
101,沔阳古城,仙桃市,莲花池绿道与莲池环道交叉口北220米,风景名胜,,,,30.191511,113.238545,
101,大汉陈友谅故居,仙桃市,沔城回族自治镇南纪门路64号,风景名胜,,,,30.184383,113.228967,
101,襄河公园,仙桃市,[],风景名胜,,,,30.389342,113.417220,
101,刘口社区广场,仙桃市,沙嘴街道沔街印象城,风景名胜,,,,30.350687,113.461002,
102,荆州古城历史文化旅游区,荆州区,东环路118号,风景名胜,,,,30.351570,112.197642,
102,沙市市中山公园,沙市区,公园路1号,风景名胜,,,,30.316468,112.249029,
102,张居正故居,荆州区,荆州南路2号,风景名胜,,,,30.347028,112.215393,
102,荆州海洋世界,沙市区,天谷大道6号,风景名胜,,,,30.356160,112.270263,
102,荆州方特东方神画,荆州区,纪南生态文化旅游区方特路1号,风景名胜,,,,30.389732,112.239795,
102,临江仙滨江公园,荆州区,长江大桥堤下,风景名胜,,,,30.320068,112.220740,
102,荆州古城历史文化旅游区-东门景区,荆州区,东环路118号荆州古城历史文化旅游区(西南角),风景名胜,,,,30.347559,112.215857,
102,洋码头,沙市区,荆江大道与人和二巷交叉口西300米,交通设施服务,,,,30.301010,112.250351,
102,万寿园,沙市区,荆堤路99号,风景名胜,,,,30.314959,112.230606,
102,宾阳楼,荆州区,[],风景名胜,,,,30.347738,112.216076,
102,荆州博物馆,荆州区,荆州中路166号,科教文化服务,,,,30.353465,112.180126,
102,洋码头文创园,沙市区,荆江大堤与海关路交汇处,商务住宅,,,,30.297033,112.260719,
102,荆州古城墙,荆州区,东城街道张居正街2号荆州古城历史文化旅游区内(西侧),风景名胜,,,,30.358814,112.195834,
102,文湖公园,沙市区,北京西路408号,风景名胜,,,,30.324927,112.241611,
102,万寿园-万寿宝塔,沙市区,荆堤路99号万寿园,风景名胜,,,,30.314887,112.230260,
102,关帝庙,荆州区,爱民路,风景名胜,,,,30.349416,112.197867,
102,海棠湾,沙市区,银湖路与合心路交叉口东南200米,商务住宅,,,,30.352934,112.273855,
102,方特东方神画(荆州)大本营,沙市区,塔桥路东63号荆州新天地A区2栋18层4,科教文化服务,,,,30.336482,112.249291,
102,张居正墓园,沙市区,首辅路16号,风景名胜,,,,30.341310,112.240456,
102,沙市市中山公园-动物园,沙市区,公园路1号沙市市中山公园,风景名胜,,,,30.316390,112.249045,
102,荆州海洋世界海底乐园,沙市区,318国道与天谷大道交汇处关沮新城1号,风景名胜,,,,30.355305,112.271674,
102,金凤广场,荆州区,东环路附近,风景名胜,,,,30.347627,112.218080,
102,明月公园,荆州区,东环路附近,风景名胜,,,,30.355391,112.210105,
102,荆州海洋世界水上乐园,沙市区,关沮镇合心村荆州海洋世界三期A区5栋108号,体育休闲服务,,,,30.355774,112.270447,
102,关羽祠,荆州区,内环南路99号,风景名胜,,,,30.347697,112.184079,
103,香吾山公园,咸安区,温泉街道温泉潜山路7号,风景名胜,,,,29.822987,114.329424,
103,潜山国家森林公园,咸安区,温泉月亮湾11号,风景名胜,,,,29.806059,114.315462,
103,香吾山生态动物园,咸安区,温泉街道温泉潜山路7号香吾山公园内(北侧),风景名胜,,,,29.824788,114.329676,
103,龙潭里景区,咸安区,咸宁高新开发区刘怀郭路与咸宁大道交叉口西北150米,风景名胜,,,,29.829944,114.306921,
103,咸宁市博物馆,咸安区,金桂路169号,科教文化服务,,,,29.858759,114.317216,
103,太乙洞,咸安区,太乙天沐度假区内,风景名胜,,,,29.779250,114.307469,
103,十六潭水上乐园,咸安区,十六潭路特一号,体育休闲服务,,,,29.851123,114.321111,
103,中心花坛,咸安区,淦河大道85号,风景名胜,,,,29.826195,114.335079,
103,咸宁碧桂园凤凰温泉中心汤院,咸安区,龙潭大道1号,生活服务,,,,29.815118,114.311294,
103,青龙山公园,咸安区,文笔大道220号,风景名胜,,,,29.869119,114.303054,
103,元气森林咸宁工业旅游景区,咸安区,金桂大道2015号,风景名胜,,,,29.879647,114.349192,
103,明珠广场,咸安区,民众巷,风景名胜,,,,29.869844,114.283281,
103,潜山寺,咸安区,潜山国家森林公园内(东侧),风景名胜,,,,29.805050,114.321217,
103,文化广场,咸安区,淦河大道102号,商务住宅,,,,29.827402,114.333290,
103,龙潭河湿地公园,咸安区,浮山办事处兴龙桥旁,风景名胜,,,,29.824273,114.305140,
103,黄鹤楼森林美酒小镇,咸安区,金桂大道259号黄鹤楼酒业有限公司内,风景名胜,,,,29.876393,114.344123,
103,十六潭公园香城游乐园,咸安区,十六潭公园(西南角),体育休闲服务,,,,29.843307,114.318002,
103,咸宁太乙天沐温泉度假区,咸安区,浮山办事处太乙洞旁,体育休闲服务,,,,29.778758,114.306003,
103,刘家桥古民居,咸安区,209省道,风景名胜,,,,29.699868,114.405929,
103,三八'纪念林,咸安区,十六潭路16号十六潭公园(东南角),风景名胜,,,,29.842214,114.324612,
103,瑶池温泉,咸安区,温泉路5号,风景名胜,,,,29.818294,114.329460,
103,大洲湖湿地公园,咸安区,桂乡大道300号,风景名胜,,,,29.914382,114.304291,
103,际华冰雪·香城滑雪馆,咸安区,和谐大道与桂乡大道交叉口西240米,体育休闲服务,,,,29.958250,114.284980,
103,温泉古遗址公园,咸安区,月亮湾路8号,风景名胜,,,,29.818967,114.324183,
103,金桂湖风景区,咸安区,[],风景名胜,,,,29.712800,114.419526,
104,神农架国家级自然保护区,神农架林区,347国道北侧,风景名胜,,,,31.468841,110.251032,
104,神农架神农顶风景区,神农架林区,红坪镇,风景名胜,,,,31.464489,110.274914,
104,神农架官门山景区,神农架林区,木鱼镇迎宾大道2号,风景名胜,,,,31.434731,110.380550,
104,神农架大九湖景区,神农架林区,大九湖镇大九湖村,风景名胜,,,,31.472687,110.054278,
104,神农架神农坛风景区,神农架林区,神农架国家级自然保护区内,风景名胜,,,,31.434592,110.447164,
104,神农架天燕景区,神农架林区,红坪镇209国道旁,风景名胜,,,,31.697123,110.455953,
104,坪阡古镇,神农架林区,九湖镇大九湖国家湿地公园,风景名胜,,,,31.451987,110.137910,
104,神农架天生桥景区,神农架林区,木鱼镇神农架自然保护区,风景名胜,,,,31.457726,110.445300,
104,神农天池景区,神农架林区,松柏镇红花朵村,风景名胜,,,,31.821628,110.513992,
104,神农架红坪景区,神农架林区,木鱼镇,风景名胜,,,,31.664003,110.452625,
104,神农谷,神农架林区,西南部神农顶风景区主峰西侧,风景名胜,,,,31.441484,110.277740,
104,神农架神农顶风景区-瞭望塔,神农架林区,木鱼镇神农顶景区内,风景名胜,,,,31.449444,110.274041,
104,大九湖游客服务中心,神农架林区,大九湖景区入口旁,生活服务,,,,31.453135,110.127880,
104,金猴岭,神农架林区,木鱼镇神农顶景区内,风景名胜,,,,31.474610,110.313326,
104,神农祭坛,神农架林区,木鱼镇,风景名胜,,,,31.434343,110.446374,
104,神农架大九湖景区-二号湖,神农架林区,九湖大道1号神农架大九湖国家湿地公园内,风景名胜,,,,31.477812,110.020711,
104,太子垭,神农架林区,木鱼镇神农顶景区内,风景名胜,,,,31.445383,110.198104,
104,鹿苑,神农架林区,九湖大道1号神农架大九湖国家湿地公园内,风景名胜,,,,31.480254,109.986960,
104,神农架神农顶风景区游客中心,神农架林区,呼北线神农顶景区,生活服务,,,,31.505546,110.350037,
104,神农架神农顶风景区-板壁岩,神农架林区,红坪镇神农架神农顶风景区内(西侧),风景名胜,,,,31.456491,110.227891,
104,画廊谷,神农架林区,木鱼镇神农架天门垭南麓,风景名胜,,,,31.672763,110.430216,
104,彩虹桥,神农架林区,红坪镇209国道旁天燕景区燕子垭内,风景名胜,,,,31.714390,110.464672,
104,神农架大九湖景区-五号湖,神农架林区,九湖大道1号神农架大九湖国家湿地公园内,风景名胜,,,,31.493050,110.005530,
104,神农架大九湖景区-九号湖,神农架林区,大九湖镇大九湖村神农架大九湖景区(西北角),风景名胜,,,,31.509760,110.003849,
104,神农架大熊猫馆,神农架林区,木鱼镇迎宾大道2号神农架官门山景区内(西侧),风景名胜,,,,31.431581,110.371972,
105,草甸子街历史文化街区,曾都区,烈山大道58号,风景名胜,,,,31.700780,113.375410,
105,随州文化公园,曾都区,迎宾大道(近迎宾花园、海翼海东至尊),风景名胜,,,,31.712539,113.404000,
105,随州樱花公园,曾都区,交通大道100号,风景名胜,,,,31.691661,113.395463,
105,文峰塔广场,曾都区,神农大道北侧,风景名胜,,,,31.697113,113.385030,
105,滨湖体育公园,曾都区,湖北路,风景名胜,,,,31.685308,113.410315,
105,白云公园,曾都区,白云湖南路2号,风景名胜,,,,31.703033,113.359920,
105,炎帝文化旅游区(文物展示区)-随州博物馆,曾都区,擂鼓墩大道98号(二桥头西),科教文化服务,,,,31.727138,113.356195,
105,神农公园,曾都区,沿河大道122号(近曾都区政府),风景名胜,,,,31.715946,113.368346,
105,随州文化公园东区,曾都区,文化公园路随州文化公园,风景名胜,,,,31.710646,113.407971,
105,随州博物馆广场,曾都区,擂鼓墩大道,风景名胜,,,,31.727139,113.356993,
105,炎帝文化旅游区(遗址游览区)-曾侯乙墓遗址,曾都区,擂鼓墩大道44号,风景名胜,,,,31.729006,113.350947,
105,漂水湿地公园,曾都区,[],风景名胜,,,,31.717780,113.439908,
105,草甸子街历史文化街区(南关牌坊),曾都区,汉东路290号,风景名胜,,,,31.704509,113.374038,
105,随州市明珠公园,曾都区,孔坡消防道142号,风景名胜,,,,31.741036,113.388018,
105,随州炎帝文化旅游区,随县,炎帝文化旅游区游客中心,风景名胜,,,,31.840979,113.300631,
105,回龙寺公园,曾都区,回龙寺路与神农大道交叉口西50米,风景名胜,,,,31.677730,113.434994,
105,随州文化公园西区,曾都区,随州文化公园,风景名胜,,,,31.714495,113.402045,
105,紫阳宫道观,曾都区,文化公园紫阳宫道观,风景名胜,,,,31.710150,113.409035,
105,炎帝文化旅游区(谒祖祈福区)-炎帝神农景区,随县,厉山镇炎帝大道,风景名胜,,,,31.848359,113.298822,
105,随州欢乐世界,曾都区,淅河镇桥头村淅魏桥头,体育休闲服务,,,,31.679283,113.461116,
105,桃源公园,曾都区,桃园路与沿河大道交叉口北侧,风景名胜,,,,31.743260,113.366227,
105,随州玫瑰文化主题公园,曾都区,白云大道14号,风景名胜,,,,31.690620,113.385943,
105,随州市缤纷荷园,曾都区,南郊毛家棚村七组102号缤纷荷园,体育休闲服务,,,,31.654814,113.330676,
105,湖北随城山国家生态公园,曾都区,白云大道,风景名胜,,,,31.697719,113.368684,
105,紫禁城,曾都区,沿河大道与解放路交叉口东南40米,风景名胜,,,,31.711369,113.366928,
106,鄂州西山风景区,鄂城区,武昌大道公园路9号,风景名胜,,,,30.407140,114.869294,
106,莲花山,鄂城区,凤凰路76号,风景名胜,,,,30.380065,114.899713,
106,滨江公园,鄂城区,古楼街道南浦路与沿江大道交叉口东北50米,风景名胜,,,,30.407722,114.890574,
106,鄂州博物馆,鄂城区,寒溪路7号,科教文化服务,,,,30.410177,114.876373,
106,鄂州灵玲野生动物王国,鄂城区,泽程路17号,风景名胜,,,,30.337438,114.893099,
106,观音阁(不对外开放),鄂城区,沿江大道215号,风景名胜,,,,30.409328,114.891026,
106,鄂州市西山风景区-西山公园广场,鄂城区,寒溪路西,风景名胜,,,,30.405945,114.875956,
106,武昌门,鄂城区,沿江大道房产大厦东北侧,风景名胜,,,,30.407134,114.893071,
106,樊口武昌鱼公园,鄂城区,316国道与沿江大道交叉口西北140米,风景名胜,,,,30.414638,114.863072,
106,东洋澜湖湿地公园,鄂城区,滨湖东路2号,风景名胜,,,,30.383469,114.903915,
106,葛山风景区,鄂城区,[],风景名胜,,,,30.346309,114.883782,
106,孙权广场,鄂城区,滨江公园内(西侧),商务住宅,,,,30.409040,114.886684,
106,西山风景区-武昌楼,鄂城区,公园路西山风景区附近,风景名胜,,,,30.410533,114.869498,
106,湖北灵玲国际旅游度假区,鄂城区,铁矿三路8号,风景名胜,,,,30.337386,114.894403,
106,举人沟风景区,鄂城区,汀祖镇东方山风景区,风景名胜,,,,30.212451,114.950086,
106,西山省级风景名胜区-古灵泉寺,鄂城区,武昌大道公园路9号鄂州西山风景区内(东侧),风景名胜,,,,30.405671,114.873538,
106,青年公园,鄂城区,[],风景名胜,,,,30.375222,114.967017,
106,吴王城遗址,鄂城区,凤凰街道古肆北街1号,风景名胜,,,,30.402416,114.895675,
106,四峰山风景区,鄂城区,陈泉公路西南侧,风景名胜,,,,30.239516,114.919024,
106,桔园广场,鄂城区,滨湖南路,风景名胜,,,,30.372159,114.877684,
106,鄂州灵玲野生动物王国自驾区检票口,鄂城区,泽程路15号,风景名胜,,,,30.332285,114.887460,
106,鄂州市洋澜湖生态公园,鄂城区,滨湖西路2号,风景名胜,,,,30.390950,114.885416,
106,贺龙军部旧址纪念馆,鄂城区,[],风景名胜,,,,30.407369,114.885481,
106,杏福园,华容区,三江大道228号,风景名胜,,,,30.556567,114.780657,
106,吴王避暑宫,鄂城区,西山公园内,风景名胜,,,,30.410377,114.870468,
107,未苏湾,下陆区,桂林北路与磁湖路交叉口东北240米,风景名胜,,,,30.213839,115.025508,
107,团城山公园,下陆区,团城山街道杭州东路36号,风景名胜,,,,30.207687,115.059677,
107,黄石市人民广场,下陆区,杭州东路与桂林南路交口黄石人民广场(市政府对面),风景名胜,,,,30.197465,115.038869,
107,黄石市博物馆,下陆区,广会路12号,科教文化服务,,,,30.197013,115.041958,
107,磁湖湿地公园,西塞山区,广州路与奥林路交叉口南400米,风景名胜,,,,30.181623,115.020701,
107,华新1907文化公园,黄石港区,红旗桥街道黄石大道915号,风景名胜,,,,30.220964,115.078013,
107,东方山风景区,下陆区,东方山东路99号,风景名胜,,,,30.204067,114.950410,
107,白马山公园,下陆区,苏州路柯尔山公园对面,风景名胜,,,,30.188925,115.026468,
107,儿童公园,黄石港区,乐园路与磁湖东路交叉口西100米,风景名胜,,,,30.209099,115.080254,
107,黄石国家矿山公园,铁山区,东方大道2号,风景名胜,,,,30.207061,114.918678,
107,柯尔山公园,下陆区,安达路6号,风景名胜,,,,30.194332,115.030858,
107,海观山,黄石港区,黄石大道与芜湖路交叉口东南60米,风景名胜,,,,30.217770,115.086498,
107,黄石二桥江滩公园,黄石港区,鄂黄路与九厢地路交叉口东200米,风景名胜,,,,30.252659,115.068098,
107,黄石江滩公园,黄石港区,沿江大道与花湖大道交叉口东南240米,风景名胜,,,,30.243889,115.071134,
107,桂花广场,黄石港区,磁湖路33号,风景名胜,,,,30.218859,115.061720,
107,大众山森林公园,黄石港区,青山湾路,风景名胜,,,,30.230695,115.054052,
107,澄月岛,西塞山区,环湖路20号,风景名胜,,,,30.206443,115.071494,
107,新街口,黄石港区,黄石大道与人民街交叉口北20米,购物服务,,,,30.241420,115.068249,
107,黄石华侨城恐龙奇域旅游景区,大冶市,黄石经济技术开发区园博大道258号,体育休闲服务,,,,30.108197,115.054156,
107,陈家湾广场,西塞山区,湖滨大道与颐阳路交汇处,风景名胜,,,,30.203941,115.085378,
107,青龙山公园,下陆区,杭州西路,风景名胜,,,,30.202733,115.020949,
107,西塞山风景区,西塞山区,黄石大道654号,风景名胜,,,,30.206314,115.165001,
107,奥体公园,大冶市,黄石经济技术开发区园博园大道以北奥体中心以南,风景名胜,,,,30.117101,115.058931,
107,上冯古村生态旅游区,大冶市,金湖街道办事处上冯村1号,风景名胜,,,,30.036265,114.978390,
107,广法禅寺,下陆区,大泉路118号,风景名胜,,,,30.218358,115.018556,
108,龙湾海滨风景区,龙港区,海滨路南段12号(海滨南路1路终点站),风景名胜,,,,40.681342,120.837096,
108,葫芦岛313海滨乐园,龙港区,龙湾街道海滨路313号龙湾海滨风景区(东北角),体育休闲服务,,,,40.682819,120.839506,
108,龙背山公园,龙港区,森林公安局东行500米,风景名胜,,,,40.689548,120.829506,
108,国际和平广场,龙港区,海晏北路与海滨南路交叉口东420米,风景名胜,,,,40.674772,120.827006,
108,兴城古城,兴城市,古城街道,风景名胜,,,,40.622636,120.713235,
108,葫芦岛博物馆,龙港区,海晏北路与通海大道交汇处东100米,科教文化服务,,,,40.678525,120.811291,
108,爱心公园,龙港区,龙湾大街与海航路交汇处,风景名胜,,,,40.738465,120.869682,
108,兴城海滨旅游景区,兴城市,滨海路28号,风景名胜,,,,40.607886,120.797974,
108,观沧海碣石,龙港区,艾姆泰尔德岩西侧50米,风景名胜,,,,40.673474,120.827486,
108,邴家湾海滩,兴城市,葫芦岛,风景名胜,,,,40.631715,120.810838,
108,兴城比基尼广场,兴城市,新东路与龙海大街交叉口东南约160米,风景名胜,,,,40.638269,120.813754,
108,望海寺,龙港区,滨海公园附近,风景名胜,,,,40.700188,120.945430,
108,新大陆广场,连山区,欣蕗园18号,风景名胜,,,,40.762274,120.872381,
108,欢乐龙湾温泉水乐园,兴城市,四家屯街道滨海路南侧龙回头西行200米,体育休闲服务,,,,40.644321,120.823158,
108,市府广场,龙港区,龙湾大街24号,风景名胜,,,,40.710367,120.837548,
108,龙背山公园动物园,龙港区,山水路龙背山公园(东北角),风景名胜,,,,40.696825,120.834160,
108,中国石油锦西石化文化宫广场,连山区,中国石油锦西石化文化宫,风景名胜,,,,40.732341,120.835859,
108,首山湖公园,兴城市,龙兴路东侧,风景名胜,,,,40.636423,120.784200,
108,葫芦岛陆号温泉,龙港区,双树乡环岛路东50米坤泰·云著,生活服务,,,,40.676204,120.808874,
108,双拥广场,龙港区,海滨南路与海星路交叉口北220米,风景名胜,,,,40.702441,120.852052,
108,龙岗公园,龙港区,滨海大道,风景名胜,,,,40.712130,120.890174,
108,塔山阻击战纪念馆,连山区,塔山乡塔山村东楼台山顶,风景名胜,,,,40.849011,120.948910,
108,兴城海滨浴场,兴城市,府酒店对面,体育休闲服务,,,,40.614279,120.803616,
108,龙山风景区,兴城市,[],风景名胜,,,,40.657434,120.813817,
108,菊花女雕像,兴城市,滨海路28号兴城海滨旅游景区内(北侧),风景名胜,,,,40.610783,120.798939,
109,东关街历史文化街区,西岗区,大龙街775号,购物服务,,,,38.919422,121.620399,
109,星海广场,沙河口区,中山路572号(西南路口),风景名胜,,,,38.882006,121.587922,
109,大连森林动物园,西岗区,迎春路60号,风景名胜,,,,38.882789,121.613226,
109,白云山山体公园,西岗区,白云街道长白街7-2号附近,风景名胜,,,,38.897143,121.617841,
109,友好广场,中山区,友好路158号(近一德街)(友好广场地铁站C1口旁),风景名胜,,,,38.920234,121.639586,
109,金沙滩,西岗区,滨海路53号,风景名胜,,,,38.874910,121.604623,
109,民主广场,中山区,文林街15-1号,风景名胜,,,,38.926391,121.647971,
109,松山寺,西岗区,唐山街,风景名胜,,,,38.910968,121.627706,
109,儿童公园,中山区,哈尔滨街1-88号(南山路129-225号),风景名胜,,,,38.915627,121.653328,
109,五四广场,沙河口区,西安路(兴工街地铁站A口步行290米),风景名胜,,,,38.913633,121.589650,
109,大连博物馆,沙河口区,会展路10号,科教文化服务,,,,38.888484,121.586097,
109,银沙滩公园,西岗区,滨海西路76号,风景名胜,,,,38.869242,121.612770,
109,双拥文化广场,西岗区,黄河街与九三街路口处,风景名胜,,,,38.915059,121.614706,
109,东港音乐喷泉广场,中山区,五五路9号(近大连国际会议中心),风景名胜,,,,38.930747,121.675287,
109,跨海大桥观景点,西岗区,滨海西路311号,生活服务,,,,38.872273,121.609090,
109,金沙滩度假村,西岗区,滨海路金沙滩,体育休闲服务,,,,38.873387,121.606119,
109,大连圣亚海洋世界,沙河口区,中山路608-6-8号,风景名胜,,,,38.878110,121.570641,
109,白云雁水健身公园,西岗区,白云街道迎春路60号,风景名胜,,,,38.888043,121.619654,
109,梭鱼湾滨海体育公园,甘井子区,钻石海湾北岸(东北路鹏辉道口东300米),风景名胜,,,,38.951368,121.616674,
109,海昌·东方水城,中山区,港浦路114号,风景名胜,,,,38.924020,121.693004,
109,大连老虎滩海洋公园极地馆,中山区,虎滩街3号,风景名胜,,,,38.878242,121.677169,
109,熊洞街,沙河口区,冰山慧谷D4栋,购物服务,,,,38.940673,121.585195,
109,港东五街打卡点,中山区,华乐街与长江东路交叉口西南180米,风景名胜,,,,38.914848,121.688833,
109,大连自然博物馆,沙河口区,黑石礁西村街40号,科教文化服务,,,,38.870371,121.561602,
109,滨海路西段木栈道,沙河口区,白山路街道城堡麓园南侧200米,风景名胜,,,,38.875925,121.596943,
110,丹东之眼中国边境摩天轮公园,振兴区,国门湾公园内,风景名胜,,,,40.020273,124.369399,
110,新区嘉年华,振兴区,万丹路丹东市人民政府东南侧,体育休闲服务,,,,39.994085,124.355736,
110,国门湾公园,振兴区,浪头镇鸭绿江大道,风景名胜,,,,40.017274,124.371125,
110,鸭绿江风景名胜区,振兴区,滨江中路,风景名胜,,,,40.122956,124.397586,
110,望龙川栈桥,振兴区,鸭绿江大道与文庆路交汇处,风景名胜,,,,40.002483,124.366988,
110,抗美援朝纪念馆,振兴区,山上街7号,风景名胜,,,,40.119074,124.364745,
110,望龙川号,振兴区,文安路999号,风景名胜,,,,39.993822,124.361916,
110,集酷国门湾亲子小镇,振兴区,鸭绿江大街113号(中朝友谊大桥下鸭绿江上游50米),风景名胜,,,,40.035489,124.364108,
110,G331国道零公里处,振兴区,十纬路34号,风景名胜,,,,40.125609,124.388253,
110,英雄广场,振兴区,文澜路与银河大街交叉口西360米,风景名胜,,,,39.994843,124.349417,
110,东江寺,振兴区,[],风景名胜,,,,39.998383,124.326792,
110,月亮岛广场,振兴区,滨江中路与春五路交叉口北80米,风景名胜,,,,40.096687,124.363978,
110,帽盔山公园,振兴区,桃源街与国桢路交汇处东行30米,风景名胜,,,,40.094845,124.347052,
110,鸭绿江浮桥遗址,振安区,鸭绿江街道滨江东路嘉豪品悦快捷酒店后面,风景名胜,,,,40.159237,124.441646,
110,门址,振兴区,文安路31-11-2号,风景名胜,,,,39.997718,124.358796,
110,鸭绿江2号观光码头,振兴区,滨江中路,交通设施服务,,,,40.122149,124.397400,
110,元宝山公园,元宝区,八道街道八道街道八道街道八道街道八道街道宝山大街72-3号,风景名胜,,,,40.146336,124.394065,
110,玉带河公园,振兴区,金河大街104号,风景名胜,,,,40.004684,124.351382,
110,丹东中朝边境,宽甸满族自治县,虎山镇虎山长城内(东侧),风景名胜,,,,40.225533,124.523872,
110,鸭绿江中朝界河游船(1号观光码头),振兴区,浪头镇滨江中路与兴一路交叉口东220米,风景名胜,,,,40.117818,124.393153,
110,丹东新区美术馆,振兴区,浪头镇鸭绿江大道186号,科教文化服务,,,,40.015591,124.369367,
110,汤毓麟公馆(安东大帅府),元宝区,兴东街道九江街15号汤公馆,风景名胜,,,,40.140260,124.410260,
110,中朝边境一步跨,宽甸满族自治县,319省道与滨海公路交叉口东南虎山长城内(东侧),风景名胜,,,,40.228173,124.523248,
110,锦江亭,元宝区,山上街93号锦江山公园,风景名胜,,,,40.135276,124.376810,
110,青年湖公园,振兴区,临江街道青年大街83号,风景名胜,,,,40.111014,124.376205,
111,辽沈战役纪念馆,凌河区,重庆路36号,风景名胜,,,,41.129367,121.148175,
111,东湖公园,凌河区,卫东街8号,风景名胜,,,,41.101191,121.165514,
111,南山公园,太和区,果树农场松山新区大碑,风景名胜,,,,41.074708,121.155563,
111,市府广场,太和区,市府路68号(近锦州市市政府),风景名胜,,,,41.093483,121.126356,
111,锦州动物园,凌河区,石桥子街道人民街5段11号,风景名胜,,,,41.138496,121.132653,
111,儿童公园,古塔区,路三段9斜对过,风景名胜,,,,41.121557,121.132227,
111,凌河公园水上乐园,凌河区,云飞街一段1-1号,体育休闲服务,,,,41.104406,121.149415,
111,女儿河公园,太和区,福州街与204省道交叉口西北340米,风景名胜,,,,41.081887,121.126970,
111,锦州北普陀山风景名胜区,古塔区,重观路1号,风景名胜,,,,41.175495,121.056772,
111,西湖湿地公园,太和区,凌西大街,风景名胜,,,,41.078969,121.106022,
111,宝石广场,凌河区,上海路四段5号甲56号,风景名胜,,,,41.119764,121.146599,
111,九华山公园,凌海市,商业街与环城路交汇处以南,风景名胜,,,,41.165191,121.339973,
111,布达拉宫广场,凌海市,九华山风景区,风景名胜,,,,41.158948,121.339518,
111,祐国寺,古塔区,士英南街9号,风景名胜,,,,41.107202,121.126121,
111,八一公园,凌河区,广州街18号,风景名胜,,,,41.113077,121.173419,
111,天主堂,古塔区,山西街1-11号附近,风景名胜,,,,41.111913,121.135199,
111,南桥水上公园,凌河区,山东街与南昌路交叉口西南180米,风景名胜,,,,41.104572,121.143192,
111,玉佛禅寺,古塔区,饶阳街道人民街玉佛寺(近古塔转盘),风景名胜,,,,41.111129,121.131127,
111,广济寺塔,古塔区,南街与东街交叉口西100米,风景名胜,,,,41.111271,121.125404,
111,东北交通大学遗址公园,古塔区,敬业东里68号楼东侧,风景名胜,,,,41.127140,121.129689,
111,弘法寺,太和区,太安里125号楼71号,风景名胜,,,,41.112281,121.107905,
111,锦州世博园,太和区,世园路1号,风景名胜,,,,40.904936,121.200718,
111,岩井寺风景区,凌海市,209省道,风景名胜,,,,41.233863,121.111935,
111,锦州苹果廉政文化广场,太和区,苹果廉政文化景区内,风景名胜,,,,41.084672,121.212960,
111,善来寺,太和区,[],风景名胜,,,,41.077943,121.216759,
112,辽宁省博物馆,浑南区,智慧三街157号,科教文化服务,,,,41.678023,123.460464,
112,浑南新城中央公园,浑南区,全运四路附近,风景名胜,,,,41.677606,123.455984,
112,中央公园音乐喷泉,浑南区,智慧二街浑南新城中央公园(南侧),风景名胜,,,,41.668943,123.455937,
112,荷花池,浑南区,智慧二街276号附近,风景名胜,,,,41.660091,123.457087,
112,水晶广场,浑南区,智慧三街浑南新城中央公园(南侧),风景名胜,,,,41.672485,123.455998,
112,沈阳故宫博物院,沈河区,沈阳路171号,风景名胜,,,,41.798387,123.455677,
112,弥陀寺,浑南区,浑南新区白塔堡白塔公园内(南侧),风景名胜,,,,41.691514,123.425560,
112,长白岛森林公园,和平区,南堤西路附近,风景名胜,,,,41.751536,123.387594,
112,鲁迅美术学院美术博物馆,浑南区,创新路168号,科教文化服务,,,,41.658890,123.468391,
112,沈阳中街步行街,沈河区,中街路212-214号(中街地铁站B1口步行280米),购物服务,,,,41.800326,123.456381,
112,张学良旧居陈列馆,沈河区,朝阳街少帅府巷46号,风景名胜,,,,41.794058,123.457791,
112,护国延寿寺,和平区,北市场街道敦化一路55-2号西南80米,风景名胜,,,,41.805104,123.408653,
112,辽宁省博物馆A区,浑南区,智慧四街与全运四东路交叉口西北140米,科教文化服务,,,,41.677725,123.461625,
112,太原街步行街,和平区,太原北街110号附近,购物服务,,,,41.793696,123.401679,
112,青年公园,沈河区,风雨坛街道青年大街111号(近文艺路),风景名胜,,,,41.780985,123.438050,
112,铁西广场,铁西区,兴华南街与建设东路交汇处,风景名胜,,,,41.793315,123.371026,
112,桃仙网红墙,浑南区,辽宁百汇租车(沈阳机场店)东侧100米,风景名胜,,,,41.654297,123.511821,
112,老北市,和平区,皇寺路99号,风景名胜,,,,41.806730,123.425650,
112,九·一八历史博物馆,大东区,望花南街46号,科教文化服务,,,,41.836397,123.467533,
112,张氏帅府博物馆,沈河区,南顺城路,科教文化服务,,,,41.794078,123.459848,
112,北陵公园,皇姑区,泰山路12号,风景名胜,,,,41.851637,123.428469,
112,沈阳市铁西区劳动公园,铁西区,肇工街南12号,风景名胜,,,,41.786106,123.338026,
112,沈阳白塔早市,浑南区,白塔街与高深西路交叉口北80米,风景名胜,,,,41.689725,123.426275,
112,铁西1905文化创意园,铁西区,兴华北街8号(重型文化广场南侧),风景名胜,,,,41.812451,123.382444,
112,红梅文创园,铁西区,卫工北街44号,商务住宅,,,,41.811247,123.350507,
113,莲花湖湿地公园,铁岭县,[],风景名胜,,,,42.271205,123.737011,
113,桂林公园,铁岭县,澜沧江路与嵩山路交叉口西南160米,风景名胜,,,,42.225880,123.722564,
113,铁岭凡河水利风景区,铁岭县,金沙江路与昆仑山路交叉口西南100米,风景名胜,,,,42.221828,123.715420,
113,龙首山,银州区,南马路(银州区柴河街平安社区卫生服务站东南),风景名胜,,,,42.288866,123.862435,
113,铁岭市龙山风景名胜区,银州区,银州路与柴河街交叉口东420米,风景名胜,,,,42.288016,123.856732,
113,慈觉禅寺,铁岭县,凡河站村,风景名胜,,,,42.202583,123.759096,
113,源宇宙稻梦游乐园,铁岭县,凡河镇城南堡村66号等三处,体育休闲服务,,,,42.219736,123.751361,
113,铁岭地下河龙宫,银州区,柴河街龙首山沙子沟里,风景名胜,,,,42.293084,123.868004,
113,银冈书院,银州区,银冈路图书馆巷,风景名胜,,,,42.300189,123.852910,
113,孤独的树,铁岭县,[],风景名胜,,,,42.294190,123.635269,
113,人民公园,银州区,龙山风景名胜区,风景名胜,,,,42.282703,123.854364,
113,辽河博物馆,铁岭县,莲花湖畔,科教文化服务,,,,42.259632,123.737646,
113,芍药花田,铁岭县,嘉陵江路130号,风景名胜,,,,42.236485,123.701211,
113,铁岭博物馆,银州区,文化街88号,科教文化服务,,,,42.300180,123.854018,
113,铁岭新城万亩花海核心景观区,铁岭县,东北城大道与长江东路交叉口东南340米,风景名胜,,,,42.222448,123.758450,
113,如意台,铁岭县,昆仑山路,风景名胜,,,,42.215991,123.725110,
113,铁岭动物园,银州区,红旗街道南环路48号,风景名胜,,,,42.281386,123.858379,
113,龙园,银州区,南马路与龙山宾馆路交叉口西80米,风景名胜,,,,42.293019,123.860227,
113,大台山灵山寺风景区,铁岭县,镇西堡镇大台山,风景名胜,,,,42.405538,123.784642,
113,药王庙,铁岭县,G91辽中环线高速,风景名胜,,,,42.163734,123.761898,
113,七兴柴河动物园,银州区,七里屯村(近七水线),体育休闲服务,,,,42.286634,123.884697,
113,纯阳宫,银州区,圣水寺东侧110米,风景名胜,,,,42.215210,123.832527,
113,圆通观,银州区,铜钟街93号,风景名胜,,,,42.304578,123.851378,
113,赛拉小镇,铁岭县,莲花湖湿地公园内(西南角),风景名胜,,,,42.262942,123.730416,
113,铁岭五角湖风景区,铁岭县,凡河乡的中部,风景名胜,,,,42.274433,123.760500,
114,人民公园,细河区,民族街40号(近花园市场东门),风景名胜,,,,42.021555,121.659089,
114,解放广场,海州区,西山路与解放广场交汇处,风景名胜,,,,42.014592,121.654013,
114,海州露天矿国家矿山公园,太平区,高德街道煤城路与太平大街交汇处,风景名胜,,,,42.002281,121.687797,
114,三一八公园,海州区,育红路22-6-1门,风景名胜,,,,42.000479,121.640240,
114,阜新市博物馆,细河区,工业街44-2号(东苑小区西门),科教文化服务,,,,42.026262,121.673476,
114,海州庙会,海州区,海州街113号,购物服务,,,,42.006407,121.650020,
114,阜新玛瑙文化博物馆,太平区,红纬路34-238号楼,科教文化服务,,,,42.012922,121.683947,
114,太平体育公园,太平区,"红河街以西,红工路以北,玉带园小区以东,细河以南",风景名胜,,,,42.019384,121.688143,
114,红树广场,太平区,红树路33号,风景名胜,,,,42.012011,121.677789,
114,海州庙,海州区,海州街113号海州庙会,风景名胜,,,,42.006233,121.649410,
114,月亮广场,海州区,细河公园(西南角),风景名胜,,,,42.013276,121.668600,
114,西山水塔公园,海州区,开源路,风景名胜,,,,42.005802,121.646110,
114,黄家沟旅游度假区,细河区,黄家沟村,风景名胜,,,,42.065905,121.612515,
114,细河公园,海州区,利民路与滨河路交汇北200米,风景名胜,,,,42.013698,121.669223,
114,阜新万人坑死难矿工纪念馆,太平区,新园街1号,风景名胜,,,,41.976141,121.700470,
114,月亮湾森林公园,细河区,西环路北头,风景名胜,,,,42.026590,121.633720,
114,福宇博物馆,太平区,孙家湾街道东光路36号,科教文化服务,,,,42.002363,121.707484,
114,松涛湖,细河区,四合镇,风景名胜,,,,42.059085,121.597120,
114,关山沟景区,海州区,市环线东瓦村,风景名胜,,,,41.966037,121.717325,
114,海棠山风景区,阜新蒙古族自治县,大板镇大板村西北2公里处,风景名胜,,,,41.920970,121.822378,
114,西扣莫小河,阜新蒙古族自治县,阜蒙县宏祥气体有限公司东侧330米,风景名胜,,,,42.085840,121.709293,
114,阜新宝地斯帕温泉度假区,阜新蒙古族自治县,东梁镇宝地斯帕温泉小镇(阜锦高速口南行3.5公里),风景名胜,,,,41.932446,121.546814,
114,太平钟楼,太平区,煤城路,风景名胜,,,,42.002703,121.678674,
114,街心广场(电工街),海州区,中华路86号,风景名胜,,,,42.014086,121.651928,
114,瑞应寺,阜新蒙古族自治县,佛寺镇佛寺村本街,风景名胜,,,,41.938088,121.446309,
115,平顶山森林公园,明山区,天门路西50米,风景名胜,,,,41.270811,123.788539,
115,本溪市动植物园,平山区,宾馆路平顶山西北麓,风景名胜,,,,41.282366,123.787249,
115,本溪青云山风景区,明山区,天门路2-20号,风景名胜,,,,41.256161,123.800081,
115,市府广场,平山区,人民路31号人大综合楼,风景名胜,,,,41.294258,123.765413,
115,本溪湖公园,溪湖区,溪湖西路212号,风景名胜,,,,41.338967,123.756111,
115,本溪湖工业遗产群,溪湖区,溪湖东路与大明山街交叉口西360米,风景名胜,,,,41.324130,123.772553,
115,本溪博物馆,明山区,峪明路324-1,科教文化服务,,,,41.307848,123.817529,
115,本溪大峡谷,南芬区,思山岭街道解放村本溪大峡谷内,风景名胜,,,,41.140904,123.690965,
115,平顶山索道,平山区,平顶山庄对面,风景名胜,,,,41.283256,123.784001,
115,枫叶广场,明山区,翠溪路与华溪路交叉口西南140米,风景名胜,,,,41.312688,123.800399,
115,凤凰山公园,明山区,卧龙街道卧龙街道卧龙街道卧龙街道卧龙街道,风景名胜,,,,41.330576,123.831836,
115,小华山公园,明山区,阳光花园1号楼,风景名胜,,,,41.311781,123.790763,
115,华严寺,平山区,工人街道工人街道工人街道环山路125号,风景名胜,,,,41.277562,123.773171,
115,小市一庄,本溪满族自治县,小市镇本桓公路同江峪水洞旁(本桓线本溪远航加油站西南150米),风景名胜,,,,41.302354,124.057548,
115,本溪水洞景区,本溪满族自治县,谢家崴子村,风景名胜,,,,41.300153,124.080348,
115,平顶山森林公园(西城口),平山区,环山路60-2号,风景名胜,,,,41.282307,123.776042,
115,大冰沟国家地质森林公园,南芬区,思山岭街道办事处南沟村三组,风景名胜,,,,41.099102,123.924577,
115,本溪东风湖旅游度假村,溪湖区,东风街道新兴村,风景名胜,,,,41.327699,123.692406,
115,藏龙寺,溪湖区,居仁路,风景名胜,,,,41.330661,123.764624,
115,建设广场,明山区,樱花街与华程路交叉口西北120米,风景名胜,,,,41.310479,123.819068,
115,本溪湖工业遗产群本钢一铁厂旧址,溪湖区,溪湖东路与民主支路交叉口南380米,风景名胜,,,,41.324419,123.769657,
115,康溪理疗温泉度假区,溪湖区,溪湖区经济技术开发区孙思邈大街62号,体育休闲服务,,,,41.440332,123.709695,
115,财神寺,南芬区,财神庙村,风景名胜,,,,41.209019,123.898524,
115,怪石洞,溪湖区,河西街道东亿-瑞馨佳园24号楼1层3号门市正西方向160米,风景名胜,,,,41.336005,123.756660,
115,实华·新时代广场,平山区,胜利路3-5号附近,风景名胜,,,,41.297815,123.763139,
116,东京城遗址公园,文圣区,东京陵街道中华大街东京陵乡新城村,风景名胜,,,,41.277581,123.239602,
116,天佑门,文圣区,101省道,风景名胜,,,,41.273632,123.236830,
116,辽阳博物馆,白塔区,襄平街道文圣街道中心路2号,科教文化服务,,,,41.269993,123.189103,
116,东京陵,文圣区,庆阳街道东京陵村,风景名胜,,,,41.298064,123.251311,
116,太子岛风景区,文圣区,太子河路与新沙线交叉口东南180米,风景名胜,,,,41.255118,123.239786,
116,辽阳河东广场,文圣区,新城路,风景名胜,,,,41.266389,123.233919,
116,太子岛十里画廊,文圣区,环岛路北40米,风景名胜,,,,41.250910,123.322853,
116,曹雪芹纪念馆,白塔区,武圣路卧狮胡同2号,风景名胜,,,,41.266815,123.179549,
116,龙鼎山风景区,宏伟区,新村街道新村街道健康路世纪龙鼎南行400米,风景名胜,,,,41.184001,123.220076,
116,文庙广场,白塔区,文圣路,风景名胜,,,,41.261817,123.198897,
116,王尔烈纪念馆,白塔区,武圣路206号,风景名胜,,,,41.265543,123.178550,
116,人参谷森林公园,弓长岭区,华表路与朴姑路交叉口,风景名胜,,,,41.205553,123.436270,
116,时光印象休闲岛,太子河区,衍水大桥北,体育休闲服务,,,,41.298694,123.209129,
116,魁星楼景区,白塔区,新运大街313-42号附近,风景名胜,,,,41.257085,123.202734,
116,文庙公园,白塔区,文庙,风景名胜,,,,41.260734,123.198535,
116,水梦花溪,文圣区,衍水大街8号,风景名胜,,,,41.288050,123.211940,
116,彭家公馆,白塔区,中心路2-7号,风景名胜,,,,41.270490,123.189181,
116,辽阳白塔,白塔区,中华大街一段60号白塔公园,风景名胜,,,,41.278868,123.174798,
116,文庙,白塔区,文庙广场内(北侧),风景名胜,,,,41.262573,123.198821,
116,平胡楼遗址,白塔区,西顺城路与北顺城街交叉口西,风景名胜,,,,41.278405,123.178729,
116,科普公园,白塔区,四道街,风景名胜,,,,41.272709,123.181777,
116,辽阳动物园,宏伟区,龙鼎山风景区,风景名胜,,,,41.176468,123.214872,
116,辽阳汉魏壁画馆,白塔区,襄平街道文圣街道中心路2号辽阳博物馆,风景名胜,,,,41.269333,123.189218,
116,青峰村露天天池(不对外开放),文圣区,青峰村附近,风景名胜,,,,41.311661,123.354424,
116,葛西河生态走廊,灯塔市,兆麟东路,风景名胜,,,,41.414829,123.341722,
117,抚顺战犯管理所旧址陈列馆,顺城区,抚顺城街道宁远街43号,风景名胜,,,,41.883562,123.907366,
117,抚顺市博物馆,新抚区,南二路2号,科教文化服务,,,,41.863013,123.917714,
117,抚顺人民广场,顺城区,临江路(东段)与长城街交叉口西南240米,风景名胜,,,,41.878477,123.957374,
117,劳动公园动物园,新抚区,永宁街9号,风景名胜,,,,41.866201,123.925616,
117,十里滨水公园,顺城区,河畔嘉园附近十里,风景名胜,,,,41.876020,123.949839,
117,抚顺平顶山惨案纪念馆,新抚区,南昌路13号,风景名胜,,,,41.834229,123.926506,
117,新屯公园,东洲区,莫地北路,风景名胜,,,,41.835623,123.969413,
117,热高乐园,望花区,高湾经济开发区高望路1号,体育休闲服务,,,,41.883595,123.739200,
117,月牙岛生态公园,顺城区,沿滨路北100米,风景名胜,,,,41.860165,123.839785,
117,新城文化广场,顺城区,新城路,商务住宅,,,,41.881265,123.914725,
117,皇家海洋乐园,望花区,沈抚示范区高湾经济开发区高阳路3号,风景名胜,,,,41.866405,123.742983,
117,健娱乐全民健身广场,新抚区,榆林花鸟鱼市场东侧约140米,风景名胜,,,,41.869039,123.944303,
117,中华寺风景区,望花区,140省道附近,风景名胜,,,,41.768586,123.786125,
117,东北记忆工业主题公园,新抚区,海新路,风景名胜,,,,41.871644,123.975258,
117,雷锋纪念馆,望花区,雷锋路东段61号,风景名胜,,,,41.850140,123.801895,
117,巴厘岛水世界,望花区,高湾经济开发区高望路67号热高乐园,体育休闲服务,,,,41.888350,123.743599,
117,抚顺新抚清真寺,新抚区,福民路,风景名胜,,,,41.863622,123.887973,
117,抚顺西露天参观台,望花区,古城子街1路1号,风景名胜,,,,41.836468,123.858640,
117,莫地广场,东洲区,新屯街道莫地北路莫地社区内,风景名胜,,,,41.830645,123.972214,
117,金风湾,望花区,沈抚大道旺力城对面,风景名胜,,,,41.820357,123.690428,
117,抚顺西露天矿,望花区,古城子街1路1号抚矿集团,公司企业,,,,41.836551,123.854707,
117,热高乐园南山欢乐世界,望花区,高望路1号,体育休闲服务,,,,41.878402,123.740507,
117,生命之环,望花区,中兴街77-46号,风景名胜,,,,41.822407,123.688956,
117,三慧寺,东洲区,萨尔浒南路6号萨尔浒风景名胜区(东北角),风景名胜,,,,41.858492,124.106446,
117,皇家极地海洋世界,望花区,李石街道高湾经济区高阳路3号皇家海洋乐园内(西侧),风景名胜,,,,41.867006,123.740973,
118,盘锦江南风情园,大洼区,黄河街,风景名胜,,,,40.734887,122.164175,
118,金帛滩海洋乐园,大洼区,辽东湾新区好望角,风景名胜,,,,40.663270,122.059827,
118,荷花池,大洼区,大工路与新荣线交叉口东北360米,风景名胜,,,,40.741296,122.142767,
118,荣兴湖公园,大洼区,辽东湾新区二界沟街道向海大道与修业路交叉口北80米,风景名胜,,,,40.730778,122.159551,
118,含章湖旅游度假区,大洼区,荣滨街道辽东湾新区奥体中心西侧,风景名胜,,,,40.680862,122.083711,
118,荣兴民俗街,大洼区,长白街与向海大道交叉口西140米,风景名胜,,,,40.782962,122.098107,
118,金帛滩海滨浴场,大洼区,金帛滩海洋乐园B区游客中心东南侧,风景名胜,,,,40.666457,122.056207,
118,关帝庙,大洼区,风韵路东50米,风景名胜,,,,40.835660,122.138228,
118,玉露花语,大洼区,衍中街与湘江街交叉口南500米,风景名胜,,,,40.692701,122.090951,
118,红海滩国家风景廊道,大洼区,赵圈河镇接官厅沟滨海大道,风景名胜,,,,40.835020,121.856417,
118,盘锦海滩,大洼区,金帛滩海洋乐园内(西侧),风景名胜,,,,40.663390,122.057810,
118,中国·二界沟旅游景区,大洼区,二界沟街道,风景名胜,,,,40.797738,121.959428,
118,1955国营农场,大洼区,王家街道向海大道王家路口西行50米,风景名胜,,,,40.946777,122.079197,
118,含章湖游乐场,大洼区,富春街西100米,体育休闲服务,,,,40.686368,122.109993,
118,甲午战争田庄台遗址,大洼区,甲午末战殉国将士墓,风景名胜,,,,40.824716,122.120579,
118,甲午末战殉国将士墓,大洼区,盘锦市大洼区甲午战争田庄台遗址,风景名胜,,,,40.824718,122.120573,
118,崇兴寺,大洼区,崇兴街与西高线交叉口北80米,风景名胜,,,,40.846987,122.113157,
118,盘锦江南风情园售票处,大洼区,盘锦辽东湾新区向海大道黄河路盘锦江南风情园内(西北角),生活服务,,,,40.735559,122.163309,
118,大辽河入海口(浑河太子河水系),大洼区,[],风景名胜,,,,40.666180,122.076006,
118,辽河广场,大洼区,211省道(田庄台医院东),风景名胜,,,,40.836334,122.142608,
118,启航广场,大洼区,二界沟街道衍中街与曲江路交叉口西320米,风景名胜,,,,40.689838,122.103932,
118,东湖公园,大洼区,大洼街道湖滨路227号,风景名胜,,,,40.995590,122.083238,
118,宝源温泉小镇,大洼区,金源街,体育休闲服务,,,,40.988464,122.103085,
118,望海观,大洼区,田庄台镇北大社区,风景名胜,,,,40.833950,122.127534,
118,红海温泉乐园,大洼区,田家街道天沐街南,体育休闲服务,,,,41.040494,122.073820,
119,朝阳博物馆,双塔区,三燕路2号,科教文化服务,,,,41.597835,120.485010,
119,朝阳市北塔博物馆,双塔区,慕容街2-1号,科教文化服务,,,,41.582300,120.462461,
119,朝阳北塔,双塔区,北塔街道慕容街2-1号朝阳市北塔博物馆,风景名胜,,,,41.581414,120.462080,
119,朝阳凤凰山风景区,双塔区,凌凤街道凤凰山,风景名胜,,,,41.548751,120.515369,
119,乐淘淘欢乐世界,双塔区,辽宁省凤凰大道,体育休闲服务,,,,41.592070,120.500733,
119,朝阳化石谷,龙城区,传奇路1号,风景名胜,,,,41.593014,120.411136,
119,什家河套湿地公园,双塔区,北环路与友谊大街交叉口东北340米,风景名胜,,,,41.607122,120.469440,
119,南塔,双塔区,双塔古街20-11号,风景名胜,,,,41.575268,120.458830,
119,辽宁朝阳鸟化石国家地质公园,龙城区,龙鸟大街100号,风景名胜,,,,41.600786,120.385155,
119,朝阳人民公园,双塔区,朝阳大街以西,风景名胜,,,,41.573546,120.449507,
119,佑顺寺,双塔区,慕容街,风景名胜,,,,41.576876,120.461111,
119,尚志公园,双塔区,振兴路与中山大街交汇处,风景名胜,,,,41.590673,120.437055,
119,龙腾温泉度假村,双塔区,长宝营子乡海里村6组,风景名胜,,,,41.605091,120.574969,
119,朝阳市体育公园,双塔区,燕都大街149号,风景名胜,,,,41.607592,120.500031,
119,金泰音乐喷泉广场,双塔区,大凌河与什家河交汇处壹品人家旁,风景名胜,,,,41.593424,120.489698,
119,关帝庙,双塔区,营州路2段-15号,风景名胜,,,,41.577502,120.463814,
119,万人广场,双塔区,南大街8-1号,风景名胜,,,,41.572284,120.462106,
119,赵尚志纪念馆,双塔区,前进街道前进街道前进街道前进街道前进街道前进街道中山大街二段10号,风景名胜,,,,41.591089,120.437502,
119,市府广场,双塔区,龙腾大街312号,风景名胜,,,,41.599598,120.486472,
119,1958科学乐园,龙城区,中山大街三段13号,体育休闲服务,,,,41.579295,120.427817,
119,十家子河体育公园,双塔区,北环路11号,风景名胜,,,,41.601959,120.471252,
119,玉龙湖,双塔区,燕都大街303号,风景名胜,,,,41.595619,120.495904,
119,朝阳叠水桥,双塔区,朝阳市金桥重型附近,风景名胜,,,,41.607738,120.465000,
119,海里珊瑚,双塔区,长宝乡海里营子村,体育休闲服务,,,,41.606848,120.584091,
119,城隍庙,双塔区,新华路二段73号,风景名胜,,,,41.577732,120.456233,
120,玉佛山风景区-二一九公园,铁东区,园林路64号,风景名胜,,,,41.105706,123.007464,
120,烈士山公园,铁东区,山南烈士山人防公园(中华南路西),风景名胜,,,,41.100060,122.991287,
120,玉佛山,铁东区,绿化街58号,风景名胜,,,,41.100245,123.021344,
120,鞍钢博物馆,铁西区,环钢路1号(鞍钢正门西侧),风景名胜,,,,41.121946,122.987093,
120,鞍山动物园,铁东区,二一九路64号二一九公园内,风景名胜,,,,41.105738,123.010114,
120,鞍钢记忆钢铁主题公园,铁西区,环钢路1号鞍钢博物馆,风景名胜,,,,41.121241,122.986891,
120,胜利广场,铁东区,胜利街道五一路18-8号,风景名胜,,,,41.109495,122.995726,
120,玉佛山风景区-罗汉圣地,铁东区,天山路39号,风景名胜,,,,41.101841,123.016984,
120,鞍山市博物馆(千山中路),铁东区,千山中路41号,科教文化服务,,,,41.104704,123.018520,
120,玉佛寺,铁东区,绿化街58号,风景名胜,,,,41.101523,123.016634,
120,二一九公园-广场,铁东区,园林大道与二一九路交叉口东南60米,商务住宅,,,,41.106001,123.005913,
120,东山风景区,铁东区,绿化街58号玉佛山,风景名胜,,,,41.099383,123.026483,
120,鞍山铁东工人街彩绘墙,铁东区,常青街19号,风景名胜,,,,41.090868,123.001805,
120,清真寺,铁西区,铁西七道街122号,风景名胜,,,,41.114672,122.975756,
120,汉唐水汇,铁西区,人民路122号2号楼14-15号网点,生活服务,,,,41.118912,122.967702,
120,219公园乐民健身广场,铁东区,绿化街,风景名胜,,,,41.096825,123.008164,
120,恋爱博物馆(鞍山店),铁东区,前进路与站前街交叉口北60米,科教文化服务,,,,41.109525,122.993775,
120,富田大江户温泉,铁东区,绿化街45号(嘉宝翠园沿街商铺),生活服务,,,,41.098432,123.013559,
120,鞍山烈士纪念馆,铁东区,东民生路25号,风景名胜,,,,41.101547,122.992245,
120,汤岗子温泉,千山区,汤岗子镇温泉街1号,风景名胜,,,,41.009792,122.906573,
120,鞍山市铁东区绿化街基督教堂,铁东区,绿化街41-1号附近,风景名胜,,,,41.095822,123.011753,
120,运粮河湿地公园,铁西区,千山西路辅路与盛达路交叉口西140米,风景名胜,,,,41.154447,122.916289,
120,新营广场,铁东区,东解放路200号,风景名胜,,,,41.087445,123.002866,
120,东山风景区-佛光寺,铁东区,槐香路东150米,风景名胜,,,,41.100931,123.015752,
120,湖南公园,铁东区,长兴街,风景名胜,,,,41.082365,123.013807,
121,楞严寺公园,站前区,惠宾路附近,风景名胜,,,,40.670821,122.231656,
121,西炮台公园,西市区,渔市街道渤海大街西段116号,风景名胜,,,,40.668923,122.175941,
121,辽河老街,西市区,"渔市街道渔市街道渔市街道渔市街道渔市街道繁荣里,辽河大街西段",风景名胜,,,,40.682390,122.208860,
121,营口西炮台遗址陈列馆,西市区,营口高新技术产业开发区渔市街道渤海大街西段116号西炮台公园(西南角),风景名胜,,,,40.666022,122.173336,
121,营口鸟浪广场,西市区,新海大街与观海路交叉口东南20米,风景名胜,,,,40.603794,122.156133,
121,营口西海岸浴场,西市区,新建大街7号,体育休闲服务,,,,40.620123,122.143492,
121,镜湖公园,西市区,金牛山大街(近万都酒店),风景名胜,,,,40.659933,122.219486,
121,营口乐悠悠梦幻游乐园,西市区,民生路与新联南大街东段交叉口西南侧500米,体育休闲服务,,,,40.617945,122.221700,
121,南湖公园,站前区,建丰街道市府路,风景名胜,,,,40.650258,122.246272,
121,森林公园,西市区,平安路与青花大街交汇处,风景名胜,,,,40.652484,122.214285,
121,大辽河入海口,西市区,渔市街道渤海大街西段116号西炮台公园,风景名胜,,,,40.668718,122.169304,
121,营口博物馆,站前区,履合门街少年宫里21号,科教文化服务,,,,40.667744,122.244311,
121,海螺广场,西市区,渤海大街西头南行,风景名胜,,,,40.656669,122.165978,
121,辽河公园,站前区,辽河大街东14-5号,风景名胜,,,,40.680554,122.243976,
121,人民公园,站前区,公园路,风景名胜,,,,40.683674,122.272309,
121,泰和园,站前区,东新路与太和北街交叉口南150米,风景名胜,,,,40.667430,122.267286,
121,澄湖公园,西市区,澄湖东路与新联南大街东段交叉口西北140米,风景名胜,,,,40.620595,122.241627,
121,辽宁团山国家级海洋公园,盖州市,团山管理区北海村,风景名胜,,,,40.413250,122.207831,
121,北海禅寺,盖州市,团山国家级海洋公园景区内,风景名胜,,,,40.424741,122.211877,
121,迷镇山娘娘庙,大石桥市,金桥街道金龙路,风景名胜,,,,40.626751,122.474330,
121,民兴河广场,西市区,海澜街与市府路交叉口东南160米,风景名胜,,,,40.639855,122.239670,
121,蟠龙山公园,大石桥市,哈大中路2号,风景名胜,,,,40.645298,122.523133,
121,步云桥,西市区,新建大街东段1号,风景名胜,,,,40.612267,122.228594,
121,迷镇山旅游区,大石桥市,金龙路迷镇山娘娘庙附近,风景名胜,,,,40.623668,122.478107,
121,树人公园,老边区,聪慧路与青花大街交叉口,风景名胜,,,,40.651652,122.255281,
122,东营新世纪广场,东营区,东城街道府前大街92号,风景名胜,,,,37.431863,118.674646,
122,明潭公园,东营区,郑州路与黄河路交叉口,风景名胜,,,,37.443394,118.649449,
122,东营市黄河文化博物馆,东营区,东城街道南二路与东三路交叉口城市规划馆旁边,科教文化服务,,,,37.405039,118.665109,
122,全民健身公园,东营区,奥体路与健体路交叉口东北380米,风景名胜,,,,37.399656,118.669246,
122,东营植物园,东营区,"滨河北路以北,南一路以南,东二路西",风景名胜,,,,37.418954,118.622643,
122,秋月湖公园,东营区,康洋路与淮河路交叉口北200米,风景名胜,,,,37.449221,118.688445,
122,东营市美术馆,东营区,府前大街90号,科教文化服务,,,,37.432341,118.676112,
122,东营市明月湖国家湿地公园,东营区,潍河路,风景名胜,,,,37.409412,118.664987,
122,东园,东营区,潍河路与胶州路交汇处,风景名胜,,,,37.411174,118.667731,
122,园博园,东营区,园博路以北、新博路以西,风景名胜,,,,37.496550,118.681575,
122,黄河三角洲动物园,东营区,广利河以南、东青高速以西、南二路以北,风景名胜,,,,37.419963,118.596786,
122,广利河森林湿地公园,东营区,东一路与南二路交叉口西北角,风景名胜,,,,37.420753,118.581834,
122,东营揽翠湖旅游度假区,东营区,南二路201号,风景名胜,,,,37.413620,118.591519,
122,孙子文化广场,东营区,东城街道东城街道东城街道东三路218-1号,风景名胜,,,,37.420911,118.663977,
122,西湖公园,东营区,胜利街道320省道西50米,风景名胜,,,,37.480501,118.664203,
122,东营悦来湖公园,东营区,府前大街与东五路交汇处,风景名胜,,,,37.434590,118.716366,
122,万象游乐园,东营区,天目山路与宁阳路交叉口区政府东侧,体育休闲服务,,,,37.449171,118.598910,
122,新世纪门,东营区,东城街道府前大街92号东营新世纪广场内(南侧),风景名胜,,,,37.431200,118.674623,
122,东营市吕剧博物馆,东营区,东三路218号,科教文化服务,,,,37.417755,118.663659,
122,东营市天鹅湖蓄滞洪湿地西广场,东营区,中心城东南部南二路与东七路交汇处南888后向右转入广场停车场,风景名胜,,,,37.395658,118.738134,
122,东营体育公园,东营区,"平度路以北,莱阳路以南,崂山路以东,香山路以西区域",风景名胜,,,,37.464005,118.583459,
122,宝龙广场,东营区,黄河路690号,商务住宅,,,,37.446626,118.516654,
122,胜大花园牡丹园,东营区,弥河路与通学路交叉口西南180米,商务住宅,,,,37.465868,118.638532,
122,东营金泥湾,东营区,黄河路与滨海大道西100米路北,风景名胜,,,,37.470151,118.932056,
122,锦华公园,东营区,沙河路,风景名胜,,,,37.448555,118.626003,
123,中海风景区,滨城区,黄河八路渤海十七路以北,风景名胜,,,,37.392204,117.962381,
123,中海航母,滨城区,"渤海十八路东,黄河十二路南",风景名胜,,,,37.399323,117.960476,
123,新立河公园,滨城区,彭李街道,风景名胜,,,,37.386376,117.980121,
123,新滨公园,滨城区,黄河五路,风景名胜,,,,37.381720,117.974949,
123,中央公园,滨城区,黄河三路541正北方向70米,商务住宅,,,,37.375706,118.016650,
123,彩虹湖,滨城区,黄河二路551号,风景名胜,,,,37.369602,117.984332,
123,蒲湖风景区,滨城区,"渤海五路以西,南环路以北",风景名胜,,,,37.361086,118.029226,
123,滨州市博物馆,滨城区,黄河十二路与渤海十六路交叉口,科教文化服务,,,,37.404735,117.971506,
123,滨州市奥林匹克公园,滨城区,黄河十一路,风景名胜,,,,37.402173,117.972532,
123,秦皇河湿地公园,滨城区,杜店街道渤海十九路,风景名胜,,,,37.346085,117.945049,
123,黄河楼,滨城区,蒲城岛附近,风景名胜,,,,37.358478,118.030844,
123,蒲湖风景区-蒲园,滨城区,渤海七路500号,风景名胜,,,,37.366581,118.027094,
123,生龙欢乐世界,滨城区,渤海十九路(长江一路与二路之间),体育休闲服务,,,,37.360387,117.946404,
123,颐园,滨城区,黄河四路523-27号,风景名胜,,,,37.379001,118.017468,
123,滨州海底世界,滨城区,市东街道渤海九路与北外环路交叉口东南角,风景名胜,,,,37.433978,118.000854,
123,黄河明珠广场,滨城区,"黄河二路北,渤海二十四路西侧",风景名胜,,,,37.370324,117.920047,
123,五四广场,滨城区,黄河二路渤海五路,风景名胜,,,,37.372423,118.028761,
123,滨城区北海公园,滨城区,黄河十六路北海公园,风景名胜,,,,37.423165,118.003795,
123,黄河小街湾,滨城区,黄河小街湾东南侧120米,风景名胜,,,,37.317066,117.977444,
123,十里荷塘,滨城区,北镇街道沿黄路东五里庄村以南,风景名胜,,,,37.352983,118.071235,
123,滨州市政广场,滨城区,黄河四路与渤海十六路交叉口东280米,风景名胜,,,,37.378023,117.970717,
123,中海情人岛,滨城区,中海公园,风景名胜,,,,37.394416,117.958158,
123,白鹭湖湿地公园,滨城区,白鹭湖湿地公园(渤海一路东),风景名胜,,,,37.415378,118.049973,
123,喜鹊湖公园,滨城区,彭李街道黄河十六路渤海十六路,风景名胜,,,,37.423429,117.973930,
123,滨州植物园,滨城区,黄河十路渤海十六路交叉口,风景名胜,,,,37.401609,117.959874,
124,趣浪国际沙滩公园,莱山区,滨海中路1166号,风景名胜,,,,37.468595,121.474510,
124,烟台体育公园,莱山区,滨海路街道观海路288号,风景名胜,,,,37.465558,121.461524,
124,烟台五彩文化广场,莱山区,港城东大街与长宁路交叉口,风景名胜,,,,37.457757,121.446991,
124,黄海明珠,莱山区,滨海中路184号,风景名胜,,,,37.491623,121.454698,
124,凤凰湖公园,莱山区,初家凤凰湖公园(港城东大街南),风景名胜,,,,37.462644,121.421982,
124,烟台海昌渔人码头,莱山区,滨海中路45号(第二海水浴场旁边),风景名胜,,,,37.519283,121.452367,
124,烟台海昌鲸鲨海洋公园,莱山区,滨海中路45号,风景名胜,,,,37.519228,121.451900,
124,养马岛,牟平区,天马路99号,风景名胜,,,,37.453552,121.611090,
124,虞美人广场,莱山区,新星北街与滨海中路交叉口南150米,风景名胜,,,,37.511342,121.447969,
124,东炮台公园,芝罘区,东山街道滨海路(近东炮台1号),风景名胜,,,,37.534003,121.436541,
124,烟台莱山山体公园,芝罘区,竹林路与翰文路交叉口东南380米,风景名胜,,,,37.488431,121.437269,
124,月亮湾,芝罘区,滨海北路,风景名胜,,,,37.534699,121.432033,
124,天越湾海水浴场,莱山区,马山街道滨海中路(银和怡海天越湾对面),生活服务,,,,37.463447,121.487548,
124,烟台清泉海洋(牧场)公园,莱山区,黄海路街道滨海中路与泉韵南路交叉口东80米,风景名胜,,,,37.483196,121.458826,
124,红唇海滩,莱山区,黄海路街道滨海路街道滨海中路1166号,风景名胜,,,,37.472772,121.470469,
124,烟台自然博物馆,莱山区,滨海中路2001号,科教文化服务,,,,37.452535,121.515442,
124,东炮台·海豹,芝罘区,滨海北路东炮台1-1号,风景名胜,,,,37.532428,121.436842,
124,第一海水浴场(滨海北路),芝罘区,大马路,体育休闲服务,,,,37.536201,121.419746,
124,烟台失重公园,莱山区,百纳瑞汀天越湾酒店西北侧180米,风景名胜,,,,37.462822,121.486835,
124,千与千寻铁轨,莱山区,滨海中路45号烟台海昌渔人码头内(东侧),风景名胜,,,,37.519138,121.455965,
124,南山公园,芝罘区,环山路南山沟1号,风景名胜,,,,37.524406,121.388688,
124,科技广场,莱山区,高新区科技大道以北 港城东大街以南 海越路以西,风景名胜,,,,37.448212,121.482902,
124,塔山旅游风景区,芝罘区,塔山路36号,风景名胜,,,,37.511566,121.393106,
124,所城里,芝罘区,[],政府机构及社会团体,,,,37.536502,121.399478,
124,烟台市民休闲公园,莱山区,烟台市政府南侧,风景名胜,,,,37.462099,121.447823,
125,环翠楼,环翠区,统一路120号,风景名胜,,,,37.504595,122.113076,
125,环翠楼公园,环翠区,统一路120号,风景名胜,,,,37.505145,122.108519,
125,幸福门广场,环翠区,海滨北路幸福公园F01号,风景名胜,,,,37.501473,122.127677,
125,幸福公园,环翠区,大众路与海滨北路交叉口东150米,风景名胜,,,,37.499434,122.129092,
125,半月湾海滩,环翠区,孙家疃镇环海路43附近,风景名胜,,,,37.529170,122.156415,
125,威海港公园,环翠区,鲸园街道海滨北路53号,风景名胜,,,,37.509985,122.125378,
125,半月湾景区,环翠区,[],风景名胜,,,,37.540342,122.162059,
125,猫头山二号观景台,环翠区,一号线路牌顺台阶走北100米,风景名胜,,,,37.538202,122.159908,
125,葡萄滩海水浴场,环翠区,孙家疃镇环海路170-1号,体育休闲服务,,,,37.543449,122.111824,
125,刘公岛景区,环翠区,海滨北路101-2号,风景名胜,,,,37.504524,122.190069,
125,威海望岛仙姑顶景区,环翠区,望岛村西(仙姑顶山脚),风景名胜,,,,37.462803,122.106881,
125,威海国际海水浴场,环翠区,北环海路178号,风景名胜,,,,37.527536,122.042007,
125,塔山公园,环翠区,统一路348-2号,风景名胜,,,,37.491740,122.120457,
125,威海民俗文化邨,环翠区,环翠楼街道环翠楼街道高区文化名居2-23附近,风景名胜,,,,37.504940,122.103429,
125,里口山风景名胜区,环翠区,里口山路6号,风景名胜,,,,37.472961,122.085458,
125,鲸鱼出海主题乐园,环翠区,海滨北路53-1号威至海港湾B1-B2层,体育休闲服务,,,,37.506356,122.127827,
125,人民广场,环翠区,文化东路,风景名胜,,,,37.511596,122.120640,
125,威海公园画中画雕塑,环翠区,竹岛街道海滨中路威海公园(东南角),风景名胜,,,,37.460467,122.147060,
125,火炬八街,环翠区,火炬八街-1号,风景名胜,,,,37.524534,122.030731,
125,林海公园,环翠区,鞍山路,风景名胜,,,,37.525206,122.041631,
125,金海滩,环翠区,金海滩依海嘉园东区-339号楼,风景名胜,,,,37.534919,122.073560,
125,海恋广场,环翠区,海滨中路威海公园(西北角),风景名胜,,,,37.470394,122.141469,
125,侨乡号游轮,环翠区,灯塔路8号,风景名胜,,,,37.494487,122.143361,
125,金海滩海水浴场,环翠区,高技术产业开发区环海路,体育休闲服务,,,,37.535242,122.074251,
125,喂海公园,环翠区,孙家疃镇环海路与鑫海路交叉口东北360米,风景名胜,,,,37.547556,122.116228,
126,五四广场,市南区,东海西路(五四广场地铁站C口步行170米),风景名胜,,,,36.062740,120.384576,
126,海滨风景区,市南区,沿海一线,风景名胜,,,,36.057782,120.343211,
126,青岛奥帆海洋文化旅游区,市南区,清远路1号,风景名胜,,,,36.060279,120.390500,
126,青岛第三海水浴场,市南区,湛山五路5号,体育休闲服务,,,,36.050451,120.365486,
126,奥林匹克帆船中心·奥帆海洋文化旅游区,市南区,澳门路86号奥帆中心,风景名胜,,,,36.054643,120.395063,
126,五四广场五月的风,市南区,东海西路35号,风景名胜,,,,36.061427,120.385265,
126,八大关风景区,市南区,武胜关支路10号,风景名胜,,,,36.053625,120.350903,
126,青岛湛山寺,市南区,芝泉路2号,风景名胜,,,,36.064978,120.364490,
126,情人坝,市南区,珠海路街道金湾路7号,风景名胜,,,,36.052388,120.390288,
126,青岛啤酒博物馆,市北区,登州路56-1,科教文化服务,,,,36.079106,120.347318,
126,太平山中央公园,市南区,太平山景区内,风景名胜,,,,36.067606,120.357684,
126,燕儿岛智慧公园,市南区,珠海路街道澳门路138号,风景名胜,,,,36.055267,120.405710,
126,海信探索中心,市南区,江西路11号(芝泉路地铁站B口步行400米),科教文化服务,,,,36.071157,120.371198,
126,青岛太平角公园,市南区,湛山路8号,风景名胜,,,,36.053038,120.360265,
126,青岛中山公园,市南区,八大关街道文登路26号,风景名胜,,,,36.064394,120.350415,
126,台东步行街,市北区,台东三路(台东地铁站E口步行160米),购物服务,,,,36.083505,120.354123,
126,青岛第二海水浴场,市南区,山海关路6号(近花石楼),体育休闲服务,,,,36.050649,120.352169,
126,栈桥景区,市南区,太平路12号(青岛站地铁站G口步行320米),风景名胜,,,,36.061736,120.319300,
126,青岛市音乐广场,市南区,澳门路12号(近五四广场),风景名胜,,,,36.058383,120.381085,
126,青岛第一海水浴场,市南区,南海路14号(汇泉广场地铁站C口步行470米),体育休闲服务,,,,36.057428,120.341325,
126,红楼,市南区,青岛万象城(五四广场地铁站出入口旁),风景名胜,,,,36.065910,120.378793,
126,青岛电视塔,市南区,太平山路1号,风景名胜,,,,36.069070,120.355368,
126,青岛动物园,市南区,延安一路102号(近中山公园),风景名胜,,,,36.069562,120.349960,
126,小鱼山,市南区,八大关街道福山支路24号,风景名胜,,,,36.058765,120.336558,
126,青岛海底世界,市南区,莱阳路2号,风景名胜,,,,36.057077,120.336020,
127,聊城水上古城,东昌府区,楼西大街,风景名胜,,,,36.444206,115.969964,
127,光岳楼,东昌府区,楼北大街与楼西大街交汇处,风景名胜,,,,36.444224,115.969858,
127,山陕会馆,东昌府区,双街55号,风景名胜,,,,36.438993,115.980493,
127,聊城铁塔,东昌府区,东关古运河河畔,风景名胜,,,,36.448305,115.980438,
127,中国运河文化博物馆,东昌府区,东昌西路88号,科教文化服务,,,,36.456027,115.967371,
127,光岳楼-古楼广场,东昌府区,光岳楼,风景名胜,,,,36.444214,115.969827,
127,摩天轮欢乐城,东昌府区,湖南路与聊阳路路口东北角,体育休闲服务,,,,36.429692,115.970155,
127,孔繁森同志纪念馆,东昌府区,繁森路1号,风景名胜,,,,36.454847,115.957854,
127,聊城公园,东昌府区,利民东路22-103号附近,风景名胜,,,,36.453636,116.000815,
127,护国隆兴寺,东昌府区,小礼拜寺街聊城铁塔附近,风景名胜,,,,36.448888,115.979337,
127,凤凰台,东昌府区,北关街与东昌西路交叉口西南60米,风景名胜,,,,36.456578,115.969949,
127,聊城沙滩浴场,东昌府区,北关街6-1号(凤凰台往南200米路西),生活服务,,,,36.443606,115.956951,
127,聊城市体育公园,东昌府区,健一路与健二路交叉口东南,风景名胜,,,,36.424212,116.006139,
127,湖西带状公园,东昌府区,西关桥,风景名胜,,,,36.441923,115.955810,
127,九州洼月季旅游景区,东昌府区,长江路,风景名胜,,,,36.433314,116.050369,
127,聊城市铁塔文化博物馆,东昌府区,清孝街2号,科教文化服务,,,,36.448616,115.980517,
127,姜堤乐园,东昌府区,聊阳路王光宇大桥向东600米,风景名胜,,,,36.411508,115.975782,
127,聊城海底世界,东昌府区,湖南路和聊阳路路口摩天轮B1层,风景名胜,,,,36.429987,115.970234,
127,铁塔天桥,东昌府区,铁塔商城,风景名胜,,,,36.450575,115.983875,
127,聊城南湖公园,东昌府区,"南环路,水城大道路口东150米路南",风景名胜,,,,36.396926,115.966246,
127,东昌湖游船老码头,东昌府区,朝阳胡同与繁森路交叉口东北100米,风景名胜,,,,36.454662,115.959023,
127,聊城县署,东昌府区,古楼街道东昌西路117号东昌湖风景区,风景名胜,,,,36.445139,115.967163,
127,海源阁,东昌府区,鼓楼南大街9号,风景名胜,,,,36.442119,115.969510,
127,南关岛,东昌府区,东昌西路117号东昌湖风景区内(南侧),风景名胜,,,,36.436049,115.969612,
127,周公河湿地公园,东昌府区,新区街道柳园北路高架桥西侧,风景名胜,,,,36.499054,115.983328,
128,山东博物馆,历下区,经十路11899号,科教文化服务,,,,36.658157,117.095731,
128,天下第一泉景区,历下区,明湖路271号,风景名胜,,,,36.660934,117.015207,
128,汉峪金谷A区嵩山广场,历城区,凤新路汉峪金谷,商务住宅,,,,36.661303,117.147750,
128,趵突泉景区,历下区,趵突泉南路1号,风景名胜,,,,36.661087,117.015893,
128,百花公园,历城区,闵子骞路10号,风景名胜,,,,36.676123,117.070365,
128,儿童友好公园,历下区,"礼耕路和大辛河路口东北侧,历下区韶光小学对面,燕山新居西北角",风景名胜,,,,36.669255,117.114816,
128,千佛山风景名胜区,历下区,经十一路18号,风景名胜,,,,36.639288,117.036098,
128,大明湖景区,历下区,大明湖路271号,风景名胜,,,,36.672584,117.016718,
128,济南融创文旅城,历城区,经十路辅路,风景名胜,,,,36.659538,117.197153,
128,金璟广场,历下区,书昌街657号,商务住宅,,,,36.664470,117.103785,
128,葫芦顶公园,历下区,[],风景名胜,,,,36.635280,117.102255,
128,济南融创乐园,历城区,港沟街道经十路与凤鸣路交叉口融创乐园北门西侧接待中心101室内,风景名胜,,,,36.666379,117.197049,
128,济南市环城公园-黑虎泉,历下区,解放阁脚下护城河南岸,风景名胜,,,,36.662414,117.033525,
128,奥体中心北广场,历下区,经十路济南奥林匹克体育中心,体育休闲服务,,,,36.659129,117.123948,
128,济南黄金谷山水画廊景区,历下区,浆水泉水库南岸,风景名胜,,,,36.621732,117.077073,
128,牧牛山山体公园,历下区,洪山路与霞景路交叉口东280米,风景名胜,,,,36.641904,117.099804,
128,大千佛山景区佛慧山,历下区,旅游路中段,风景名胜,,,,36.628538,117.047873,
128,绸带公园,历下区,汉臣街与山左路交叉口西北220米,风景名胜,,,,36.667247,117.102899,
128,广智院,历下区,广智院146,风景名胜,,,,36.656866,117.018969,
128,舜华三山森林公园,历下区,崇华路103号附近,风景名胜,,,,36.669254,117.123917,
128,燕子山,历下区,解放路街道,风景名胜,,,,36.643659,117.061022,
128,大明湖景区-超然楼,历下区,大明湖景区内(东侧),风景名胜,,,,36.675188,117.031996,
128,泉城广场,历下区,泺源大街108-1号,风景名胜,,,,36.661373,117.022086,
128,济南市环城公园-解放阁,历下区,南门大街2-1号(近护城河)济南市环城公园内东侧,风景名胜,,,,36.663178,117.033627,
128,济南市环城公园,历下区,南门大街2-1号(近护城河),风景名胜,,,,36.662579,117.026607,
129,五洲湖,兰山区,北城新区临沂市政府大楼东南处,风景名胜,,,,35.101226,118.356324,
129,灯火兰山·新琅琊,兰山区,涑河南街32号,风景名胜,,,,35.076055,118.348800,
129,琅琊古城,河东区,南京东路,风景名胜,,,,35.131648,118.403483,
129,阳光沙滩,兰山区,北城新区滨河西路广播电视塔东,风景名胜,,,,35.086619,118.373215,
129,临沂市博物馆(北城馆区),兰山区,北城新区兰陵路10号,科教文化服务,,,,35.089654,118.356433,
129,王羲之故居保护中心,兰山区,洗砚池街21号,风景名胜,,,,35.069823,118.341828,
129,临沂奥体公园,兰山区,北城新区南京路10号,风景名胜,,,,35.146166,118.359868,
129,王羲之故居,兰山区,砚池街21号,风景名胜,,,,35.070084,118.340915,
129,临沂广播电视塔,兰山区,北城新区三河口隧道旁(阳光沙滩北邻),科教文化服务,,,,35.080663,118.368380,
129,临沂人民广场,兰山区,新华一路,风景名胜,,,,35.061679,118.340483,
129,临沂海洋世界主题公园,兰山区,北城新区滨河路书圣阁西侧,风景名胜,,,,35.105588,118.316873,
129,五洲湖广场,兰山区,五洲湖内(北侧),风景名胜,,,,35.101579,118.356446,
129,滨河公园,河东区,李公街与滨河东路道路交叉口西侧,风景名胜,,,,35.077939,118.378822,
129,龙腾广场,河东区,滨河东路与人民大街交叉口西120米,风景名胜,,,,35.085178,118.380663,
129,观音禅院,兰山区,黄白河路与兰亭路交汇,风景名胜,,,,35.112278,118.380667,
129,沂州古城,河东区,九曲街道滨河东路东侧,风景名胜,,,,35.131519,118.398357,
129,银雀山汉墓竹简博物馆,兰山区,沂蒙路216号,科教文化服务,,,,35.055942,118.346795,
129,豪森国际广场,河东区,东夷大街与东兴路交叉口东南40米,购物服务,,,,35.086863,118.399166,
129,三官庙,河东区,育英街北,风景名胜,,,,35.091097,118.388660,
129,孔庙,兰山区,兰山街道兰山路109号,风景名胜,,,,35.071936,118.339139,
129,临沂人民公园,兰山区,银雀山路2号,风景名胜,,,,35.056802,118.359666,
129,河湾公园,河东区,滨河湿地公园(滨河东路西),风景名胜,,,,35.123200,118.394173,
129,科普广场,兰山区,沂蒙路6-1号,风景名胜,,,,35.081038,118.353874,
129,紫薇月季园,兰山区,滨河西路与北京路交叉口北,风景名胜,,,,35.104378,118.376362,
129,临沂滨河景区,兰山区,滨河路东150米,风景名胜,,,,35.047086,118.367829,
130,天香公园,牡丹区,中华路1169号,风景名胜,,,,35.235636,115.476401,
130,牡丹广场,牡丹区,菏泽市开发区大剧院,风景名胜,,,,35.245577,115.488018,
130,曹州牡丹园,牡丹区,人民路1000号,风景名胜,,,,35.279915,115.497379,
130,冀鲁豫边区革命纪念馆,牡丹区,丹阳路1111号,风景名胜,,,,35.243119,115.480852,
130,菏泽市博物馆,牡丹区,华英路537号,科教文化服务,,,,35.234119,115.492361,
130,南门市井文化园,牡丹区,中华路2036号,风景名胜,,,,35.233774,115.456590,
130,三角花园,牡丹区,青年路170号,餐饮服务,,,,35.246194,115.463010,
130,赵王河湿地公园,牡丹区,牡丹路与五屯路交叉口东北160米,风景名胜,,,,35.220867,115.468958,
130,环堤公园丹华园,牡丹区,中华路与牡丹路交汇处东南角,风景名胜,,,,35.233878,115.466716,
130,新天地公园,牡丹区,天香路与丹阳路桥交汇处,风景名胜,,,,35.239428,115.478558,
130,万福河沙滩主题公园,牡丹区,京九铁路与万福河交汇处,风景名胜,,,,35.176071,115.520185,
130,中央公园,牡丹区,菏泽开发区人民南路东方名城西侧,风景名胜,,,,35.216426,115.491267,
130,环堤公园,牡丹区,句阳路与大学路交叉口东南340米,风景名胜,,,,35.266743,115.449972,
130,菏泽动物园,牡丹区,广福街儿童公园内,风景名胜,,,,35.240206,115.450572,
130,儿童乐园,牡丹区,西城街道西城街道西城街道广福大街313号,风景名胜,,,,35.240389,115.449724,
130,七里河湿地公园,牡丹区,牡丹街道国花大道,风景名胜,,,,35.313854,115.503454,
130,天香公园-智能乐园,牡丹区,天香路天香公园(东南角),风景名胜,,,,35.234596,115.477589,
130,菏泽青年湖公园,牡丹区,曹州路,风景名胜,,,,35.242900,115.444280,
130,鲁西新区人才主题公园,牡丹区,中华路266号,风景名胜,,,,35.232675,115.496487,
130,曹州永安塔,牡丹区,南顺城街与广福大街交叉口西北240米,风景名胜,,,,35.242765,115.445627,
130,泉水叮咚·水世界,牡丹区,220号国道枫庭骊墅西侧,体育休闲服务,,,,35.310164,115.548086,
130,鲁西南记忆,定陶区,[],风景名胜,,,,35.177291,115.539076,
130,环城公园,牡丹区,护城河旁,风景名胜,,,,35.247207,115.442495,
130,慎思园,牡丹区,曹州西路老城曹州景区,风景名胜,,,,35.244854,115.446753,
130,赵王河体育公园,牡丹区,天香路桥和康庄路交叉口西路北,风景名胜,,,,35.253800,115.489614,
131,长河公园,德城区,长河街道长河大道(蔚来城对面),风景名胜,,,,37.445839,116.354191,
131,德州市博物馆,德城区,东方红东路566号,科教文化服务,,,,37.442173,116.356610,
131,中国太阳谷,德城区,东方东路,风景名胜,,,,37.426415,116.396412,
131,德州动植物园,德城区,新华街道果子李村,风景名胜,,,,37.385181,116.357809,
131,减河湿地风景区,德城区,东风东路附近,风景名胜,,,,37.428278,116.406467,
131,德州海洋馆,德城区,晶华路以东德百奥莱广场一层E馆中区858号场地,风景名胜,,,,37.416845,116.381488,
131,澳德乐1899街区,德城区,东风东路1899号澳德乐时代广场F4,购物服务,,,,37.429006,116.366575,
131,德州市动物园,德城区,新华街道果子李村德州动植物园,风景名胜,,,,37.385007,116.357669,
131,新街口文化园,德城区,新街口新华路155号,购物服务,,,,37.438073,116.300875,
131,人民公园,德城区,东风中路1487号,风景名胜,,,,37.441196,116.294826,
131,天衢新区万人广场,德城区,崇德八大道与尚德十四路交叉口东440米,风景名胜,,,,37.395193,116.449306,
131,苏禄王墓,德城区,[],风景名胜,,,,37.471241,116.295767,
131,德州财金郁金香花海基地,德城区,广川大道与双一路交叉口东320米,风景名胜,,,,37.399431,116.345004,
131,德州开发区健康主题公园,德城区,东方红东路与广川大道交叉口东380米,风景名胜,,,,37.443099,116.349071,
131,太阳能德州小镇,德城区,袁桥镇尚德十一路与崇德六大道交叉口太阳能小镇,风景名胜,,,,37.415816,116.431522,
131,四女寺风景区,武城县,四女寺镇槐荫路,风景名胜,,,,37.353744,116.239287,
131,叠翠山,德城区,新湖北大街与东方红西路交叉口南300米,风景名胜,,,,37.447728,116.305407,
131,减河湿地公园沙滩,德城区,减河湿地风景区(西南角),风景名胜,,,,37.425896,116.403894,
131,铜锣湾欢乐世界,德城区,袁桥镇微排路8号,风景名胜,,,,37.418656,116.402874,
131,德运星河,德城区,新河东路2269号,风景名胜,,,,37.417672,116.383225,
131,董子园风景区-董子读书台,德城区,宋官屯街道经济开发区董子文化街,风景名胜,,,,37.444739,116.372883,
131,九龙湾公园,德城区,水厂路,风景名胜,,,,37.439883,116.277613,
131,德州之星摩天轮,德城区,减河东大道与东风东路交叉口东140米,风景名胜,,,,37.416493,116.397130,
131,植物园,德城区,新湖街道湖滨中大道1398号,风景名胜,,,,37.469190,116.308810,
131,杨庄河景区,德城区,崇德五大道辅路,风景名胜,,,,37.422260,116.428989,
132,万平口海滨风景区,东港区,秦楼街道海曲东路398号,风景名胜,,,,35.411333,119.562731,
132,日照市博物馆,东港区,北京路200-6号,科教文化服务,,,,35.417162,119.523796,
132,日照文旅·东夷小镇,东港区,秦楼街道碧海路77号(碧海路与绿舟路交汇处),风景名胜,,,,35.433791,119.564998,
132,日照灯塔风景区,东港区,黄海一路126号,风景名胜,,,,35.394120,119.563656,
132,银河公园,东港区,秦楼街道烟台路26号,风景名胜,,,,35.422112,119.530128,
132,日照世帆赛基地,东港区,绿舟南路66号,风景名胜,,,,35.400394,119.558929,
132,万平口广场,东港区,秦楼街道海曲东路398号万平口海滨风景区(东南角),风景名胜,,,,35.408515,119.565432,
132,太公岛牡蛎公园,东港区,太公一路北苗家村,风景名胜,,,,35.439514,119.580311,
132,香河体育公园,东港区,莒州路216号,风景名胜,,,,35.429981,119.511314,
132,日照市灯塔广场,东港区,黄海一路126号日照灯塔风景区,风景名胜,,,,35.394149,119.564419,
132,山海天旅游度假区,东港区,太公岛一路23号,体育休闲服务,,,,35.448916,119.581169,
132,日照海洋公园,东港区,秦楼街道碧海路99号,风景名胜,,,,35.432231,119.571094,
132,日照植物园,东港区,秦楼街道青岛路530号,风景名胜,,,,35.413273,119.553665,
132,万平口海水浴场,东港区,海曲东路398号,体育休闲服务,,,,35.408929,119.566718,
132,日照第三海水浴场,东港区,山海天旅游度假区碧海路北首日照海滨国家森林公园内,体育休闲服务,,,,35.453207,119.583262,
132,海龙湾,东港区,黄海一路126号,风景名胜,,,,35.384218,119.567880,
132,日照文旅·日出东方海之秀,东港区,济南路东首太阳广场内,风景名胜,,,,35.426048,119.555248,
132,LOVE树杈,东港区,碧海路与太公岛二路交叉口东220米,风景名胜,,,,35.446531,119.580666,
132,人民广场,东港区,泰安路44-2号甲,风景名胜,,,,35.414556,119.526869,
132,日照婚庆公园,东港区,秦楼街道海曲东路398号万平口海滨风景区(东北角),风景名胜,,,,35.420028,119.569516,
132,海誓山盟,东港区,日照婚庆公园(东北角),风景名胜,,,,35.420800,119.570344,
132,奥林匹克水上运动公园,东港区,济南路与青岛路交汇处,体育休闲服务,,,,35.429625,119.556425,
132,日照空中雨林,东港区,秦楼街道金杉国际大厦1栋31层,风景名胜,,,,35.418869,119.531848,
132,LOVE标志,东港区,碧海路与金涛路交叉口东240米,风景名胜,,,,35.430820,119.574895,
132,阳光海岸梦幻海滩,东港区,碧海路东150米,风景名胜,,,,35.444866,119.580108,
133,铁道游击队景区,薛城区,德仁路,风景名胜,,,,34.789522,117.285271,
133,云溪小镇,薛城区,高新区宁波路188号,风景名胜,,,,34.827141,117.357010,
133,龟山公园,薛城区,光明大道,风景名胜,,,,34.812472,117.330571,
133,翠竹谷,薛城区,和谐路与景山路交叉口西280米,风景名胜,,,,34.813615,117.320055,
133,铁道游击队纪念馆,薛城区,兴仁街道兴仁街道兴仁街道兴仁街道兴仁街道常庄街道临山路,风景名胜,,,,34.790417,117.282708,
133,枣庄市博物馆(西馆区),薛城区,枣庄文化中心,科教文化服务,,,,34.790917,117.322043,
133,龙潭公园,薛城区,兴仁街道龙谭御园小区,风景名胜,,,,34.799099,117.303413,
133,凤凰绿道,薛城区,长白山路和世纪大道交汇处南向50米,风景名胜,,,,34.781789,117.350796,
133,凤鸣公园,薛城区,黄河路,风景名胜,,,,34.801368,117.323866,
133,铁道游击队红色文化体验基地,薛城区,兴仁街道泰山中路铁道游击队纪念园内,风景名胜,,,,34.790646,117.283395,
133,太阳广场,薛城区,光明大道1203号,风景名胜,,,,34.805997,117.312380,
133,枣庄市薛城区铁道游击队纪念园(鲁南民俗文化馆),薛城区,德仁路铁道游击队景区(西北角),风景名胜,,,,34.790670,117.283297,
133,凤鸣湖广场,薛城区,光明大道2511号,风景名胜,,,,34.806717,117.323756,
133,环秀山庄,薛城区,武夷山路与深圳路交叉口西300米,体育休闲服务,,,,34.811042,117.335958,
133,奚仲广场,薛城区,常庄街道广场东路奚仲广场,风景名胜,,,,34.780054,117.285895,
133,来泉运动公园,薛城区,长白山路3859号,风景名胜,,,,34.807221,117.347817,
133,枣庄高新区科技生态绿地,薛城区,光明大道与武夷山路交叉口东北260米,风景名胜,,,,34.807072,117.341355,
133,枣庄高新区人才公园,薛城区,光明大道世纪凤凰城北侧约250米,风景名胜,,,,34.806928,117.340706,
133,沿河公园,薛城区,泰山中路11号,风景名胜,,,,34.791948,117.271980,
133,城市森林公园,薛城区,钱江路02附近,风景名胜,,,,34.768590,117.285861,
133,枣庄双子星恒太城南草坪广场,薛城区,兴仁街道永兴路与民生路交叉口西340米,风景名胜,,,,34.792824,117.323707,
133,井字峪玉皇庙,薛城区,[],风景名胜,,,,34.825264,117.333326,
133,袁寨山公园,薛城区,武夷山北路与大连路交叉口东南约240米,风景名胜,,,,34.832595,117.339643,
133,凤凰山公园,薛城区,兴仁街道兴仁街道兴仁街道兴仁街道祁连山路2166号,风景名胜,,,,34.822811,117.295926,
133,鲁南水城,市中区,西昌中路附近,购物服务,,,,34.847315,117.534017,
134,太白楼,任城区,太白楼中路27号,风景名胜,,,,35.405730,116.583665,
134,济宁市博物馆,任城区,古槐街道古槐路78号,科教文化服务,,,,35.410706,116.581734,
134,全民健身广场,任城区,共青团路11-2号,风景名胜,,,,35.424806,116.587576,
134,百花公园,任城区,红星东路36号,风景名胜,,,,35.412040,116.603586,
134,凤凰台植物公园,任城区,洸河西路与105国道交叉路口西北角处,风景名胜,,,,35.424692,116.535573,
134,文化广场,任城区,济宁市通信大厦北200米,风景名胜,,,,35.406970,116.587443,
134,仙营绿地,任城区,洸河路76号,风景名胜,,,,35.421666,116.601006,
134,铁塔寺,任城区,古槐街道古槐路78号幸福药店二楼,风景名胜,,,,35.410365,116.582023,
134,太白楼广场,任城区,太白楼中路27号太白楼,风景名胜,,,,35.404942,116.583916,
134,济宁海洋馆,任城区,观音街道津多里东里天街二层、三层,风景名胜,,,,35.393997,116.620581,
134,任城湿地公园,任城区,李营街道环翠路与汇翠路交叉口东南180米,风景名胜,,,,35.441899,116.604412,
134,后刘星河广场,任城区,红星西路43号,风景名胜,,,,35.416560,116.570803,
134,太白湖旅游景区,微山县,许庄街道荷花路南首,风景名胜,,,,35.314042,116.597834,
134,济宁运河核心景区,任城区,古槐街道太白楼中路辅路与南北晁家街交叉口东60米,风景名胜,,,,35.405543,116.583779,
134,潘家大楼,任城区,古槐路37-1附近,风景名胜,,,,35.413585,116.580745,
134,利客海洋世界,任城区,柳行街道大禹西路48号利客购物广场二层,体育休闲服务,,,,35.429628,116.647513,
134,福聚泉天然温泉酒店,任城区,古槐路与机电一路交叉路口,生活服务,,,,35.437012,116.580291,
134,浣笔泉,任城区,阜桥街道浣笔泉路6附近,风景名胜,,,,35.408250,116.592251,
134,河道总督府遗址公园,任城区,古槐街道西门大街与院前街交叉口东北40米,风景名胜,,,,35.412078,116.579345,
134,市民公园,任城区,圣贤路与运河路交叉口东南100米,风景名胜,,,,35.339841,116.592256,
134,儿童公园东区,任城区,火炬南路西,风景名胜,,,,35.380072,116.617789,
134,济宁市博物馆(文化中心馆),任城区,运河路140号,科教文化服务,,,,35.342871,116.601722,
134,置城中央公园,任城区,琵琶山路与洸河路交界路北50米,商务住宅,,,,35.422170,116.607366,
134,少康湖湿地公园,任城区,北二环与共青团路交汇处西北角,风景名胜,,,,35.486545,116.582080,
134,济宁方特东方欲晓乐园,任城区,石桥镇华强大道99号,体育休闲服务,,,,35.335104,116.696679,
135,张店儿童公园,张店区,共青团东路30号,风景名胜,,,,36.801765,118.071556,
135,淄博人民公园,张店区,公园街道柳泉路,风景名胜,,,,36.810627,118.048798,
135,淄博市博物馆,张店区,商场西街153号,科教文化服务,,,,36.804010,118.038234,
135,淄博市植物园,张店区,世纪路28号,风景名胜,,,,36.792359,118.029484,
135,齐盛湖公园,张店区,中润大道,风景名胜,,,,36.841662,117.989284,
135,火炬公园,张店区,柳泉路与中润大道交汇处西北角,风景名胜,,,,36.837551,118.053802,
135,海岱楼,张店区,房镇镇中润大道齐盛湖公园,风景名胜,,,,36.841508,117.988714,
135,唐库文创园,张店区,马尚镇和平路131号,商务住宅,,,,36.797000,118.005213,
135,华光国瓷文化艺术中心,张店区,高新区鲁泰大道55号,风景名胜,,,,36.848143,118.047810,
135,花山公园,张店区,尚军路,风景名胜,,,,36.824708,118.119490,
135,孝妇河湿地公园,张店区,和平路,风景名胜,,,,36.799996,117.966585,
135,淄博高新区文体公园,张店区,四宝山街道政通路165号,风景名胜,,,,36.840741,118.070240,
135,中国课本博物馆,张店区,中润大道255号,科教文化服务,,,,36.831431,118.107847,
135,张店市民公园,张店区,马尚街道张店区政府旁,风景名胜,,,,36.804554,118.021792,
135,金带公园,张店区,人民西路218号,风景名胜,,,,36.820675,117.987166,
135,周村古商城,周村区,新建中路19号靠近周村公安分局大街派出所,风景名胜,,,,36.798378,117.841013,
135,楚楚谡谡,张店区,市府西一街3号甲,风景名胜,,,,36.815149,118.054060,
135,西边有个院,张店区,联通路与上海路交叉口东南角,风景名胜,,,,36.830154,117.982319,
135,玉龙湖湿地公园,张店区,齐新大道与北西五路交叉口西260米,风景名胜,,,,36.876983,118.036436,
135,张店军屯空中草原,张店区,鲁山大道216号,风景名胜,,,,36.814120,118.130249,
135,九顶山公园,张店区,四宝山街道四宝山街道荣兰线,风景名胜,,,,36.825267,118.149906,
135,青龙山公园,张店区,纬一路,风景名胜,,,,36.826097,118.088849,
135,淄博动物园,张店区,杏园街道杏园街道三零九国道湖田路段玉黛湖风景区东,风景名胜,,,,36.809505,118.150331,
135,文昌湖省级旅游度假区,周村区,[],风景名胜,,,,36.692256,117.868352,
135,孝妇河湿地公园喷泉广场,张店区,和平路与天津路交叉路口往东南约140米,风景名胜,,,,36.801683,117.970314,
136,富华游乐园,奎文区,东风东街6611号,风景名胜,,,,36.714732,119.160075,
136,潍坊市博物馆,奎文区,东风东街6616号,科教文化服务,,,,36.711908,119.159064,
136,潍坊植物园,奎文区,北海路与宝通街交叉口,风景名胜,,,,36.682084,119.154718,
136,潍坊世界风筝博物馆,奎文区,东关街道行政街66号,科教文化服务,,,,36.704284,119.114766,
136,239特色街区,奎文区,蓉花路新北宫东街交叉口北50米路西,购物服务,,,,36.727975,119.160375,
136,十笏园文化街区,潍城区,东风西街446号(东风西街与向阳路路口东北角),购物服务,,,,36.714456,119.104657,
136,十笏园,潍城区,胡家牌坊街49号,风景名胜,,,,36.715279,119.105911,
136,潍坊人民公园,潍城区,青年路29号,风景名胜,,,,36.700303,119.108948,
136,潍坊十笏园博物馆,潍城区,城关街道东风西街446号(东风西街与向阳路路口东北角)十笏园文化街区,风景名胜,,,,36.715243,119.105921,
136,金宝乐园,奎文区,潍州路2477号,风景名胜,,,,36.656280,119.124954,
136,1532文化产业园,奎文区,金宝街888号,商务住宅,,,,36.662835,119.133860,
136,水上皇宫,奎文区,东风东街6611号(近富华游乐园),体育休闲服务,,,,36.715211,119.157940,
136,奎文门,奎文区,东关街道东风东街360号,风景名胜,,,,36.708556,119.111840,
136,虞舜公园,奎文区,[],风景名胜,,,,36.670487,119.147674,
136,虞河,奎文区,樱前街1号,风景名胜,,,,36.683633,119.148131,
136,大虞文化村,奎文区,虞河路2662号靠近名仕花园,商务住宅,,,,36.722300,119.133190,
136,白浪绿洲湿地公园,潍城区,望留街道机场路与宝通西街南200米,风景名胜,,,,36.650430,119.101879,
136,中国杨家埠民间艺术大观园,寒亭区,富亭街1873号(富亭街与潍县路路口西北角),风景名胜,,,,36.758731,119.221451,
136,鸢都湖,奎文区,环湖路4-2号,风景名胜,,,,36.685359,119.103193,
136,北辰绿洲湿地公园,潍城区,民主街附近,风景名胜,,,,36.769973,119.114519,
136,东苑公园,奎文区,胜利东街,风景名胜,,,,36.705738,119.119447,
136,白沙河湿地公园,坊子区,金山街336号,风景名胜,,,,36.666787,119.168880,
136,潍县·乐道院暨西方侨民集中营旧址,奎文区,虞河路303号,风景名胜,,,,36.701609,119.133788,
136,虞河公园,奎文区,北宫东街321号,风景名胜,,,,36.726136,119.131851,
136,白浪河国家湿地公园,寒亭区,潍坊经济开发区民主街与鸢飞路西白浪河大桥西100米海泰地产东临白浪河,风景名胜,,,,36.791794,119.122530,
137,红门宫售票处,泰山区,红门路111号红门宫·小泰山,生活服务,,,,36.210689,117.127743,
137,天外村,泰山区,环山路100号,风景名胜,,,,36.218050,117.096602,
137,红门,泰山区,泰山风景名胜区内(南侧),风景名胜,,,,36.210221,117.128382,
137,岱庙,泰山区,东岳大街191号,风景名胜,,,,36.194025,117.131309,
137,普照寺,泰山区,红门路54号泰山风景名胜区内,风景名胜,,,,36.209506,117.115956,
137,泰安老街(泰安爱琴海购物公园店),岱岳区,天平湖路74号,购物服务,,,,36.164125,117.069175,
137,天平湖公园,岱岳区,粥店街道环湖路,风景名胜,,,,36.200706,117.042702,
137,泰山方圆广场,泰山区,擂鼓石大街662号,风景名胜,,,,36.198727,117.099457,
137,泰山风景名胜区-玉皇顶,泰山区,泰前街道红门路54号泰山风景名胜区,风景名胜,,,,36.257337,117.109129,
137,泰山广场,泰山区,东岳大街140号,风景名胜,,,,36.198282,117.086951,
137,虎山公园,泰山区,红门路72号,风景名胜,,,,36.209957,117.132766,
137,泰安市·中天门索道下站-休息亭,泰山区,红门路54号泰山风景名胜区内中天门索道下站,生活服务,,,,36.238576,117.113204,
137,泰山风景名胜区-十八盘,泰山区,泰前街道红门路54号泰山风景名胜区内,风景名胜,,,,36.251039,117.107992,
137,三阳观,泰山区,泰前街道红门路54号泰山风景名胜区内(南侧),风景名胜,,,,36.215540,117.112141,
137,泰安市生态绿地健身活动公园,泰山区,迎胜路307号,体育休闲服务,,,,36.188375,117.086976,
137,南湖公园,泰山区,奈河东路与灵山大街交汇处,风景名胜,,,,36.180449,117.128054,
137,王母池,泰山区,泰前街道红门路70号,风景名胜,,,,36.207111,117.131435,
137,泰山风景名胜区-泉,泰山区,望岳东路与擂鼓石大街交叉口北140米,风景名胜,,,,36.201106,117.089008,
137,泮河公园,岱岳区,长城路100附近,风景名胜,,,,36.176075,117.062143,
137,泰山石敢当景区,岱岳区,天平湖路134号,风景名胜,,,,36.209426,117.016930,
137,龙泽湖公园,泰山区,市政广场西,风景名胜,,,,36.197387,117.084602,
137,东湖公园,泰山区,灵山大街与虎山路交叉口(近虎山路),风景名胜,,,,36.185941,117.138909,
137,泰山东御道,泰山区,红门路54号泰山风景名胜区,风景名胜,,,,36.247354,117.151210,
137,泰山敕建护国灵应宫,泰山区,财源街道灵山大街311号,风景名胜,,,,36.182902,117.121273,
137,桃花峪,岱岳区,红门路54号泰山风景名胜区内(西侧),风景名胜,,,,36.266155,117.028557,
138,故宫博物院,东城区,景山前街4号,风景名胜,,,,39.917839,116.397029,
138,中国人民革命军事博物馆,海淀区,复兴路9号,科教文化服务,,,,39.909108,116.323871,
138,天安门,东城区,长安街北侧,风景名胜,,,,39.909187,116.397463,
138,雍和宫,东城区,雍和宫大街28号(雍和宫地铁站F东南口步行250米),风景名胜,,,,39.947239,116.417296,
138,天安门广场,东城区,东长安街,风景名胜,,,,39.903182,116.397755,
138,景山公园,西城区,景山西街44号,风景名胜,,,,39.925875,116.396551,
138,北海公园,西城区,文津街1号,风景名胜,,,,39.928775,116.391802,
138,什刹海,西城区,地安门西大街49号,风景名胜,,,,39.941893,116.385121,
138,南锣鼓巷,东城区,交道口街道南大街(南锣鼓巷地铁站E西北口旁),风景名胜,,,,39.937182,116.402394,
138,紫竹院公园,海淀区,中关村南大街35号,风景名胜,,,,39.942352,116.319079,
138,中国国家博物馆,东城区,东长安街16号天安门广场东侧,科教文化服务,,,,39.905374,116.401304,
138,恭王府博物馆,西城区,前海西街17号,风景名胜,,,,39.937222,116.386315,
138,天坛公园,东城区,天坛东里甲1号,风景名胜,,,,39.881913,116.410829,
138,国家大剧院,西城区,西长安街2号(天安门西地铁站出入口旁),体育休闲服务,,,,39.904909,116.389814,
138,中山公园,东城区,中华路4号(天安门西侧),风景名胜,,,,39.910707,116.394407,
138,故宫博物院-午门,东城区,东华门街道景山前街4号故宫博物院内(南侧),风景名胜,,,,39.913582,116.397228,
138,首都博物馆,西城区,复兴门外大街16号,科教文化服务,,,,39.906412,116.342067,
138,白云观,西城区,白云观街7号,风景名胜,,,,39.901266,116.343778,
138,景山公园-绮望楼,西城区,什刹海街道景山西街44号(故宫后门对面)景山公园内(南侧),风景名胜,,,,39.924029,116.396720,
138,故宫博物院-神武门,东城区,景山前街4号北京故宫博物馆,风景名胜,,,,39.922305,116.396786,
138,天安门-城楼,东城区,东长安街天安门(天安门东地铁站A西北入口步行290米),风景名胜,,,,39.908717,116.397488,
138,北京动物园,西城区,西直门外大街137号,风景名胜,,,,39.942105,116.336701,
138,南池子大街,东城区,南池子大街与东华门大街交叉口西南20米,购物服务,,,,39.914988,116.402809,
138,天安门广场-国旗,东城区,东华门街道景山前街4号天安门广场内(北侧),风景名胜,,,,39.906928,116.397554,
138,鼓楼,东城区,钟楼湾胡同临字9号(什刹海地铁站A2西北口步行240米),风景名胜,,,,39.940781,116.395937,
139,遵义市新蒲湿地公园,红花岗区,新蒲街道文武村,风景名胜,,,,27.687260,107.023519,
139,遵义会议会址纪念馆,红花岗区,子尹路96号,风景名胜,,,,27.688411,106.920722,
139,白鹭湖公园,红花岗区,中共新中中学支部委员会附近,风景名胜,,,,27.667308,106.999172,
139,遵师桥,红花岗区,乌江大道6号,风景名胜,,,,27.704429,107.055020,
139,平安寺,红花岗区,新蒲新区大学城平安街A2区1层12号东南方向140米,风景名胜,,,,27.722838,107.061828,
139,遵义动物园,红花岗区,长征街道民政村,风景名胜,,,,27.683043,106.949876,
139,崖顶山森林氧吧,汇川区,崖顶山观景平台,风景名胜,,,,27.746736,106.978346,
139,凤凰山国家森林公园,红花岗区,石龙路与凤凰南路交叉口东北角,风景名胜,,,,27.698716,106.926733,
139,遵义古城,汇川区,建国村响水洞(汇川区检察院旁),风景名胜,,,,27.760357,106.933999,
139,红花岗区蒲西岛,红花岗区,[],风景名胜,,,,27.743783,107.074376,
139,遵义市体育文化公园,汇川区,北海路北海风尚嘉苑1-10号,风景名胜,,,,27.713543,106.920779,
139,遵义欢乐世界,红花岗区,新中街道合兴大道150号,体育休闲服务,,,,27.681589,107.019808,
139,遵义红军烈士陵园,红花岗区,凤凰中路78号,生活服务,,,,27.696065,106.919914,
139,莲花山公园,汇川区,董公寺镇红河北路与红河东路交叉路口往东约100米,风景名胜,,,,27.752482,106.945199,
139,毛主席住居,红花岗区,中华路街道中华南路122号,风景名胜,,,,27.684474,106.930376,
139,遵义市博物馆,汇川区,人民路与珠海路交汇处,科教文化服务,,,,27.722553,106.928111,
139,遵义1964文化创意园,汇川区,高桥镇温州路3号,商务住宅,,,,27.701866,106.905209,
139,世界文化遗产海龙屯核心景区,汇川区,高坪街道办海龙屯景区,风景名胜,,,,27.802732,106.826492,
139,汇川国际温泉城,汇川区,红河北路与金沙江路交汇处,生活服务,,,,27.768586,106.942450,
139,依山听海·凉风洞,红花岗区,新蒲新区依山听海凉风洞民宿,风景名胜,,,,27.708121,107.103639,
139,思达遵义乐园,红花岗区,南关镇南宫山湘江大道100号遵义国际商贸城,体育休闲服务,,,,27.624985,106.918078,
139,遵义会议期间红军总政治部旧址,红花岗区,杨柳街28号,风景名胜,,,,27.689779,106.921721,
139,遵义蜗牛部落,红花岗区,皇氏路,体育休闲服务,,,,27.567536,106.936911,
139,三阁公园,汇川区,天津路,风景名胜,,,,27.709703,106.916827,
139,白石山悬崖天梯,汇川区,中桥水库管理局白石山酷玩悬崖公园,体育休闲服务,,,,27.747744,107.089967,
140,大明边城景区,碧江区,滨江大道8号,风景名胜,,,,27.711821,109.212824,
140,铜仁民族风情园,碧江区,武陵大道5号,风景名胜,,,,27.752372,109.204651,
140,锦江广场,碧江区,锦江北路与锦江南路交汇处西北50米,风景名胜,,,,27.719009,109.189019,
140,三江公园,碧江区,金鳞大道122号,风景名胜,,,,27.710293,109.184766,
140,铜仁博物馆,碧江区,解放路60号中南门历史文化旅游区内(西侧),科教文化服务,,,,27.712909,109.187529,
140,中南门街牌坊,碧江区,锦江街道中山路185号中南门历史文化旅游区(东南角),风景名胜,,,,27.713141,109.190362,
140,东山寺,碧江区,中山路3号逸群小学,风景名胜,,,,27.713804,109.192105,
140,铜仁市仁山公园,万山区,桂花大道66号,商务住宅,,,,27.693150,109.166222,
140,觅野·绿野仙踪,碧江区,沙龙路385号,风景名胜,,,,27.731774,109.213835,
140,五显庙,碧江区,锦江西路19号,风景名胜,,,,27.710053,109.186984,
140,铜仁大峡谷,松桃苗族自治县,大兴街道白岩社区,风景名胜,,,,27.882596,109.249457,
140,花果山广场,碧江区,锦江北路6号,风景名胜,,,,27.727914,109.189653,
140,河滨公园,碧江区,锦江南路1号,风景名胜,,,,27.720597,109.190789,
140,万山彩虹海水上乐园,万山区,谢桥街道楚溪村廖家坳万山彩虹海主题乐园,体育休闲服务,,,,27.666906,109.157295,
140,九龙洞,碧江区,漾头镇仁家湾村民组,风景名胜,,,,27.715164,109.315869,
140,恐龙乐园,碧江区,滑石乡芭蕉村大院子组(铜兴大道),体育休闲服务,,,,27.756402,109.233001,
140,世纪公园,碧江区,环北街道公园道1号,风景名胜,,,,27.737588,109.197434,
140,铜仁大峡谷天生桥景区,碧江区,川硐街道C180村道旁,风景名胜,,,,27.826284,109.222209,
140,万山朱砂古镇,万山区,万山镇矿山公园,风景名胜,,,,27.524789,109.217658,
140,铜仁龙游锦江(中南门古城),碧江区,中南门古城江宗门码头,风景名胜,,,,27.712596,109.185742,
140,中南门靶场,碧江区,解放路60号中南门历史文化旅游区内(西侧),体育休闲服务,,,,27.712725,109.186975,
140,周逸群烈士故居,碧江区,共同路12号,风景名胜,,,,27.716104,109.192108,
140,东山寺-观景台,碧江区,中山路中南门历史文化旅游区东山寺(北侧),风景名胜,,,,27.714356,109.192247,
140,铜仁府文庙,碧江区,中山路中南门历史文化旅游区(东北角),风景名胜,,,,27.715171,109.192374,
140,文笔塔,碧江区,河西街道,风景名胜,,,,27.718090,109.174330,
141,六盘水动物园,钟山区,人民西路804号,风景名胜,,,,26.603714,104.823264,
141,瑶池,钟山区,212省道附近,风景名胜,,,,26.590607,104.792314,
141,白鹤公园,钟山区,白鹤路附近,风景名胜,,,,26.600882,104.817630,
141,梅花山索道旅游景区,钟山区,蟠龙路与玉舍路交叉口西南160米,风景名胜,,,,26.573113,104.816262,
141,麒麟公园,钟山区,荷泉街道荷泉街道荷泉街道荷泉街道荷泉街道人民中路172号左侧,风景名胜,,,,26.582562,104.865733,
141,望城坡欢乐世界,钟山区,森林公园连接线与凉园路交叉口东500米,体育休闲服务,,,,26.604833,104.843344,
141,佛顶寺,钟山区,杨柳街道人民路与官林路交叉口北300米,风景名胜,,,,26.581513,104.877837,
141,贵州三线建设博物馆,钟山区,荷城花园唐人街三线,科教文化服务,,,,26.574635,104.877908,
141,水城古镇-思源广场,钟山区,唐人街与民主路交叉口西北200米,风景名胜,,,,26.575547,104.876941,
141,中国凉都·梅花山旅游景区,钟山区,[],风景名胜,,,,26.606502,104.757313,
141,凉都森林公园,钟山区,乌沙寨,风景名胜,,,,26.616035,104.832810,
141,天波兰亭,钟山区,凤凰大道与山城路交叉口西北240米,风景名胜,,,,26.578021,104.833200,
141,灵山寺,钟山区,青园路口帝雅维客酒店,风景名胜,,,,26.622990,104.815047,
141,钟山公园,钟山区,公园路东150米,风景名胜,,,,26.593258,104.826832,
141,明湖湿地公园一线天,钟山区,中心城区西部,风景名胜,,,,26.575813,104.808194,
141,海坪彝族风情小镇,水城区,海坪街道,风景名胜,,,,26.445327,104.785310,
141,小广场(佳惠华盛堂),钟山区,黄土坡街道钟山西路26号佳惠华盛堂F2层,风景名胜,,,,26.592459,104.832910,
141,六盘水明湖欢乐世界,钟山区,明湖国家湿地公园草坪,体育休闲服务,,,,26.576308,104.810473,
141,六盘水仙水坡烈士陵园,钟山区,凉园路与森林公园连接线交叉口西180米,生活服务,,,,26.605788,104.835775,
141,六盘水梅花山国际度假公园,钟山区,双戛彝族乡,风景名胜,,,,26.629770,104.734186,
141,明湖花趣乐园,钟山区,凤凰街道明湖社区瑶池进门口左侧,风景名胜,,,,26.585857,104.803224,
141,明湖国家湿地公园观望台,钟山区,明湖路32号明湖国家湿地公园内(东侧),风景名胜,,,,26.577441,104.817496,
141,玉舍国家森林公园,水城区,林海雪原,风景名胜,,,,26.449460,104.816147,
141,德湖,钟山区,"钟山大道附近,十字路口处小路右转",风景名胜,,,,26.611473,104.788353,
141,人民广场-新世纪广场,钟山区,钟山大道与大连路交叉口西80米,风景名胜,,,,26.583432,104.851066,
142,石板古街,都匀市,民族路东南方向10米,购物服务,,,,26.258811,107.516713,
142,百子桥,都匀市,河滨路16号,风景名胜,,,,26.254305,107.515996,
142,青云湖森林公园,都匀市,迎宾路附近,风景名胜,,,,26.248830,107.523330,
142,西山公园,都匀市,民族路89号,风景名胜,,,,26.259033,107.507403,
142,贵州绿博园,都匀市,绿博大道,风景名胜,,,,26.266045,107.562709,
142,人民广场,都匀市,新华路126号,风景名胜,,,,26.256989,107.518402,
142,都匀市东山公园,都匀市,东北路127号,风景名胜,,,,26.263475,107.527319,
142,南沙洲公园,都匀市,南沙州民族文化公园,风景名胜,,,,26.248197,107.518218,
142,都匀三线建设博物馆,都匀市,沙包堡街道西山大道北段与云海路交汇处都匀三线文化创意园2号,科教文化服务,,,,26.303306,107.509573,
142,西山公园-九龙寺,都匀市,民族路89号,风景名胜,,,,26.259013,107.506728,
142,文峰广场,都匀市,云鹤路29正北方向160米,风景名胜,,,,26.252771,107.514409,
142,杉木湖景区,都匀市,黔南大道杉木寨,风景名胜,,,,26.222490,107.591753,
142,都匀秦汉影视城,都匀市,青云湖大道东段与都凯城际快道中间,风景名胜,,,,26.244596,107.618437,
142,世纪广场,都匀市,剑江南路181号,商务住宅,,,,26.234250,107.515772,
142,螺蛳壳景区,都匀市,螺蛳壳,风景名胜,,,,26.238512,107.395046,
142,剑江河心岛体育公园,都匀市,河滨路与文明路交叉口西80米,风景名胜,,,,26.260489,107.512487,
142,文峰塔,都匀市,花园路1号文峰园内(东侧),风景名胜,,,,26.251332,107.520106,
142,海咬公园,都匀市,剑江南路附近,风景名胜,,,,26.206033,107.518857,
142,绿博园生龙欢乐世界,都匀市,匀东镇绿博园景区北部展园,体育休闲服务,,,,26.273398,107.543112,
142,新马踏飞燕,都匀市,开发区,风景名胜,,,,26.296675,107.509750,
142,都匀市西苑民族广场,都匀市,环城西路与绿茵路交叉口东200米,风景名胜,,,,26.267461,107.512258,
142,杉木湖中央公园,都匀市,黔南大道杉木寨,风景名胜,,,,26.223126,107.597128,
142,四方潭景区,都匀市,[],风景名胜,,,,26.281775,107.379820,
142,绿茵湖,都匀市,321国道与绿茵湖大道西段交叉口西南100米,风景名胜,,,,26.285256,107.483888,
142,缪斯广场,都匀市,河滨路3-4号,风景名胜,,,,26.265897,107.512053,
143,虹山湖公园,西秀区,虹山湖路,风景名胜,,,,26.256265,105.938558,
143,安顺文庙,西秀区,顺市东北之黉学坝路24号,风景名胜,,,,26.249063,105.935415,
143,若飞广场,西秀区,中华北路113号,风景名胜,,,,26.248615,105.931347,
143,王若飞故居,西秀区,中华北路22号,风景名胜,,,,26.248778,105.930388,
143,南马广场,西秀区,庭院街8号,购物服务,,,,26.248930,105.917002,
143,安顺武庙,西秀区,东街街道中华东路13号,风景名胜,,,,26.246080,105.933062,
143,驼宝山,西秀区,黄果树大街173号,风景名胜,,,,26.248935,105.966450,
143,新大十字塔山广场,西秀区,南街街道统一路1号1栋21号铺面西南方向120米塔山公园,风景名胜,,,,26.240157,105.934406,
143,驼宝山广场,西秀区,黄果树大街,风景名胜,,,,26.244465,105.965754,
143,安顺娄湖生态公园,西秀区,学院路25号安顺学院内正北方向161米,风景名胜,,,,26.252555,105.903064,
143,龙宫风景区,西秀区,兴龙路,风景名胜,,,,26.106874,105.885762,
143,苗岭屯堡古镇,西秀区,东关街道七眼桥镇花园村苗岭,风景名胜,,,,26.267141,106.013970,
143,安顺市金钟广场,西秀区,中华东路安顺市人民政府附近,风景名胜,,,,26.250526,105.946889,
143,安顺古城墙,西秀区,塔山东路67号大中华财富中心,风景名胜,,,,26.244615,105.941100,
143,若飞公园,西秀区,定安大道与娄湖西路交叉口北300米,风景名胜,,,,26.260252,105.902101,
143,圆通寺,西秀区,塔山广场1号,风景名胜,,,,26.241204,105.933853,
143,狮子山公园,西秀区,虹山水库附近,风景名胜,,,,26.265047,105.944268,
143,大圣之眼,西秀区,356国道,风景名胜,,,,26.139615,105.890172,
143,谷氏旧居(北院),西秀区,科学路47号谷氏旧居附近,风景名胜,,,,26.248305,105.933557,
143,华严洞,西秀区,沪昆高速安顺十二小学东侧约80米,风景名胜,,,,26.220257,105.944856,
143,云峰屯堡风景名胜区,西秀区,七眼桥镇云山村,风景名胜,,,,26.288673,106.087655,
143,安顺市博物馆,西秀区,开四路与学院路交叉口西南300米,科教文化服务,,,,26.245009,105.895465,
143,河万村万峰顶,西秀区,幺铺镇河万村,风景名胜,,,,26.148574,105.807429,
143,西水关,西秀区,西水路与南桥巷交叉口北40米,风景名胜,,,,26.248178,105.925528,
143,百灵温泉,西秀区,虹山湖路42号(百灵希尔顿酒店对面),生活服务,,,,26.254474,105.931790,
144,桔山中央湿地公园,兴义市,响水路与兴义大道交叉口东300米,风景名胜,,,,25.117692,104.923462,
144,阳光谷旅游度假区,兴义市,贵醇新路1号,风景名胜,,,,25.065605,104.873976,
144,富兴猫猫城,兴义市,桔山街道永乐动路47号2层,购物服务,,,,25.086325,104.923625,
144,万峰林景区,兴义市,下五屯,风景名胜,,,,25.009610,104.924648,
144,黔西南州博物馆,兴义市,桔群路与金笔三街交叉口东北60米,科教文化服务,,,,25.102620,104.917867,
144,穿云洞公园,兴义市,云南街13号,风景名胜,,,,25.088379,104.895763,
144,兴义刘氏庄园,兴义市,庄园路与园丁路交叉口西南200米,餐饮服务,,,,25.063705,104.896138,
144,峰林布依景区,兴义市,丰都街道赵家渡村,风景名胜,,,,24.994477,104.971678,
144,八一公园,兴义市,市府南路与市府路交叉口南80米,风景名胜,,,,25.091101,104.895859,
144,阳光梦幻王国,兴义市,下午屯街道办纳吉村贵州醇景区不愧天酒楼旁,体育休闲服务,,,,25.065405,104.869705,
144,将军桥,兴义市,下五屯万峰林景区(西南角),风景名胜,,,,25.000767,104.920618,
144,兴义万峰国家湿地公园,兴义市,[],风景名胜,,,,24.914900,105.036010,
144,万峰湖景区,兴义市,则绒乡万峰湖旅游码头,风景名胜,,,,24.937236,105.031187,
144,赵家渡观景台,兴义市,在602县道旁边,风景名胜,,,,25.041648,104.979849,
144,西南入口广场,兴义市,下五屯万峰林景区(西北角),风景名胜,,,,25.045957,104.905774,
144,水晶寺,兴义市,兴义一中后门,风景名胜,,,,25.094790,104.893707,
144,万峰水乡,兴义市,万峰林纳录村一组,体育休闲服务,,,,25.036763,104.911147,
144,百里画廊,兴义市,马岭街道马岭河峡谷风景区(西北角),风景名胜,,,,25.136064,104.955066,
144,万佛寺,兴义市,万峰林风景区内(南侧),风景名胜,,,,24.940205,104.943266,
144,酒林公园,兴义市,兴义世纪车行东北侧180米,风景名胜,,,,25.128775,104.914777,
144,吉隆堡旅游度假区,兴义市,万峰湖景区(西南角),风景名胜,,,,24.917637,105.017018,
144,莳里城堡,兴义市,胖山安置区,风景名胜,,,,25.070893,104.935589,
144,福字田,兴义市,田园1号小院北侧150米,风景名胜,,,,24.951195,104.937984,
144,八卦田,兴义市,下五屯万峰林景区内(南侧),风景名胜,,,,24.980853,104.923921,
144,兴义世界地质公园,兴义市,乌沙镇G324(福昆线),风景名胜,,,,25.135883,104.801386,
145,凯里假日广场,凯里市,文化南路与320国道交汇处,购物服务,,,,26.575914,107.988046,
145,苹果山公园,凯里市,北京路46号,风景名胜,,,,26.580817,107.983066,
145,大阁公园,凯里市,大阁巷284号,风景名胜,,,,26.591422,107.978489,
145,罗汉山森林公园,凯里市,大十字街道环城东路1071号,风景名胜,,,,26.574776,107.995594,
145,西江千户苗寨,雷山县,古街22号,风景名胜,,,,26.494562,108.173116,
145,东湖湿地公园,凯里市,迎宾大道与金泉巷交叉口北180米,风景名胜,,,,26.566717,107.985352,
145,大阁山公园,凯里市,大阁巷284号大阁公园,风景名胜,,,,26.587390,107.977450,
145,下司古镇,凯里市,下司镇,风景名胜,,,,26.515292,107.803033,
145,郎德苗寨景区,雷山县,郎德镇,风景名胜,,,,26.472214,108.061702,
145,游方谷公园,凯里市,滨江路西150米,风景名胜,,,,26.588281,107.959517,
145,鸟山,凯里市,西门街与清平北路交叉口西北180米,风景名胜,,,,26.584830,107.967500,
145,万花谷景区,凯里市,溪畔烟火东侧130米,风景名胜,,,,26.556691,107.924810,
145,凯里市民族风情园-风雨长廊,凯里市,风情大道凯里市民族风情园内(东侧),风景名胜,,,,26.555408,107.978446,
145,西江千户苗寨景区-观景台,雷山县,西江镇南贵村西江千户苗寨景区内,风景名胜,,,,26.492632,108.170630,
145,香炉山十三道拐网红打卡点,凯里市,香炉山,风景名胜,,,,26.601240,107.904881,
145,川洞天生桥,凯里市,中坝村万花谷,风景名胜,,,,26.560127,107.924726,
145,西江一号风雨桥,雷山县,886线与游方街交叉口东南40米,风景名胜,,,,26.490551,108.175840,
145,滨江公园,凯里市,滨江大道与清源路交叉口西南80米,风景名胜,,,,26.591002,107.965672,
145,龙塘花海小镇,凯里市,银桂大道与荷塘路交叉口西南480米鸭塘车管所斜对面,风景名胜,,,,26.529547,107.920510,
145,新峰寺,凯里市,华联路28号,风景名胜,,,,26.575274,107.997499,
145,南花苗寨,凯里市,三棵树镇308省道附近附近,风景名胜,,,,26.511644,108.081706,
145,西江千户苗寨景区-芦笙场,雷山县,西江千户苗寨景区内,公司企业,,,,26.492549,108.174256,
145,262环岛街心花园,凯里市,宁波西路,风景名胜,,,,26.573342,107.970585,
145,白午公园,凯里市,下司镇沪昆高速公路开元新居东北550米,风景名胜,,,,26.523641,107.867748,
145,中国西江千户苗寨-嘎歌古巷,雷山县,古街千户苗寨平寨,风景名胜,,,,26.491392,108.174695,
146,人民公园,七星关区,市西街道清毕路,风景名胜,,,,27.297180,105.288636,
146,南山公园,七星关区,碧阳大道,风景名胜,,,,27.276356,105.293978,
146,同心城市公园,七星关区,麻园街道办事处望城路东海纺织厂门口,风景名胜,,,,27.285689,105.307786,
146,毕节博物馆,七星关区,百里杜鹃路与碧阳大道交叉口,科教文化服务,,,,27.282960,105.287868,
146,德溪公园,七星关区,德溪街道清华国中东侧,风景名胜,,,,27.299379,105.321559,
146,德溪公园,七星关区,德溪大道与百里杜鹃路交叉口东南220米,风景名胜,,,,27.304252,105.324515,
146,毕节南山公园观景台,七星关区,碧阳大道南山公园观景台,风景名胜,,,,27.274386,105.305543,
146,福音堂,七星关区,文笔路21号,风景名胜,,,,27.309957,105.278341,
146,阳山森林公园,七星关区,三板桥街道三板桥,风景名胜,,,,27.274109,105.262759,
146,南山公园全民健身广场,七星关区,碧阳大道南山公园,风景名胜,,,,27.278899,105.295871,
146,天鹅堡广场,七星关区,碧阳大道与同心立交桥交叉口西北160米,风景名胜,,,,27.281084,105.307529,
146,德溪湿地公园,七星关区,开行路与望城路交叉口东北260米,风景名胜,,,,27.288063,105.313659,
146,金海湖湿地公园,大方县,金海湖新区,风景名胜,,,,27.207904,105.455610,
146,灵峰寺,七星关区,三板桥街道灵峰村,风景名胜,,,,27.288290,105.244293,
146,泰丰园,七星关区,流仓桥办事处德沟村德溪大桥东北侧,风景名胜,,,,27.306091,105.326402,
146,毕节公园,七星关区,碧阳街道碧阳街道碧阳街道碧阳街道碧阳街道碧阳大道与望湖路交叉口东440米,风景名胜,,,,27.279813,105.303964,
146,倒天河水库观景台,七星关区,大坡村公益电影放映点东北侧200米,风景名胜,,,,27.308448,105.245074,
146,贵州抗日救国军司令部旧址,七星关区,广惠路与天河路交叉口西南140米,风景名胜,,,,27.305282,105.285562,
146,中华苏维埃人民共和国川滇黔省革命委员会旧址,七星关区,百花路19号,风景名胜,,,,27.302524,105.281698,
146,天河广场,七星关区,翠屏路与环城北路交叉口南20米,风景名胜,,,,27.298236,105.275540,
146,林青纪念馆,七星关区,司法路毕节一小东南侧约100米,风景名胜,,,,27.301851,105.280582,
146,毕节电视塔,七星关区,新桥路65号,风景名胜,,,,27.323250,105.288560,
146,沙帽山公园,七星关区,水西路,风景名胜,,,,27.315808,105.290045,
146,贵州夜郎西民族乐园,大方县,双山镇金海湖新区夜郎西民族乐园1-1-18号附近,体育休闲服务,,,,27.230005,105.482717,
146,酷迪熊亲子乐园,七星关区,新桥路6号,体育休闲服务,,,,27.324275,105.279558,
147,观山湖公园,观山湖区,观山大桥南北两侧,风景名胜,,,,26.639578,106.638004,
147,贵州省博物馆,观山湖区,林城东路107号,科教文化服务,,,,26.647605,106.642467,
147,贵阳市观山湖公园民族大联欢广场,观山湖区,观山大桥观山湖公园,风景名胜,,,,26.637924,106.638034,
147,泉湖公园,白云区,云峰大道142号,风景名胜,,,,26.671771,106.618317,
147,贵州省地质博物馆,观山湖区,云潭南路601号,科教文化服务,,,,26.622894,106.606919,
147,贵阳欢乐世界,白云区,白云南路483号,体育休闲服务,,,,26.670643,106.640073,
147,西普陀寺,白云区,云峰大道龙井路8号(泉湖公园地铁站A口步行400米),风景名胜,,,,26.670373,106.620969,
147,贵阳喀斯特公园,观山湖区,石林东路与金阳南路交叉口,风景名胜,,,,26.616218,106.616838,
147,黔灵山公园,云岩区,枣山路187号,风景名胜,,,,26.598319,106.692230,
147,东林公园,观山湖区,金朱东路恒大中央公园B区11号12号门面西南方向160米,风景名胜,,,,26.653347,106.637845,
147,观山湖民族广场,观山湖区,林城东路9号,风景名胜,,,,26.640835,106.628429,
147,贵阳欢乐海世界,白云区,梵华里小镇4号-负1F2,体育休闲服务,,,,26.667980,106.620150,
147,奥体中心北广场,观山湖区,云潭南路与兴筑路交叉口,风景名胜,,,,26.622077,106.609897,
147,甲秀楼,南明区,翠微巷8号,风景名胜,,,,26.571358,106.719721,
147,斗牛城山庄,白云区,长坡岭森林公园,体育休闲服务,,,,26.662284,106.674472,
147,东林寺,观山湖区,金朱东路(东林公园北侧约50米),风景名胜,,,,26.655067,106.638313,
147,贵阳喀斯特石林恐龙乐园,观山湖区,石林东路喀斯特公园广场,体育休闲服务,,,,26.615667,106.614411,
147,河滨公园,南明区,瑞金南路31号,风景名胜,,,,26.568276,106.706070,
147,鹿冲关森林公园,云岩区,盐沙大道附近,风景名胜,,,,26.626134,106.707259,
147,贵阳市行政中心广场,观山湖区,林城东路贵阳市政府,风景名胜,,,,26.646260,106.628124,
147,七彩湖公园,白云区,铝建路与同心路交汇处,风景名胜,,,,26.680966,106.646757,
147,黔灵山公园动物园,云岩区,枣山路187号黔灵山公园内(东侧),风景名胜,,,,26.598972,106.696629,
147,白鹭湖湿地公园,观山湖区,金岭社区服务中心金岭社区服务中心交勘院100号,风景名胜,,,,26.618649,106.652566,
147,奇遇环线-贵阳,观山湖区,长岭北路16号,风景名胜,,,,26.641798,106.649164,
147,马鞍山公园,白云区,云环路与泉湖路交汇处,风景名胜,,,,26.677273,106.606363,
148,故宫博物院,东城区,景山前街4号,风景名胜,,,,39.917839,116.397029,
148,中国人民革命军事博物馆,海淀区,复兴路9号,科教文化服务,,,,39.909108,116.323871,
148,天安门,东城区,长安街北侧,风景名胜,,,,39.909187,116.397463,
148,雍和宫,东城区,雍和宫大街28号(雍和宫地铁站F东南口步行250米),风景名胜,,,,39.947239,116.417296,
148,天安门广场,东城区,东长安街,风景名胜,,,,39.903182,116.397755,
148,景山公园,西城区,景山西街44号,风景名胜,,,,39.925875,116.396551,
148,北海公园,西城区,文津街1号,风景名胜,,,,39.928775,116.391802,
148,什刹海,西城区,地安门西大街49号,风景名胜,,,,39.941893,116.385121,
148,南锣鼓巷,东城区,交道口街道南大街(南锣鼓巷地铁站E西北口旁),风景名胜,,,,39.937182,116.402394,
148,紫竹院公园,海淀区,中关村南大街35号,风景名胜,,,,39.942352,116.319079,
148,中国国家博物馆,东城区,东长安街16号天安门广场东侧,科教文化服务,,,,39.905374,116.401304,
148,恭王府博物馆,西城区,前海西街17号,风景名胜,,,,39.937222,116.386315,
148,天坛公园,东城区,天坛东里甲1号,风景名胜,,,,39.881913,116.410829,
148,国家大剧院,西城区,西长安街2号(天安门西地铁站出入口旁),体育休闲服务,,,,39.904909,116.389814,
148,中山公园,东城区,中华路4号(天安门西侧),风景名胜,,,,39.910707,116.394407,
148,故宫博物院-午门,东城区,东华门街道景山前街4号故宫博物院内(南侧),风景名胜,,,,39.913582,116.397228,
148,首都博物馆,西城区,复兴门外大街16号,科教文化服务,,,,39.906412,116.342067,
148,白云观,西城区,白云观街7号,风景名胜,,,,39.901266,116.343778,
148,景山公园-绮望楼,西城区,什刹海街道景山西街44号(故宫后门对面)景山公园内(南侧),风景名胜,,,,39.924029,116.396720,
148,故宫博物院-神武门,东城区,景山前街4号北京故宫博物馆,风景名胜,,,,39.922305,116.396786,
148,天安门-城楼,东城区,东长安街天安门(天安门东地铁站A西北入口步行290米),风景名胜,,,,39.908717,116.397488,
148,北京动物园,西城区,西直门外大街137号,风景名胜,,,,39.942105,116.336701,
148,南池子大街,东城区,南池子大街与东华门大街交叉口西南20米,购物服务,,,,39.914988,116.402809,
148,天安门广场-国旗,东城区,东华门街道景山前街4号天安门广场内(北侧),风景名胜,,,,39.906928,116.397554,
148,鼓楼,东城区,钟楼湾胡同临字9号(什刹海地铁站A2西北口步行240米),风景名胜,,,,39.940781,116.395937,
149,故宫博物院,东城区,景山前街4号,风景名胜,,,,39.917839,116.397029,
149,中国人民革命军事博物馆,海淀区,复兴路9号,科教文化服务,,,,39.909108,116.323871,
149,天安门,东城区,长安街北侧,风景名胜,,,,39.909187,116.397463,
149,雍和宫,东城区,雍和宫大街28号(雍和宫地铁站F东南口步行250米),风景名胜,,,,39.947239,116.417296,
149,天安门广场,东城区,东长安街,风景名胜,,,,39.903182,116.397755,
149,景山公园,西城区,景山西街44号,风景名胜,,,,39.925875,116.396551,
149,北海公园,西城区,文津街1号,风景名胜,,,,39.928775,116.391802,
149,什刹海,西城区,地安门西大街49号,风景名胜,,,,39.941893,116.385121,
149,南锣鼓巷,东城区,交道口街道南大街(南锣鼓巷地铁站E西北口旁),风景名胜,,,,39.937182,116.402394,
149,紫竹院公园,海淀区,中关村南大街35号,风景名胜,,,,39.942352,116.319079,
149,中国国家博物馆,东城区,东长安街16号天安门广场东侧,科教文化服务,,,,39.905374,116.401304,
149,恭王府博物馆,西城区,前海西街17号,风景名胜,,,,39.937222,116.386315,
149,天坛公园,东城区,天坛东里甲1号,风景名胜,,,,39.881913,116.410829,
149,国家大剧院,西城区,西长安街2号(天安门西地铁站出入口旁),体育休闲服务,,,,39.904909,116.389814,
149,中山公园,东城区,中华路4号(天安门西侧),风景名胜,,,,39.910707,116.394407,
149,故宫博物院-午门,东城区,东华门街道景山前街4号故宫博物院内(南侧),风景名胜,,,,39.913582,116.397228,
149,首都博物馆,西城区,复兴门外大街16号,科教文化服务,,,,39.906412,116.342067,
149,白云观,西城区,白云观街7号,风景名胜,,,,39.901266,116.343778,
149,景山公园-绮望楼,西城区,什刹海街道景山西街44号(故宫后门对面)景山公园内(南侧),风景名胜,,,,39.924029,116.396720,
149,故宫博物院-神武门,东城区,景山前街4号北京故宫博物馆,风景名胜,,,,39.922305,116.396786,
149,天安门-城楼,东城区,东长安街天安门(天安门东地铁站A西北入口步行290米),风景名胜,,,,39.908717,116.397488,
149,北京动物园,西城区,西直门外大街137号,风景名胜,,,,39.942105,116.336701,
149,南池子大街,东城区,南池子大街与东华门大街交叉口西南20米,购物服务,,,,39.914988,116.402809,
149,天安门广场-国旗,东城区,东华门街道景山前街4号天安门广场内(北侧),风景名胜,,,,39.906928,116.397554,
149,鼓楼,东城区,钟楼湾胡同临字9号(什刹海地铁站A2西北口步行240米),风景名胜,,,,39.940781,116.395937,
150,天井湖风景区,铜官区,长江西路1929号,风景名胜,,,,30.941837,117.799404,
150,中国江南文化园,义安区,江南文化园3-1,风景名胜,,,,30.952250,117.798198,
150,滨江生态公园,铜官区,虚镇南湖路64号正西方向200米,风景名胜,,,,30.942829,117.781429,
150,铜官山1978文创园,铜官区,友好家园后,风景名胜,,,,30.915627,117.822227,
150,西湖城市湿地公园,铜官区,翠湖六路东段1899号,风景名胜,,,,30.972833,117.859901,
150,喜庆广场,铜官区,北斗星城,商务住宅,,,,30.951010,117.818107,
150,意大利风情街,义安区,中国江南文化园(东南角),购物服务,,,,30.950454,117.801783,
150,翠湖公园,铜官区,石城大道1588号,风景名胜,,,,30.958732,117.833991,
150,铜陵飞越文化广场,铜官区,铜井路,商务住宅,,,,30.941210,117.838206,
150,犁桥水镇,义安区,011县道南150米,风景名胜,,,,31.030586,117.890566,
150,铜陵植物园,铜官区,北京中路,风景名胜,,,,30.931042,117.830967,
150,铜文化园,铜官区,长江西路1929号天井湖风景区内,风景名胜,,,,30.945068,117.808921,
150,皖江游园,铜官区,义安南路66号,风景名胜,,,,30.923738,117.814649,
150,螺蛳山公园,铜官区,铜港路,风景名胜,,,,30.922963,117.825367,
150,永泉旅游度假区(永泉小镇),义安区,钟鸣镇叶山林场,住宿服务,,,,30.961546,118.028207,
150,板栗山儿童公园,铜官区,义安大道南段84号,体育休闲服务,,,,30.921961,117.815894,
150,大通古镇风景区,郊区,大通镇铜都大道南段8699号,风景名胜,,,,30.814239,117.732862,
150,大铜官山公园,铜官区,长江东路与沿新大道交叉口西2公里,风景名胜,,,,30.899457,117.831584,
150,民俗文化村,义安区,江南文化园4栋一层(近天井湖北岸),餐饮服务,,,,30.950571,117.802406,
150,水上森林,铜官区,翠湖六路东段1899号西湖城市湿地公园内(北侧),风景名胜,,,,30.979914,117.857834,
150,邻嘉城运·北斗体育公园,铜官区,湖东路与铜园北路交叉口东南220米,风景名胜,,,,30.946661,117.812840,
150,天井湖南湖景区,铜官区,五松镇井湖路,风景名胜,,,,30.943635,117.790215,
150,鹞山公园,铜官区,新光路与金山中路交叉口西北方向,风景名胜,,,,30.923735,117.799119,
150,滨江生态体育公园,铜官区,X018(滨江大道),风景名胜,,,,30.918541,117.766573,
150,通天阁,铜官区,长江西路1929号天井湖风景区(西北角),风景名胜,,,,30.946510,117.797216,
151,齐山·平天湖风景区,贵池区,马衙街道平天湖路,风景名胜,,,,30.654527,117.539910,
151,百荷公园,贵池区,清风街道东湖中路与建设东路交叉口,风景名胜,,,,30.662100,117.494325,
151,平天湖国家湿地公园,贵池区,马衙街道平天湖路齐山·平天湖风景区,风景名胜,,,,30.660969,117.514309,
151,杏花村景区,贵池区,杏花大道108号,风景名胜,,,,30.643358,117.473114,
151,秀山门博物馆,贵池区,池阳街道翠微西路211号,科教文化服务,,,,30.651623,117.482527,
151,平天湖莲花台,贵池区,秋浦东路附近,风景名胜,,,,30.654778,117.518861,
151,池州府儒学,贵池区,池阳路229号,风景名胜,,,,30.658479,117.488444,
151,池州市博物馆,贵池区,池阳路229号池州府儒学内(南侧),科教文化服务,,,,30.657548,117.488744,
151,平天湖天路,贵池区,马衙街道平天湖路齐山·平天湖风景区,风景名胜,,,,30.642640,117.538474,
151,池州齐山风景区,贵池区,齐山平天湖风景区齐山大道齐山公园,风景名胜,,,,30.634871,117.507958,
151,杏花村文化旅游区,贵池区,福康路,风景名胜,,,,30.635090,117.451994,
151,杏花村古井文化园,贵池区,杏村西路298号,风景名胜,,,,30.650402,117.475240,
151,池州欢乐世界,贵池区,人民路与平天湖大道交叉口,体育休闲服务,,,,30.651513,117.514582,
151,西门大埂,贵池区,屏风路与龙舒路交叉口西500米,风景名胜,,,,30.638852,117.477715,
151,南门转盘,贵池区,翠微东路与翠柏南路交叉口东80米,风景名胜,,,,30.649540,117.494434,
151,清溪映月公园,贵池区,清风街道东湖中路安徽亨吉得保健食品公司附近,风景名胜,,,,30.658459,117.496987,
151,九华天池风景区,贵池区,天池大道88号,风景名胜,,,,30.618001,117.615079,
151,三台山公园,贵池区,杏花村街道建设西路与虎泉路交汇处,风景名胜,,,,30.655083,117.477563,
151,望华楼,贵池区,马衙街道,风景名胜,,,,30.655776,117.549940,
151,平天湖-莲花台·梦幻秀,贵池区,秋浦东路35号,风景名胜,,,,30.654967,117.518184,
151,平天湖度假区,贵池区,翠屏路,体育休闲服务,,,,30.674364,117.518836,
151,汉诗门,贵池区,东湖路与清风西路交叉口西100米,风景名胜,,,,30.672075,117.491025,
151,素月亭,贵池区,平天湖路平天湖景区,风景名胜,,,,30.652762,117.537655,
151,清溪塔,贵池区,沿江大道,风景名胜,,,,30.683826,117.505929,
151,平湖栈桥,贵池区,汽车充电站(蔚来目充站池州平天半岛大酒店)东侧100米,风景名胜,,,,30.642041,117.531653,
152,安庆博物馆,迎江区,潜江路8号,科教文化服务,,,,30.537577,117.121996,
152,秦潭湖湿地公园,迎江区,东邻秦潭路,风景名胜,,,,30.538509,117.142692,
152,康熙河景观带,迎江区,振风大道南侧新河路北侧,风景名胜,,,,30.526913,117.106994,
152,菱湖公园,大观区,菱湖街道菱湖街道菱湖街道菱湖街道菱湖街道湖心南路186号,风景名胜,,,,30.514881,117.051748,
152,迎江寺振风塔,迎江区,迎江东路148号,风景名胜,,,,30.501352,117.054752,
152,张湖公园,迎江区,天柱山东路以南,风景名胜,,,,30.547421,117.167447,
152,安庆市外滩公园,迎江区,沿江东路与渡江路交叉口东南150米,风景名胜,,,,30.501727,117.075965,
152,新街口广场,宜秀区,学府花园12栋2门,购物服务,,,,30.539680,117.089429,
152,安庆古城·倒扒狮历史文化街区,迎江区,人民路663号,风景名胜,,,,30.506206,117.039179,
152,赵朴初故居,迎江区,天台里街9号,风景名胜,,,,30.505921,117.047529,
152,太平天国英王府,迎江区,任家坡街47号,风景名胜,,,,30.503813,117.039546,
152,安庆海昌海洋探索馆,迎江区,菱湖南路与龙眠山南路交汇处安庆新城吾悦广场B1层,风景名胜,,,,30.514098,117.076930,
152,三角花园,宜秀区,大桥街道办事处,商务住宅,,,,30.552772,117.073023,
152,莲湖公园,迎江区,菱湖南路108号安庆菱湖风景区内(南侧),风景名胜,,,,30.513610,117.058692,
152,科技广场,迎江区,菱湖南路108号安庆市菱湖风景区(东南角),风景名胜,,,,30.513865,117.066944,
152,新河公园,宜秀区,振风大道(振风苑小区东南侧约150米),风景名胜,,,,30.527708,117.090689,
152,安庆市菱湖风景区-安庆文化广场,宜秀区,菱湖南路108号安庆市菱湖风景区内(北侧),风景名胜,,,,30.530231,117.065183,
152,巨石山,宜秀区,罗岭镇小龙山生态旅游区,风景名胜,,,,30.697918,117.085548,
152,独秀园,大观区,十里乡林业村,风景名胜,,,,30.571516,117.001373,
152,安庆欢乐世界,迎江区,段山路,体育休闲服务,,,,30.546998,117.171192,
152,滨江ECD油罐生态文化中心户外广场公园,迎江区,油港路与滨江大道交叉口北200米,风景名胜,,,,30.506857,117.094122,
152,乌龙溪景区,宜秀区,森林公园2号,风景名胜,,,,30.618369,117.072654,
152,神灵潭湿地公园,宜秀区,叶祠路与文苑路交叉口西420米,风景名胜,,,,30.530781,117.084544,
152,安庆市菱湖风景区-安庆市动物园,大观区,湖心南路186号菱湖公园内(东北角),风景名胜,,,,30.518567,117.054052,
152,狮子山公园,大观区,大王庙街146号,风景名胜,,,,30.513850,117.021526,
153,相山国家森林公园,相山区,相山路1号,风景名胜,,,,33.990945,116.793755,
153,隋唐运河古镇,相山区,南黎路首府小区对面,风景名胜,,,,33.937461,116.811628,
153,淮北市博物馆,相山区,南黎街道南黎办事处博物馆路1号,科教文化服务,,,,33.951887,116.798544,
153,恒大中央公园,濉溪县,龙脊山路与濉河路交叉口西200米,商务住宅,,,,33.925124,116.781036,
153,濉溪古城,濉溪县,南环城路(乾隆湖景区北侧),风景名胜,,,,33.913501,116.789116,
153,南湖湿地公园,烈山区,烈山区文化体育广播电视局旁,风景名胜,,,,33.910510,116.828275,
153,绿金中央公园,相山区,创新大道,风景名胜,,,,33.932441,116.835398,
153,淮北工业博物馆,相山区,濉溪北路8号(淮北建投集团对面),科教文化服务,,,,33.964904,116.780991,
153,淮北发电厂文化街区,相山区,濉溪北路与惠黎路交叉口西北140米,风景名胜,,,,33.968353,116.780870,
153,老濉河公园,相山区,南黎路,风景名胜,,,,33.941553,116.777138,
153,绿金湖体育公园,相山区,创新大道与龙山路交叉口南400米,风景名胜,,,,33.934790,116.831353,
153,四季榴园景区,烈山区,烈山镇东部榴园村内,风景名胜,,,,33.922283,116.963995,
153,淮北显通寺,相山区,相山路1号相山国家森林公园,风景名胜,,,,33.990196,116.798604,
153,龙脊山自然风景区,烈山区,烈山镇,风景名胜,,,,33.903459,116.961925,
153,绿金湖湿地公园,相山区,人民东路南侧,风景名胜,,,,33.934226,116.841126,
153,相山公园淮北动物园,相山区,相山路1号相山国家森林公园(东南角),风景名胜,,,,33.982585,116.798382,
153,将军亭,相山区,相山路1号相山国家森林公园,风景名胜,,,,33.986667,116.792242,
153,东湖碳谷湖公园,杜集区,淮海东路与龙山路交汇处,风景名胜,,,,33.975649,116.838146,
153,百莲百荷,杜集区,矿山集街道东湖公园路与开渠路辅路交叉口正北810米处,风景名胜,,,,33.993503,116.870197,
153,黎苑法治广场,相山区,相山北路黎苑新村-一期,风景名胜,,,,33.956419,116.801057,
153,淮北欢乐世界,杜集区,开渠中路(原东湖景区矿山公园内),体育休闲服务,,,,33.986426,116.860518,
153,淮北国家矿山公园,杜集区,开渠中路与东湖公园路交叉口东140米,风景名胜,,,,33.987665,116.861084,
153,龙脊天路北观景平台,烈山区,龙脊天路北线北侧,风景名胜,,,,33.930381,116.977900,
153,隋唐运河古镇·大观园,相山区,隋唐运河古镇内(西侧),风景名胜,,,,33.938842,116.807611,
153,长山公园,相山区,环山东路,风景名胜,,,,33.980672,116.803647,
154,马鞍山市博物馆,雨山区,太白大道2006号1栋,科教文化服务,,,,31.664573,118.505625,
154,采石矶,雨山区,采石镇唐贤街1号,风景名胜,,,,31.655648,118.457456,
154,朱然文化公园,雨山区,雨山街道花园路与湖西路交叉路口,风景名胜,,,,31.668068,118.495346,
154,朱然家族墓地博物馆,雨山区,朱然路18号,科教文化服务,,,,31.669027,118.493392,
154,阳湖公园,雨山区,阳湖大桥西北方向,风景名胜,,,,31.643046,118.524428,
154,儿童公园,雨山区,平湖街道湖南路14号,风景名胜,,,,31.685963,118.500943,
154,德化堂中国古床博物馆,雨山区,九华路与康乐路交叉口处(东湖公园南门),科教文化服务,,,,31.653870,118.516149,
154,滨江公园,雨山区,采石镇唐贤街1号采石矶内(北侧),风景名胜,,,,31.669678,118.452139,
154,冬园,花山区,桃源路街道江东大道中段冬园红星美凯龙一楼南厅,风景名胜,,,,31.672517,118.524167,
154,南湖公园,雨山区,艳阳路,风景名胜,,,,31.682021,118.503138,
154,雨山公园,雨山区,花雨路西起点,风景名胜,,,,31.678940,118.492230,
154,采石矶-马鞍山太白楼,雨山区,采石镇唐贤街1号采石矶内(南侧),风景名胜,,,,31.646126,118.460123,
154,佳山公园,花山区,湖南东路920号,风景名胜,,,,31.687239,118.516515,
154,采石矶景区北广场,雨山区,采石镇唐贤街1号采石矶内(西侧),风景名胜,,,,31.655288,118.455351,
154,节庆广场,雨山区,湖西南路附近,风景名胜,,,,31.629854,118.503664,
154,小九华寺,雨山区,采石镇,风景名胜,,,,31.665745,118.458518,
154,马鞍山市政公园,雨山区,花园路与太白大道交叉口东160米,风景名胜,,,,31.666739,118.506433,
154,小九华,雨山区,船江大道与沿江大道交叉口东480米,风景名胜,,,,31.667336,118.458717,
154,采石古镇(采石横江苑),雨山区,九华西路2333号,风景名胜,,,,31.656177,118.460358,
154,慈湖河体育公园,花山区,慈湖河路与旅游大道交叉口东北120米,风景名胜,,,,31.697986,118.533659,
154,采石矶-三台阁,雨山区,采石镇唐贤街1号采石矶内(南侧),风景名胜,,,,31.649587,118.458020,
154,滨江文化湿地公园,雨山区,采石镇唐贤街1号采石矶(西北角),风景名胜,,,,31.659258,118.453759,
154,雨山湖公园-动物园,花山区,雨山湖公园内,风景名胜,,,,31.690475,118.505613,
154,烟墩山文化遗址公园,雨山区,九华东路与平山路交叉口西北220米,风景名胜,,,,31.655166,118.514379,
154,采石矶-三元洞,雨山区,采石镇唐贤街1号采石矶内(南侧),风景名胜,,,,31.646842,118.456452,
155,中央公园,金安区,长安南路与梅山南路相交处,风景名胜,,,,31.740859,116.514954,
155,皖西博物馆,金安区,望城街道佛子岭中路124号,科教文化服务,,,,31.738033,116.524412,
155,安徽梦幻海洋大世界,金安区,解放路与大别山交汇处北侧90米路东浙东商贸城C区一楼,风景名胜,,,,31.745473,116.497013,
155,六安异域风情温泉小镇,金安区,丰源大道与南山大道交叉口北360米,风景名胜,,,,31.726335,116.544870,
155,南湖湿地公园,金安区,六舒路与锦绣路,风景名胜,,,,31.708159,116.533179,
155,月亮岛,裕安区,鼓楼街道月亮岛路,风景名胜,,,,31.761631,116.483511,
155,九墩塘公园,金安区,解放路167号,风景名胜,,,,31.754445,116.498708,
155,金水湾体育公园,金安区,五里墩大桥北侧至皋城路南侧,风景名胜,,,,31.756382,116.520896,
155,赓续公园,金安区,皋城路大桥北侧淠河总干渠东岸,风景名胜,,,,31.767499,116.517354,
155,西海农业生态公园,裕安区,312国道与六苏路交汇处,风景名胜,,,,31.729115,116.434439,
155,月亮岛I love六安标志打卡地,裕安区,皖西学院艺术学院东北侧160米,风景名胜,,,,31.763915,116.480222,
155,六安异域风情颐养旅游小镇,金安区,淠望南路刘家埂六安异域风情,商务住宅,,,,31.726895,116.538509,
155,大别山革命历史纪念馆,金安区,解放路167号九墩塘公园内(东侧),风景名胜,,,,31.754436,116.500250,
155,六安古城墙,裕安区,淠河中路与云路街交叉口北40米,风景名胜,,,,31.756818,116.490527,
155,滨河公园,裕安区,梅山路,风景名胜,,,,31.743528,116.506742,
155,凤栖湖湿地公园,裕安区,佛子岭西路南40米,风景名胜,,,,31.717847,116.490256,
155,安徽淠河国家湿地公园,裕安区,滨河大道与清潭路交叉口西南140米,风景名胜,,,,31.768770,116.481314,
155,水上公园,裕安区,天河东路与解放南路辅路交叉口东240米,风景名胜,,,,31.730845,116.500649,
155,人民公园,金安区,球拍东路,风景名胜,,,,31.758853,116.509127,
155,浙东·梦幻南山,金安区,元和大道,风景名胜,,,,31.676284,116.568271,
155,六安市皖西烈士陵园,金安区,解放中路九墩塘公园(东侧),生活服务,,,,31.754515,116.500014,
155,南门塔公园,裕安区,大观音寺巷与黄大街交叉口西北80米,风景名胜,,,,31.751580,116.490500,
155,南山草原·森野集,金安区,梅山南路203号,风景名胜,,,,31.664724,116.564991,
155,市民广场,金安区,佛子岭中路127号,风景名胜,,,,31.731899,116.524411,
155,观音律寺,裕安区,草市街18号,风景名胜,,,,31.750954,116.490074,
156,文峰公园,颍泉区,清河东路279号,风景名胜,,,,32.892409,115.820428,
156,阜阳博物馆,颍州区,府前路96号,科教文化服务,,,,32.857796,115.800888,
156,祥源颍淮阜阳生态乐园,颍泉区,欧阳修路666号,风景名胜,,,,32.932293,115.786534,
156,城南五道河体育公园,颍州区,阜王路东150米,风景名胜,,,,32.855351,115.805619,
156,资福禅寺,颍州区,一人巷商业街(阜阳市房地产交易中心南),风景名胜,,,,32.899542,115.811420,
156,阜阳尧泰汉海海洋公园,颍州区,竹园路136号,体育休闲服务,,,,32.841267,115.795305,
156,青颍公园,颍泉区,颍州北路283号,风景名胜,,,,32.908713,115.822146,
156,听泉亭,颍泉区,古泉路与光华路交叉口西南140米,风景名胜,,,,32.934710,115.810719,
156,七渔河体育公园,颍州区,七渔河西岸,风景名胜,,,,32.899653,115.773677,
156,清河广场,颍州区,奎星路与清河东路交叉口西北100米,风景名胜,,,,32.890119,115.815980,
156,阜阳市金种子生态产业文化园,颍州区,河滨路与京九路交叉口西南角,风景名胜,,,,32.881128,115.854129,
156,文峰塔,颍州区,文峰公园内(东侧),风景名胜,,,,32.892126,115.821567,
156,颍州西湖景区,颍州区,西湖镇西湖大道,风景名胜,,,,32.895067,115.648455,
156,和平公园,颍州区,颍州南路81号,风景名胜,,,,32.855558,115.821190,
156,阜阳植物园,颍州区,颍淮大道与阜康路交叉口向西131米,风景名胜,,,,32.836487,115.798370,
156,东岳西巷,颍州区,颍州中路与颍河西路交叉口南260米,购物服务,,,,32.896480,115.825148,
156,颍州区阜阳花博园,颍州区,202省道附近,风景名胜,,,,32.840568,115.748004,
156,阜阳市金种子雕塑公园,颍州区,清河东路与京九路交叉口西北角,风景名胜,,,,32.879201,115.853379,
156,天英宝鼎,颍州区,卜子东路66号,风景名胜,,,,32.874141,115.782013,
156,颍河风景带,颍东区,高速·时代华府西门路对面坝子,风景名胜,,,,32.915442,115.841231,
156,城南五道河体育儿童公园,颍州区,八里松路辅路与广颍路交叉口东南100米,风景名胜,,,,32.854993,115.808478,
156,阜阳颍东欢乐城,颍东区,新华街道阜蚌路南侧济广高速西侧,体育休闲服务,,,,32.964353,115.905170,
156,笨笨熊乐园,颍州区,清河街道西清路西至西清路南至八里松路北至三清路,风景名胜,,,,32.862408,115.791506,
156,白衣桥,颍州区,临泉路与小南关巷交叉口东60米,风景名胜,,,,32.896579,115.804229,
156,宋街游乐园,颍州区,淮河路1011号,体育休闲服务,,,,32.876089,115.805214,
157,琅琊山景区,琅琊区,琅琊古道18-30号,风景名胜,,,,32.283671,118.286819,
157,滁州博物馆,南谯区,中都大道与龙蟠大道交叉口东北100米,科教文化服务,,,,32.254853,118.331660,
157,琅琊山旅游区(琅琊山古道),琅琊区,琅琊古道18-30号琅琊山景区,风景名胜,,,,32.281065,118.287394,
157,明湖公园,南谯区,[],风景名胜,,,,32.221221,118.386649,
157,滁州花博园,南谯区,腰铺镇丰乐大道附近,风景名胜,,,,32.229662,118.299851,
157,琅琊山景区-醉翁亭,琅琊区,琅琊山半山腰琅琊古道旁,风景名胜,,,,32.283433,118.288017,
157,琅琊山飞越丛林探险乐园,南谯区,西涧中路4306号,体育休闲服务,,,,32.267454,118.297510,
157,龙蟠河公园,南谯区,永乐北路与花事路交叉口西南160米,风景名胜,,,,32.259727,118.323782,
157,协商文化公园,南谯区,龙兴路辅路与南谯南路交叉口西240米,风景名胜,,,,32.229435,118.333405,
157,琅琊山景区-南天门,南谯区,市西琅琊古道28号琅琊山景区内(西南角),风景名胜,,,,32.271554,118.280382,
157,城南湿地公园,南谯区,仁和路东,风景名胜,,,,32.245783,118.349092,
157,滁州长城梦世界影视基地,南谯区,腰铺镇梅铺村,风景名胜,,,,32.231559,118.275660,
157,中新苏滁体育公园,南谯区,滨河北路与九梓大道交叉口东100米,风景名胜,,,,32.282813,118.373108,
157,清流公园,南谯区,清流街道南谯中路1123号,风景名胜,,,,32.292928,118.323446,
157,南京太仆寺,琅琊区,天长西路与西涧北路交叉口,风景名胜,,,,32.300690,118.299887,
157,滁州市农歌会广场,南谯区,龙蟠大道180号附近,风景名胜,,,,32.252386,118.333481,
157,镜园公园,南谯区,东坡西路与西涧南路交叉口西北50米,风景名胜,,,,32.250633,118.298490,
157,菱溪湖公园,琅琊区,菱溪北路与九江西路交口,风景名胜,,,,32.312557,118.348050,
157,琅琊山森林漂流,南谯区,西涧中路4306号,体育休闲服务,,,,32.260226,118.267404,
157,大王公园,南谯区,大王街道常州路与清流路交叉口东南,风景名胜,,,,32.304684,118.398312,
157,琅琊山景区-琅琊古寺,琅琊区,琅琊山古道,风景名胜,,,,32.273760,118.281090,
157,南湖公园,琅琊区,环城路与南谯北路交叉口东南角,风景名胜,,,,32.312760,118.299571,
157,佑安公园,南谯区,全椒南路与醉翁路交叉口东北,风景名胜,,,,32.246259,118.317166,
157,苏州公园,南谯区,苏滁大道与双城路交叉口西北角,风景名胜,,,,32.290679,118.401112,
157,康强欢乐世界,南谯区,花博园西侧,体育休闲服务,,,,32.231448,118.286624,
158,屯溪老街,屯溪区,屯溪老街241号,购物服务,,,,29.708871,118.302443,
158,黎阳in巷,屯溪区,"黎阳老街昱新路2号(文峰桥,屯溪一中)",风景名胜,,,,29.706280,118.298723,
158,黄山市新安江滨水旅游景区,屯溪区,屯光镇瑶里路8号(世纪广场下行2000米),风景名胜,,,,29.729205,118.356287,
158,世纪广场,屯溪区,长干东路208号,风景名胜,,,,29.713310,118.338319,
158,江心洲广场,屯溪区,新安大道16号,风景名胜,,,,29.705045,118.314375,
158,徽州古城,歙县,徽州路93号,风景名胜,,,,29.866020,118.436772,
158,古徽州文化旅游区,歙县,徽城镇徽州路与西街交叉口,风景名胜,,,,29.862792,118.436137,
158,戴震公园,屯溪区,新安北路45号,风景名胜,,,,29.712950,118.305744,
158,西溪南古村落,徽州区,和尚棚20-3,风景名胜,,,,29.837556,118.286000,
158,唐模景区,徽州区,潜口镇唐模村潜唐路1号,风景名胜,,,,29.868462,118.336109,
158,鲍家花园,歙县,棠樾村,风景名胜,,,,29.861583,118.370575,
158,潜口民宅博物馆,徽州区,潜口村潜黄路1号,风景名胜,,,,29.868707,118.295003,
158,桃花潭,屯溪区,长干东路与前园南路交叉口东120米,风景名胜,,,,29.710220,118.331406,
158,花山世界·花山谜窟,屯溪区,花山路,风景名胜,,,,29.744594,118.389064,
158,花山世界,屯溪区,花山路,风景名胜,,,,29.744433,118.389047,
158,安徽中国徽州文化博物馆,屯溪区,迎宾大道50号,科教文化服务,,,,29.717693,118.274611,
158,黄山徽秀,屯溪区,黎阳镇西海路31号徽商中心大剧院,事件活动,,,,29.706528,118.288888,
158,呈坎,徽州区,宝纶路78号,风景名胜,,,,29.914335,118.280803,
158,新徽天地醉温泉旅游度假区,屯溪区,花山路与前园南路交叉口北1200米,风景名胜,,,,29.713497,118.348443,
158,南滨江公园,屯溪区,云海路,风景名胜,,,,29.703520,118.329844,
158,世纪广场-滨江游园,屯溪区,滨江东路3-2号,风景名胜,,,,29.713652,118.338294,
158,稽灵山,屯溪区,屯溪区,地名地址信息,,,,29.696779,118.300825,
158,渔梁坝,歙县,徽城镇东南1.5公里渔梁村,风景名胜,,,,29.856490,118.448628,
158,徽州古城渔梁坝和渔梁古镇,歙县,徽城镇渔梁村,风景名胜,,,,29.857473,118.449680,
158,霸王山摇铃秀水景区,歙县,王村镇王村霸王山景区瑶琳大道1号,风景名胜,,,,29.756528,118.423612,
159,蚌埠市博物馆,蚌山区,行湖路466号,科教文化服务,,,,32.912746,117.386094,
159,龙子湖公园,蚌山区,环湖西路289号龙子湖风景区(西北角),风景名胜,,,,32.917143,117.404320,
159,龙子湖风景区,龙子湖区,环湖西路289号,风景名胜,,,,32.902826,117.412570,
159,龙子湖西公园,蚌山区,东海大道与环湖西路交叉口东南,风景名胜,,,,32.917601,117.404780,
159,中国南北分界标志,蚌山区,东海大道与于环湖西路交界处蚌埠龙子湖公园,风景名胜,,,,32.919101,117.404298,
159,淮河文化广场,蚌山区,涂山路,风景名胜,,,,32.929369,117.372424,
159,湖上升明月,蚌山区,解放路,风景名胜,,,,32.891193,117.380184,
159,蚌埠嘉年华,蚌山区,燕山乡朝阳南路212号,体育休闲服务,,,,32.898514,117.346779,
159,龙子湖东公园,龙子湖区,环湖西路289号龙子湖风景区内(北侧),风景名胜,,,,32.920106,117.417064,
159,大塘公园,蚌山区,延安路与群力街交叉口西南140米,风景名胜,,,,32.941288,117.370783,
159,龙鳞叠水,龙子湖区,环湖西路289号龙子湖风景区,风景名胜,,,,32.904760,117.413594,
159,南山公园,蚌山区,南山路122号,风景名胜,,,,32.942072,117.365736,
159,蚌埠张公山动物园,禹会区,张公山公园内(西侧),风景名胜,,,,32.922241,117.337602,
159,珍珠女打卡点,禹会区,东海大道81号,风景名胜,,,,32.918240,117.343944,
159,市民广场,蚌山区,龙腾路博物馆新馆东,风景名胜,,,,32.913406,117.387875,
159,热浪岛水公园,蚌山区,燕山乡黄山大道5599号朝阳路与黄山大道交叉口,体育休闲服务,,,,32.893703,117.345016,
159,蚌埠小首尔(打卡地),蚌山区,鼎元里西北角西边,住宿服务,,,,32.945466,117.356121,
159,西游王国乐园,蚌山区,东风街道龙子湖公园滨水广场风景名胜区管理处101-102办公室,体育休闲服务,,,,32.933108,117.407396,
159,汤和墓古迹园,龙子湖区,龙子湖东公园(东北角),风景名胜,,,,32.923517,117.418704,
159,涂山风景区,禹会区,东海大道与206国道交叉口,风景名胜,,,,32.937506,117.229380,
159,蚌埠闸风景区,禹会区,黑虎山路1号,风景名胜,,,,32.948494,117.277716,
159,卫食园风景区,淮上区,双墩路与果园路交叉口西120米,风景名胜,,,,32.967848,117.325536,
159,小黄山公园,禹会区,山香路,风景名胜,,,,32.902958,117.301310,
159,龙子湖北公园,蚌山区,环湖西路18号,风景名胜,,,,32.925422,117.402784,
159,张公山公园-望淮塔,禹会区,张公山路132号张公山公园内(西侧),风景名胜,,,,32.921113,117.340393,
160,安徽博物院,蜀山区,怀宁路87号,科教文化服务,,,,31.802102,117.220595,
160,天鹅湖体育公园,蜀山区,笔架山街道天鹅湖路与聚云峰路交口,风景名胜,,,,31.813446,117.224195,
160,合柴1972,包河区,金寨南路310号,风景名胜,,,,31.797911,117.245085,
160,天鹅湖公园,蜀山区,天鹅湖东路56号,风景名胜,,,,31.815183,117.230912,
160,金大地东西街,蜀山区,黄山路543号北100米,购物服务,,,,31.841360,117.221647,
160,安徽省地质博物馆,蜀山区,笔架山街道嘉和路999号(安徽省文化博物园内),科教文化服务,,,,31.803236,117.221844,
160,天鹅湖人工沙滩,蜀山区,祁门路(天鹅湖地铁站A口步行260米),风景名胜,,,,31.808832,117.227304,
160,绿轴公园,蜀山区,祁门路,风景名胜,,,,31.803232,117.227843,
160,徽园,蜀山区,繁华大道11178号,风景名胜,,,,31.783386,117.218822,
160,蜀山森林公园,蜀山区,玉兰大道8号,风景名胜,,,,31.841590,117.170897,
160,天鹅湖公园-观景平台,蜀山区,怀宁路与天鹅湖路交叉口天鹅湖公园(东北角),风景名胜,,,,31.814838,117.227488,
160,合肥海洋世界,蜀山区,蜀山经济技术开发区繁华大道321号,风景名胜,,,,31.780813,117.215222,
160,石台路公园,蜀山区,石台路与天鹅湖东路交口东南角,风景名胜,,,,31.813439,117.239977,
160,合肥野生动物园,蜀山区,望江西路600号,风景名胜,,,,31.835193,117.167944,
160,南艳湖公园,蜀山区,习友路与观海路交叉口,风景名胜,,,,31.764359,117.262377,
160,包公园,包河区,芜湖路72号,风景名胜,,,,31.856782,117.294805,
160,杏花公园,庐阳区,三孝口街道淮河西路482号,风景名胜,,,,31.869229,117.273050,
160,环城公园,庐阳区,芜湖路街道环城南路29号,风景名胜,,,,31.874512,117.282971,
160,欧洲风情街(金寨南路店),蜀山区,金寨路与北海路交口,购物服务,,,,31.779991,117.228365,
160,蜀峰湾体育公园,蜀山区,黄山路与香樟大道交口西北角,风景名胜,,,,31.844318,117.191651,
160,骆岗公园,包河区,包河大道,风景名胜,,,,31.774359,117.298738,
160,古逍遥津,庐阳区,寿春路16号,风景名胜,,,,31.868980,117.295084,
160,庐州公园,庐阳区,冬青街与蓝莓路交叉路口,风景名胜,,,,31.885208,117.229673,
160,合肥植物园,蜀山区,环湖东路123号,风景名胜,,,,31.874263,117.201719,
160,安徽博物院(老馆),庐阳区,安庆路268号(三孝口地铁站H口步行180米),科教文化服务,,,,31.863490,117.275179,
161,芜湖方特梦幻王国,鸠江区,赤铸山东路华强文化科技产业园,体育休闲服务,,,,31.359482,118.457193,
161,芜湖市方特旅游区,鸠江区,赤铸山东路辅路与星耀路交叉口北340米,风景名胜,,,,31.358743,118.463334,
161,芜湖市博物馆,鸠江区,仁和路与中江大道交叉口东南角,科教文化服务,,,,31.348992,118.430859,
161,神山公园,镜湖区,弋江北路,风景名胜,,,,31.349895,118.407021,
161,芜湖鸠兹度假区,鸠江区,万春中路与龙江路交叉口南460米,风景名胜,,,,31.373449,118.445855,
161,芜湖方特水上乐园,鸠江区,赤铸山东路,体育休闲服务,,,,31.358772,118.462211,
161,鸠兹演艺小镇,鸠江区,安澜路与陈棱路交叉口东北角,风景名胜,,,,31.373479,118.444633,
161,芜湖方特东方神画,鸠江区,赤铸山东路(方特梦幻王国东),风景名胜,,,,31.358399,118.468791,
161,芜湖雕塑公园,鸠江区,鸠江北路与仁和路交叉口西侧,风景名胜,,,,31.351496,118.414321,
161,芜湖古城,镜湖区,大砻坊公共服务中心环城北路21号,风景名胜,,,,31.320174,118.384175,
161,芜湖大白鲸海洋公园,鸠江区,徽州路99号,风景名胜,,,,31.374603,118.450513,
161,赭山风景区,镜湖区,九华路345号,风景名胜,,,,31.343078,118.377131,
161,芜湖滨江公园,镜湖区,滨江北路,风景名胜,,,,31.334750,118.358290,
161,中江公园,鸠江区,中江大道与仁和路交汇处(芜湖市政府南),风景名胜,,,,31.350664,118.431139,
161,广济寺,镜湖区,九华中路九华广场,风景名胜,,,,31.337321,118.377230,
161,九华广场,镜湖区,九华中路209号,风景名胜,,,,31.337196,118.378464,
161,鸠兹风景区,镜湖区,滨江公共服务中心春安路鸠兹风景区,风景名胜,,,,31.329190,118.373515,
161,汀棠公园,镜湖区,九华中路45号,风景名胜,,,,31.363610,118.387029,
161,芜湖市中江公园-中心园,鸠江区,中江公园内(东侧),风景名胜,,,,31.350381,118.433042,
161,王稼祥纪念园,镜湖区,中山北路23号,风景名胜,,,,31.342062,118.362047,
161,西洋湖公园,镜湖区,弋江南路与黄山东路交叉口,风景名胜,,,,31.326268,118.400144,
161,鸠兹风景区-镜湖公园,镜湖区,镜湖路,风景名胜,,,,31.330333,118.372945,
161,鸠兹风景区-鸠兹广场,镜湖区,北京西路44号,风景名胜,,,,31.330498,118.372583,
161,松鼠小镇,弋江区,芜湖高新技术产业开发区长江南路西150米,风景名胜,,,,31.275814,118.347945,
161,芜湖古城长虹门,镜湖区,沿河路芜湖古城南城门,风景名胜,,,,31.318145,118.382685,
162,宣城市博物馆,宣州区,响山路与水阳江大道交汇处西南100米,科教文化服务,,,,30.928569,118.761690,
162,宛陵湖景区,宣州区,滨湖路,风景名胜,,,,30.923926,118.753672,
162,敬亭山风景名胜区,宣州区,昭亭北路敬亭山东大门双塔寺对面,风景名胜,,,,30.979018,118.725135,
162,梅溪公园,宣州区,九同路中段东侧,风景名胜,,,,30.936298,118.749294,
162,中国鳄鱼湖,宣州区,响山路附近,风景名胜,,,,30.904473,118.778674,
162,北门老街南广场,宣州区,江滨路69号,风景名胜,,,,30.954951,118.757741,
162,桃源广场,宣州区,拱极路与宛陵西路交叉口东南80米,商务住宅,,,,30.952986,118.754004,
162,宣城市中央生态绿地,宣州区,有容路西侧,风景名胜,,,,30.957888,118.736613,
162,鳌峰公园,宣州区,鳌峰中路25号,风景名胜,,,,30.939604,118.764257,
162,九曲公园,宣州区,水阳江大道附近,风景名胜,,,,30.942242,118.729718,
162,宛陵湖东湖公园,宣州区,滨湖路,风景名胜,,,,30.926409,118.771456,
162,明镜湖公园,宣州区,龙川路与建材路交叉口东北240米,风景名胜,,,,30.949601,118.779532,
162,广教寺双塔,宣州区,宜水路与水阳江北大道交叉口西北600米,风景名胜,,,,30.973469,118.741093,
162,宛陵小九华,宣州区,澄江路凤凰山57号,风景名胜,,,,30.960355,118.755170,
162,大坝塘公园,宣州区,第一人民医院对面,风景名胜,,,,30.949861,118.752672,
162,泥河公园,宣州区,张果路和水阳江大道交叉口东北角,风景名胜,,,,30.931591,118.773867,
162,宛陵湖文化广场,宣州区,水阳江大道南侧,风景名胜,,,,30.926355,118.756193,
162,敬亭山-广教寺,宣州区,敬亭山风景名胜区内(东侧),风景名胜,,,,30.977010,118.730751,
162,中国官塘湖生态旅游风景区,宣州区,S322与富民路交叉口养贤初级中学南400米,风景名胜,,,,31.060703,118.705061,
162,宛陵阁,宣州区,水阳江大道南侧安徽宣城宛陵湖省级湿地公园(西南角),风景名胜,,,,30.919853,118.747257,
162,宣城植物园,宣州区,日新路与茶场路交口,风景名胜,,,,30.937008,118.692128,
162,响山公园,宣州区,水阳江南大道宛溪河边(气象局旁),风景名胜,,,,30.930447,118.765005,
162,新港游乐园,宣州区,日新西路新港文旅城公园内,体育休闲服务,,,,30.943339,118.675475,
162,敬亭湖公园,宣州区,水阳江北大道附近,风景名胜,,,,30.970699,118.743624,
162,芜湖悬月寺,宣州区,芜湖市湾沚区湾沚镇百花村,风景名胜,,,,31.024183,118.635921,
163,宿州博物馆,埇桥区,西关街道银河一路银何广场南80米,科教文化服务,,,,33.643387,116.964035,
163,滨河公园,埇桥区,人民路,风景名胜,,,,33.651165,116.972990,
163,雪枫公园,埇桥区,校场路65号,风景名胜,,,,33.644642,116.987777,
163,新汴河景区,埇桥区,北堤路与淮海北路交叉口西北80米,风景名胜,,,,33.670228,116.979258,
163,宿州市三角洲公园生命之源雕塑,埇桥区,三角洲生态公园(东南角),风景名胜,,,,33.662101,116.965616,
163,东沱河荷花园,埇桥区,宿怀北路与公园路交叉口东北340米,风景名胜,,,,33.643462,116.996565,
163,宿州城南公园,埇桥区,南二环路北侧,风景名胜,,,,33.608651,116.973273,
163,沱河铁路公园,埇桥区,宿怀路与沱河路交口西北角,风景名胜,,,,33.645536,116.991390,
163,银河广场,埇桥区,人民路与银河一路交汇处西南角,风景名胜,,,,33.645100,116.964177,
163,宿州乐湖公园,埇桥区,沱水路与汴河东路交叉口北420米,风景名胜,,,,33.633617,117.027319,
163,汴河博物馆,埇桥区,希尔顿东边,科教文化服务,,,,33.665738,116.953322,
163,宿州古城墙,埇桥区,环城北路与一人巷交叉口西南20米,风景名胜,,,,33.642187,116.978120,
163,中华珍奇紫薇文化园,埇桥区,汴河街道北堤路,风景名胜,,,,33.675813,117.041975,
163,宿州梦幻水城,埇桥区,丰大国际城,风景名胜,,,,33.672610,116.968311,
163,宿州大运河遗址公园北岸景区,埇桥区,宿永路与拂晓二号路交叉口北180米,风景名胜,,,,33.638768,116.944139,
163,三角洲游乐场,埇桥区,南堤路20号,体育休闲服务,,,,33.664917,116.963578,
163,老二中广场,埇桥区,浍水东路与农科路交叉口东北140米,风景名胜,,,,33.627635,116.985181,
163,文化创意小镇,埇桥区,汴阳三路66号,商务住宅,,,,33.684005,116.982917,
163,汴北政务广场,埇桥区,东华路与019乡道交叉口东100米,风景名胜,,,,33.680858,116.964781,
163,迎宾公园,埇桥区,迎宾大道与拂晓大道交叉口东100米,风景名胜,,,,33.611824,116.949672,
163,宿州市环城公园,埇桥区,淮海中路720号,风景名胜,,,,33.636046,116.977416,
163,宿州基督教福音堂,埇桥区,大河南东街66号,风景名胜,,,,33.637324,116.983501,
163,新汴河运动公园,埇桥区,乐天路,风景名胜,,,,33.665548,116.975636,
163,宿州市磬云路游园,埇桥区,淮河西路与磬云南路交叉口西北80米,风景名胜,,,,33.622710,116.955380,
163,东林草堂,埇桥区,[],风景名胜,,,,33.666919,116.987556,
164,建安文化广场,谯城区,希夷大道与药都路交汇处,购物服务,,,,33.838456,115.774777,
164,曹操地下运兵道,谯城区,人民路,风景名胜,,,,33.871707,115.776698,
164,魏武广场,谯城区,薛阁塔路88号,风景名胜,,,,33.856997,115.786167,
164,花戏楼,谯城区,花戏楼街道咸宁街2号,风景名胜,,,,33.884736,115.773300,
164,亳州博物馆,谯城区,薛阁办事处芍花路209号,科教文化服务,,,,33.849234,115.784082,
164,亳州南湖公园,谯城区,仙翁路与菊花路交叉口,风景名胜,,,,33.810999,115.778181,
164,南京巷钱庄,谯城区,花戏楼办事处南京巷19号南京巷,风景名胜,,,,33.882445,115.774287,
164,亳州市文化公园,谯城区,紫苑路,风景名胜,,,,33.827068,115.768172,
164,华佗广场,谯城区,新华南路与永安街交叉口东南,风景名胜,,,,33.876511,115.782361,
164,亳州海洋馆,谯城区,牡丹路与仙翁路交叉口路南往东100米左右,风景名胜,,,,33.806221,115.775759,
164,亳州老街,谯城区,和平路与花戏楼街交叉口东北40米,购物服务,,,,33.879431,115.772456,
164,三角花园,谯城区,三曹路与文帝路交叉口西北60米,风景名胜,,,,33.861317,115.780928,
164,华祖庵,谯城区,永安街12号,风景名胜,,,,33.877535,115.781981,
164,亳州古城,谯城区,白布大街与和平路交叉口北40米,购物服务,,,,33.880083,115.777756,
164,汤王温泉度假区,谯城区,G105国道涡河大桥北西二环与X010交叉口东20米,体育休闲服务,,,,33.884640,115.757610,
164,和平路城门楼,谯城区,北门大街,风景名胜,,,,33.879430,115.777826,
164,华佗百草园,谯城区,十河镇105国道(古井大道),风景名胜,,,,33.789315,115.708426,
164,临漳公园,谯城区,振谯路与藿香路交叉口,风景名胜,,,,33.866265,115.750459,
164,察发古道·脱发白发养发馆(金鼎蓝湾店),谯城区,金鼎蓝湾商办楼C号102铺市政府东门,生活服务,,,,33.846275,115.780725,
164,谯城区花戏楼,谯城区,曹家巷与新华南路交叉口西40米,体育休闲服务,,,,33.875025,115.780025,
164,亳州市党风廉政教育中心,谯城区,凤尾路与仙翁路交叉口西140米,科教文化服务,,,,33.833383,115.771087,
164,白衣律院,谯城区,交通路19号(近魏武大道),风景名胜,,,,33.867509,115.788923,
164,曹操家族墓,谯城区,薛阁街道芍花路179号南侧曹操公园,风景名胜,,,,33.860619,115.788112,
164,凤尾公园,谯城区,紫苑路与老君大道交叉口东280米,风景名胜,,,,33.822228,115.812407,
164,望汤阁,谯城区,魏武大道与汤陵路交叉口东侧,风景名胜,,,,33.884401,115.791047,
165,舜耕山风景区,田家庵区,洞山东路南侧,风景名胜,,,,32.611923,117.013897,
165,E水系带状公园,田家庵区,民祥街与瓦埠湖路交叉口东140米,风景名胜,,,,32.596483,117.016711,
165,龙湖公园,田家庵区,人民北路160号,风景名胜,,,,32.655955,117.012760,
165,山南儿童公园,田家庵区,春分街168号,风景名胜,,,,32.577170,117.002262,
165,九龙岗民国小镇,大通区,九龙岗镇九大路188号,风景名胜,,,,32.609164,117.107048,
165,如意公园,田家庵区,民裕大街108号,风景名胜,,,,32.585185,117.004988,
165,洞山公园,田家庵区,洞山中路18号,风景名胜,,,,32.625350,116.999713,
165,淮南市博物馆,田家庵区,洞山中路15号,科教文化服务,,,,32.624524,116.995874,
165,梦想沙滩,田家庵区,人民公园(西南角),体育休闲服务,,,,32.572920,117.017241,
165,仙女湖,田家庵区,三和乡洞山东路南侧舜耕山风景区内(西侧),风景名胜,,,,32.612559,117.003463,
165,舜耕山大通湿地公园,田家庵区,林场路106号,风景名胜,,,,32.623317,117.040933,
165,大通万人坑教育馆,大通区,园艺路1号,风景名胜,,,,32.618218,117.053747,
165,两琴相悦,田家庵区,淮河大道188-1号,科教文化服务,,,,32.605287,117.012673,
165,寿县古城墙,寿县,内环路与北大街交汇处北,风景名胜,,,,32.570522,116.783651,
165,淮南八公山风景区,八公山区,八南路,风景名胜,,,,32.628503,116.799973,
165,公园里I区,田家庵区,三和乡泉山湖(民慧街北),商务住宅,,,,32.601484,116.957656,
165,山南银杏公园,田家庵区,洛河大道与004乡道交叉口,风景名胜,,,,32.602914,117.025978,
165,大通区鸳鸯湖健康主题公园,大通区,园艺路9号,风景名胜,,,,32.621987,117.061128,
165,E水系体育公园,田家庵区,和风大街88号,风景名胜,,,,32.594534,117.018838,
165,民祥公园,田家庵区,民裕大街b号,风景名胜,,,,32.597843,116.991420,
165,中央公园枢纽站,田家庵区,人民公园,风景名胜,,,,32.583433,117.024746,
165,安徽楚文化博物馆,寿县,明珠大道1号,科教文化服务,,,,32.564134,116.801831,
165,淮南小洱海,大通区,洞山东路辅路,风景名胜,,,,32.610433,117.177152,
165,山南梅园,田家庵区,三和镇五层山,风景名胜,,,,32.612306,117.010001,
165,党建主题公园,田家庵区,民裕大街71号,风景名胜,,,,32.590229,116.994978,
166,镜台山公园,蕉城区,蕉北街道署前路30号,风景名胜,,,,26.676583,119.537112,
166,北岸公园,蕉城区,北湖滨路4号,风景名胜,,,,26.661813,119.561405,
166,塔山公园,蕉城区,如意路21号,风景名胜,,,,26.651287,119.553148,
166,报恩寺,蕉城区,万安西路2号,风景名胜,,,,26.633017,119.539487,
166,南漈山,蕉城区,南漈路136号,风景名胜,,,,26.614577,119.512953,
166,大圣宫,蕉城区,宁川北路与闽东西路交叉口西北180米,风景名胜,,,,26.656022,119.531962,
166,上金贝中华畲家寨景区,蕉城区,金涵畲族乡上金贝村90号,风景名胜,,,,26.706369,119.523348,
166,宁德城隍庙,蕉城区,西北路64号,风景名胜,,,,26.663665,119.524772,
166,宁德市博物馆,蕉城区,东侨经济技术开发区金马北路6号,科教文化服务,,,,26.669491,119.579855,
166,靖海楼,蕉城区,蕉北街道署前路30号镜台山公园(西南角),风景名胜,,,,26.671862,119.532355,
166,宁德南门兜大圣宫,蕉城区,环城路187号,风景名胜,,,,26.657674,119.526965,
166,闽东中华畲族宫,蕉城区,金涵畲族乡亭坪村下亭坪1号,科教文化服务,,,,26.690597,119.506656,
166,天王禅寺,蕉城区,天王岭路与署前路交叉口北260米,风景名胜,,,,26.668150,119.531064,
166,东湖游乐园,蕉城区,东侨开发区北岸公园(西北角),体育休闲服务,,,,26.662617,119.559859,
166,金蛇头青年广场,蕉城区,南湖滨路与金马北路交叉口东120米,体育休闲服务,,,,26.643739,119.576649,
166,八都象山,蕉城区,联信财富广场,风景名胜,,,,26.664310,119.549114,
166,宁德市蕉城区博物馆,蕉城区,福山路56号,科教文化服务,,,,26.661846,119.533153,
166,镜台山金光寺,蕉城区,镜台山,风景名胜,,,,26.672825,119.530051,
166,宁德时代广场,蕉城区,玉塘路,风景名胜,,,,26.668998,119.581494,
166,宁德神农宫,蕉城区,漳湾镇又加塘村103号,风景名胜,,,,26.670495,119.603549,
166,芦坪记忆一里时光,蕉城区,芦坪路与蕉城南路交叉口西南180米,风景名胜,,,,26.656315,119.524817,
166,霍童古镇景区,蕉城区,霍童镇霍童村坂中2号,风景名胜,,,,26.848468,119.417882,
166,宁德郊野公园,蕉城区,三都镇三都澳旅游景区内(西侧),风景名胜,,,,26.645375,119.581825,
166,钱岩山郊野公园,蕉城区,福海路1号,风景名胜,,,,26.654073,119.607119,
166,宁德郊野公园福道,蕉城区,博学路与南天南路交叉口西北220米,风景名胜,,,,26.658306,119.613083,
167,三坊七巷,鼓楼区,南后街139号,风景名胜,,,,26.081958,119.296623,
167,林则徐纪念馆,鼓楼区,澳门路16号(南门兜地铁站L口步行420米),风景名胜,,,,26.078369,119.297274,
167,西湖公园,鼓楼区,湖滨路70号(西门地铁站B口步行533米),风景名胜,,,,26.092037,119.289152,
167,上下杭历史文化街区,台江区,星河巷星安桥路82号,风景名胜,,,,26.052103,119.304687,
167,福州熊猫世界,鼓楼区,梦山路88号,风景名胜,,,,26.088792,119.284614,
167,五一广场,鼓楼区,古田路32号,风景名胜,,,,26.075206,119.308234,
167,茶亭公园,台江区,广达路166号(茶亭地铁站D东南口步行340米),风景名胜,,,,26.066519,119.306451,
167,福建博物院,鼓楼区,湖头街96号(近西湖公园),科教文化服务,,,,26.094102,119.287602,
167,乌山历史风貌区,鼓楼区,道山路251号,风景名胜,,,,26.075023,119.295288,
167,福道,鼓楼区,洪山镇西环北路110号附近,风景名胜,,,,26.086488,119.266264,
167,于山风景名胜公园,鼓楼区,法海路23-1号(南门兜地铁站M口步行30米),风景名胜,,,,26.078030,119.307678,
167,三坊七巷-冰心故居,鼓楼区,环西湖商圈杨桥东路17号,风景名胜,,,,26.085355,119.295830,
167,南后街,鼓楼区,南街街道杨桥东路19号,购物服务,,,,26.085484,119.296196,
167,勺园里文创园,鼓楼区,勺园里47号弄与学园支路交叉口东40米,商务住宅,,,,26.081995,119.289361,
167,左海公园,鼓楼区,五凤街道五凤街道铜盘路29号,风景名胜,,,,26.098109,119.284958,
167,南公园,台江区,国货西路309号,风景名胜,,,,26.062935,119.316492,
167,黎明湖公园,鼓楼区,乌山路福州市委旁边(黎明戴斯大酒店),风景名胜,,,,26.072626,119.296473,
167,闽江公园,仓山区,江滨大道1号,风景名胜,,,,26.060830,119.266563,
167,先薯亭,鼓楼区,乌山路乌山历史风貌区内(东侧),风景名胜,,,,26.075159,119.296117,
167,温泉公园,鼓楼区,温泉公园路8号,风景名胜,,,,26.097265,119.312317,
167,三通桥,台江区,苍霞街道中亭街三通路嘉同便利店,风景名胜,,,,26.053077,119.307691,
167,福州开元寺,鼓楼区,开元路78号开元寺内平房,风景名胜,,,,26.090904,119.301719,
167,闽江公园北园,台江区,江滨西大道133号,风景名胜,,,,26.056284,119.280023,
167,屏山公园,鼓楼区,华大街道华大街道华大街道华大街道华大街道福飞南路139号,风景名胜,,,,26.104902,119.297229,
167,镇海楼,鼓楼区,福飞南路139号(屏山公园内),风景名胜,,,,26.103796,119.297143,
168,绶溪公园,荔城区,荔城北大道,风景名胜,,,,25.458494,119.019370,
168,凤凰山公园,城厢区,文献西路1685号,风景名胜,,,,25.448897,118.987506,
168,莆田市博物馆,城厢区,龙桥街道荔城北大道绶溪公园旁,科教文化服务,,,,25.458072,119.017264,
168,凤凰山,城厢区,[],风景名胜,,,,25.441752,118.992026,
168,南山广化寺,城厢区,广化路,风景名胜,,,,25.425153,118.988960,
168,东岩山公园,荔城区,胜利北路1396号,风景名胜,,,,25.445338,119.018553,
168,梅峰光孝寺,城厢区,胜利北街535号,风景名胜,,,,25.437084,119.012930,
168,古谯楼,荔城区,文献东路99号,风景名胜,,,,25.431542,119.014072,
168,凤凰山风景区-智泉珠瀑,城厢区,文献西路1685号凤凰山公园,风景名胜,,,,25.447765,118.990034,
168,南湖公园,城厢区,荔城南大道34号,风景名胜,,,,25.423943,118.994371,
168,玉湖公园,荔城区,城南工商所北800米,风景名胜,,,,25.421360,119.031397,
168,莆阳福道,城厢区,东圳西支路与261县道交叉口西南220米,风景名胜,,,,25.456101,119.010042,
168,东山报恩寺,荔城区,胜利北路1396号东岩山公园(西南角),风景名胜,,,,25.444286,119.017799,
168,石室岩寺,城厢区,文献西路1685号凤凰山公园(东南角),风景名胜,,,,25.440766,118.992598,
168,南门荔枝公园,城厢区,南园东路02号半岛国际大酒店附近,风景名胜,,,,25.419833,119.013755,
168,玉湖环湖公园,荔城区,尚济街与荔浦路交叉口南320米,风景名胜,,,,25.420843,119.044385,
168,木兰陂公园,城厢区,霞林街道屿上社区屿上558号,风景名胜,,,,25.406810,118.981735,
168,莆田市市政广场,城厢区,荔城中大道2169号莆田市政府广场附近,风景名胜,,,,25.452571,119.007835,
168,元妙观三清殿,荔城区,镇海街道英龙社区梅园东路359号,风景名胜,,,,25.435443,119.017991,
168,文峰宫,荔城区,镇海街道文献社区文献东路329号,风景名胜,,,,25.431388,119.016029,
168,莆田市市政南广场,城厢区,荔城中大道与便民路交叉口东南60米,风景名胜,,,,25.450057,119.007703,
168,东山湄洲妈祖行宫,荔城区,胜利北路1396号东岩山公园内(南侧),风景名胜,,,,25.443776,119.017915,
168,白塘湖公园,涵江区,白塘街429号,风景名胜,,,,25.436912,119.096480,
168,骏马广场,城厢区,龙桥街道诗山路沿渠健身步道东北侧,风景名胜,,,,25.454177,119.003619,
168,凤凰山,城厢区,文献西路凤凰山公园内,风景名胜,,,,25.448897,118.987506,
169,海湾公园,思明区,西堤东路49号,风景名胜,,,,24.473095,118.076287,
169,筼筜湖,思明区,筼筜街道湖滨中路白鹭洲站旁,风景名胜,,,,24.475764,118.094224,
169,厦门山海健康步道,湖里区,邮轮码头(邮轮中心地铁站6号口步行470米),风景名胜,,,,24.481175,118.078283,
169,厦门园林植物园,思明区,虎园路25号,风景名胜,,,,24.447728,118.109277,
169,厦门白鹭洲公园,思明区,白鹭洲路,风景名胜,,,,24.473704,118.093828,
169,厦门屿见闽南主题景区,湖里区,东港北路15、17-19号,风景名胜,,,,24.482369,118.076937,
169,万石山国家重点风景名胜区,思明区,中山公园地铁站4号口步行460米,风景名胜,,,,24.453702,118.093957,
169,南普陀寺,思明区,思明南路515号,风景名胜,,,,24.442641,118.097143,
169,狐尾山公园,湖里区,湖滨中路狐尾山气象主题公园内,风景名胜,,,,24.483896,118.086277,
169,DVLN PaRK退化公园,思明区,斗西路156号祥和广场1楼和6楼,餐饮服务,,,,24.462971,118.086649,
169,钟鼓索道,思明区,虎园路25-110号,风景名胜,,,,24.452775,118.094162,
169,南湖公园,思明区,湖光路7-21号,风景名胜,,,,24.478255,118.106958,
169,厦门市博物馆,思明区,体育路95号,科教文化服务,,,,24.490970,118.109209,
169,沙坡尾,思明区,厦港街道大学路与民族路交叉口东南120米,风景名胜,,,,24.439087,118.088167,
169,狐尾山公园-观景台,湖里区,狐尾山公园内(南侧),风景名胜,,,,24.481392,118.086136,
169,钢琴码头,思明区,鼓浪屿风景区鹿礁路6号之2号,风景名胜,,,,24.446325,118.073285,
169,白城沙滩,思明区,大学路,风景名胜,,,,24.432281,118.100875,
169,厦门世茂双子塔,思明区,演武西路180-188号世茂海峡大厦,风景名胜,,,,24.435612,118.088780,
169,湖里公园,湖里区,湖里工业区牛公岭山麓华泰路32号,风景名胜,,,,24.504475,118.106398,
169,海沧湾公园,海沧区,沧林东路与海沧大道交叉口,风景名胜,,,,24.488050,118.054462,
169,鼓浪屿管风琴艺术中心,思明区,鼓浪屿街道三明路1-4号(和记洋行货栈遗址旁),风景名胜,,,,24.448408,118.068862,
169,厦门白鹭洲公园西公园,思明区,白鹭洲路565号白鹭洲公园内,风景名胜,,,,24.472813,118.089333,
169,金榜公园,思明区,厦禾路与金榜路交叉口西南200米,风景名胜,,,,24.462593,118.114878,
169,厦门海趣海洋世界,湖里区,湖里街道厦门海上世界购物中心L1层,风景名胜,,,,24.488874,118.076278,
169,沙坡尾艺术西区,思明区,沙坡尾60号,商务住宅,,,,24.437609,118.087587,
170,蟳埔民俗文化村,丰泽区,丰海路东30米,风景名胜,,,,24.855056,118.651229,
170,滨海烟火广场,丰泽区,丰海路1118号,风景名胜,,,,24.858702,118.684043,
170,泉州森林公园,丰泽区,通港路410号,风景名胜,,,,24.886667,118.660265,
170,泉州东海金花人民广场,丰泽区,大兴街与府西路交叉口北120米,风景名胜,,,,24.865558,118.680589,
170,中渌广场,丰泽区,泉泰路与府东路交叉口,商务住宅,,,,24.865435,118.684349,
170,泉州少林寺,丰泽区,古道街66号,风景名胜,,,,24.919992,118.614047,
170,蓝色海湾-沙趣园,晋江市,沿海大通道与三号路交叉口北240米,风景名胜,,,,24.845773,118.644661,
170,通淮关岳庙,鲤城区,涂门街186号,风景名胜,,,,24.901753,118.592796,
170,领SHOW天地,丰泽区,泉秀街道刺桐路112号,商务住宅,,,,24.883756,118.607130,
170,洛阳桥,惠安县,[],风景名胜,,,,24.954189,118.682668,
170,泉州大开元寺,鲤城区,西街176号,风景名胜,,,,24.914168,118.585519,
170,泉州钟楼,鲤城区,东西街十字路,风景名胜,,,,24.912291,118.591034,
170,泉州海外交通史博物馆,丰泽区,东湖街道东湖街425号,科教文化服务,,,,24.909925,118.611368,
170,泉州西街,鲤城区,开元街道城西路与西街交叉口,购物服务,,,,24.920341,118.579733,
170,泉州非物质文化遗产馆,丰泽区,东湖街648号侨乡体育中心东北侧,科教文化服务,,,,24.913927,118.614427,
170,泉州市政务服务中心市民广场,丰泽区,公共文化中心,风景名胜,,,,24.867206,118.679952,
170,清源山国家重点风景名胜区,丰泽区,泉山路,风景名胜,,,,24.942414,118.610818,
170,蟳埔村蚵壳厝,丰泽区,海华路767号,风景名胜,,,,24.855388,118.652257,
170,天后宫,鲤城区,临江街道天后路1号,风景名胜,,,,24.895235,118.588755,
170,西头宗祠,丰泽区,丰海路382附近,风景名胜,,,,24.855354,118.651228,
170,丰泽广场,丰泽区,田安北路与丰泽街交汇处西北角,风景名胜,,,,24.903947,118.605291,
170,五店市传统街区,晋江市,进士路1号,风景名胜,,,,24.817870,118.578767,
170,百崎短剧园,惠安县,朝盛西街707号,体育休闲服务,,,,24.876669,118.706217,
170,泉州欧乐堡海洋王国乐园,惠安县,台商投资区海湾大道泉州八仙过海度假区,体育休闲服务,,,,24.858034,118.774430,
170,泉州湾滨海旅游度假区,惠安县,海湾大道2998号玉沙湾公园,风景名胜,,,,24.872954,118.810411,
171,漳州古城,芗城区,北京路与新华西路交叉路口往南约200米,风景名胜,,,,24.505416,117.653739,
171,漳州古城-中山公园,芗城区,新华西路182号,风景名胜,,,,24.507494,117.653714,
171,世纪广场,芗城区,南昌路,商务住宅,,,,24.509378,117.661352,
171,文昌门,芗城区,新华西路,风景名胜,,,,24.509022,117.658517,
171,江滨公园,芗城区,江滨路厦门路与解放路交叉口,风景名胜,,,,24.500830,117.652975,
171,漳州文庙,芗城区,修文西路2号,风景名胜,,,,24.504946,117.653838,
171,芝山公园,芗城区,大通北路55-14旧,风景名胜,,,,24.520486,117.646530,
171,天主堂,芗城区,芳华北路20号,风景名胜,,,,24.508384,117.652521,
171,南山禅寺,芗城区,双庵路11号,风景名胜,,,,24.496793,117.646863,
171,龙江岁月,龙海区,南江滨路,风景名胜,,,,24.487092,117.693620,
171,漳州古城西门广场,芗城区,振成巷与钟法路交叉口东南40米,风景名胜,,,,24.506380,117.649998,
171,漳州三馆,龙海区,琥珀路10-11号,风景名胜,,,,24.496102,117.635963,
171,漳州市博物馆,龙海区,蜈蚣山路与琥珀路交叉口,科教文化服务,,,,24.496100,117.637196,
171,碧湖生态公园,龙文区,江滨路,风景名胜,,,,24.493390,117.687694,
171,威镇阁,芗城区,新华南路,风景名胜,,,,24.501008,117.656906,
171,再回闽南,芗城区,炮仔街与北京路交叉口东60米,风景名胜,,,,24.507090,117.656975,
171,百花村,龙海区,长福村,风景名胜,,,,24.481672,117.656792,
171,漳州石牌坊,芗城区,西桥街道西桥街道香港路181号之一,风景名胜,,,,24.505567,117.652084,
171,西溪亲水公园,龙文区,江滨路10号,风景名胜,,,,24.493263,117.695316,
171,漳州市动物园,芗城区,上街,风景名胜,,,,24.491331,117.646338,
171,闽南水乡,龙文区,蓝田街道水仙大街与石仓南路交叉口,风景名胜,,,,24.503640,117.704646,
171,南山水岸,龙海区,南江滨路与蜈蚣山路交叉口东280米,风景名胜,,,,24.501087,117.641698,
171,霞东书院,芗城区,浦头街与丹霞路交叉口东南100米,风景名胜,,,,24.507509,117.672838,
171,漳州牛庄文创园,芗城区,丹霞路150-14附近,商务住宅,,,,24.518124,117.673795,
171,当凤宫,芗城区,新华东路559-8附近,风景名胜,,,,24.512043,117.667655,
172,麒麟山公园,三元区,新市北路10号,风景名胜,,,,26.252394,117.636051,
172,三明广场,三元区,江滨路辅路与和仁路交叉口东南60米,购物服务,,,,26.266913,117.634116,
172,福建三钢工业旅游区,三元区,长安路,风景名胜,,,,26.258480,117.622899,
172,三明儿童公园,三元区,高岩路(三明市特殊教育学校北侧约250米),风景名胜,,,,26.254087,117.642017,
172,如意桥,三元区,东新四路与列东后街交叉口西北40米,风景名胜,,,,26.272719,117.634494,
172,三明市博物馆,三元区,沙溪河畔三明市体育中心北侧,科教文化服务,,,,26.289040,117.656153,
172,三明仙人谷国家森林公园,三元区,列东街道高岩路103号,风景名胜,,,,26.248640,117.642540,
172,沙县小吃文化城,沙县区,淘金山路1号,风景名胜,,,,26.396242,117.776332,
172,西江滨公园,三元区,河西路22号,风景名胜,,,,26.261151,117.630025,
172,三明市动物园,三元区,新市北路麒麟山公园内(西南角),风景名胜,,,,26.250552,117.635280,
172,虎头山,三元区,虎头山路215号,风景名胜,,,,26.246389,117.671406,
172,瑞云山,三元区,陈大镇瑞云村,风景名胜,,,,26.352410,117.656522,
172,中山公园,三元区,中山南路,风景名胜,,,,26.236838,117.612529,
172,水美土堡群,沙县区,[],风景名胜,,,,26.344345,117.725106,
172,如意湖湿地公园,沙县区,虬江街道快速通道,风景名胜,,,,26.360370,117.773017,
172,西江滨公园-正顺庙,三元区,河西路22号西江滨公园内(南侧),风景名胜,,,,26.258146,117.630141,
172,爱在三钢里体育文化公园,三元区,长安路与青山大道交叉口西北100米,风景名胜,,,,26.262552,117.624313,
172,淘金山风景区,沙县区,新城西路30号沙城西(长深高速公路旁君华大酒店往西2公里),风景名胜,,,,26.393605,117.758024,
172,麒麟阁,三元区,新市北路10号麒麟山公园,餐饮服务,,,,26.253584,117.636064,
172,贵溪洋生态湿地公园,三元区,贵溪洋新区,风景名胜,,,,26.287339,117.663414,
172,芳园,三元区,台江路三明市台江医院西北侧约100米,风景名胜,,,,26.224449,117.576097,
172,砂蕉知青小镇,三元区,新市北路与军岩路交叉口北60米,风景名胜,,,,26.262320,117.639063,
172,七峰叠翠风景区,沙县区,虬江街道东门泰和路3号,风景名胜,,,,26.399016,117.809397,
172,东新公园,三元区,列东街道列东街1070号,风景名胜,,,,26.277973,117.638230,
172,松涛阁,三元区,虎头山201号,风景名胜,,,,26.242608,117.647489,
173,水之厅公园,建阳区,市民广场南侧,风景名胜,,,,27.377002,118.083457,
173,云谷公园,建阳区,建安大街,风景名胜,,,,27.375921,118.069610,
173,南平武夷山水城,建阳区,建安大街317号,购物服务,,,,27.374953,118.090091,
173,南林公园,建阳区,南林大街,风景名胜,,,,27.386088,118.081440,
173,观书园,建阳区,潭城街道考亭小学北侧约80米,风景名胜,,,,27.312163,118.106652,
173,武夷梦华城,建阳区,潭城街道考亭路141号,风景名胜,,,,27.313425,118.105103,
173,武夷花花世界,建阳区,潭城街道考亭卧龙湾,风景名胜,,,,27.315547,118.079042,
173,花海公园,建阳区,武夷新区建平大道西侧,风景名胜,,,,27.334690,118.098054,
173,潭山公园,建阳区,潭城街道潭城街道潭城街道潭城街道民主北路89号附近,风景名胜,,,,27.334939,118.118313,
173,云谷社区体育公园,建阳区,南林大街580号,风景名胜,,,,27.385829,118.078282,
173,潭阳阁,建阳区,朱熹大道1051号,风景名胜,,,,27.351857,118.098047,
173,武夷山风景名胜区,武夷山市,大王峰路21号,风景名胜,,,,27.656446,117.959681,
173,人民公园,建阳区,理学街与景贤路交叉口西60米,风景名胜,,,,27.333875,118.111420,
173,崇阳溪漫游道(建阳)起终点公园,建阳区,崇阳街道,风景名胜,,,,27.377707,118.094782,
173,建阳区寒泉精舍朱子文化园,建阳区,莒口镇,风景名胜,,,,27.361924,118.039347,
173,潭山智慧体育公园,建阳区,潭山大道468号,风景名胜,,,,27.342123,118.105755,
173,考亭古街,建阳区,考亭路141号,风景名胜,,,,27.313425,118.105103,
173,市民广场,建阳区,广场西路以东,风景名胜,,,,27.382364,118.083195,
173,中华武夷茶博园,武夷山市,武夷山国家旅游度假区内,风景名胜,,,,27.639391,117.977991,
173,龙昌桥,建阳区,文昌路与邵武路交叉口东北80米,风景名胜,,,,27.374884,118.088490,
173,武夷宫,武夷山市,宋街国家旅游度假区内(幔亭山房往南200米),风景名胜,,,,27.642113,117.972070,
173,九曲溪竹筏码头,武夷山市,星村镇九曲花街九曲度假酒店后,风景名胜,,,,27.638905,117.928619,
173,武夷香江茗苑,武夷山市,仙云路1号,风景名胜,,,,27.586836,117.974460,
173,云谷水系公园,建阳区,南林大街580号,风景名胜,,,,27.381318,118.076582,
173,武夷山风景名胜区-九曲溪,武夷山市,星村镇大王峰路21号武夷山风景名胜区(西南角),风景名胜,,,,27.638652,117.931437,
174,龙津湖公园,新罗区,曹溪街道龙岩大道与金鸡路交汇处西北侧,风景名胜,,,,25.066044,117.017951,
174,中央苏区公园,新罗区,[],风景名胜,,,,25.061896,116.995864,
174,龙岩紫金山公园,新罗区,绿城蘭园,风景名胜,,,,25.083143,116.972385,
174,龙岩市博物馆,新罗区,龙岩大道2号,科教文化服务,,,,25.071738,117.018652,
174,莲山寺,新罗区,曹溪街道曹溪街道莲东北路32-2号莲花山公园,风景名胜,,,,25.078910,117.029702,
174,莲花山公园天马山,新罗区,曹溪街道曹溪街道莲东北路32-2号莲花山公园,风景名胜,,,,25.077783,117.034946,
174,石锣鼓公园,新罗区,曹溪石锣鼓莲花新村26号,风景名胜,,,,25.073698,117.023786,
174,准星楼,新罗区,莲庄北路与新陂路交叉口南400米,风景名胜,,,,25.074890,117.041028,
174,中央苏区(闽西)历史博物馆,新罗区,中城街道北环西路51号,科教文化服务,,,,25.102370,117.024106,
174,东山湿地公园,新罗区,金鸡路与东环路交叉口西320米,风景名胜,,,,25.062059,117.049807,
174,净慈寺,新罗区,莲花山公园,风景名胜,,,,25.077341,117.034157,
174,玄明古寺,新罗区,红阳中路70-6,风景名胜,,,,25.062624,116.992320,
174,龙岩海丝乐园,新罗区,人民西路158号-9,体育休闲服务,,,,25.094908,117.010529,
174,登高山公园,新罗区,登高路,风景名胜,,,,25.093027,117.035773,
174,龙岩体育公园-综合馆,新罗区,龙腾中路803号,风景名胜,,,,25.067785,117.013357,
174,紫金山晴雪湖,新罗区,西外环路72号,风景名胜,,,,25.077530,116.969762,
174,龙岩森林水乡景区,新罗区,319国道小池镇培斜村幸福路82号,体育休闲服务,,,,25.094972,116.865884,
174,古田会议会址,上杭县,古田镇,风景名胜,,,,25.216883,116.826084,
174,龙岩博物馆,新罗区,和平路32号花家地,科教文化服务,,,,25.101193,117.032499,
174,龙泉寺,新罗区,S65龙岩东连与S65龙岩东连出口交叉口东南440米,风景名胜,,,,25.098666,117.055353,
174,三平寺,新罗区,东兴路与工业东路交叉口北440米,风景名胜,,,,25.120332,117.044572,
174,马头宫,新罗区,北环东路28-25号,风景名胜,,,,25.107411,117.039956,
174,紫金山体育公园,新罗区,[],体育休闲服务,,,,25.084150,116.980481,
174,天宫山,新罗区,雁石镇,风景名胜,,,,25.247777,117.065805,
174,龙州湿地,新罗区,青云路与龙岩大道交会处西北角,风景名胜,,,,25.129661,117.015530,
175,岳阳楼景区,岳阳楼区,洞庭北路60号,风景名胜,,,,29.377902,113.093623,
175,南湖广场,岳阳楼区,南湖大道,风景名胜,,,,29.349875,113.118046,
175,岳阳市南湖公园,岳阳楼区,求索东路,风景名胜,,,,29.345802,113.135377,
175,金鹗公园,岳阳楼区,青年中路95号,风景名胜,,,,29.361179,113.113338,
175,湖南岳阳洞庭湖旅游度假区,岳阳楼区,洞庭湖,风景名胜,,,,29.319814,113.108866,
175,岳阳博物馆,岳阳楼区,南湖广场龙舟路14号,科教文化服务,,,,29.346248,113.120764,
175,岳阳中华大熊猫苑,岳阳楼区,赶山路立交桥西南150米(湘北大道西),风景名胜,,,,29.320102,113.124527,
175,五里牌,岳阳楼区,嘉美巷与运通街交叉口东40米,风景名胜,,,,29.368610,113.123616,
175,巴陵广场,岳阳楼区,巴陵西路31号,风景名胜,,,,29.373840,113.093025,
175,汴河街,岳阳楼区,洞庭北路与桃花井交叉口西60米,购物服务,,,,29.376063,113.094187,
175,慈氏塔,岳阳楼区,红船厂巷西150米,风景名胜,,,,29.368429,113.091812,
175,圣安古寺,岳阳楼区,湖滨大道,风景名胜,,,,29.329976,113.088093,
175,洞庭湖小镇,岳阳楼区,湖滨大道芷兰路,体育休闲服务,,,,29.318195,113.101579,
175,岳阳港工业遗址公园,岳阳楼区,东洞庭湖管委会洞庭南路岳阳市第三中学西侧约200米,风景名胜,,,,29.368586,113.089858,
175,君山岛景区,君山区,旅游路,风景名胜,,,,29.352588,113.007080,
175,鱼巷子洞庭南路历史文化街区,岳阳楼区,洞庭南路9号,风景名胜,,,,29.372589,113.092435,
175,南津古渡,岳阳楼区,洞庭湖旅游度假区,风景名胜,,,,29.348654,113.096440,
175,王家河公园,岳阳楼区,岳阳大道东与大桥河路交叉口西南340米,风景名胜,,,,29.354625,113.153425,
175,珍珠山公园,岳阳楼区,岳阳大道东33号,风景名胜,,,,29.354930,113.165695,
175,岳阳海世界假日乐园,岳阳楼区,岳阳大道89号金悦洋商业公园,风景名胜,,,,29.354953,113.179720,
175,碧波洞庭,岳阳楼区,白杨坡路与召家路交叉口东160米,商务住宅,,,,29.359804,113.127730,
175,吕仙观,岳阳楼区,洞庭南路583号,风景名胜,,,,29.362488,113.091197,
175,洞庭渔歌小镇,岳阳楼区,建设北路1号,风景名胜,,,,29.394775,113.114269,
175,东风湖生态公园,岳阳楼区,洞庭大道216号西南50米,风景名胜,,,,29.389920,113.119384,
175,岳阳花语世界,岳阳楼区,郭镇乡洞庭湖旅游度假区,风景名胜,,,,29.317178,113.129987,
176,人民公园,鹤城区,迎丰街道顺天大道怀化市人民政府西北侧300米,风景名胜,,,,27.576387,110.000950,
176,迎丰公园,鹤城区,湖天大道与锦溪北路交汇处南300米,风景名胜,,,,27.560831,109.985583,
176,五溪文化广场,鹤城区,五溪大道,风景名胜,,,,27.571936,110.039036,
176,榆树湾·青春广场,鹤城区,本业大道282号,风景名胜,,,,27.507324,109.966892,
176,湖南中坡国家森林公园,鹤城区,盈口乡中坡路5号,风景名胜,,,,27.575076,109.950571,
176,听溪阁-鹤鸣洲,鹤城区,盈口街道天星东路(仙鹤湾农庄旁),风景名胜,,,,27.532951,109.979493,
176,怀化九丰现代农博园,鹤城区,[],体育休闲服务,,,,27.563901,110.049237,
176,玉皇宫,鹤城区,怀北路(怀化市第五人民医院东北),风景名胜,,,,27.574939,109.972382,
176,香洲广场,鹤城区,湖天开发区,风景名胜,,,,27.548717,109.993449,
176,怀化博物馆,鹤城区,辰州路与富强路30米,科教文化服务,,,,27.525866,109.966799,
176,湖天小游园,鹤城区,城南街道体育馆路与湖天南路交汇处,风景名胜,,,,27.531884,109.993595,
176,隆平植物园,鹤城区,迎丰公园,风景名胜,,,,27.563375,109.981975,
176,东盟集,鹤城区,320国道1052号,风景名胜,,,,27.509986,109.959030,
176,城南体育公园,鹤城区,力和华府附近,风景名胜,,,,27.526031,109.988122,
176,怀化九丰海洋馆,鹤城区,坨院街道坨院街道卢林南路坨垸村,科教文化服务,,,,27.564838,110.052007,
176,怀化市人民体育公园,鹤城区,府前路35号,风景名胜,,,,27.569260,109.997865,
176,荆坪古村,中方县,荆坪村(滨江大道荆坪大桥南边),风景名胜,,,,27.422193,109.938415,
176,植物博物园,鹤城区,[],风景名胜,,,,27.569602,109.977711,
176,怀化生龙欢乐园,鹤城区,中坡山马家垅,体育休闲服务,,,,27.573645,109.935462,
176,怀化大峡谷,中方县,黄岩乡大坪村,风景名胜,,,,27.474733,110.098120,
176,舞阳公园,鹤城区,人民南路388号,风景名胜,,,,27.540947,109.953955,
176,康龙自然保护区,中方县,新建镇312省道南50米,风景名胜,,,,27.522202,110.107732,
176,怀化市人民政府市政公园,鹤城区,府前路与应民路交叉口西220米,风景名胜,,,,27.568125,110.003797,
176,五溪非遗园,鹤城区,环城西路与陆港大道交叉口西220米,风景名胜,,,,27.523091,109.943585,
176,怀化海洋欢乐世界,鹤城区,坨院街道怀化九丰现代农业科技有限公司(怀化九丰海洋科技馆)右侧30米,风景名胜,,,,27.564688,110.052344,
177,乾州古城,吉首市,人民南路东门巷1号,风景名胜,,,,28.254149,109.699609,
177,湘西文化公园,吉首市,湘西文化公园(工业大道南),风景名胜,,,,28.219161,109.665494,
177,湘西土家族苗族自治州博物馆,吉首市,丰达路与武陵山大道交汇处西南角,科教文化服务,,,,28.217772,109.671416,
177,大坡气象公园,吉首市,乾州工商花园,风景名胜,,,,28.231746,109.685814,
177,兴龙公园,吉首市,乾州街道吉首乾州汽车总站西750米,生活服务,,,,28.238884,109.672968,
177,世纪广场,吉首市,103乡道东200米,商务住宅,,,,28.259412,109.700395,
177,吉凤山生龙欢乐世界,吉首市,吉凤街道吉凤山公园内,体育休闲服务,,,,28.206809,109.674528,
177,矮寨大桥景区,吉首市,矮寨·十八洞·德夯大峡谷景区,风景名胜,,,,28.328221,109.603302,
177,矮寨奇观旅游区,吉首市,矮寨镇德夯风景区西北4公里,风景名胜,,,,28.339240,109.584359,
177,矮寨·十八洞·德夯大峡谷景区,吉首市,209国道德夯风景区西北4公里,风景名胜,,,,28.338636,109.583012,
177,德夯苗寨,吉首市,德夯风景区内,风景名胜,,,,28.343589,109.588488,
177,德夯峡谷景区,吉首市,德夯苗寨,风景名胜,,,,28.343515,109.580501,
177,乾州城市中央花园,吉首市,人民南路与文心路交叉口南180米,风景名胜,,,,28.239676,109.690020,
177,湘西秘境,吉首市,乾城大道与建新路交叉口西北角,商务住宅,,,,28.250469,109.706487,
177,大龙洞风景区,吉首市,矮寨镇大龙洞村,风景名胜,,,,28.274608,109.482294,
177,凤凰古城,凤凰县,沱江镇,风景名胜,,,,27.948931,109.606267,
177,乾州古城北城门,吉首市,人民南路东门巷1号乾州古城(西北角),风景名胜,,,,28.255887,109.698490,
177,十八洞景区,花垣县,双龙镇十八洞村1组,风景名胜,,,,28.374175,109.499528,
177,鼓舞广场,吉首市,武陵山大道与丰达路交叉口西南140米,风景名胜,,,,28.216656,109.671571,
177,大龙洞瀑布,吉首市,矮寨镇大龙村一组大龙洞风景区内(东侧),风景名胜,,,,28.274810,109.485869,
177,文峰塔,吉首市,乾州街道乾州街道乾州街道畜牧局前一百米左转,风景名胜,,,,28.252393,109.705771,
177,公路奇观观景台,吉首市,矮寨奇观旅游区(东南角),风景名胜,,,,28.327964,109.594404,
177,尖朵朵瀑布,凤凰县,禾库镇禾排村,风景名胜,,,,28.229895,109.439105,
177,天问台,吉首市,矮寨镇德夯风景区内,风景名胜,,,,28.333033,109.570183,
177,花果山公园,吉首市,北一环吉首市第一中学西北侧约40米,风景名胜,,,,28.315559,109.742778,
178,张家界天门山,永定区,永定区,地名地址信息,,,,29.112298,110.482243,
178,大庸古城,永定区,滨河路老南门口(步行街附近),风景名胜,,,,29.120155,110.485090,
178,张家界,永定区,永定区,地名地址信息,,,,29.112298,110.482243,
178,张家界土司城,永定区,南庄坪土家风情园风景区内,风景名胜,,,,29.125509,110.464062,
178,大庸桥公园,永定区,子午路东,风景名胜,,,,29.132200,110.458098,
178,张家界市博物馆,永定区,大庸桥街道,科教文化服务,,,,29.132301,110.454729,
178,澧水广场,永定区,大桥路辅路与南庄路交叉口北120米,购物服务,,,,29.127260,110.469119,
178,天门山国家森林公园,永定区,天门路,风景名胜,,,,29.032962,110.478686,
178,人民广场,永定区,解放路70号,风景名胜,,,,29.123513,110.488153,
178,张家界市民广场,永定区,澧兰中路与澧兰西路交叉口西160米,风景名胜,,,,29.115334,110.480399,
178,天门山鬼谷峡洞风景区,永定区,官黎坪天门山国家森林公园,风景名胜,,,,29.099453,110.481660,
178,白羊古刹,永定区,崇文街道解放路70号,风景名胜,,,,29.125461,110.488344,
178,紫舞公园,永定区,后溶街巷168号,风景名胜,,,,29.133244,110.479062,
178,天门山国家森林公园C线索道,永定区,国家电网汽车充电站(张家界天门山充电站)东北侧,风景名胜,,,,29.070565,110.474969,
178,七星山风景区,永定区,天门山镇东南边,风景名胜,,,,29.021263,110.466858,
178,迴龙公园,永定区,迎宾路与崇文路交叉口,风景名胜,,,,29.121389,110.493724,
178,武陵源风景名胜区,武陵源区,军地坪,风景名胜,,,,29.353888,110.469440,
178,庸都园,永定区,解放路和教场路交汇处,风景名胜,,,,29.127610,110.478371,
178,张家界国家森林公园,武陵源区,金鞭路279号,风景名胜,,,,29.353896,110.469450,
178,大栗坡公园,永定区,峪口村西侧,风景名胜,,,,29.142047,110.441222,
178,张家界基督教福音堂,永定区,新码头巷2号基督教福音堂附近,风景名胜,,,,29.116736,110.493469,
178,田家大院,永定区,永定大道与彭家巷路交叉口北80米,风景名胜,,,,29.117261,110.520782,
178,庸乐宫,永定区,机场路于大庸路交汇处,体育休闲服务,,,,29.113524,110.476663,
178,天门山寺,永定区,天门山索道站天门山,风景名胜,,,,29.037796,110.482854,
178,张家界黑风洞,永定区,新桥镇柏家峪村,风景名胜,,,,29.176527,110.530663,
179,娄星广场,娄星区,乐坪大道与氏星路交叉口,风景名胜,,,,27.723746,112.003437,
179,石马公园,娄星区,月塘街166号,风景名胜,,,,27.736440,112.012638,
179,仙女寨植物园,娄星区,汽车南站移民街,风景名胜,,,,27.683736,112.026611,
179,文化广场,娄星区,新星南路,风景名胜,,,,27.706932,112.007847,
179,青山公园,娄星区,娄星北路,风景名胜,,,,27.752250,111.987758,
179,棠湖城市广场,娄星区,乐坪大道东129号,风景名胜,,,,27.722775,112.003289,
179,明珠乐园欢乐世界,娄星区,丹阳路与双科街交叉口往前200米欢乐世界二期,体育休闲服务,,,,27.714599,111.973553,
179,博盛生态体验园,涟源市,博盛生态体验园东门旁,体育休闲服务,,,,27.847808,111.862316,
179,娄底市博物馆,娄星区,秀石街与文艺路交叉口西200米,科教文化服务,,,,27.744815,112.035328,
179,春园公园,娄星区,长青街东369号,风景名胜,,,,27.728722,112.011209,
179,玄真观,娄星区,仙女寨植物园东100米,风景名胜,,,,27.683610,112.026356,
179,城市公园,娄星区,罗家路,风景名胜,,,,27.714365,112.025288,
179,安石广场,娄星区,月塘街185号,购物服务,,,,27.739536,112.012711,
179,涟水公园,娄星区,广源巷,风景名胜,,,,27.747061,112.002552,
179,华胜湿地公园,娄星区,华胜村,风景名胜,,,,27.763756,112.099296,
179,梦幻湘中亲子乐园,娄星区,大埠桥街道肖家冲,体育休闲服务,,,,27.750365,112.060279,
179,古天王寺,娄星区,新星南路与涟滨街交叉口西北500米,风景名胜,,,,27.755046,112.008746,
179,甘桂公园,娄星区,金星路,风景名胜,,,,27.717923,111.985190,
179,洪家山森林公园,娄星区,009乡道,风景名胜,,,,27.908697,111.985366,
179,龙山大峡谷,涟源市,杨市镇大坳村121乡道附近,风景名胜,,,,27.520457,111.813570,
179,孙水河风光带,娄星区,大科街道湘中大道龙泉花园南,风景名胜,,,,27.693811,111.987062,
179,湄江国家地质公园,涟源市,湄江镇207国道湄江国家地质公园,风景名胜,,,,27.906208,111.745105,
179,观音寺,娄星区,大科街道办事处黄泥居委会,风景名胜,,,,27.699495,112.017376,
179,娄底体育公园,娄星区,月塘街与檀香路交叉口东200米,风景名胜,,,,27.739733,112.034930,
179,早元游园,娄星区,安监局(五江碧桂园城市广场东北),风景名胜,,,,27.705305,111.995496,
180,潇湘公园,冷水滩区,双洲路178号,风景名胜,,,,26.429068,111.616743,
180,虎岩公园,冷水滩区,零陵南路275号,风景名胜,,,,26.436427,111.590130,
180,滨江公园,冷水滩区,梅湾街道梅湾街道梅湾街道梅湾街道梅湾街道滨江壹号5-109西南方向180米,风景名胜,,,,26.429915,111.603170,
180,永州白石山公园,冷水滩区,湘江东路1221号,风景名胜,,,,26.441699,111.624584,
180,万喜登广场,冷水滩区,天桥南路与零陵中路交叉口西北40米,商务住宅,,,,26.448620,111.597812,
180,凤凰园城标,冷水滩区,凤凰路与上李家巷交叉口南100米,风景名胜,,,,26.465881,111.600284,
180,零陵古城,零陵区,朝阳街道萍阳南路158号,风景名胜,,,,26.214372,111.605689,
180,永州市湘江体育公园,冷水滩区,下河线路34号38,体育休闲服务,,,,26.446632,111.624720,
180,文昌阁寺,冷水滩区,菱角山街道文昌路404号,风景名胜,,,,26.445520,111.609862,
180,十里江湾-随园,冷水滩区,湘江西路999号,风景名胜,,,,26.412373,111.608674,
180,永州水世界,冷水滩区,滨江新城湘江东路旁,体育休闲服务,,,,26.304918,111.626296,
180,永州森林植物园,冷水滩区,075乡道附近,风景名胜,,,,26.382657,111.768114,
180,永州塔,冷水滩区,湘江东路1221号,风景名胜,,,,26.441710,111.624584,
180,永州恐龙小镇,冷水滩区,湘江东路与东湖路交叉口北500米,风景名胜,,,,26.304771,111.626174,
180,柳子庙,零陵区,萍阳南路141号,风景名胜,,,,26.217673,111.608271,
180,永州东山景区,零陵区,潇水中路怀素车站旁,风景名胜,,,,26.217028,111.618864,
180,度假公园,冷水滩区,紫霞路136号,商务住宅,,,,26.462794,111.602298,
180,基督教堂,冷水滩区,传芳路与西安路交叉口,风景名胜,,,,26.431452,111.578884,
180,萍岛,零陵区,潇湘二水汇流处,风景名胜,,,,26.251816,111.605532,
180,潇湘公园-主题游乐园,冷水滩区,双洲路178号潇湘公园内(北侧),体育休闲服务,,,,26.430463,111.617127,
180,永州动物世界,冷水滩区,前进路2号(植物园内),风景名胜,,,,26.377863,111.773387,
180,潇湘公园-潇湘禅寺,冷水滩区,梅湾路潇湘公园内(西侧),风景名胜,,,,26.428942,111.615047,
180,柳宗元文化旅游区,零陵区,朝阳街道萍阳南路105-47号附近,风景名胜,,,,26.216687,111.608482,
180,极野星空·小象山谷,冷水滩区,潇湘公园内(东南角),体育休闲服务,,,,26.425588,111.618288,
180,永州东山景区广场,零陵区,中山北路,风景名胜,,,,26.217193,111.618018,
181,常德诗墙公园,武陵区,沅安路沿江地带,风景名胜,,,,29.027194,111.692675,
181,水星楼,武陵区,人民路与小高山街交叉口东南40米,风景名胜,,,,29.025495,111.700637,
181,湖南常德柳叶湖旅游度假区,武陵区,柳叶大道1号,风景名胜,,,,29.051359,111.743816,
181,滨湖公园,武陵区,朗州路376号,风景名胜,,,,29.035900,111.702839,
181,常德博物馆,武陵区,武陵大道282号,科教文化服务,,,,29.038485,111.692853,
181,白马湖文化公园,武陵区,柳叶大道南,风景名胜,,,,29.049077,111.678297,
181,水星楼文化广场,武陵区,人民路1481号,风景名胜,,,,29.025362,111.700285,
181,德国小镇,武陵区,丹阳路(七里桥旁),购物服务,,,,29.051416,111.709316,
181,屈原公园,武陵区,人民路,风景名胜,,,,29.030398,111.673226,
181,吉春广场,武陵区,府坪街与人民路交叉口东北60米,风景名胜,,,,29.027424,111.697700,
181,丁玲公园,武陵区,紫菱路北50米,风景名胜,,,,29.063599,111.678257,
181,沅江风光带,鼎城区,阳明路,风景名胜,,,,29.022095,111.681041,
181,常德会战抗日纪念碑,武陵区,府坪街道府坪街道青年路175号,风景名胜,,,,29.027224,111.702392,
181,高山街广场,武陵区,高山街与建设路交叉口西南60米,商务住宅,,,,29.029784,111.699725,
181,永安公园,武陵区,建设路与百胜巷交叉口东北80米,风景名胜,,,,29.021644,111.709611,
181,春秋广场,武陵区,七里桥路常德河街内,风景名胜,,,,29.049721,111.718269,
181,渔父阁,武陵区,常德诗墙公园内(西侧),风景名胜,,,,29.029789,111.684108,
181,常德卡乐星球,武陵区,环湖路柳叶湖旅游度假区内,体育休闲服务,,,,29.074932,111.753160,
181,柳湖沙月沙滩公园,武陵区,白鹤镇南坪街道柳叶湖旅游度假区渔樵村景区,风景名胜,,,,29.116199,111.730916,
181,中共常德地委机关遗址,武陵区,朗州路180号,风景名胜,,,,29.032128,111.698665,
181,排云阁,武陵区,常德诗墙公园(东南角),风景名胜,,,,29.023198,111.700138,
181,大唐司马楼,武陵区,柳叶湖旅游渡假区环湖路8号,风景名胜,,,,29.067411,111.742115,
181,欢乐水世界,武陵区,环湖路柳叶湖度假区,体育休闲服务,,,,29.076852,111.753660,
181,摩森堡C·Park微动力游乐场,武陵区,柳叶湖欢乐桃花岛3号桥南行200米,体育休闲服务,,,,29.073511,111.755138,
181,芙蓉公园,武陵区,竹叶路武陵分局芙蓉派出所西南侧约100米,风景名胜,,,,29.028332,111.651887,
182,湘潭市博物馆,岳塘区,湖湘东路西50米,科教文化服务,,,,27.834134,112.943703,
182,东方红广场,岳塘区,宝塔街道宝塔街道双马街道芙蓉中路21号步步高生活广场,风景名胜,,,,27.829676,112.939425,
182,万楼景区,雨湖区,万楼街道护潭乡文昌村,风景名胜,,,,27.871888,112.947586,
182,体育公园(岳塘区),岳塘区,东坪街道建设中路320号,风景名胜,,,,27.841679,112.913587,
182,湖湘公园,岳塘区,湖湘南路3号,风景名胜,,,,27.834989,112.940623,
182,湘潭窑湾历史文化街区,雨湖区,新马路与沿江中路交叉口东北50米,风景名胜,,,,27.847533,112.897128,
182,大唐兴寺,雨湖区,窑湾,风景名胜,,,,27.848041,112.896125,
182,湘江风光带,岳塘区,滨江路,风景名胜,,,,27.850548,112.918988,
182,金霞山森林公园,湘潭县,易俗河镇东侧之湘江南岸,风景名胜,,,,27.788644,112.982345,
182,白石公园,雨湖区,大湖路2号,风景名胜,,,,27.853087,112.896942,
182,万楼·青年码头,雨湖区,沿江中路与沿江西路交叉口东北200米,购物服务,,,,27.873325,112.947275,
182,木鱼湖公园,岳塘区,宝塔北路附近,风景名胜,,,,27.847008,112.928905,
182,雨湖公园,雨湖区,湖园路月亮湾KTV对面,风景名胜,,,,27.859665,112.915005,
182,菊花塘公园,岳塘区,东泗路57号,风景名胜,,,,27.830250,112.912721,
182,撒欢·杨梅洲,雨湖区,杨梅洲卫生清洁站东南侧90米,风景名胜,,,,27.834246,112.882614,
182,观湘门,雨湖区,观湘门路,风景名胜,,,,27.861013,112.927559,
182,东方明珠,岳塘区,板塘街道板八路28号,商务住宅,,,,27.868036,112.971395,
182,湘潭市齐白石纪念馆,雨湖区,中山路街道大湖路2号,风景名胜,,,,27.855219,112.898541,
182,雨湖区法治公园,雨湖区,沿江中路与观湘门路交叉口西南180米,风景名胜,,,,27.860263,112.926044,
182,金霞山森林公园天湖,湘潭县,金霞山森林公园内(北侧),风景名胜,,,,27.793531,112.982993,
182,和平公园,雨湖区,云塘街道云塘街道建设北路278号,风景名胜,,,,27.871115,112.905013,
182,护潭广场,雨湖区,莲城大道与韶山东路交叉口,风景名胜,,,,27.871311,112.926919,
182,湘潭盘龙大观园,岳塘区,芙蓉大道195号,风景名胜,,,,27.880629,113.031906,
182,滴水湖公园,岳塘区,双拥北路218号,风景名胜,,,,27.849915,112.947933,
182,昭山风景区,岳塘区,易家湾向阳村,风景名胜,,,,27.965821,113.009831,
183,城南公园,大祥区,宝庆中路327号,风景名胜,,,,27.231642,111.467917,
183,湖南湘窖酒业有限公司,北塔区,西湖北路,公司企业,,,,27.272739,111.456703,
183,湘中文化广场,双清区,五一南路,购物服务,,,,27.237633,111.481066,
183,宝庆府古城墙(资江南路),大祥区,城北路1号,风景名胜,,,,27.240237,111.468288,
183,双清公园,双清区,双清路汇江学校对面,风景名胜,,,,27.249224,111.476534,
183,西苑公园,大祥区,敏州西路,风景名胜,,,,27.220922,111.434101,
183,东塔公园,双清区,东大路81号旁,风景名胜,,,,27.242603,111.482218,
183,安澜阁,北塔区,资江北路与九江路交叉口南20米,风景名胜,,,,27.241805,111.462410,
183,北塔公园,北塔区,公园路93号,风景名胜,,,,27.246808,111.472223,
183,紫薇公园,双清区,宝庆东路,风景名胜,,,,27.237039,111.510048,
183,邵阳市博物馆,双清区,邵阳大道北侧,科教文化服务,,,,27.229030,111.519269,
183,临津门,大祥区,北正街与城北路交叉口北140米,风景名胜,,,,27.239283,111.463698,
183,时代公园,双清区,邵阳大道附近,风景名胜,,,,27.219462,111.476305,
183,宝庆里文化街区,大祥区,资江南路5号,风景名胜,,,,27.239466,111.463984,
183,爱莲文化广场,双清区,邵阳大道附近,风景名胜,,,,27.228811,111.521604,
183,蔡锷故居,大祥区,蔡锷乡蔡锷村蔡锷故里文化博览园西侧280米(蔡锷陈列馆),风景名胜,,,,27.151814,111.528733,
183,东方新绿洲北塔生态园,北塔区,邵阳市园艺场,风景名胜,,,,27.271999,111.477661,
183,邵阳爱莲池故址,大祥区,城北路与二府街交叉口东北20米,风景名胜,,,,27.238769,111.467798,
183,爱莲亭·爱莲池·君子亭,大祥区,城北路与曹婆井路交叉口西北20米,风景名胜,,,,27.238889,111.467857,
183,清真南寺,大祥区,西湖路76号,风景名胜,,,,27.234561,111.454772,
183,蔡锷故里景区,大祥区,蔡锷乡蔡锷村,风景名胜,,,,27.148989,111.527382,
183,蔡锷广场,北塔区,龙山路与西湖北路交叉口往西南约100米,风景名胜,,,,27.254088,111.456387,
183,佘湖新城步月桥东广场,双清区,邵水东路与三里桥路交叉口南220米,风景名胜,,,,27.227277,111.481997,
183,爱莲池湿地公园,双清区,新华南路与市府南路交叉口西160米,风景名胜,,,,27.224367,111.520659,
183,八路军驻湘通讯处旧址,双清区,昭陵西路两路口28号,风景名胜,,,,27.242545,111.476571,
184,裕后街,苏仙区,中山东街兴旺楼小区西南侧约40米,购物服务,,,,25.789488,113.039982,
184,北湖公园,北湖区,人民西路6号,风景名胜,,,,25.800051,113.026862,
184,南塔公园,苏仙区,香雪东路(近裕后街),风景名胜,,,,25.781753,113.038427,
184,五岭公园,北湖区,燕泉街道冲口路,风景名胜,,,,25.761741,113.016278,
184,苏仙岭,苏仙区,苏仙北路2号,风景名胜,,,,25.813555,113.053397,
184,南塔,苏仙区,香雪路与国庆南路交叉口东340米,风景名胜,,,,25.781410,113.036370,
184,五岭阁,北湖区,民权路,风景名胜,,,,25.765205,113.015648,
184,欢乐海岸,苏仙区,爱莲路与郴江路交汇处,商务住宅,,,,25.773657,113.060966,
184,南岭植物园,北湖区,骆仙路12号,风景名胜,,,,25.787608,113.001358,
184,振兴之门,苏仙区,香雪路与青年大道交叉口西80米,风景名胜,,,,25.775930,113.040457,
184,东塔公园,苏仙区,迎宾南路2-4号附近,风景名胜,,,,25.791183,113.045867,
184,水月洲,北湖区,人民西路6号北湖公园内(北侧),风景名胜,,,,25.802219,113.027270,
184,王仙岭旅游度假区,苏仙区,王仙岭路93号,风景名胜,,,,25.767268,113.083728,
184,相山寺,苏仙区,[],风景名胜,,,,25.758858,113.095158,
184,明珠广场,北湖区,国庆南路47号,商务住宅,,,,25.785906,113.032819,
184,东塔公园-湘南起义纪念馆,苏仙区,[],风景名胜,,,,25.789016,113.045231,
184,北湖中央公园,北湖区,人民西路8号(北湖公园南门左侧),商务住宅,,,,25.796445,113.027188,
184,飞天山景区,苏仙区,翠江路与飞天山路交叉口,风景名胜,,,,25.926895,113.121468,
184,木子岭公园,北湖区,郴江街道青年大道198号,风景名胜,,,,25.768216,113.029042,
184,义帝陵,北湖区,[],风景名胜,,,,25.793613,113.032433,
184,高湾石榴树,北湖区,五岭大道与博物馆路交叉口东南220米,风景名胜,,,,25.768300,113.015357,
184,王仙湖,北湖区,S322(郴州大道),风景名胜,,,,25.766743,113.061351,
184,石榴湾生态公园,北湖区,青年大道奥米茄天桥旁,风景名胜,,,,25.773842,113.047868,
184,郴州长卷文化旅游度假区,苏仙区,环东湖路101-105号,风景名胜,,,,25.776720,113.122594,
184,龙女小镇,北湖区,南岭大道铜坑湖村,风景名胜,,,,25.854057,113.013352,
185,神农湖,天元区,神农城景区内,风景名胜,,,,27.821897,113.119035,
185,神农城炎帝文化主题公园,天元区,天台山路的顶端,风景名胜,,,,27.820790,113.122930,
185,炎帝广场,天元区,天台山路,风景名胜,,,,27.820602,113.122741,
185,神农公园,芦淞区,建设中路365号,风景名胜,,,,27.843757,113.142495,
185,滨江广场(联谊路店),天元区,联谊路92号,风景名胜,,,,27.831202,113.140593,
185,株洲博物馆,天元区,珠江北路205号,科教文化服务,,,,27.824616,113.115359,
185,神农坛,天元区,天台山路的顶端神农城内(南侧),风景名胜,,,,27.817133,113.119106,
185,石峰公园,石峰区,建设北路651号,风景名胜,,,,27.858867,113.113289,
185,小周庄文化景区,天元区,习园路与泰西路交叉口西180米,风景名胜,,,,27.807962,113.117342,
185,株洲奥林匹克公园,天元区,株洲大道333号,风景名胜,,,,27.841382,113.108777,
185,分袂亭,芦淞区,解放街与沿江南路交叉口湘江畔,风景名胜,,,,27.825403,113.151901,
185,神农塔,天元区,神农城1号,风景名胜,,,,27.818583,113.119402,
185,株洲湘江风光带,天元区,滨江北路与韶山路交叉口北80米,风景名胜,,,,27.835395,113.139670,
185,株洲市清水塘城市公园,石峰区,铜霞路,风景名胜,,,,27.860175,113.078235,
185,石子湖公园,荷塘区,月塘街道合泰路67号,风景名胜,,,,27.835360,113.170432,
185,栗雨休闲谷,天元区,嵩山路街道株洲大道(天元区政府对面),风景名胜,,,,27.833188,113.079418,
185,株洲方特欢乐世界,石峰区,华强路1号,风景名胜,,,,27.987334,113.193971,
185,株洲方特旅游区,石峰区,华强路1号,风景名胜,,,,27.987812,113.193856,
185,九郎山森林公园,石峰区,九郎山村,风景名胜,,,,27.911087,113.108932,
185,长江广场,天元区,天元区,地名地址信息,,,,27.828855,113.136069,
185,天鹅湖公园,荷塘区,红港路,风景名胜,,,,27.859319,113.147434,
185,泰山广场,天元区,泰山路街道,风景名胜,,,,27.821721,113.139158,
185,资福寺,天元区,滨江南路,风景名胜,,,,27.797396,113.130868,
185,熊猫不慢音乐体育公园,荷塘区,桂花路与新塘路交叉口西北160米,风景名胜,,,,27.868464,113.168467,
185,清水塘广场,石峰区,建设北路119号,风景名胜,,,,27.880235,113.101899,
186,平湖公园,蒸湘区,船山大道与蔡伦大道交叉口,风景名胜,,,,26.905293,112.575514,
186,衡阳市岳屏公园,雁峰区,雁城路,风景名胜,,,,26.890520,112.608593,
186,石鼓书院,石鼓区,湘江北路69号,风景名胜,,,,26.910877,112.616123,
186,南湖景区,雁峰区,一环西路,风景名胜,,,,26.855364,112.588090,
186,回雁峰景区,雁峰区,雁峰街道雁峰路与蒸阳南路交汇处,风景名胜,,,,26.886879,112.613751,
186,西湖公园,石鼓区,蒸阳北路,风景名胜,,,,26.909500,112.606129,
186,东洲岛,珠晖区,湘江南路277号,风景名胜,,,,26.872700,112.632136,
186,蒸水风光带,蒸湘区,蒸水南路与白云路交叉口西南20米,风景名胜,,,,26.899303,112.546558,
186,船山公园,蒸湘区,长丰大道,风景名胜,,,,26.887367,112.571072,
186,生态公园,蒸湘区,解放大道,风景名胜,,,,26.890366,112.556139,
186,衡阳抗战纪念馆,雁峰区,先锋路105号,风景名胜,,,,26.890705,112.606917,
186,衡阳博物馆,石鼓区,明翰路28号,科教文化服务,,,,26.906717,112.607040,
186,莲湖广场,石鼓区,爱莲路与蒸湘北路交叉口东150米,风景名胜,,,,26.896404,112.601644,
186,雨母山风景区,蒸湘区,[],风景名胜,,,,26.844161,112.522032,
186,陆家新区中心公园,蒸湘区,陆家新区蒸潭路与杨柳西路交汇处东南角,风景名胜,,,,26.882240,112.540432,
186,衡阳动物园,雁峰区,先锋路107号,风景名胜,,,,26.889127,112.606236,
186,濂溪文化公园,蒸湘区,蒸水大道与喜阳路交叉口西80米,风景名胜,,,,26.912103,112.552176,
186,欢乐湘江·玩美公园,石鼓区,合江路与草后街交叉口东南20米,风景名胜,,,,26.915852,112.620878,
186,虎形山人防公园,石鼓区,蔡伦大道(虎形花苑东北侧),风景名胜,,,,26.927754,112.590211,
186,湘南学联旧址廉政文化基地,珠晖区,江东粤汉马路1号,风景名胜,,,,26.904165,112.618365,
186,圣手堂,蒸湘区,紫云南街7号门面,风景名胜,,,,26.891775,112.570225,
186,湘南学联纪念馆,珠晖区,江东粤汉马路1号湘南学联旧址廉政文化基地,风景名胜,,,,26.904131,112.618316,
186,衡阳市奇石文化博物馆,蒸湘区,解放西路388号,科教文化服务,,,,26.907268,112.514799,
186,明兴广场,蒸湘区,祝融路37号交通环岛东南侧,风景名胜,,,,26.901730,112.558726,
186,衡阳玛雅海滩水公园,石鼓区,后街路玛雅海滩水公园,体育休闲服务,,,,26.950144,112.655530,
187,橘子洲风景名胜区,岳麓区,橘子洲头2号,风景名胜,,,,28.196505,112.963081,
187,咸嘉湖景区,岳麓区,枫林一路与财院路交叉口东北150米,风景名胜,,,,28.209154,112.941743,
187,岳麓山风景名胜区,岳麓区,登高路58号,风景名胜,,,,28.183601,112.936104,
187,太平老街历史文化街区,天心区,解放西路449号(湘江中路地铁站2A口步行240米),风景名胜,,,,28.193573,112.972071,
187,古开福寺,开福区,开福寺路152号,风景名胜,,,,28.224436,112.978340,
187,湖南省博物馆,开福区,东风路50号,科教文化服务,,,,28.211876,112.993499,
187,长沙博物馆,开福区,栖凤路与湘江北路交汇处西南150米,科教文化服务,,,,28.241940,112.980748,
187,长沙市望月公园,岳麓区,咸嘉湖路6号,风景名胜,,,,28.211557,112.952680,
187,橘子洲头,岳麓区,橘子洲头2号橘子洲风景名胜区内(南侧),风景名胜,,,,28.186830,112.962069,
187,长沙滨江文化园,开福区,湘江北路,科教文化服务,,,,28.241806,112.979596,
187,杜甫江阁,天心区,湘江中路二段108号,风景名胜,,,,28.184442,112.968624,
187,岳麓书院,岳麓区,麓山路273号,风景名胜,,,,28.180397,112.940805,
187,梅溪湖公园,岳麓区,梅溪湖路(近汽车西站),风景名胜,,,,28.192840,112.902673,
187,黄兴路步行街中心广场,天心区,黄兴中路与人民西路交汇处90米(黄兴广场地铁站2号口旁),购物服务,,,,28.188459,112.976424,
187,湖南烈士公园,开福区,东风路22号,风景名胜,,,,28.209521,112.996432,
187,八方公园,岳麓区,含光路610附近,风景名胜,,,,28.236836,112.936829,
187,东方红广场,岳麓区,麓山南路,风景名胜,,,,28.179428,112.943877,
187,湘江中路沿江风光带,开福区,风帆广场内(南侧),风景名胜,,,,28.206669,112.971089,
187,后湖设计创意园区,岳麓区,岳麓街道后湖村杜家塘15号,风景名胜,,,,28.160951,112.942975,
187,麓山景区-观景台,岳麓区,登高路58号岳麓山风景名胜区内(北侧),风景名胜,,,,28.187824,112.936761,
187,杜鹃广场,岳麓区,观沙岭街道岳麓大道218号,风景名胜,,,,28.226855,112.938896,
187,毛泽东青年艺术雕塑,岳麓区,橘子洲头2号橘子洲景区内,风景名胜,,,,28.167602,112.960324,
187,天心阁,天心区,天心路17号,风景名胜,,,,28.184754,112.981861,
187,麓谷公园,岳麓区,天顶街道麓龙路209号,风景名胜,,,,28.213885,112.895633,
187,长沙橘子洲,岳麓区,橘洲路2号,风景名胜,,,,28.167602,112.960324,
188,益阳奥林匹克公园,赫山区,康富南路30号,风景名胜,,,,28.551654,112.356188,
188,益阳明清古巷,资阳区,五一西路509号,购物服务,,,,28.590462,112.319320,
188,秀峰公园,赫山区,金银山,风景名胜,,,,28.577062,112.344447,
188,益阳市博物馆,赫山区,迎宾东路,科教文化服务,,,,28.539288,112.368251,
188,周立波故居纪念馆,赫山区,益阳高新区谢林港镇清溪村,风景名胜,,,,28.547645,112.316410,
188,白鹿寺,赫山区,会龙路58号,风景名胜,,,,28.582718,112.334588,
188,益阳古城,资阳区,汽车路街道资江东路595号,风景名胜,,,,28.592932,112.355262,
188,桥南,赫山区,桃花仑西路与白鹿路交叉口东100米,风景名胜,,,,28.582553,112.339772,
188,广法寺,赫山区,栖霞路120号,风景名胜,,,,28.578221,112.334069,
188,十洲公园,赫山区,兰溪镇进港公路,风景名胜,,,,28.606810,112.389483,
188,赫山庙,赫山区,体育路与育才巷交叉口西南300米,风景名胜,,,,28.573300,112.370377,
188,桃花江竹海,桃江县,桃花江镇洪山竹海,风景名胜,,,,28.515055,112.181519,
188,趣嘟嘟亲子游乐园,赫山区,嘉骏路与教育路交叉口东北40米,体育休闲服务,,,,28.586114,112.372220,
188,棲霞古寺,赫山区,会龙公园(西北角),风景名胜,,,,28.580672,112.329637,
188,紫金湾欢乐王国,桃江县,桃花江镇崆峒村,风景名胜,,,,28.507177,112.198090,
188,大码头,资阳区,群众街附近,风景名胜,,,,28.587659,112.322792,
188,益阳奥林匹克公园-北广场,赫山区,康富南路30号益阳奥林匹克公园(西北角),风景名胜,,,,28.552979,112.355611,
188,周立波故居纪念馆-益阳市山乡巨变第一村清溪村生态博物馆,赫山区,益阳高新区谢林港镇清溪村周立波故居纪念馆内(南侧),科教文化服务,,,,28.546953,112.316307,
188,和平签证主题馆,赫山区,栖霞路888号,风景名胜,,,,28.578104,112.333240,
188,裴公亭,赫山区,桥南社区,风景名胜,,,,28.585193,112.336272,
188,幸福塔,赫山区,栖霞路与三眼塘巷交叉口西北300米,风景名胜,,,,28.579940,112.334132,
188,福源寺,赫山区,会龙山街道会龙路与金霞巷交叉路口往东约290米,风景名胜,,,,28.580624,112.332640,
188,龙洲广场,赫山区,资江三桥龙洲广场(太一御江城二期北),风景名胜,,,,28.593635,112.364351,
188,鱼形山旅游风景区,赫山区,鱼四公路,风景名胜,,,,28.407733,112.441416,
188,鹅羊池广场,资阳区,大码头古道街,风景名胜,,,,28.590217,112.324856,
189,梦幻香山旅游区,屯昌县,380县道,风景名胜,,,,19.322492,110.048479,
189,溪近峝主廟,屯昌县,屯城镇,风景名胜,,,,19.345017,110.142081,
189,文化体育休闲公园,屯昌县,屯城镇文体路,风景名胜,,,,19.352079,110.095661,
189,南田起义旧址,屯昌县,西昌镇南田村,风景名胜,,,,19.444938,110.021202,
189,羊角岭水晶矿地质遗迹(不对外开放),屯昌县,屯城镇县城南4公里(近海榆中线),风景名胜,,,,19.331001,110.088095,
189,文赞生态湿地公园,屯昌县,昌赞路与育新路交叉口东北100米,风景名胜,,,,19.355318,110.113391,
189,加乐潭旅游度假区,屯昌县,[],风景名胜,,,,19.505686,110.131148,
189,屯昌县博物馆,屯昌县,文体路与文化路交叉口西160米,科教文化服务,,,,19.350520,110.096130,
189,伯牙绝弦,屯昌县,文化路与锦绣路交叉口东北100米,风景名胜,,,,19.359581,110.101936,
189,海南旋风虎军事主题园,屯昌县,新兴镇下屯村委会中间坡村1号,风景名胜,,,,19.502502,110.211007,
189,枫木公庙,屯昌县,224国道东50米,风景名胜,,,,19.205543,110.007317,
189,木色湖彩虹大坝,屯昌县,枫香南路66-68号,风景名胜,,,,19.207714,109.983207,
189,竹根峝主庙,屯昌县,382县道,风景名胜,,,,19.354255,110.023824,
189,海瑞祖居,屯昌县,水牛坡,风景名胜,,,,19.463511,110.195239,
189,西仁寺,屯昌县,新南路与新华路交叉口东南100米,风景名胜,,,,19.363744,110.098352,
189,黄岭老市,屯昌县,380县道西30米,风景名胜,,,,19.316802,110.022154,
189,屯昌境主庙,屯昌县,新西路48号,风景名胜,,,,19.362079,110.096329,
189,福庆寺,屯昌县,[],风景名胜,,,,19.496729,110.160824,
189,文化长廊,屯昌县,文化长廊与昌盛三路交叉口西北40米,风景名胜,,,,19.356738,110.103865,
189,下屯境主庙,屯昌县,079乡道,风景名胜,,,,19.507059,110.215235,
189,海瑞祖墓,屯昌县,石硖村,风景名胜,,,,19.464341,110.192000,
189,南吕市境主庙,屯昌县,南吕镇南吕老市,风景名胜,,,,19.250988,110.088578,
189,落根峝主庙,屯昌县,387县道,风景名胜,,,,19.262961,110.108863,
189,水口境主庙,屯昌县,环东一路与屯郊一里交叉口南280米,风景名胜,,,,19.351619,110.109140,
189,洪斗坡白鹭乐园,屯昌县,224国道,风景名胜,,,,19.402437,110.112122,
190,白沙原生态茶园小镇,白沙黎族自治县,国营白沙农场2队,风景名胜,,,,19.185255,109.470610,
190,白沙欢乐城,白沙黎族自治县,方亮路西侧,体育休闲服务,,,,19.223531,109.437504,
190,爱心潭,白沙黎族自治县,[],风景名胜,,,,19.207584,109.215650,
190,生态文化公园,白沙黎族自治县,翠园路与文源路交叉口西北140米,风景名胜,,,,19.219322,109.446033,
190,白沙陨石坑,白沙黎族自治县,牙叉镇白沙农场境内,风景名胜,,,,19.205755,109.504727,
190,九架岭雾绕青峰观景台,白沙黎族自治县,310省道东50米,风景名胜,,,,19.242366,109.395250,
190,红坎瀑布,白沙黎族自治县,元门乡东南部,风景名胜,,,,19.076425,109.502227,
190,阜许温泉,白沙黎族自治县,[],风景名胜,,,,19.277650,109.298159,
190,白沙黎族自治县民族博物馆,白沙黎族自治县,牙叉镇奥运路,科教文化服务,,,,19.220368,109.463034,
190,白沙革命根据地纪念馆,白沙黎族自治县,白沙阜龙乡新村村委会,风景名胜,,,,19.364979,109.449075,
190,海南邦溪省级自然保护区,白沙黎族自治县,310省道附近,风景名胜,,,,19.370972,109.103930,
190,白沙解放纪念园,白沙黎族自治县,元门西路44号,风景名胜,,,,19.166009,109.467058,
190,九架岭木棉观景台,白沙黎族自治县,310省道西50米,风景名胜,,,,19.254098,109.390265,
190,霸王岭国家自然保护区,白沙黎族自治县,[],风景名胜,,,,19.134655,109.261896,
190,花园花海,白沙黎族自治县,茶园路与茶城路交叉口西180米,风景名胜,,,,19.195167,109.468988,
190,白沙县革命烈士碑,白沙黎族自治县,[],生活服务,,,,19.165885,109.467058,
190,流光溢彩观景台,白沙黎族自治县,361国道南侧,风景名胜,,,,19.103428,109.561039,
190,白沙陨石陶艺园,白沙黎族自治县,牙叉镇牙港路1号,风景名胜,,,,19.239624,109.468716,
190,白沙南湖公园,白沙黎族自治县,南天路14号,风景名胜,,,,19.212354,109.441031,
190,稻作文化公园,白沙黎族自治县,滨河北路65号,风景名胜,,,,19.222557,109.470020,
190,月亮湖公园,白沙黎族自治县,滨河北路7号,风景名胜,,,,19.221755,109.445587,
190,圣哒哒生态公园,白沙黎族自治县,七坊中路32号,风景名胜,,,,19.295504,109.236286,
190,白沙县法治主题公园,白沙黎族自治县,滨河北路7号,风景名胜,,,,19.221617,109.444973,
190,高峰村旧址,白沙黎族自治县,[],风景名胜,,,,19.010935,109.305914,
190,金沙广场,白沙黎族自治县,金沙西路与牙叉中路交叉口东南40米,风景名胜,,,,19.223705,109.443188,
191,海南百花岭热带雨林文化旅游区,琼中黎族苗族自治县,城营根镇西南6公里处,风景名胜,,,,19.004169,109.829192,
191,黎母仙姑庙,琼中黎族苗族自治县,黎母山风景区附近,风景名胜,,,,19.153945,109.776589,
191,海南鹦哥岭自然保护区,琼中黎族苗族自治县,[],风景名胜,,,,19.032805,109.571650,
191,三月三广场,琼中黎族苗族自治县,海榆路与224国道交汇处南100米,风景名胜,,,,19.053268,109.848030,
191,乘坡河石臼群,琼中黎族苗族自治县,和平镇,风景名胜,,,,18.900812,110.026952,
191,鹦哥岭瀑布,琼中黎族苗族自治县,310省道西50米,风景名胜,,,,19.016297,109.576869,
191,白沙起义纪念园,琼中黎族苗族自治县,红毛镇番响村东侧的海榆中线公路160公里处,风景名胜,,,,19.023650,109.673655,
191,五指山观景台,琼中黎族苗族自治县,055乡道南侧,风景名胜,,,,19.062489,109.656821,
191,百花廊桥,琼中黎族苗族自治县,营根路与营根河交叉口,风景名胜,,,,19.030522,109.838056,
191,琼中峡漂流,琼中黎族苗族自治县,和平镇合口村和新路1号,体育休闲服务,,,,18.883896,109.960779,
191,黎母山国家森林公园售票处,琼中黎族苗族自治县,黎母山森林公园东门旁,生活服务,,,,19.221415,109.764564,
191,环热带雨林国家公园旅游公路零桩号,琼中黎族苗族自治县,G9813万洋高速,风景名胜,,,,19.258278,109.777518,
191,琼中县带状湿地公园,琼中黎族苗族自治县,龙溪路与玉锦大道交叉口,风景名胜,,,,19.045457,109.853247,
191,黎母山石臼景区,琼中黎族苗族自治县,[],风景名胜,,,,19.162030,109.749987,
191,百花瀑布,琼中黎族苗族自治县,营根镇西南6公里处海南百花岭热带雨林文化旅游区内(西侧),风景名胜,,,,19.000289,109.818567,
191,海南百花岭热带雨林文化旅游区游客中心,琼中黎族苗族自治县,云瀑路与百花路交叉口西北20米,生活服务,,,,19.004416,109.829164,
191,海南百花岭热带雨林文化旅游区售票处,琼中黎族苗族自治县,百花路与云瀑路交叉口西南20米,生活服务,,,,19.004150,109.829193,
191,曲岭谷,琼中黎族苗族自治县,黎母山名宿北侧220米,风景名胜,,,,19.176366,109.745781,
191,什寒观景台,琼中黎族苗族自治县,共建村,风景名胜,,,,19.043443,109.672109,
191,万泉河源头栈道(三江源步道),琼中黎族苗族自治县,黎之友农家乐东北侧120米,风景名胜,,,,19.175311,109.747412,
191,琼中黎族苗族自治县白沙起义烈士纪念碑园,琼中黎族苗族自治县,红毛镇白沙起义烈士纪念碑园,风景名胜,,,,19.023260,109.673499,
191,海南百花岭热带雨林文化旅游区观音庙,琼中黎族苗族自治县,百花岭深林公园门口,风景名胜,,,,19.003282,109.828376,
191,千年荔枝树,琼中黎族苗族自治县,[],风景名胜,,,,19.085478,109.646832,
191,鹦哥岭水库观景台,琼中黎族苗族自治县,361国道,风景名胜,,,,19.040289,109.574482,
191,黎母山石臼步栈道,琼中黎族苗族自治县,黎母山石臼景区北侧440米,风景名胜,,,,19.165987,109.750563,
192,俄贤岭,东方市,东河镇大广坝水库坝尾,风景名胜,,,,18.995131,109.083759,
192,小桂林码头,东方市,101乡道,风景名胜,,,,18.998382,109.050074,
192,大广坝风景区,东方市,101乡道西100米,风景名胜,,,,19.018098,108.984362,
192,墩头村赶海圣地,东方市,墩头社区西北侧70米,风景名胜,,,,19.156252,108.673946,
192,鳄珍鳄鱼园,东方市,三家镇红草村北侧,风景名胜,,,,19.200735,108.806463,
192,感恩角观景台,东方市,海南振凯泰水产有限公司南侧290米,风景名胜,,,,18.821020,108.635220,
192,海南铁路博物馆,东方市,八所镇滨海南路,科教文化服务,,,,19.101603,108.633941,
192,三月三广场,东方市,G225(海榆西线),风景名胜,,,,19.118757,108.799046,
192,古海忆韵观景台,东方市,环岛旅游公路四更支线西南侧,风景名胜,,,,19.221976,108.635278,
192,娥仙岭生态文化旅游区,东方市,[],风景名胜,,,,19.012267,109.043397,
192,娥娘洞景区,东方市,101乡道,风景名胜,,,,19.006495,109.088300,
192,中国东方鳄鱼小镇,东方市,三家镇红草村北侧鳄鱼大道1号,公司企业,,,,19.197070,108.807506,
192,福民公园,东方市,福民南路与解放东路交叉口东北方向,风景名胜,,,,19.098479,108.664232,
192,娜姆河,东方市,[],风景名胜,,,,18.863511,108.928068,
192,鱼鳞洲灯塔,东方市,鱼鳞洲自然风景保护区(西北角),风景名胜,,,,19.097894,108.617479,
192,东方市竹金沟公园,东方市,琼西路东侧、东海派出所北侧,风景名胜,,,,19.127799,108.671137,
192,玉龙山观景台,东方市,314省道,风景名胜,,,,18.950596,108.936211,
192,中交广航局北防波堤,东方市,疏港大道,风景名胜,,,,19.012950,108.644750,
192,日军侵琼八所死难劳工纪念碑,东方市,边贸路与边贸一横路交叉口南120米,风景名胜,,,,19.091645,108.626136,
192,东方市北黎历史博物馆,东方市,北黎老村北一巷69号,科教文化服务,,,,19.142600,108.694230,
192,日月民庙,东方市,[],风景名胜,,,,19.194494,108.674652,
192,六体连榕,东方市,755县道附近,风景名胜,,,,18.994787,108.906243,
192,海南东方黑脸琵鹭省级自然保护区,东方市,四更镇面前海湾,风景名胜,,,,19.213260,108.650199,
192,海南东方欢乐谷,东方市,观光车英雄林站西北侧,体育休闲服务,,,,18.734170,108.734915,
192,天仙圣母皇娘庙,东方市,[],风景名胜,,,,18.940037,108.732085,
193,尖峰岭国家森林公园,乐东黎族自治县,尖峰岭,风景名胜,,,,18.721715,108.907698,
193,莺歌海盐场,乐东黎族自治县,780县道,公司企业,,,,18.497278,108.737154,
193,莺歌海镇亲水广场,乐东黎族自治县,莺歌海镇海滨街,风景名胜,,,,18.509383,108.690980,
193,乐东龙沐湾,乐东黎族自治县,[],生活服务,,,,18.663591,108.718664,
193,尖峰岭顶峰观景台,乐东黎族自治县,[],风景名胜,,,,18.714995,108.875397,
193,尖峰岭国家森林公园售票处,乐东黎族自治县,尖峰镇尖峰岭国家森林公园内(西侧),生活服务,,,,18.698329,108.816133,
193,尖峰岭国家森林公园-天池,乐东黎族自治县,尖峰岭国家森林公园天池景区,风景名胜,,,,18.742037,108.864999,
193,黄流沙滩1号,乐东黎族自治县,225国道9-10号,风景名胜,,,,18.480111,108.796641,
193,莺歌海灯塔,乐东黎族自治县,莺歌海镇海军街西路,风景名胜,,,,18.504853,108.692466,
193,逐日龙栖观景台,乐东黎族自治县,九所镇老高园南侧340米,风景名胜,,,,18.406218,108.951689,
193,龙沐湾海滩,乐东黎族自治县,宏城集团龙沐湾项目部西侧320米,风景名胜,,,,18.659830,108.707394,
193,尖峰岭国家森林公园游客中心,乐东黎族自治县,782县道东南侧,生活服务,,,,18.698246,108.815956,
193,乐东四月天公园,乐东黎族自治县,乐兴南路,风景名胜,,,,18.743766,109.174697,
193,罗马望沙石海防教育基地,乐东黎族自治县,九龙大道,科教文化服务,,,,18.418897,108.898281,
193,岭头揽胜观景台,乐东黎族自治县,海南环岛旅游公路与岭头揽胜停车区交叉口西80米,风景名胜,,,,18.720339,108.701463,
193,镜湖湿地公园,乐东黎族自治县,九所镇镜湖村村委会北500米,风景名胜,,,,18.473249,108.938623,
193,雨林谷,乐东黎族自治县,尖峰岭国家森林公园,风景名胜,,,,18.749634,108.921396,
193,罗马村妈祖庙(天后宫),乐东黎族自治县,罗马村南坊,风景名胜,,,,18.427152,108.906822,
193,尖峰花乡,乐东黎族自治县,尖峰镇海尖线 X782边上,风景名胜,,,,18.671012,108.771384,
193,海南乐东县龙沐湾滨海沙滩,乐东黎族自治县,福安温泉大酒店南侧210米,风景名胜,,,,18.599154,108.700307,
193,妈祖庙,乐东黎族自治县,莺歌海镇,风景名胜,,,,18.505200,108.691180,
193,白沙河谷观景台,乐东黎族自治县,[],风景名胜,,,,18.643130,108.704358,
193,鸣凤谷,乐东黎族自治县,天池西侧,风景名胜,,,,18.742187,108.847988,
193,通海路接海处,乐东黎族自治县,海南蓝粮科技有限公司黄流基地南侧280米,风景名胜,,,,18.484537,108.782006,
193,海铭广场,乐东黎族自治县,乐祥路与乐财路交叉口西北约40米,商务住宅,,,,18.741011,109.179916,
194,分界洲岛景区,陵水黎族自治县,光坡镇分界洲岛旅游区,风景名胜,,,,18.577111,110.200230,
194,南湾猴岛生态旅游区,陵水黎族自治县,望海大道1号,风景名胜,,,,18.394507,109.979470,
194,海南海洋欢乐世界度假区,陵水黎族自治县,黎安镇663县道东侧海南富力海洋欢乐世界,体育休闲服务,,,,18.447180,110.051351,
194,自由灯塔,陵水黎族自治县,清水湾大道清水湾旅游区,风景名胜,,,,18.396209,109.878139,
194,南湾猴岛-猴岛公园,陵水黎族自治县,新村镇望海大道1号,风景名胜,,,,18.396020,109.984624,
194,三江古庙,陵水黎族自治县,新村镇南湾猴岛生态景区内,风景名胜,,,,18.410017,109.971537,
194,呆呆岛,陵水黎族自治县,南湾猴岛西南部滨海区域,风景名胜,,,,18.385189,109.985907,
194,香水湾旅游度假区,陵水黎族自治县,光坡镇香水湾B区N-20号,风景名胜,,,,18.535436,110.111783,
194,港门岭公园,陵水黎族自治县,黎安镇港门岭,风景名胜,,,,18.405248,110.069882,
194,龙头岭,陵水黎族自治县,龙头岭代替龙头岩位置,风景名胜,,,,18.386464,109.862927,
194,香水湾滨海公路网红点,陵水黎族自治县,666县道,风景名胜,,,,18.501967,110.097294,
194,清水湾沙滩公园,陵水黎族自治县,[],风景名胜,,,,18.415868,109.943188,
194,陵水热带林博园(大溪岭公园),陵水黎族自治县,椰林镇陵水林博园(大溪岭公园)正门,风景名胜,,,,18.508349,110.050395,
194,海南热带雨林国家公园吊罗山景区,陵水黎族自治县,[],风景名胜,,,,18.660377,109.907771,
194,海南海洋欢乐世界,陵水黎族自治县,海南海洋欢乐世界度假区,体育休闲服务,,,,18.445338,110.050957,
194,清水湾沙滩,陵水黎族自治县,英州镇清水湾大道清水湾旅游区,风景名胜,,,,18.414451,109.921044,
194,土福湾,陵水黎族自治县,土福湾休闲旅游度假区(近G98高速土福湾出口),商务住宅,,,,18.400481,109.794497,
194,水口庙,陵水黎族自治县,椰林镇椰子岛生态旅游区东侧,风景名胜,,,,18.498237,110.095797,
194,黎安海归小镇,陵水黎族自治县,661县道与海南环岛旅游公路交叉口东南480米科技创新中心,风景名胜,,,,18.453097,110.075960,
194,赤岭风景区,陵水黎族自治县,[],风景名胜,,,,18.387037,109.821782,
194,会唱歌的沙滩,陵水黎族自治县,龙头岭路与海南环岛旅游公路交叉口东南500米,风景名胜,,,,18.390519,109.864323,
194,岭仔村赶海点,陵水黎族自治县,663县道,风景名胜,,,,18.419881,110.048350,
194,分界洲岛景区售票处,陵水黎族自治县,光坡镇分界州岛旅游区-陆地售票处,生活服务,,,,18.587132,110.18079,
194,龙头岭观景台,陵水黎族自治县,龙头岭代替龙头岩位置龙头岭内(北侧),风景名胜,,,,18.387158,109.862767,
194,南湾猴岛生态旅游区售票处,陵水黎族自治县,新村镇望海大道1号,生活服务,,,,18.410168,109.970813,
195,海军收复西沙群岛纪念碑,西沙区,西沙群岛永兴岛宣德路,风景名胜,,,,16.831608,112.336821,
195,西沙将军林,西沙区,永兴岛将军路东侧,风景名胜,,,,16.831846,112.342423,
195,西沙海洋博物馆,西沙区,西沙将军林北侧100米,科教文化服务,,,,16.832743,112.342773,
195,西沙群岛-银砾滩,西沙区,[],风景名胜,,,,16.781135,112.235002,
195,西沙群岛,西沙区,[],风景名胜,,,,16.329524,112.011421,
195,黄岩岛国家级自然保护区,西沙区,[],风景名胜,,,,15.221927,117.741270,
195,三沙永乐龙洞,西沙区,三沙永乐龙洞附近,风景名胜,,,,16.522251,111.772736,
195,奕宸岛,南沙区,[],风景名胜,,,,7.999058,113.918083,
195,金银岛,西沙区,[],风景名胜,,,,16.445296,111.512244,
196,木兰湾,文昌市,铺前镇,风景名胜,,,,20.153082,110.690932,
196,东郊椰林风景名胜区,文昌市,椰林湾路33号,风景名胜,,,,19.530677,110.864306,
196,铜鼓岭景区,文昌市,铜鼓南路2号,风景名胜,,,,19.665980,111.022592,
196,耀龄文化广场,文昌市,文城镇教育东路88号,商务住宅,,,,19.597098,110.769358,
196,月亮湾海滩,文昌市,昌洒镇六八高地,风景名胜,,,,19.775443,111.002464,
196,文南老街,文昌市,城新里与文南路交叉口,风景名胜,,,,19.615006,110.752822,
196,石头公园,文昌市,龙楼镇,风景名胜,,,,19.639504,111.035901,
196,文昌铺前老街,文昌市,昌华街与华兴路交叉口西南100米,风景名胜,,,,20.024205,110.582011,
196,抱虎角,文昌市,[],风景名胜,,,,20.002084,110.941906,
196,椰林1号观景台,文昌市,环岛旅游公路东南侧,风景名胜,,,,19.575656,110.915072,
196,孔庙,文昌市,文城镇文东里20号,风景名胜,,,,19.617297,110.753529,
196,木兰湾灯塔,文昌市,铺前镇,风景名胜,,,,20.157720,110.688905,
196,逸龙湾海上图书馆,文昌市,高隆湾海上栈桥(逸龙湾商业广场海上栈桥),科教文化服务,,,,19.532865,110.821805,
196,文昌高隆湾旅游度假区,文昌市,文昌清澜镇逸龙湾商业广场南侧,风景名胜,,,,19.535894,110.819348,
196,宋氏祖居,文昌市,昌洒镇古路园村,风景名胜,,,,19.738978,110.870656,
196,佛光寺,文昌市,[],风景名胜,,,,19.652106,111.030294,
196,亚洲第一灯塔,文昌市,007乡道与海南环岛旅游公路交叉口北440米,风景名胜,,,,20.157740,110.688945,
196,文昌风车海岸,文昌市,[],风景名胜,,,,20.116677,110.705553,
196,冯家湾,文昌市,文昌市,地名地址信息,,,,19.407130,110.717439,
196,月亮湾观景台,文昌市,[],风景名胜,,,,19.764883,111.002042,
196,文昌航天观礼中心,文昌市,183县道泰山村委会,风景名胜,,,,19.601686,110.921354,
196,龙楼南海港,文昌市,渔夫之家海鲜坊东南侧,风景名胜,,,,19.640202,111.009594,
196,新阜海观景台,文昌市,居民村海滩林场北侧420米,风景名胜,,,,20.066920,110.579725,
196,春光椰子王国,文昌市,龙楼镇文昌龙楼316省道(龙文加油站旁),风景名胜,,,,19.662454,110.938699,
196,五龙港,文昌市,冯坡镇潮滩港,风景名胜,,,,20.003262,110.799896,
197,古银瀑布,临高县,皇桐镇,风景名胜,,,,19.846313,109.838227,
197,海南解放公园,临高县,临城镇临昌路长岛蓝湾北270米,风景名胜,,,,20.008295,109.715334,
197,文澜文化公园,临高县,怡澜路2号,风景名胜,,,,19.944023,109.718285,
197,临高牌坊,临高县,市政大道与政澜路交叉口东北440米,风景名胜,,,,19.945836,109.716836,
197,东英国际慢城赶海公园,临高县,东英镇扶提西村,风景名胜,,,,19.990924,109.618118,
197,临高县体育公园,临高县,文澜大道与临富大道交汇处东南角,风景名胜,,,,19.935391,109.704709,
197,高山神庙,临高县,东英镇高山岭,风景名胜,,,,19.930957,109.641480,
197,临高文庙,临高县,江北路,风景名胜,,,,19.905918,109.688881,
197,临高天后宫,临高县,[],风景名胜,,,,19.953798,109.564375,
197,滨江公园健康主题公园,临高县,市政大道,风景名胜,,,,19.921885,109.701573,
197,临高角登陆战烈士陵园,临高县,311县道西50米,生活服务,,,,19.975193,109.707240,
197,兰麦海滩,临高县,滨海大道,风景名胜,,,,19.990763,109.640683,
197,新盈红树观景台,临高县,312县道,风景名胜,,,,19.865300,109.549047,
197,解放海南临高角登陆纪念馆,临高县,临高角旅游区海南解放公园内(西北角),风景名胜,,,,20.008629,109.714687,
197,临高县红星博物馆,临高县,临昌路东红水库边,科教文化服务,,,,19.961537,109.697473,
197,临高博物馆,临高县,文化艺术中心里面,科教文化服务,,,,19.949414,109.722576,
197,美夏码头观景台,临高县,皇后夫人庙北侧120米,风景名胜,,,,19.996878,109.660085,
197,滨海生态日出花园,临高县,311县道,风景名胜,,,,20.002558,109.720184,
197,临高文潭妈祖庙,临高县,[],风景名胜,,,,19.992424,109.730942,
197,古柳仙人洞,临高县,306省道,风景名胜,,,,19.859968,109.625576,
197,海南解放公园-解放海南纪念碑,临高县,临高角,风景名胜,,,,20.009996,109.715112,
197,解放海南岛战役琼西接应指挥部旧址,临高县,124乡道,风景名胜,,,,19.899444,109.633224,
197,临高县高山岭自然保护区,临高县,临城镇,风景名胜,,,,19.930965,109.641545,
197,三友公园,临高县,武澜路与林翠路交叉口西南260米,风景名胜,,,,19.941071,109.702617,
197,解放海南岛渡海战役纪念馆,临高县,海南解放公园内(西侧),风景名胜,,,,20.008475,109.714528,
198,鹿回头风景区,吉阳区,鹿岭路,风景名胜,,,,18.225639,109.501310,
198,大东海旅游区,吉阳区,榆亚大道(明月广场西南400米至大东海广场2.9公里海岸线),风景名胜,,,,18.220820,109.522212,
198,三亚·中交凤凰岛,天涯区,河西街道三亚湾路6号,地名地址信息,,,,18.240317,109.493908,
198,椰梦长廊,天涯区,三亚湾路116号,风景名胜,,,,18.274342,109.475754,
198,海月广场,天涯区,迎宾路九号,风景名胜,,,,18.259085,109.494467,
198,凤凰岛桥头公园,天涯区,三亚湾路与光明街交叉口西60米,风景名胜,,,,18.246040,109.500812,
198,临春岭森林公园,吉阳区,河东区街道凤凰路临春段(近艺术家新村),风景名胜,,,,18.260389,109.526536,
198,大东海广场,吉阳区,东海路与榆亚路交汇处东南150米,风景名胜,,,,18.221866,109.525524,
198,三亚千古情景区,吉阳区,河东区街道迎宾路333号,风景名胜,,,,18.291009,109.530925,
198,小东海,吉阳区,小东海旅游度假区,风景名胜,,,,18.208582,109.502296,
198,情人桥,吉阳区,[],风景名胜,,,,18.244978,109.511770,
198,三亚湾海水浴场,天涯区,新大洲,体育休闲服务,,,,18.259525,109.493670,
198,城市乐园,天涯区,三亚河西路,风景名胜,,,,18.256069,109.507900,
198,三亚湾,天涯区,三亚湾路189-9号,风景名胜,,,,18.287329,109.435993,
198,三亚凤凰岭海誓山盟景区,吉阳区,凤凰岭公园狗岭路300号,风景名胜,,,,18.256983,109.545812,
198,萍水沙滩,天涯区,三亚湾路189-9号三亚湾(东南角),风景名胜,,,,18.255224,109.497021,
198,鹿回头滨河公园,吉阳区,河东区街道市民游客中心对面,风景名胜,,,,18.230010,109.517685,
198,大东海海水浴场,吉阳区,大东海旅游区大东海广场旁,体育休闲服务,,,,18.220681,109.521616,
198,三亚市丰兴隆党群主题公园,吉阳区,春光路丰兴隆桥头,风景名胜,,,,18.261727,109.514310,
198,三亚蓝海广场游乐场,吉阳区,新风街与祥和路交叉口西北120米,体育休闲服务,,,,18.253325,109.513825,
198,小东海海滩,吉阳区,果岭路5号,风景名胜,,,,18.205106,109.500402,
198,明月广场,吉阳区,大东海旅游区内(西侧),风景名胜,,,,18.220241,109.516578,
198,三亚星华游艇码头,吉阳区,南边海路与榆亚路交汇处西北150米,交通设施服务,,,,18.228415,109.516797,
198,鸿洲时代广场,吉阳区,榆亚大道2号鸿洲时代海岸内,风景名胜,,,,18.231743,109.511510,
198,情人湾,吉阳区,鹿回头村一组202号,风景名胜,,,,18.215126,109.492889,
199,海南槟榔谷黎苗文化旅游区,保亭黎族苗族自治县,三道镇甘什村区域内,风景名胜,,,,18.397835,109.663380,
199,呀诺达热带雨林,保亭黎族苗族自治县,三道镇,风景名胜,,,,18.452309,109.648452,
199,七仙岭温泉国家森林公园,保亭黎族苗族自治县,什聘村,风景名胜,,,,18.694244,109.713446,
199,神玉岛文化旅游度假区,保亭黎族苗族自治县,响水镇毛真水库,风景名胜,,,,18.651018,109.583785,
199,七仙文化广场,保亭黎族苗族自治县,保城镇广场路,风景名胜,,,,18.635738,109.707364,
199,仙安石林,保亭黎族苗族自治县,毛感乡,风景名胜,,,,18.593378,109.426114,
199,保亭七仙文化体育公园,保亭黎族苗族自治县,新兴东路58号,风景名胜,,,,18.642331,109.716078,
199,七仙岭全球热带水果博览中心,保亭黎族苗族自治县,黎族自治县-046乡海南省保亭热带作物研究所南侧,风景名胜,,,,18.611804,109.718182,
199,茶溪谷旅游风景区,保亭黎族苗族自治县,毛岸通什茶场内进5公里,风景名胜,,,,18.681817,109.604852,
199,呀诺达雨林文化旅游区售票处,保亭黎族苗族自治县,三道农场呀诺达雨林文化旅游区内,生活服务,,,,18.451608,109.668044,
199,呀诺达热带雨林游客中心,保亭黎族苗族自治县,[],生活服务,,,,18.451531,109.668073,
199,海南槟榔谷黎苗文化旅游区散客售票处,保亭黎族苗族自治县,三道镇甘什村区域内海南槟榔谷黎苗文化旅游区(东北角),生活服务,,,,18.399725,109.664525,
199,七仙瑶池康年温泉度假酒店,保亭黎族苗族自治县,七仙岭热带雨林旅游区7号,住宿服务,,,,18.695635,109.670991,
199,花溪谷旅游度假区,保亭黎族苗族自治县,224国道西南30米,风景名胜,,,,18.701807,109.565781,
199,保亭县民族博物馆,保亭黎族苗族自治县,沿河北东路与七仙广场路交叉口西60米,科教文化服务,,,,18.634432,109.706582,
199,什玲影视城,保亭黎族苗族自治县,305省道大田桥,风景名胜,,,,18.676349,109.809523,
199,布隆赛黎村文化旅游区,保亭黎族苗族自治县,三道镇布隆赛热带雨林国际旅游区,风景名胜,,,,18.454174,109.678174,
199,七仙瑶池野溪温泉,保亭黎族苗族自治县,保亭市七仙岭热带雨林旅游区7号,生活服务,,,,18.695740,109.671104,
199,月亮休闲广场,保亭黎族苗族自治县,七仙大道与西环路交叉口西北150米,风景名胜,,,,18.649096,109.698937,
199,呀诺达热带雨林-哇哎噜玻璃观景台,保亭黎族苗族自治县,三道农场呀诺达雨林文化旅游区内,风景名胜,,,,18.458509,109.653651,
199,七仙岭君澜温泉,保亭黎族苗族自治县,市七仙岭国家森林温泉公园内,风景名胜,,,,18.704257,109.673619,
199,海南槟榔谷黎苗文化旅游区A区售票处,保亭黎族苗族自治县,三道镇甘什村区域内海南槟榔谷黎苗文化旅游区(东北角),生活服务,,,,18.399497,109.664863,
199,七仙岭温泉国家森林公园售票处,保亭黎族苗族自治县,044乡道南50米,生活服务,,,,18.699779,109.696280,
199,甘工鸟公园,保亭黎族苗族自治县,迎宾路与西环路交叉口南180米,风景名胜,,,,18.641637,109.693686,
199,三月三广场,保亭黎族苗族自治县,三道镇甘什村区域内海南槟榔谷黎苗文化旅游区(东北角),风景名胜,,,,18.399755,109.664712,
200,五指山红峡谷漂流,五指山市,590县道,体育休闲服务,,,,18.752249,109.634894,
200,五指山国家级自然保护区,五指山市,五指山路,风景名胜,,,,18.861969,109.625757,
200,红峡谷景区,五指山市,590县道旁,风景名胜,,,,18.753710,109.630498,
200,五指山水满河热带雨林风景区,五指山市,海南省五指山市五指山路,风景名胜,,,,18.842413,109.678087,
200,五指山方诺寨热带雨林景区,五指山市,水满乡水满下村漂流点1号,风景名胜,,,,18.868788,109.671745,
200,海南热带雨林国家公园五指山景区,五指山市,[],风景名胜,,,,18.902409,109.687636,
200,牙胡梯田景区,五指山市,牙胡村,风景名胜,,,,18.974342,109.512403,
200,五指山大峡谷漂流,五指山市,583县道,风景名胜,,,,18.888740,109.603872,
200,毛纳村游客中心,五指山市,宝山路与青山路交叉口西南20米,生活服务,,,,18.879602,109.651461,
200,三月三广场,五指山市,国兴路7号西北方向100米,风景名胜,,,,18.775796,109.516770,
200,海南省民族博物馆,五指山市,泰翡路5号,科教文化服务,,,,18.781289,109.523016,
200,五指山红峡谷文化旅游区漂流-终点站,五指山市,590县道旁红峡谷景区(西南角),风景名胜,,,,18.745353,109.626251,
200,黎峒文化主题公园,五指山市,通什镇什慢村东南侧,风景名胜,,,,18.886680,109.678607,
200,五指山水满河热带雨林风景区售票处,五指山市,水满乡五指山热带雨林风景区,生活服务,,,,18.866034,109.675102,
200,黎祖大殿,五指山市,水满乡,风景名胜,,,,18.886391,109.677390,
200,阿驼岭省级森林公园,五指山市,224国道,风景名胜,,,,18.805231,109.509979,
200,五指山主峰(二峰),五指山市,[],风景名胜,,,,18.898009,109.707937,
200,娘母庙,五指山市,五指山国家级自然保护区,风景名胜,,,,18.908138,109.681926,
200,小岛公园,五指山市,通畅路与环市西路交叉口西北280米,风景名胜,,,,18.772715,109.512435,
200,牙日瀑布,五指山市,[],风景名胜,,,,18.777104,109.442116,
200,登山观景台,五指山市,海南热带雨林国家公园五指山景区内(东侧),风景名胜,,,,18.896938,109.703402,
200,朱德亭,五指山市,224国道东侧,风景名胜,,,,18.832648,109.513225,
200,红峡谷景区售票处,五指山市,590县道,生活服务,,,,18.758360,109.645785,
200,五指山寨,五指山市,水满乡五指山寨,风景名胜,,,,18.904488,109.681991,
200,观山平台,五指山市,雨林栈道西北侧,风景名胜,,,,18.862557,109.682503,
201,霸王岭国家森林公园,昌江黎族自治县,七叉镇,风景名胜,,,,19.096620,109.133579,
201,棋子湾大角公园,昌江黎族自治县,北斗西路与观海路交叉口北240米,风景名胜,,,,19.369904,108.697692,
201,棋子湾,昌江黎族自治县,浪漫海角,风景名胜,,,,19.368177,108.696880,
201,皇帝洞,昌江黎族自治县,王下乡牙迫村东面,风景名胜,,,,18.961101,109.141487,
201,海岛7号彩虹公路,昌江黎族自治县,700县道,风景名胜,,,,19.418769,108.808239,
201,昌化古庙,昌江黎族自治县,昌文路与海盛街交叉口南40米,风景名胜,,,,19.327485,108.679384,
201,昌江黎族自治县文化公园,昌江黎族自治县,环城东路46号103正西方向200米,风景名胜,,,,19.268021,109.062114,
201,中角海滩,昌江黎族自治县,广德路西50米,风景名胜,,,,19.350878,108.675903,
201,十里画廊,昌江黎族自治县,[],风景名胜,,,,18.962267,109.119037,
201,矿山公园,昌江黎族自治县,矿山路与东园路交叉口西南40米,风景名胜,,,,19.247873,109.049306,
201,海南棋子湾滨海度假区,昌江黎族自治县,北斗东路,体育休闲服务,,,,19.367769,108.725603,
201,霸王岭观景台,昌江黎族自治县,705县道,风景名胜,,,,19.020851,109.107032,
201,棋子湾玻璃海公路,昌江黎族自治县,北斗西路,风景名胜,,,,19.367086,108.717259,
201,海尾渔人码头,昌江黎族自治县,700县道与海南环岛旅游公路交叉口东南180米,餐饮服务,,,,19.422445,108.817401,
201,棋子湾大中角海滩,昌江黎族自治县,棋子湾大角公园内(西侧),风景名胜,,,,19.370348,108.696429,
201,昌江木棉体育公园,昌江黎族自治县,凯利柏尔花园酒店(昌江县政府店)东南侧180米,风景名胜,,,,19.303520,109.052954,
201,南罗村峻灵明王庙,昌江黎族自治县,701县道东北侧,风景名胜,,,,19.488315,108.936502,
201,珊瑚海滩观景台,昌江黎族自治县,海源鑫水产养殖场西北侧340米,风景名胜,,,,19.454971,108.872300,
201,海尾庙,昌江黎族自治县,海尾镇,风景名胜,,,,19.428165,108.814797,
201,观海桥北观景台,昌江黎族自治县,海南环岛旅游公路北30米,风景名胜,,,,19.418047,108.807983,
201,基督教述恩堂,昌江黎族自治县,石碌镇东风路四巷,风景名胜,,,,19.257646,109.061997,
201,赶海礁石,昌江黎族自治县,海南环岛旅游公路与赶海石滩停车区交叉口西北280米,风景名胜,,,,19.446340,108.844415,
201,排岸村木棉观景台,昌江黎族自治县,昌江风情民宿北侧290米,风景名胜,,,,19.241869,108.977298,
201,植树娘子军纪念馆,昌江黎族自治县,昌江棋子湾馨间度假公寓东北侧,风景名胜,,,,19.367747,108.724830,
201,霸王岭观景台,昌江黎族自治县,705县道,风景名胜,,,,19.128121,109.058888,
202,福山咖啡文化风情镇中心区,澄迈县,300县道附近,风景名胜,,,,19.869129,109.918714,
202,永庆寺,澄迈县,老城镇盈滨半岛鲁能大道,风景名胜,,,,19.982930,110.097776,
202,金山寺,澄迈县,金江镇公园路,风景名胜,,,,19.740645,110.013466,
202,美亭美榔姐妹塔,澄迈县,260县道北150米,风景名胜,,,,19.799046,110.160467,
202,海南红树湾湿地公园,澄迈县,福山镇西线高速573公里三林出口处,风景名胜,,,,19.897083,109.999369,
202,罗驿古村,澄迈县,老城镇罗驿村,风景名胜,,,,19.895815,110.119112,
202,老城西海岸沙滩,澄迈县,桃源路老城西海岸沙滩附近,风景名胜,,,,19.987939,110.112333,
202,永庆后海,澄迈县,永庆大道10号,风景名胜,,,,19.984872,110.098100,
202,大泻瀑布,澄迈县,永发镇南轩村,风景名胜,,,,19.774929,110.160206,
202,沃克公园(不对外开放),澄迈县,南一环路与美伦路交叉口西南340米,风景名胜,,,,19.944629,110.122133,
202,保良古村,澄迈县,福山镇保良村37号,地名地址信息,,,,19.803849,109.921673,
202,小岛幽径观景台,澄迈县,道伦角西北侧190米,风景名胜,,,,19.986494,109.890703,
202,天元海灯塔,澄迈县,武亭北路22号,风景名胜,,,,19.980534,110.074148,
202,海南·澄迈漓岛公园,澄迈县,海南省澄迈县道群西北699米,风景名胜,,,,19.973181,110.116120,
202,水月公园,澄迈县,老城镇,风景名胜,,,,19.931905,110.149218,
202,澄迈县太阳湾,澄迈县,桥头镇沙土村太阳湾,风景名胜,,,,19.952015,109.969746,
202,绿地广场,澄迈县,金江镇文明北路145号,风景名胜,,,,19.747153,110.005015,
202,玉包沧浪观景台,澄迈县,玉包纪念广场西侧290米,风景名胜,,,,19.984608,109.919666,
202,玉包纪念广场,澄迈县,玉包港,风景名胜,,,,19.985474,109.922349,
202,包岸港,澄迈县,桥头镇,风景名胜,,,,19.963434,109.890417,
202,马白山纪念园,澄迈县,马村镇西面海边国社岭岭脚,风景名胜,,,,19.936785,110.030321,
202,霞飞馆火山岩古村落,澄迈县,龙吉小学东侧270米,风景名胜,,,,19.950319,110.155404,
202,亲民公园,澄迈县,金马二横西路与金马路交叉口西北240米,风景名胜,,,,19.758165,110.003926,
202,玉包港登陆纪念碑,澄迈县,桥头镇玉包港,风景名胜,,,,19.985382,109.922391,
202,桥头镇林诗岛,澄迈县,[],风景名胜,,,,19.990803,109.946950,
203,文笔峰盘古文化旅游区,定安县,309省道与寻香路交叉口北500米,风景名胜,,,,19.555500,110.366742,
203,母瑞山革命根据地纪念园,定安县,中瑞农场,风景名胜,,,,19.245541,110.303405,
203,定安香草田园,定安县,龙湖镇丁湖路文头岭村1号,风景名胜,,,,19.548566,110.366424,
203,海南南丽湖国家湿地公园,定安县,雷鸣镇境内,风景名胜,,,,19.516737,110.377293,
203,定安古城,定安县,东门街附近,风景名胜,,,,19.700963,110.319280,
203,海南热带飞禽世界,定安县,富民大道13号,风景名胜,,,,19.678062,110.352745,
203,定安沿江公园,定安县,沿江东路与文明路交叉口东北200米,风景名胜,,,,19.708927,110.328630,
203,南丽湖旅游区,定安县,088乡道,风景名胜,,,,19.477277,110.363836,
203,定安县衙遗址,定安县,西门街与中南街交叉口北60米,风景名胜,,,,19.700518,110.319057,
203,文笔峰,定安县,309省道与寻香路交叉口西北280米,风景名胜,,,,19.552673,110.365616,
203,龙门冷泉乡村公园,定安县,久温塘村,风景名胜,,,,19.384301,110.330097,
203,文笔峰盘古文化旅游区-玉蟾宫,定安县,文笔峰盘古文化旅游区内(南侧),风景名胜,,,,19.552208,110.367352,
203,南丽湖大坝,定安县,[],风景名胜,,,,19.494919,110.337277,
203,万千岭祖庙,定安县,龙河镇菉林村,风景名胜,,,,19.382728,110.262868,
203,南丽湖醉花岛露营公园,定安县,088乡道,风景名胜,,,,19.459065,110.363727,
203,亚洲榕树王,定安县,翰林镇后岭村,风景名胜,,,,19.339790,110.248288,
203,丹桂公园,定安县,岳崧路30正西方向190米,风景名胜,,,,19.680654,110.345248,
203,张岳崧故居,定安县,龙湖镇高林村,风景名胜,,,,19.585783,110.484347,
203,定安兴安公园,定安县,兴安大道与塔北路交叉口东220米,风景名胜,,,,19.679068,110.361711,
203,文笔峰盘古文化旅游区游客中心,定安县,文笔峰盘古文化旅游区内(南侧),生活服务,,,,19.551890,110.367886,
203,定安县博物馆,定安县,广播电视博物大楼3层,科教文化服务,,,,19.680024,110.357926,
203,南堯峝主庙,定安县,[],风景名胜,,,,19.451158,110.246831,
203,海南农垦万嘉果热带植物园,定安县,环岛高速定安黄竹出口,风景名胜,,,,19.459110,110.441210,
203,甜蜜岭口爱情小镇,定安县,永达街1号,风景名胜,,,,19.347085,110.310357,
203,海南文笔峰道家文华苑-月老殿,定安县,文笔峰盘古文化旅游区内(北侧),风景名胜,,,,19.558729,110.366943,
204,假日海滩旅游区,秀英区,滨海大道126号,风景名胜,,,,20.036599,110.237188,
204,西海岸带状公园,秀英区,滨海大道与长彤路交叉口西500米,风景名胜,,,,20.039439,110.233076,
204,海南环岛旅游公路(起点),秀英区,粤海大道2号新海港码头客运枢纽站东北侧新海港广场,风景名胜,,,,20.050359,110.158992,
204,海南长影奇幻乐园,秀英区,椰海大道100号,风景名胜,,,,19.981260,110.194241,
204,海口骑楼老街历史文化街区,龙华区,长堤路5-1号,购物服务,,,,20.039708,110.344604,
204,金沙湾滨海公园,秀英区,金山路与金桥路交叉口北140米,风景名胜,,,,20.031797,110.151587,
204,海口西海岸挺秀公园,秀英区,西海岸挺秀公园(远大购物中心东南),风景名胜,,,,20.046283,110.194134,
204,万绿园,龙华区,滨海大道38号,风景名胜,,,,20.033727,110.313766,
204,西秀公园,秀英区,仲韶街与德仁路交叉口西南约100米,风景名胜,,,,20.020302,110.188985,
204,欢乐海洋,秀英区,滨海大道187号,风景名胜,,,,20.034244,110.239329,
204,世纪公园音乐广场,龙华区,渡海路与港湾路交汇处,风景名胜,,,,20.046219,110.317103,
204,长堤沙滩,秀英区,海色路与新海中路交叉口东北500米,风景名胜,,,,20.061615,110.170621,
204,香格里拉沙滩,秀英区,海色路与长欢路交叉口西北20米,风景名胜,,,,20.059678,110.196501,
204,雷琼世界地质公园(海口园区),秀英区,石山镇风景路89号,风景名胜,,,,19.927625,110.221197,
204,西岸超级海滩,秀英区,滨海大道140号红燕堂酒店北侧,风景名胜,,,,20.056732,110.210750,
204,白沙门公园,美兰区,海甸六东路与人民大道交汇处,风景名胜,,,,20.071231,110.335312,
204,秀英炮台,龙华区,世贸南路5号,风景名胜,,,,20.021529,110.307515,
204,莲花广场,琼山区,国兴大道17号,风景名胜,,,,20.015488,110.348691,
204,五源河入海口,秀英区,五源河国家湿地公园内(北侧),风景名胜,,,,20.055966,110.210605,
204,海口观澜湖旅游度假区,龙华区,观澜湖大道,风景名胜,,,,19.889968,110.309873,
204,金牛岭公园,龙华区,海秀中路102号,风景名胜,,,,20.009710,110.317554,
204,海口钟楼,龙华区,长堤路20号(人民桥附近),风景名胜,,,,20.044487,110.341690,
204,美德幸福广场,秀英区,长滨路永秀花园对面,风景名胜,,,,20.005230,110.207546,
204,海口热带农业科技博览园,龙华区,苍峄路4号,风景名胜,,,,19.984621,110.327469,
204,天空之山驿站,美兰区,美丽沙路与海甸五西路交叉口西南460米,风景名胜,,,,20.058010,110.306820,
205,花果山公园,儋州市,军屯村宝岛路,风景名胜,,,,19.537157,109.554766,
205,南茶公园,儋州市,万福西路与福通西街交叉口西南340米,风景名胜,,,,19.500349,109.576680,
205,海南莲花山文化景区,儋州市,兰洋镇,风景名胜,,,,19.423047,109.657311,
205,那大基督教堂,儋州市,东风路156号,风景名胜,,,,19.509356,109.575769,
205,海南热带植物园,儋州市,那大镇宝岛新村(中国热带农业科学院儋州院区),风景名胜,,,,19.511882,109.503639,
205,中兴公园,儋州市,中心大道,风景名胜,,,,19.521093,109.593958,
205,云舍松涛·海南中国村,儋州市,南丰镇油文村(油文小学东),风景名胜,,,,19.412001,109.622929,
205,国桢棕榈岛公园,儋州市,伏波东路与龙门路交汇处,风景名胜,,,,19.524956,109.557165,
205,海南火莲花地质景区,儋州市,兰洋镇万洋高速兰洋互通旁,风景名胜,,,,19.427419,109.662536,
205,儋州市莲花寺,儋州市,兰洋镇万洋高速兰洋互通旁,风景名胜,,,,19.425250,109.662207,
205,儋州市中湖公园,儋州市,G225(中兴大街),风景名胜,,,,19.520808,109.578305,
205,儋阳楼森林公园,儋州市,中兴大街路南,风景名胜,,,,19.509867,109.523796,
205,创新广场,儋州市,立新街,风景名胜,,,,19.510230,109.573127,
205,雅拉客家美丽乡村,儋州市,那大镇雅拉大街雅拉农场,体育休闲服务,,,,19.517313,109.529110,
205,儋州人民公园,儋州市,225国道与人民公园东环路交叉口西南240米,风景名胜,,,,19.505152,109.526494,
205,星光健身广场,儋州市,那大镇宝岛路,风景名胜,,,,19.535914,109.561605,
205,镜湖公园,儋州市,龙门路与桃园西三街交叉口南约140米,风景名胜,,,,19.524492,109.557967,
205,儋州市城西公园,儋州市,工业大道附近,风景名胜,,,,19.515228,109.544809,
205,石花水洞地质公园,儋州市,雅星镇八一总场,风景名胜,,,,19.442367,109.299882,
205,东升文化广场,儋州市,东风路与农垦路交叉口南100米,风景名胜,,,,19.508364,109.577240,
205,银河公园可明湖,儋州市,军屯西十巷4号,风景名胜,,,,19.525174,109.565548,
205,儋州市烈士陵园(儋州市革命英雄纪念碑),儋州市,那大三角岭(云月湖畔旁),风景名胜,,,,19.506120,109.526258,
205,东坡书院,儋州市,中和镇,风景名胜,,,,19.737794,109.356283,
205,歃血结盟纪念园,儋州市,国营西联农场西流农场红旗队东,风景名胜,,,,19.591057,109.644229,
205,儋州东坡文化旅游区,儋州市,中和镇吉贝路,风景名胜,,,,19.737875,109.356327,
206,神州半岛旅游度假区,万宁市,东澳镇,风景名胜,,,,18.676047,110.368032,
206,石梅湾,万宁市,滨海路1号,风景名胜,,,,18.661922,110.272090,
206,日月湾海门游览区,万宁市,日月湾,风景名胜,,,,18.628143,110.216248,
206,神州半岛旅游区-灯塔,万宁市,神州半岛泰悦居小区旁边,风景名胜,,,,18.662480,110.331160,
206,兴隆热带植物园,万宁市,兴隆镇,风景名胜,,,,18.735501,110.197672,
206,巴厘村,万宁市,工业大道1号,风景名胜,,,,18.728437,110.205908,
206,燕子洞,万宁市,龙滚镇上卿村路口,风景名胜,,,,19.045092,110.565679,
206,日月湾海岛礼堂,万宁市,[],风景名胜,,,,18.609961,110.211439,
206,山钦湾,万宁市,龙滚镇,风景名胜,,,,19.054961,110.572037,
206,观海亭,万宁市,滨海路1号,风景名胜,,,,18.666962,110.291418,
206,大花角,万宁市,和乐镇联丰村高龙村065号,风景名胜,,,,18.788480,110.543024,
206,日月湾海滩,万宁市,礼纪镇日月滩海门游览区日月湾旅游区号,生活服务,,,,18.628375,110.218125,
206,东山岭,万宁市,万城镇,风景名胜,,,,18.800262,110.435009,
206,日月湾冲浪沙滩,万宁市,日月湾海门游览区28号,体育休闲服务,,,,18.618758,110.205738,
206,热浪公园,万宁市,国家摩托艇南方训练基地旁,风景名胜,,,,18.673469,110.347400,
206,热浪沙滩,万宁市,热浪公园,风景名胜,,,,18.672373,110.347563,
206,神州半岛沙滩,万宁市,凤凰路与星悦路交叉口东南380米,风景名胜,,,,18.671230,110.352897,
206,新群湾,万宁市,新群村,风景名胜,,,,18.731466,110.444614,
206,正大·兴隆咖啡文化园,万宁市,兴梅大道23号,风景名胜,,,,18.723792,110.242076,
206,灯塔芳草地,万宁市,望海路87号,风景名胜,,,,18.669352,110.336894,
206,春园湾,万宁市,万城镇东12公里处,风景名胜,,,,18.779980,110.509714,
206,M1咖啡奇幻工场,万宁市,礼纪石梅湾旅游度假区九里润街M1,风景名胜,,,,18.669282,110.278401,
206,海天一色观景台,万宁市,和乐镇432县道,风景名胜,,,,18.838086,110.520542,
206,独享沙滩,万宁市,石梅湾旅游度假区石梅湾艾美度假酒店,风景名胜,,,,18.667214,110.286288,
206,海南日月湾,万宁市,万宁冲浪基地内,风景名胜,,,,18.626002,110.215086,
207,博鳌亚洲论坛永久会址景区,琼海市,博鳌镇远洋大道1号东屿岛,风景名胜,,,,19.144472,110.576825,
207,牛奶海,琼海市,旅游路,风景名胜,,,,19.275834,110.642518,
207,博鳌酒吧公园,琼海市,博鳌玉带湾大酒店后海正北方向50米,风景名胜,,,,19.164714,110.591718,
207,中国(海南)南海博物馆,琼海市,博物馆路1号,科教文化服务,,,,19.228570,110.607128,
207,红色娘子军雕像,琼海市,东风路73号,风景名胜,,,,19.239662,110.465803,
207,博鳌东方文化苑,琼海市,龙潭路附近,风景名胜,,,,19.158504,110.558395,
207,白石岭旅游区,琼海市,嘉积镇,风景名胜,,,,19.159838,110.390376,
207,红色娘子军纪念园,琼海市,356县道附近,风景名胜,,,,19.210252,110.431155,
207,红石滩,琼海市,博鳌镇,风景名胜,,,,19.199029,110.611660,
207,任意门,琼海市,无所归止海景餐厅东侧,风景名胜,,,,19.230366,110.628483,
207,万泉河景区,琼海市,万泉河路13号,风景名胜,,,,19.248594,110.454529,
207,世界热带水果之窗(海南盛大共享农庄),琼海市,大路镇湖仔村委会湖仔二村010号,风景名胜,,,,19.348166,110.453487,
207,石壁瀑布,琼海市,石壁镇,风景名胜,,,,19.208270,110.321874,
207,博鳌妈祖庙,琼海市,博鳌镇博鳌村,风景名胜,,,,19.157185,110.589434,
207,乐城岛城隍庙,琼海市,博鳌镇乐城村民委员会北95米,风景名胜,,,,19.141607,110.523648,
207,博鳌珊瑚湾海滩,琼海市,珊瑚岛停车区送车点南侧150米,风景名胜,,,,19.205717,110.617369,
207,博鳌亚洲论坛成立会址景区,琼海市,金海岸大道1号,风景名胜,,,,19.157379,110.585264,
207,长滩雨林北海边沙滩,琼海市,滨海路,风景名胜,,,,19.174269,110.594211,
207,博鳌亚洲风情广场,琼海市,博鳌金海岸大道1号博鳌亚洲论坛成立会址售票处,风景名胜,,,,19.159403,110.584879,
207,中原南洋风情小镇,琼海市,223国道与迎宾路交叉口北40米,风景名胜,,,,19.130140,110.480989,
207,春晖椰子文化观光园,琼海市,嘉积镇温泉万石高速路出口处,风景名胜,,,,19.206162,110.438068,
207,万泉河峡谷,琼海市,会山镇187乡道,体育休闲服务,,,,19.032220,110.218812,
207,长滩雨林,琼海市,博鳌镇滨海大道1号,商务住宅,,,,19.173373,110.591049,
207,沙美红树林湿地公园,琼海市,沙美村,风景名胜,,,,19.106663,110.558299,
207,海龙王庙,琼海市,东海路428县道,风景名胜,,,,19.127922,110.578055,
208,南通市凤凰文化广场,崇川区,崇文路6号(图书馆地铁站8号口步行80米),购物服务,,,,31.975603,120.897390,
208,大生文创园,崇川区,通启路8号,商务住宅,,,,31.991709,120.892227,
208,南通狼山风景名胜区,崇川区,狼山镇剑新路1号,风景名胜,,,,31.948766,120.887760,
208,南通海底世界,崇川区,崇川区桃园路7号南通体育会展中心今世缘·国缘体育馆,风景名胜,,,,31.967376,120.898553,
208,南通濠河风景名胜区,崇川区,启秀路17号,风景名胜,,,,32.014345,120.867057,
208,啬园,崇川区,狼山街道南郊路150号,风景名胜,,,,31.964415,120.907439,
208,紫琅公园,崇川区,朝阳路10号,风景名胜,,,,31.969749,120.938403,
208,南通植物园,崇川区,工农南路19号,风景名胜,,,,31.953925,120.899480,
208,南通博物苑,崇川区,濠南路19号,科教文化服务,,,,32.011296,120.869839,
208,城隍庙,崇川区,城东街道濠东路199号,风景名胜,,,,32.024787,120.869771,
208,南通长江体育公园,崇川区,长江南路253号,风景名胜,,,,31.965184,120.867043,
208,剑山景区,崇川区,剑山路1号(狼山镇南河沿11号),风景名胜,,,,31.946918,120.894416,
208,紫琅花谷,崇川区,朝阳路10号紫琅公园内(北侧),风景名胜,,,,31.980109,120.939820,
208,滨江花海,崇川区,长江中路259号,风景名胜,,,,31.966444,120.870112,
208,紫琅湖,崇川区,新开街道朝阳路10号紫琅公园,风景名胜,,,,31.963247,120.933695,
208,文峰公园,崇川区,城山路5号,风景名胜,,,,32.009416,120.875550,
208,南通中央公园(崇川路),崇川区,海风街与江淮路交叉口西北160米,风景名胜,,,,31.971477,120.896702,
208,军山景区,崇川区,山水路18号,风景名胜,,,,31.939058,120.902665,
208,滨江体育公园,崇川区,狼山镇街道山水路3号,风景名胜,,,,31.935215,120.892950,
208,中华慈善博物馆,崇川区,虹桥路9号,科教文化服务,,,,31.998080,120.879939,
208,南通蓝印花布博物馆,崇川区,城东街道濠东路81号(友谊桥地铁站4号口步行400米),科教文化服务,,,,32.016883,120.872163,
208,钟楼广场,崇川区,人民中路47号6楼(友谊桥地铁站5号口步行240米),风景名胜,,,,32.018250,120.865077,
208,南通探险王国,崇川区,北大街1号(华强城对面),体育休闲服务,,,,32.039751,120.858158,
208,南通濠河风景名胜区-中公园,崇川区,濠南路1号,风景名胜,,,,32.010628,120.861698,
208,南通群英馆,崇川区,环城南路1号,科教文化服务,,,,32.013755,120.868137,
209,连云港市博物馆,海州区,朝阳东路68号(近市政府),科教文化服务,,,,34.593870,119.223983,
209,苍梧绿园,海州区,苍梧路,风景名胜,,,,34.596705,119.196792,
209,盐河巷,海州区,陇海步行西街与南极北路交汇西南侧,风景名胜,,,,34.599351,119.175092,
209,花果山风景区,海州区,郁林路5号,风景名胜,,,,34.645922,119.283146,
209,民主路老街,海州区,民主中路139号,购物服务,,,,34.604808,119.174570,
209,星海湖公园,海州区,花果山大道凌洲东路,风景名胜,,,,34.618713,119.236847,
209,孔雀沟,海州区,环前云台山大道,风景名胜,,,,34.618254,119.273146,
209,连云港市革命纪念馆,海州区,新东街道朝阳东路70号,风景名胜,,,,34.593982,119.225598,
209,郁洲公园,海州区,人民东路218号,风景名胜,,,,34.615569,119.183451,
209,孔望山,海州区,盐河南路,风景名胜,,,,34.567054,119.174729,
209,月牙岛,海州区,浦南镇新浦大道,风景名胜,,,,34.634122,119.164958,
209,海州古城,海州区,[],风景名胜,,,,34.565981,119.139929,
209,花果山,海州区,海州区,地名地址信息,,,,34.650699,119.287246,
209,城隍庙,海州区,南城街道城隍路城隍庙,风景名胜,,,,34.567201,119.234184,
209,渔湾风景区,海州区,云台街道渔湾村,风景名胜,,,,34.632977,119.346159,
209,连云港园博园,海州区,徐新中路88号,风景名胜,,,,34.573560,119.319712,
209,市民广场,海州区,海连中路南侧,风景名胜,,,,34.597073,119.186370,
209,石棚山风景区,海州区,东风路1号,风景名胜,,,,34.559053,119.146328,
209,花果山风景区水帘洞,海州区,圣湖路花果山风景区内(东侧),风景名胜,,,,34.645944,119.296173,
209,在海一方公园,连云区,墟沟海滨大道棠梨路2号,风景名胜,,,,34.758401,119.370515,
209,桃花涧风景区,海州区,锦屏镇锦屏路18号,风景名胜,,,,34.530261,119.133692,
209,樱桃谷生态园游游览区,海州区,樱桃谷草莓采摘园西北,风景名胜,,,,34.610426,119.273792,
209,连岛景区,连云区,连岛街道,风景名胜,,,,34.765165,119.435308,
209,连云港园,海州区,云善路22号,风景名胜,,,,34.577062,119.319527,
209,新浦动物园,海州区,南极路170号新浦公园内(西侧),风景名胜,,,,34.597987,119.172538,
210,古鸡鸣寺,玄武区,鸡鸣寺路1号钟山风景名胜区玄武湖景区内西南侧,风景名胜,,,,32.061061,118.795246,
210,玄武湖景区,玄武区,玄武门路1号钟山风景名胜区西侧,风景名胜,,,,32.069455,118.812688,
210,总统府,玄武区,新街口街道,风景名胜,,,,32.044228,118.797398,
210,夫子庙秦淮风光带,秦淮区,平江府路80-1(夫子庙地铁站2号口步行170米),风景名胜,,,,32.020699,118.788972,
210,南京城墙台城景区,玄武区,玄武湖公园,风景名胜,,,,32.061269,118.803085,
210,南京城墙景区-玄武门,玄武区,玄武门路1号玄武湖公园(玄武门地铁站3号口步行300米),风景名胜,,,,32.070521,118.787516,
210,南京城墙景区(神策门至太平门),玄武区,解放门8号,风景名胜,,,,32.062723,118.796260,
210,玄武湖景区情侣园,玄武区,龙蟠路100号,风景名胜,,,,32.070040,118.809617,
210,南京博物院,玄武区,中山东路321号,科教文化服务,,,,32.040802,118.825064,
210,红山森林动物园,玄武区,和燕路168号(红山动物园地铁站1号口步行400米),风景名胜,,,,32.091808,118.802932,
210,南京夫子庙,秦淮区,贡院街152号,风景名胜,,,,32.020660,118.788899,
210,明孝陵景区,玄武区,石象路7号,风景名胜,,,,32.051926,118.840463,
210,环洲,玄武区,玄武巷1号玄武湖公园内,风景名胜,,,,32.074352,118.793168,
210,钟山风景名胜区,玄武区,石象路7号,风景名胜,,,,32.064908,118.844262,
210,中共代表团梅园新村纪念馆,玄武区,汉府街18-1,风景名胜,,,,32.042379,118.801602,
210,白马公园,玄武区,锁金村街道白马山庄1号(近龙蟠路),风景名胜,,,,32.060725,118.816692,
210,太阳宫广场,玄武区,湖岗子村阳光路3号(岗子村地铁站3号口步行290米),风景名胜,,,,32.064285,118.813860,
210,瞻园,秦淮区,瞻园路128号,风景名胜,,,,32.021034,118.785163,
210,南京梧桐大道(陵园路),玄武区,四方城西路与陵园路交叉口西60米,风景名胜,,,,32.046050,118.841586,
210,中山陵景区,玄武区,石象路7号,风景名胜,,,,32.054508,118.854097,
210,武庙遗址(不对外开放),玄武区,北京东路43号(鸡鸣寺地铁站5号口步行180米),风景名胜,,,,32.059068,118.797533,
210,六朝博物馆,玄武区,长江路302号,科教文化服务,,,,32.042840,118.799124,
210,老门东,秦淮区,剪子巷与箍桶巷交汇处剪子巷54号,风景名胜,,,,32.011604,118.787645,
210,朝天宫,秦淮区,朝天宫4号(朝天宫地铁站1号口步行210米),风景名胜,,,,32.034344,118.775320,
210,玄武湖景区-菱洲,玄武区,玄武湖公园内,风景名胜,,,,32.069225,118.799000,
211,七里山塘景区,姑苏区,山塘街177号,风景名胜,,,,31.317059,120.602105,
211,西园戒幢律寺,姑苏区,留园路西园弄18号,风景名胜,,,,31.314823,120.587334,
211,寒山寺,姑苏区,枫桥路16号,风景名胜,,,,31.310469,120.568391,
211,苏州市枫桥风景名胜区,姑苏区,枫桥路底(何山大桥东堍),风景名胜,,,,31.309475,120.568304,
211,留园,姑苏区,阊门外留园路338号,风景名胜,,,,31.315369,120.592260,
211,石路步行街,姑苏区,金门路158号协和大厦苏宁电器,购物服务,,,,31.312356,120.601762,
211,平江路,姑苏区,白塔东路65号,风景名胜,,,,31.313969,120.634556,
211,苏州园林,姑苏区,东北街178号拙政园内(东侧),风景名胜,,,,31.324225,120.629969,
211,拙政园,姑苏区,东北街178号,风景名胜,,,,31.324194,120.629211,
211,虎丘山风景区,姑苏区,虎丘山门内8号,风景名胜,,,,31.334584,120.580016,
211,苏州桃花坞历史文化片区,姑苏区,廖家巷28号唐寅文化区(江苏省纺织工业设计研究院对面),风景名胜,,,,31.322761,120.612645,
211,观前街,姑苏区,太监弄49号,购物服务,,,,31.310624,120.625637,
211,盘门景区,姑苏区,东大街49号(阊胥路苏州火柴厂旧址),风景名胜,,,,31.288477,120.617335,
211,苏州博物馆西馆,虎丘区,高新区长江路399号(狮子山地铁站3A口步行310米),科教文化服务,,,,31.289366,120.548055,
211,艺圃,姑苏区,文衙弄5号,风景名胜,,,,31.313032,120.608921,
211,七里山塘千年古街,姑苏区,山塘街与上塘街交叉口西北20米,风景名胜,,,,31.314609,120.603340,
211,荷花市集,姑苏区,白塔公园(东北角),风景名胜,,,,31.317700,120.624924,
211,沧浪亭,姑苏区,沧浪亭街3号,风景名胜,,,,31.294656,120.625746,
211,天主堂,姑苏区,三香路1162号,风景名胜,,,,31.298058,120.581819,
211,桐泾公园,姑苏区,桐泾南路1号,风景名胜,,,,31.282618,120.602069,
211,苏州博物馆(本馆),姑苏区,东北街204号,科教文化服务,,,,31.322948,120.627856,
211,狮山文化广场,虎丘区,狮山路长江路交叉口,风景名胜,,,,31.290714,120.544310,
211,狮子林,姑苏区,园林路23号,风景名胜,,,,31.321068,120.629095,
211,苏州革命博物馆,姑苏区,三香路1216号(近体育中心),科教文化服务,,,,31.297287,120.580798,
211,苏州市运河体育公园,姑苏区,狮山桥北,风景名胜,,,,31.299497,120.573833,
212,项王故里,宿城区,黄河南路288号,风景名胜,,,,33.936778,118.301610,
212,真如禅寺,宿城区,项里街道思虞路88号,风景名胜,,,,33.937733,118.301707,
212,古黄河水景公园,宿城区,骆马湖路,风景名胜,,,,33.966964,118.270135,
212,古黄河雄壮河湾公园,宿城区,骆马湖路1号,风景名胜,,,,33.963379,118.287777,
212,宿迁市马陵公园,宿城区,黄河路东50米,风景名胜,,,,33.960809,118.297176,
212,宿迁森迪野生动物世界,宿豫区,江山大道159号,风景名胜,,,,33.993299,118.331118,
212,鸟悦园,宿城区,平安大道与洪泽湖路交叉口东北侧,风景名胜,,,,33.962382,118.272351,
212,宿迁市博物馆,宿城区,黄河南路188号,科教文化服务,,,,33.939181,118.299016,
212,凤凰文化广场,宿城区,西湖路158号,风景名胜,,,,33.951999,118.297701,
212,幸福园林,宿城区,骆马湖西路与黄海大道交叉口西北300米,风景名胜,,,,33.967585,118.249545,
212,江苏三台山国家森林公园,宿豫区,三台山大道与新站路交汇处东北角,风景名胜,,,,34.033192,118.321972,
212,骆马湖罗曼园,宿豫区,骆马湖旅游度假区环湖大道,风景名胜,,,,34.020607,118.268051,
212,宿迁骆马湖国家级旅游度假区,宿豫区,迎宾大道与玉兰路交叉口西北150米,风景名胜,,,,34.077984,118.288842,
212,朱瑞将军纪念馆,宿城区,幸福园林内(东侧),风景名胜,,,,33.968482,118.255895,
212,骆马湖沙滩公园,宿豫区,湖滨新区环湖大道西,风景名胜,,,,34.063481,118.277053,
212,楚街荷花池,宿城区,繁荣街与西湖路交叉口西北280米,风景名胜,,,,33.953197,118.283550,
212,人民广场,宿城区,南湖路1号,风景名胜,,,,33.960829,118.275017,
212,虞姬公园,宿城区,绍兴路北侧,风景名胜,,,,33.928693,118.265411,
212,千鸟园,宿豫区,湘江路17号,风景名胜,,,,33.944320,118.330290,
212,印象黄河,宿城区,双庄镇宿城新区,风景名胜,,,,33.970279,118.234750,
212,皂河龙运城,宿豫区,皂河镇龙运大道与行宫路交汇处,风景名胜,,,,34.036438,118.117952,
212,季高·牛角村MOMO乐园,宿城区,永茂路24正,体育休闲服务,,,,33.989893,118.152293,
212,孤独的树,宿豫区,新站路88号,风景名胜,,,,34.035316,118.265475,
212,东关口历史文化公园,宿城区,东关口历史文化公园(运河南路),风景名胜,,,,33.938423,118.306270,
212,杉荷园景区,宿豫区,茆河路与314乡道交叉口西南100米,风景名胜,,,,33.945182,118.437903,
213,千年古镇河下,淮安区,淮城镇河下估衣街125号,风景名胜,,,,33.527938,119.134139,
213,周恩来纪念馆,淮安区,永怀路2号,风景名胜,,,,33.516004,119.150065,
213,周恩来故里旅游景区,淮安区,永怀路2号,风景名胜,,,,33.512579,119.152929,
213,大运河板闸遗址公园,淮安区,生态文旅区翔宇南道58号,风景名胜,,,,33.549374,119.104113,
213,吴承恩故居,淮安区,河下古镇打铜巷12号,风景名胜,,,,33.527925,119.138833,
213,周恩来同志故居,淮安区,驸马巷7号,风景名胜,,,,33.506477,119.142211,
213,淮安府署,淮安区,东门大街38号,风景名胜,,,,33.510800,119.145777,
213,淮安市宪法主题公园,淮安区,翔宇大道,风景名胜,,,,33.542178,119.111440,
213,沈坤状元府,淮安区,河下古镇竹巷街39号,风景名胜,,,,33.527641,119.136998,
213,淮安御码头,淮安区,里运河东堤与城河街交叉口西北140米,风景名胜,,,,33.524043,119.134266,
213,状元里(河下景区),淮安区,万丰商业街西侧片区,商务住宅,,,,33.526583,119.135160,
213,景会寺,清江浦区,钵池街道毛渡村七组,风景名胜,,,,33.588850,119.104866,
213,钵池山公园,清江浦区,水渡口大道28号,风景名胜,,,,33.597884,119.057025,
213,漕运广场,淮安区,镇淮楼对面,风景名胜,,,,33.507172,119.144976,
213,古淮河文化生态景区,清江浦区,河畔路1号,风景名胜,,,,33.610936,119.090489,
213,中国漕运博物馆,淮安区,淮城街道漕运广场内(漕运总督署遗址附近),科教文化服务,,,,33.507171,119.144976,
213,淮安西游乐园,清江浦区,淮安经济技术开发区西游大道6号,体育休闲服务,,,,33.657095,119.193062,
213,萧湖景区,淮安区,淮城街道,风景名胜,,,,33.519812,119.139230,
213,里运河文化长廊,清江浦区,越河路(淮安运河博物馆),风景名胜,,,,33.593210,119.038150,
213,清晏园,清江浦区,人民南路92号(环城路之北侧),风景名胜,,,,33.585073,119.024368,
213,镇淮楼,淮安区,淮恩路,风景名胜,,,,33.504991,119.144787,
213,淮安电视塔,清江浦区,龙江路与乐善路交叉口西南300米,风景名胜,,,,33.535931,119.095056,
213,楚秀园,清江浦区,淮海南路85号,风景名胜,,,,33.586414,119.036027,
213,中国漕运城,清江浦区,漕城路3号,风景名胜,,,,33.571826,119.068952,
213,红豆湿地公园,清江浦区,翔宇中道1号,风景名胜,,,,33.562910,119.098232,
214,云龙华府广场,云龙区,庆丰路与崇德路交叉口东北120米,商务住宅,,,,34.250480,117.250427,
214,徐州汉文化景区,云龙区,兵马俑路1号,风景名胜,,,,34.247083,117.221212,
214,徐州云龙湖旅游景区,泉山区,湖中路,风景名胜,,,,34.237488,117.151905,
214,蟠桃山景区,鼓楼区,经济技术开发区宝莲寺(蟠桃地铁站3号口步行802米),风景名胜,,,,34.294717,117.268099,
214,市下沉广场,云龙区,昆仑大道1号,风景名胜,,,,34.203033,117.284035,
214,淮海战役烈士纪念塔园林,泉山区,解放南路2号,风景名胜,,,,34.233584,117.197381,
214,徐州博物馆,云龙区,和平路118号,科教文化服务,,,,34.251058,117.186653,
214,大龙湖桃花岛,云龙区,大龙湖内,风景名胜,,,,34.203201,117.260834,
214,徐州云龙湖旅游景区云龙山,泉山区,中山南路云龙山隧道,风景名胜,,,,34.237675,117.176845,
214,徐州方特乐园,铜山区,张集镇方特大道1号,体育休闲服务,,,,34.146996,117.358825,
214,淮海战役纪念馆,泉山区,解放南路2号,风景名胜,,,,34.231671,117.199405,
214,徐州回龙窝历史文化街区,云龙区,解放路8号(户部山地铁站3D号口、4号口步行340米),购物服务,,,,34.259018,117.190103,
214,户部山,云龙区,彭城路229号户部山月光集市北入口西面户部山文化市场东门南10米,购物服务,,,,34.257784,117.187935,
214,徐州云龙湖旅游景区滨湖公园,泉山区,云龙湖北岸,风景名胜,,,,34.246044,117.157483,
214,云龙湖万人游泳场沙滩,泉山区,云龙湖,风景名胜,,,,34.245071,117.172965,
214,金山公园,泉山区,湖中路徐州云龙湖旅游景区(东南角),风景名胜,,,,34.230957,117.166938,
214,大龙湖南岸公园,云龙区,天目路与银川路交叉口东南180米,风景名胜,,,,34.191451,117.266280,
214,戏马台,云龙区,户部山项王路1号(户部山1号口步行422米),风景名胜,,,,34.255273,117.189965,
214,徐州乐园,泉山区,玉带大道9号,体育休闲服务,,,,34.227740,117.123086,
214,户部山古建筑群,云龙区,户部山崔家巷2号(户部山地铁站1号口步行350米),风景名胜,,,,34.254508,117.189100,
214,徐州汉文化景区狮子山楚王陵,云龙区,兵马俑路1号汉文化风景区,风景名胜,,,,34.244957,117.225186,
214,徐州奥体中心嘻嘻游乐场,云龙区,汉风街道云台路徐州奥体中心球类馆3号入口一楼,体育休闲服务,,,,34.227158,117.295047,
214,淮海战役烈士纪念塔,泉山区,解放南路2号,风景名胜,,,,34.234260,117.194277,
214,龟山汉墓,鼓楼区,襄王北路3号,风景名胜,,,,34.307448,117.138295,
214,徐州欧乐堡海洋极地世界,鼓楼区,九里山东路79号,风景名胜,,,,34.307387,117.150634,
215,常州博物馆,新北区,龙城大道1288号(市民广场西侧),科教文化服务,,,,31.808853,119.971550,
215,中华恐龙园,新北区,三井街道河海东路60号,风景名胜,,,,31.823773,120.000831,
215,环球恐龙城,新北区,河海东路60号中华恐龙园,风景名胜,,,,31.821974,120.003559,
215,红梅公园,天宁区,丹青路28号,风景名胜,,,,31.774671,119.973393,
215,常州市民广场,新北区,龙城大道1288号,风景名胜,,,,31.808736,119.973638,
215,青果巷历史文化街区,天宁区,和平北路100号(文化宫地铁站5B口步行290米),风景名胜,,,,31.772063,119.962317,
215,天宁禅寺,天宁区,延陵中路636号,风景名胜,,,,31.774350,119.969658,
215,紫荆公园,天宁区,三丰路与竹林北路交汇处附近,风景名胜,,,,31.791242,120.006087,
215,红梅公园-文笔塔,天宁区,罗汉路1号红梅公园(红梅公园地铁站1号口步行180米),风景名胜,,,,31.771653,119.974345,
215,慈善广场,钟楼区,南大街88号(南大街地铁站4号口步行490米),商务住宅,,,,31.776542,119.955043,
215,迪诺水镇,新北区,河海东路60号,购物服务,,,,31.821767,120.005577,
215,东坡园,天宁区,延陵中路9号,风景名胜,,,,31.766882,119.977379,
215,青枫公园,钟楼区,星港路钟楼区政府对面(青枫公园地铁站5A口步行70米),风景名胜,,,,31.797334,119.899025,
215,常州古运河南大街文化旅游区,钟楼区,青云坊12-3号,风景名胜,,,,31.776487,119.951765,
215,运河五号创意街区,钟楼区,三堡街141号(近西仓桥),商务住宅,,,,31.788190,119.936714,
215,荷园,钟楼区,新闸路附近,风景名胜,,,,31.823558,119.905769,
215,飞龙体育公园,新北区,飞龙路358号(银河湾第一城对面),风景名胜,,,,31.811590,119.939064,
215,瞿秋白纪念馆,钟楼区,荷花池街道延陵西路188号,风景名胜,,,,31.780759,119.952183,
215,虫返侏罗纪爬行动物博物馆,新北区,三井街道迪诺创意园18幢1f部分商铺,科教文化服务,,,,31.822731,120.004860,
215,恐龙园侏罗纪水世界,新北区,汉江路1号侏罗纪水世界景区入口处,体育休闲服务,,,,31.824966,120.003903,
215,荆川公园,钟楼区,清潭路281号,风景名胜,,,,31.766870,119.924790,
215,近园,天宁区,晋陵中路418号,风景名胜,,,,31.782187,119.959052,
215,中央公园,新北区,珠江路130号,风景名胜,,,,31.828448,119.966973,
215,蓝1869文化园,钟楼区,大仓路78号,商务住宅,,,,31.786676,119.939253,
215,常州海昌海洋探索馆,钟楼区,吊桥路25号星光天地负一层,风景名胜,,,,31.769744,119.955988,
216,中国海盐历史文化风貌区,亭湖区,开放大道3号,风景名胜,,,,33.360167,120.169318,
216,欧风花街,盐都区,戴庄路12-2号,购物服务,,,,33.343206,120.172440,
216,水街文化广场,亭湖区,黄海街道开放大道3号,风景名胜,,,,33.362215,120.167283,
216,聚龙湖公园,盐都区,新都路与府西路交汇处东,风景名胜,,,,33.342872,120.166780,
216,中国海盐博物馆,亭湖区,世纪大道7号,科教文化服务,,,,33.357806,120.171863,
216,盐渎公园,亭湖区,东进中路32号,风景名胜,,,,33.363404,120.155109,
216,世纪公园,盐都区,政府对面,风景名胜,,,,33.336409,120.156678,
216,新四军纪念馆,亭湖区,建军东路159号,风景名胜,,,,33.389706,120.161510,
216,串场之眼,亭湖区,八营路与欧风南街交叉口东120米,风景名胜,,,,33.346915,120.180370,
216,盐龙体育公园,盐都区,潘黄街道,风景名胜,,,,33.353959,120.114065,
216,中国黄海湿地博物馆,亭湖区,五星街道范公路辅路与跃进路交叉口东北200米,科教文化服务,,,,33.382725,120.173466,
216,盐城市博物馆,亭湖区,建军西路126号,科教文化服务,,,,33.380464,120.120229,
216,盐城海昌海洋探索馆,盐都区,新都街道解放南路268号金鹰购物中心聚龙湖店负一层,风景名胜,,,,33.340420,120.163143,
216,盐立方电视塔,盐都区,城南新区聚龙湖旁,风景名胜,,,,33.341167,120.171288,
216,通榆河生态公园,亭湖区,新都路和运河路交界口东北侧,风景名胜,,,,33.366815,120.194137,
216,盐城湿地博物园,亭湖区,大庆东路与运河路交接处,风景名胜,,,,33.386254,120.177254,
216,伍佑珠溪古镇,亭湖区,开放大道南路366号,风景名胜,,,,33.300475,120.225365,
216,东大门KK-PARK街区,亭湖区,新都路98号,风景名胜,,,,33.384631,120.233787,
216,中华海棠园,亭湖区,新都街道伍西三组,风景名胜,,,,33.294207,120.210306,
216,盐城大洋湾生态旅游景区,亭湖区,湖滨路88号,风景名胜,,,,33.428754,120.194907,
216,盐城植物园,盐都区,城南新区胜利路东侧圣华时代嘉园项目部,风景名胜,,,,33.333237,120.181963,
216,人民公园,亭湖区,黄海中路80号,风景名胜,,,,33.394476,120.127900,
216,丘堂造境,盐都区,人民南路1号,风景名胜,,,,33.349008,120.164695,
216,盐城植物园西区,盐都区,人民南路与盐渎路交叉口向南200米路西,风景名胜,,,,33.332153,120.179679,
216,护国永宁寺,亭湖区,永宁路11号护国永宁禅寺,风景名胜,,,,33.401440,120.141641,
217,凤城河风景区,海陵区,东南园10号,风景名胜,,,,32.483480,119.930235,
217,天德湖公园,海陵区,海军东路8号,风景名胜,,,,32.426696,119.922079,
217,泰州博物馆,海陵区,鼓楼南路297号,科教文化服务,,,,32.447003,119.923700,
217,梅园,海陵区,迎春东路90号,风景名胜,,,,32.485902,119.930107,
217,乔园,海陵区,海陵北路68号,风景名胜,,,,32.486215,119.917940,
217,泰州体育公园,海陵区,海军东路9号,体育休闲服务,,,,32.419446,119.923015,
217,柳园,海陵区,口泰路23号东城河南岸打渔湾,风景名胜,,,,32.477331,119.920060,
217,稻河古街区,海陵区,城北街道稻河路1-3号附近,风景名胜,,,,32.497134,119.915455,
217,泰州人民公园,海陵区,海陵南路,风景名胜,,,,32.459966,119.922925,
217,凤城河风景区桃园,海陵区,老街迎春东路交叉口老街北广场往南350米,风景名胜,,,,32.484094,119.931387,
217,凤城河风景区-老街,海陵区,迎春东路老街15号小武凉皮店,风景名胜,,,,32.483846,119.931633,
217,泰州动物园,海陵区,凤凰东路91号,风景名胜,,,,32.451337,119.958882,
217,河东公园,海陵区,人民东路与邑庙街交叉口东南60米,风景名胜,,,,32.489671,119.926532,
217,梅兰芳纪念馆,海陵区,迎春东路90号,风景名胜,,,,32.485865,119.930406,
217,古盐运河文化广场,海陵区,引凤路西侧静安路南侧,风景名胜,,,,32.478401,119.929336,
217,中国人民解放军海军诞生地纪念馆,高港区,白马镇海军东路,风景名胜,,,,32.425248,119.976879,
217,人民广场,海陵区,西马村西马庄桥向西,风景名胜,,,,32.451918,119.922898,
217,醉归亭,海陵区,海陵南路泰州人民公园,风景名胜,,,,32.459529,119.923409,
217,东风路游园,海陵区,凤凰东路与东风路交叉口西南角,风景名胜,,,,32.453762,119.935515,
217,古光孝寺,海陵区,五一路90号,风景名胜,,,,32.490827,119.911164,
217,梧桐大道,海陵区,南山路与药城大道交叉口南200米,风景名胜,,,,32.392869,119.907091,
217,天禄湖公园,高港区,医药高新区,风景名胜,,,,32.395463,119.927797,
217,祥泰公园,海陵区,迎春西路与祥泰路交汇处东南角,风景名胜,,,,32.480016,119.883754,
217,学政试院,海陵区,府前路2号学政试院管理处,风景名胜,,,,32.490785,119.920862,
217,江苏盐税博物馆,海陵区,西仓路127-111号附近,科教文化服务,,,,32.492870,119.910253,
218,蜀冈-瘦西湖风景名胜区,邗江区,大虹桥路28号,风景名胜,,,,32.409631,119.420197,
218,扬州东关街,广陵区,东关街与国庆路交叉口东100米,风景名胜,,,,32.398188,119.446821,
218,个园,广陵区,盐阜东路10号,风景名胜,,,,32.399141,119.443696,
218,中国大运河博物馆,广陵区,东南新城运博路1号(运河三湾景区内),科教文化服务,,,,32.362437,119.428119,
218,大明寺(扬州大运河文化旅游度假区),邗江区,蜀冈中峰平山堂东路8号,风景名胜,,,,32.419864,119.412679,
218,何园,广陵区,徐凝门大街66号,风景名胜,,,,32.385630,119.448798,
218,文昌阁,广陵区,汶河南路71号,风景名胜,,,,32.394466,119.433586,
218,宋夹城体育休闲公园(扬州大运河文化旅游度假区),邗江区,长春路48号,风景名胜,,,,32.416199,119.427059,
218,温泉度假村,邗江区,长春路38号,体育休闲服务,,,,32.411433,119.423379,
218,荷花池公园,广陵区,大学南路105号,风景名胜,,,,32.383191,119.428948,
218,瘦西湖-二十四桥,邗江区,扬子江北路405号瘦西湖内,风景名胜,,,,32.408121,119.416336,
218,皮市街,广陵区,东关街道广陵小学东门对面皮市街8-10号,风景名胜,,,,32.389875,119.448136,
218,运河三湾景区,广陵区,兴扬路,风景名胜,,,,32.358139,119.428722,
218,东关历史文化旅游区,广陵区,泰州路口,风景名胜,,,,32.397853,119.452219,
218,来鹤台广场,邗江区,文昌西路316号,风景名胜,,,,32.392606,119.395046,
218,南河下历史文化街区,广陵区,徐凝门大街4号,购物服务,,,,32.383619,119.450044,
218,扬州八怪纪念馆,广陵区,淮海路154号托普迪赛,风景名胜,,,,32.398908,119.431492,
218,乾园,邗江区,文昌西路5号,风景名胜,,,,32.392385,119.414395,
218,扬州博物馆,邗江区,文昌西路468号,科教文化服务,,,,32.390891,119.371778,
218,瘦西湖-五亭桥,邗江区,扬子江北路405号瘦西湖内,风景名胜,,,,32.408121,119.421578,
218,朱自清故居,广陵区,东关街道东关街道东关街道东关街道安乐巷27号,风景名胜,,,,32.393666,119.449513,
218,琼花观,广陵区,文昌中路360号(近琼花巷),风景名胜,,,,32.396149,119.448745,
218,唐城遗址,邗江区,平山堂东路20号(观音山),风景名胜,,,,32.420193,119.419571,
218,花都汇生态公园,邗江区,史可法路201号,风景名胜,,,,32.425901,119.442253,
218,盆景园(扬州大运河文化旅游度假区),邗江区,瘦西湖路大虹橋路口(近瘦西湖公園南門),风景名胜,,,,32.401174,119.428964,
219,西津渡古街,润州区,西津渡街25号,风景名胜,,,,32.214537,119.431070,
219,金山公园,润州区,金山路62号,风景名胜,,,,32.215409,119.414130,
219,西津渡,润州区,西津渡古街与西津渡街交叉口东北20米,风景名胜,,,,32.215682,119.430332,
219,金山寺,润州区,金山路62号金山公园内,风景名胜,,,,32.215473,119.415147,
219,南山风景区,润州区,竹林路98号,风景名胜,,,,32.167452,119.448360,
219,北固山公园,京口区,东吴路3号,风景名胜,,,,32.216642,119.457298,
219,镇江博物馆,润州区,伯先路85号,科教文化服务,,,,32.213824,119.431782,
219,西津渡历史文化街区,润州区,金山街道西津渡街25号(镇江博物馆北侧),风景名胜,,,,32.213350,119.430163,
219,金山湖,润州区,环湖路,风景名胜,,,,32.221633,119.412871,
219,焦山景区,京口区,东吴路,风景名胜,,,,32.236547,119.488094,
219,南山大裂谷,润州区,南山风景区-高崇寺北侧80米,风景名胜,,,,32.179344,119.435571,
219,南山风景区-高崇寺,润州区,南山景区高崇寺,风景名胜,,,,32.178576,119.435702,
219,南山风景区招隐景区,润州区,竹林路98号南山风景区,风景名胜,,,,32.173370,119.445527,
219,春江潮广场,京口区,长江路69号,风景名胜,,,,32.215983,119.444400,
219,赛珍珠纪念馆,润州区,润州山路6号B幢,风景名胜,,,,32.202545,119.434074,
219,伯先公园,润州区,伯先路13号,风景名胜,,,,32.211637,119.428753,
219,江海之门,润州区,京江路附近,风景名胜,,,,32.235123,119.418372,
219,镇江市白龙湖公园,润州区,南山街道白龙湖公园(凤凰山路北),风景名胜,,,,32.167146,119.423339,
219,南山莲花洞景区,润州区,镇江南山风景名胜区管理处竹林路98号,风景名胜,,,,32.163321,119.433850,
219,青年广场,润州区,天桥路,商务住宅,,,,32.192158,119.464961,
219,趣园,润州区,七里甸街道七里甸街道七里甸街道七里甸街道七里甸街道枣林路与团山路交叉口西北120米,风景名胜,,,,32.181451,119.424135,
219,珍珠湖,润州区,竹林路98号南山风景名胜区内,风景名胜,,,,32.177270,119.446113,
219,米芾书法公园,丹徒区,米芾路6号,风景名胜,,,,32.128771,119.389933,
219,天下第一泉,润州区,金山路62号金山公园内(近芙蓉楼),地名地址信息,,,,32.213915,119.409024,
219,健康路体育公园,京口区,健康路1-1号,风景名胜,,,,32.198586,119.453454,
220,金匮公园,滨湖区,观山路市政府对面,风景名胜,,,,31.495920,120.311106,
220,巡塘古镇,滨湖区,尚贤道附近,风景名胜,,,,31.479954,120.317249,
220,尚贤河湿地(尚贤道),滨湖区,和风路与尚贤道交汇处南100米,风景名胜,,,,31.471704,120.317314,
220,新都文化广场,滨湖区,贡湖大道辅路与塘铁桥路交叉口西北20米,风景名胜,,,,31.496942,120.316306,
220,贡湖湾湿地公园,滨湖区,贡湖大道和红周路的交汇处南侧,风景名胜,,,,31.454543,120.324272,
220,无锡融创文旅城,滨湖区,融创文化旅游城18号(葛埭桥地铁站1号口步行190米),风景名胜,,,,31.449407,120.273835,
220,金城湾公园,滨湖区,贡湖大道与金石路交汇处,风景名胜,,,,31.518523,120.292218,
220,蠡园,滨湖区,环湖路18号,风景名胜,,,,31.516461,120.258378,
220,周新里,滨湖区,立信大道与衡源路交汇处,风景名胜,,,,31.507597,120.301058,
220,无锡国家数字电影产业园,滨湖区,雪浪街道蠡湖大道2009号,风景名胜,,,,31.468267,120.280668,
220,蠡湖国家湿地公园,滨湖区,雪浪街道,风景名胜,,,,31.518196,120.236942,
220,长广溪湿地公园,滨湖区,金石路,风景名胜,,,,31.478772,120.263661,
220,无锡融创乐园,滨湖区,具区路融创文旅城18号,风景名胜,,,,31.449450,120.265564,
220,三国水浒景区,滨湖区,雪浪街道大浮漆塘1号,风景名胜,,,,31.477490,120.234062,
220,欢乐广场,滨湖区,万顺路29号(五湖大道地铁站2号口步行330米),购物服务,,,,31.506186,120.283333,
220,三国城,滨湖区,山水西路128号,风景名胜,,,,31.477400,120.232342,
220,蠡湖大桥公园,滨湖区,蠡湖大道,风景名胜,,,,31.513751,120.273570,
220,新泽广场,滨湖区,和风路与清舒道交叉口西北150米,风景名胜,,,,31.481323,120.322705,
220,太湖新城体育公园,滨湖区,和风路200号,风景名胜,,,,31.479898,120.320194,
220,市民广场,滨湖区,无锡尚贤河绿道与新金匮路交叉口东南80米,商务住宅,,,,31.490140,120.312534,
220,中央电视总台无锡影视基地,滨湖区,山水西路128号,风景名胜,,,,31.484314,120.238901,
220,运河汇,梁溪区,塘南路120号游客集散中心,购物服务,,,,31.552775,120.324511,
220,惠山古镇景区,梁溪区,宝善街18号(惠山古镇地铁站6号口旁),风景名胜,,,,31.579416,120.274704,
220,无锡博物院,梁溪区,钟书路100号,科教文化服务,,,,31.549849,120.306084,
220,尚贤河玫瑰园,滨湖区,尚贤河湿地公园,风景名胜,,,,31.459356,120.319593,
221,乐都区中心广场,乐都区,古城大街与河门街交叉口北100米,风景名胜,,,,36.482427,102.403238,
221,三河湿地公园,乐都区,"G109线旁边,东大桥东南",风景名胜,,,,36.474159,102.422424,
221,乐都朝阳山公园,乐都区,朝阳大道碧水园东侧,风景名胜,,,,36.489797,102.405352,
221,朝阳山公园,乐都区,北门路21-5号,风景名胜,,,,36.485812,102.405526,
221,南凉遗址公园,乐都区,公园一号附近,风景名胜,,,,36.490763,102.382706,
221,河湟文化博物馆,乐都区,海东大道96号,科教文化服务,,,,36.478960,102.365455,
221,城隍庙,乐都区,碾伯镇桥北路25号东升小区,风景名胜,,,,36.481911,102.398848,
221,平安驿·河湟民俗文化体验地,平安区,平安镇驿大街115号,风景名胜,,,,36.500851,102.148725,
221,海东市进喜公园,乐都区,滨河北路,风景名胜,,,,36.478221,102.395752,
221,乐都梨花,乐都区,醉香园西南侧90米,风景名胜,,,,36.470771,102.456582,
221,卯寨景区,乐都区,230县道东200米,风景名胜,,,,36.463913,102.548930,
221,乐都清真大寺,乐都区,碾伯镇(乐都商场东北),风景名胜,,,,36.480930,102.404416,
221,三角花园,乐都区,东门巷4号,风景名胜,,,,36.480369,102.409512,
221,乐都区长城遗址公园,乐都区,仓门街2号,风景名胜,,,,36.484909,102.399833,
221,大地湾湿地公园,乐都区,古城中街一号桥附近,风景名胜,,,,36.495553,102.371909,
221,海东彩陶公园,乐都区,海东大道61号,风景名胜,,,,36.476161,102.392157,
221,中国青海柳湾彩陶博物馆,乐都区,高庙镇柳湾村,科教文化服务,,,,36.446329,102.562600,
221,松多森林公园,互助土族自治县,[],风景名胜,,,,36.705544,102.218243,
221,松多杜鹃花海,互助土族自治县,[],风景名胜,,,,36.707907,102.295591,
221,白马寺,互助土族自治县,红崖子沟乡白马村,风景名胜,,,,36.517276,102.100094,
221,北山国家森林地质公园扎隆沟景区,互助土族自治县,加定镇扎隆沟村抓什科,风景名胜,,,,36.751343,102.576591,
221,瞿昙寺售票处,乐都区,东北路与乐化路交叉口东北500米,生活服务,,,,36.353968,102.298875,
221,青海明长城(乐都段),乐都区,民小公路与北门路交叉口西南200米,风景名胜,,,,36.484631,102.402153,
221,石沟寺,乐都区,[],风景名胜,,,,36.446229,102.487579,
221,乐都县富渡民俗博物馆,乐都区,碾伯镇崖湾村,科教文化服务,,,,36.436428,102.399769,
222,青海湖广场,共和县,恰卜恰镇新建街1号,风景名胜,,,,36.283344,100.619550,
222,海南藏族自治州民族博物馆,共和县,仁和路与和谐路交叉口东300米,科教文化服务,,,,36.299495,100.629586,
222,青海湖国家重点风景名胜区,共和县,109国道151号,风景名胜,,,,36.578639,100.496100,
222,文昌庙,共和县,214国道与兴海东路交叉口东320米,风景名胜,,,,36.294702,100.640033,
222,十世班禅大师纪念塔,共和县,109国道与德吉滩互通桥交叉口西420米,风景名胜,,,,36.307790,100.641747,
222,海南恰卜恰清真大寺,共和县,沿路82号,风景名胜,,,,36.277885,100.616131,
222,青海湖二郎剑景区,共和县,109国道151号,风景名胜,,,,36.578633,100.495767,
222,青海湖观景台,共和县,109国道2095号,风景名胜,,,,36.541779,100.627463,
222,青年公园,共和县,团结南路626号,风景名胜,,,,36.251177,100.615642,
222,西香卡村清真寺,共和县,和悦巷2号,风景名胜,,,,36.303311,100.611991,
222,龙羊峡生态旅游度假区,共和县,[],风景名胜,,,,36.126488,100.937764,
222,祥和塔,共和县,恰卜恰镇环城东路祥和塔,风景名胜,,,,36.297970,100.635850,
222,新寺,共和县,[],风景名胜,,,,36.355119,100.617302,
222,龙羊峡土林地质公园,共和县,305县道,风景名胜,,,,36.207127,100.835525,
222,西林寺,共和县,东山路与环城东路交叉口东北120米,风景名胜,,,,36.270940,100.630227,
222,龙羊峡土林景区,共和县,305县道,风景名胜,,,,36.214575,100.802881,
222,龙羊湖景区,共和县,龙羊峡镇龙羊峡大街,风景名胜,,,,36.124136,100.910028,
222,青海湖二郎剑景区游客中心,共和县,109国道151号青海湖二郎剑景区(西南角),生活服务,,,,36.577999,100.494886,
222,麻尼磨台温泉大丰收度假村,共和县,305县道,体育休闲服务,,,,36.221755,100.683213,
222,2098牧场观湖景点,共和县,109国道北侧,风景名胜,,,,36.547617,100.596306,
222,世界藏传佛教第一大未来佛露天佛像,共和县,倒淌河镇甲乙村甲乙寺,风景名胜,,,,36.510657,100.711185,
222,千卜录寺院,共和县,恰卜恰镇廿地乡,风景名胜,,,,36.383110,100.469558,
222,龙羊大峡谷,共和县,龙羊峡镇,风景名胜,,,,36.128992,100.930690,
222,中国太保公益林,共和县,仁和路2号,风景名胜,,,,36.297941,100.636716,
222,团结广场,共和县,香巴拉商业广场,风景名胜,,,,36.273231,100.622555,
223,海西州博物馆,德令哈市,环城西路8号,科教文化服务,,,,37.346137,97.327802,
223,德令哈巴音河景观带,德令哈市,格尔木东路,风景名胜,,,,37.368459,97.369097,
223,生命树取景点,德令哈市,环镇东路,风景名胜,,,,37.318718,97.209636,
223,德令哈植物园,德令哈市,都兰西路与昆仑路交叉口西南400米,风景名胜,,,,37.348398,97.356781,
223,柏树山德都蒙古文化原生态旅游区,德令哈市,"德令哈艳文民宿,整套出租北侧140米",风景名胜,,,,37.463878,97.358380,
223,畅园,德令哈市,乌兰东路与祁连路交叉口东北80米,风景名胜,,,,37.377151,97.372316,
223,德令哈市清真大寺,德令哈市,柴达木西路46号,风景名胜,,,,37.369584,97.354507,
223,海子诗歌公园,德令哈市,滨河东路,风景名胜,,,,37.377379,97.363315,
223,国防公园,德令哈市,园林站,风景名胜,,,,37.381394,97.375164,
223,柏树山千年古柏园,德令哈市,古柏林西侧430米,风景名胜,,,,37.490555,97.337361,
223,德令哈阿力腾寺院,德令哈市,幸福巷,风景名胜,,,,37.383992,97.363721,
223,宪法公园,德令哈市,黄河路37号,风景名胜,,,,37.361324,97.382563,
223,海子雕像,德令哈市,格尔木西路4号,风景名胜,,,,37.369499,97.367404,
223,海西里休闲街区,德令哈市,茫崖路与长江南路交叉口东60米,风景名胜,,,,37.349639,97.377415,
223,江山如此多娇,德令哈市,[],风景名胜,,,,37.487708,97.426677,
223,民族团结进步塔,德令哈市,乌兰东路与祁连路交叉口东80米,风景名胜,,,,37.377005,97.372307,
223,德令哈古柏林,德令哈市,巴勒尔,风景名胜,,,,37.489438,97.342056,
223,柴达木公园,德令哈市,柴达木公园(315国道北),风景名胜,,,,37.354650,97.352242,
223,奥运广场,德令哈市,蒙巴音路10号,风景名胜,,,,37.373085,97.374323,
223,德令哈固始汗雕像,德令哈市,滨河东路,风景名胜,,,,37.369325,97.370279,
223,海西里生态旅游街区,德令哈市,茫崖路与长江南路交叉口东200米,公司企业,,,,37.350285,97.378917,
223,德令哈烈士陵园,德令哈市,柴达木东路2号烈士陵园左侧向里1千米处,生活服务,,,,37.376349,97.389087,
223,可鲁克湖旅游景区,德令哈市,可鲁克湖-托素湖旅游景区,风景名胜,,,,37.314537,96.902502,
223,德令哈多民族农耕文化私人博物馆,德令哈市,新源路与朝阳路交叉口西北160米,科教文化服务,,,,37.367947,97.352513,
223,德令哈尕海国家湿地公园,德令哈市,茶德高速,风景名胜,,,,37.120764,97.600321,
224,结古寺旅游景区,玉树市,结古镇东结古山上,风景名胜,,,,33.008148,97.018119,
224,格萨尔王广场,玉树市,扎曲南路,风景名胜,,,,33.000827,97.011422,
224,新寨玛尼石堆,玉树市,结古镇,风景名胜,,,,33.018543,97.059099,
224,玉树清真大寺,玉树市,当代西路与当代路交叉口北40米,风景名胜,,,,32.997737,97.012198,
224,4.14地震遗址,玉树市,治曲路与结古大道交叉口东40米,风景名胜,,,,32.979999,97.009464,
224,琼龙公园,玉树市,城东杂曲东路以北(琼龙路以南),风景名胜,,,,33.009462,97.028668,
224,当代山观景台,玉树市,当代山观景台(观景环山路北),风景名胜,,,,32.993139,97.015949,
224,玉树藏文化博物馆,玉树市,龙庆路78号,科教文化服务,,,,32.998683,97.012964,
224,文化公园,玉树市,结古镇玉树市人民法院旁边,风景名胜,,,,33.003708,96.991202,
224,三江源国家公园,称多县,歇武镇214国道西100米,风景名胜,,,,33.005719,97.247967,
224,玉树抗震救灾纪念馆,玉树市,结古镇治曲路,风景名胜,,,,32.979887,97.009818,
224,嘉那嘛呢广场,玉树市,新寨路与琼龙路交叉口东160米,购物服务,,,,33.016861,97.058426,
224,玉树陨石交易博物馆,玉树市,杂曲南路与双拥街交叉口东北120米,风景名胜,,,,32.989891,97.012301,
224,当卡寺旅游景区,玉树市,结古镇代格村,风景名胜,,,,33.009631,97.111635,
224,嘉那玛尼石经城经忏请诵处,玉树市,新寨东路新寨嘉那嘛呢,风景名胜,,,,33.018064,97.061141,
224,三江源纪念碑,称多县,三江源纪念碑(通天河大桥东),风景名胜,,,,33.006430,97.248350,
224,唐僧晒经台,称多县,214国道北30米,风景名胜,,,,32.991370,97.250773,
224,巴塘河国家湿地公园,玉树市,文化公园内(东侧),风景名胜,,,,33.003899,96.992718,
224,结石寺,玉树市,结古寺旅游景区,风景名胜,,,,33.008146,97.018117,
224,禅古寺,玉树市,结古镇禅古村(镇南4公里处),风景名胜,,,,32.887119,97.064187,
224,勒巴沟岩画,玉树市,结古镇东32公里处通天河西岸的群山间,风景名胜,,,,32.910504,97.270364,
224,烈士陵园,玉树市,结古镇扎西科赛青达巷89号,风景名胜,,,,32.996142,96.972189,
224,玉树市结古供水有限公司,玉树市,三江源购物中心,生活服务,,,,33.003734,97.009484,
224,结古寺九世班禅博物馆,玉树市,琼龙路43号,科教文化服务,,,,33.007775,97.018275,
224,西康色须寺,玉树市,结古镇玉树州博物馆,风景名胜,,,,33.003897,97.011343,
225,热贡国家级历史文化名城旅游区,同仁市,德合隆中路1号附近,风景名胜,,,,35.516269,102.018002,
225,热贡艺术博物馆,同仁市,康乐北路与青年大道交汇处,科教文化服务,,,,35.522111,102.022423,
225,热贡艺术村,同仁市,隆务镇,风景名胜,,,,35.531596,102.025466,
225,热贡广场,同仁市,热贡艺术博物馆,风景名胜,,,,35.521716,102.023128,
225,热贡唐卡艺术博物馆,同仁市,隆务大寺绿度母广场南侧博物馆二层,科教文化服务,,,,35.507160,102.012337,
225,吾屯下寺,同仁市,隆务河东岸的吾屯村,风景名胜,,,,35.559984,102.057931,
225,隆务清真大寺,同仁市,德合隆南路与夏琼路交叉口南420米,风景名胜,,,,35.505453,102.012313,
225,吾屯上寺,同仁市,热贡国家级历史文化名城旅游区,风景名胜,,,,35.555271,102.052569,
225,郭麻日古堡,同仁市,向麻段,风景名胜,,,,35.570210,102.045125,
225,年都乎寺,同仁市,市北1公里的年都乎乡政府附近,风景名胜,,,,35.533986,102.024357,
225,隆务大寺售票处,同仁市,隆务寺,生活服务,,,,35.508254,102.011928,
225,同仁市-热贡艺术之乡,同仁市,热贡桥与东山路交叉口东140米,风景名胜,,,,35.514242,102.019892,
225,麦秀森林公园,同仁市,麦秀林场,风景名胜,,,,35.347600,101.938808,
225,仁俊院,同仁市,隆务镇加仓玛村118号,风景名胜,,,,35.536226,102.041041,
225,隆务大寺大乐法轮州八塔,同仁市,隆务寺,风景名胜,,,,35.509586,102.011637,
225,隆务寺-马头金刚殿,同仁市,隆务寺,风景名胜,,,,35.508075,102.011575,
225,花儿沟风景区,同仁市,保安镇城内村尕麻口,风景名胜,,,,35.601955,102.087060,
225,绿度母广场,同仁市,德合隆南路与夏琼路交叉口南140米,风景名胜,,,,35.508034,102.012192,
225,夏卜浪寺,同仁市,[],风景名胜,,,,35.553212,101.933893,
225,培堂,同仁市,康乐路步行街与热贡路交叉口西南100米,风景名胜,,,,35.517337,102.017404,
225,郭么日佛塔,同仁市,郭么日村,风景名胜,,,,35.565982,102.042851,
225,旺加寺,同仁市,曲库乎乡,风景名胜,,,,35.427300,101.921721,
225,二郎庙,同仁市,隆务街与八塔东路交叉口西南320米,风景名胜,,,,35.505984,102.013848,
225,神泉树林,同仁市,古树神泉东南侧70米,风景名胜,,,,35.534693,102.016404,
225,烈士园,同仁市,德合隆路东150米,风景名胜,,,,35.501169,102.008970,
226,格萨尔文化广场,玛沁县,广场路与团结路交叉口西南120米,风景名胜,,,,34.473648,100.241464,
226,喇日寺,玛沁县,环城西路,风景名胜,,,,34.486105,100.238380,
226,果洛藏族自治州格萨尔博物馆,玛沁县,团结路,科教文化服务,,,,34.470938,100.243979,
226,阿尼玛卿文化广场,玛沁县,雪山南路137号,风景名胜,,,,34.481633,100.237264,
226,阿尼玛卿文化生态园,玛沁县,227国道与冉日路交叉口东南60米,风景名胜,,,,34.454718,100.279044,
226,格萨尔文化广场,玛沁县,黄河路与西久公路交叉口西北80米,风景名胜,,,,34.453324,100.273194,
226,果洛州文化旅游中心广场,玛沁县,环城西路与班玛路交叉口东南200米,风景名胜,,,,34.465515,100.241480,
226,喇日寺大经堂,玛沁县,大武镇环城北路,风景名胜,,,,34.486897,100.243523,
226,南无灭除恶趣大悲观音像,玛沁县,雪山北路17号,风景名胜,,,,34.490204,100.247871,
226,喇日寺晒佛台,玛沁县,大武镇环城西路,风景名胜,,,,34.485013,100.246416,
226,玛域佐钦赤达杰寺,玛沁县,西久公路与沿河路交叉口北420米,风景名胜,,,,34.439056,100.269970,
226,果洛州格曲河体育公园,玛沁县,黄河路13号,风景名胜,,,,34.446763,100.259786,
226,高山草甸,玛沁县,美勒合西部,风景名胜,,,,34.513254,100.031290,
226,革命烈士陵园(环城北路),玛沁县,环城北路与文化路交叉口东北140米,生活服务,,,,34.478648,100.248909,
226,嘉旺昔青卓罗寺,玛沁县,大武镇,风景名胜,,,,34.404411,100.275350,
226,噶智格尔自然风景区,甘德县,[],风景名胜,,,,34.356809,100.212922,
226,大武格唐扎西法轮洲,玛沁县,西久公路与城南路交叉口南260米,风景名胜,,,,34.442753,100.270352,
226,岭国宫殿,玛沁县,甘德路与团结路交叉口东北300米,风景名胜,,,,34.474173,100.246248,
226,江让寺,玛沁县,[],风景名胜,,,,34.711623,100.237752,
226,神湖,玛沁县,[],风景名胜,,,,34.418878,100.350149,
226,噶智格寺,甘德县,青珍乡,风景名胜,,,,34.311946,100.183451,
226,觉囊派格多寺,玛沁县,[],风景名胜,,,,34.367129,100.459135,
226,青海省果洛州甘德县恰东日寺,甘德县,X714(青老段),风景名胜,,,,34.231413,100.490639,
226,阿尼玛卿山,玛沁县,雪山乡,地名地址信息,,,,34.797208,99.462883,
226,青海玛沁阿尼玛卿山国家地质公园,玛沁县,347国道东北侧,风景名胜,,,,34.638584,99.737380,
227,青海原子城纪念馆,海晏县,同宝路10号,风景名胜,,,,36.953319,100.905816,
227,金银滩(原子城)景区,海晏县,西海镇,风景名胜,,,,36.990214,100.823743,
227,中国第一个核武器研制基地,海晏县,西海镇门源路2号,风景名胜,,,,36.954643,100.905589,
227,金银滩草原,海晏县,315国道,体育休闲服务,,,,36.987176,100.854378,
227,金银滩-原子城景区一分厂,海晏县,中国邮政(青海湖乡邮政所)北侧490米,风景名胜,,,,36.969286,100.912744,
227,同宝山,海晏县,同宝山生态旅游红色研学基地西侧60米,风景名胜,,,,36.852359,100.790871,
227,海北藏族自治州民族博物馆,海晏县,迎宾路与海晏路交叉口东南180米,科教文化服务,,,,36.947369,100.908210,
227,青海湖国家重点风景名胜区-月牙湖(不对外开放),海晏县,沙岛公路北150米,风景名胜,,,,36.880719,100.662420,
227,金银滩原子城景区十一厂区(上星站),海晏县,西海镇原子路26号,风景名胜,,,,36.984125,100.895647,
227,青海湖金沙湾,海晏县,三角城镇,风景名胜,,,,36.768619,100.762838,
227,金银滩观景台,海晏县,环湖东路1公里处达玉民俗村,风景名胜,,,,36.937455,100.889053,
227,原子城爆轰实验场,海晏县,213国道112公里10,风景名胜,,,,36.996794,100.819413,
227,第一个核武器研制基地旧址,海晏县,西海镇门源路2号中国第一个核武器研制基地,风景名胜,,,,36.957539,100.898879,
227,上星站旧址(十一厂区),海晏县,西海镇原子路26号金银滩原子城景区十一厂区(上星站),风景名胜,,,,36.982008,100.899120,
227,西海广场,海晏县,同宝路4号,风景名胜,,,,36.953104,100.900860,
227,奥凯文化广场,海晏县,将军路48号,风景名胜,,,,36.958442,100.901419,
227,原221厂办大楼,海晏县,原子路26号,风景名胜,,,,36.957903,100.902917,
227,青海湖国家重点风景名胜区-尕海,海晏县,109国道151号青海湖国家重点风景名胜区内(北侧),风景名胜,,,,36.981571,100.609359,
227,金银滩草原花海,海晏县,环湖东路,风景名胜,,,,36.904631,100.899395,
227,达玉部落售票处,海晏县,海晏达玉国际大酒店南侧50米,生活服务,,,,36.937176,100.887991,
227,环青海湖自行车自驾车营地公园,海晏县,青海湖,风景名胜,,,,36.936413,100.885924,
227,同宝山生态旅游红色研学基地,海晏县,310省道,科教文化服务,,,,36.852409,100.792514,
227,海北清真寺,海晏县,曙光路与北一路交汇处,风景名胜,,,,36.964572,100.902087,
227,将军楼,海晏县,将军路33号,风景名胜,,,,36.959327,100.901273,
227,西海镇红楼,海晏县,居民巷与西海大街交叉口南60米,风景名胜,,,,36.960184,100.896231,
228,青海藏文化博物院,城北区,生物科技产业园区经二路36号,科教文化服务,,,,36.688698,101.747855,
228,人民公园,城西区,胜利路72号(小桥大街口),风景名胜,,,,36.637490,101.762810,
228,青海省博物馆,城西区,西关大街58号,科教文化服务,,,,36.630221,101.756012,
228,西宁野生动物园,城西区,行知路9号,风景名胜,,,,36.627022,101.731971,
228,海湖广场,城西区,五四西路72号海湖新区,风景名胜,,,,36.645505,101.716023,
228,西宁野生动物园(浣熊),城西区,行知路9号西宁野生动物园内(东侧),风景名胜,,,,36.628009,101.734513,
228,文化公园,城西区,海晏路72号,风景名胜,,,,36.643324,101.745070,
228,西宁电视塔,城西区,西山一巷5号,风景名胜,,,,36.620259,101.750392,
228,麒麟湾公园,城西区,黄河路昆仑壹号东侧,风景名胜,,,,36.617209,101.767585,
228,西宁市体育公园,城北区,海湖大道附近,风景名胜,,,,36.659292,101.743584,
228,西宁市博物馆,城北区,门源路与西海路交叉口东北110米,科教文化服务,,,,36.650936,101.755870,
228,青藏高原自然博物馆,城北区,生物科技产业园区经二路21号,科教文化服务,,,,36.687481,101.750315,
228,西宁北山大墩岭景区,城北区,西宁北山美丽园北山烟雨景区附近,风景名胜,,,,36.640125,101.788798,
228,西宁植物园,城西区,虎台街道古城台街道西山三巷5号,风景名胜,,,,36.624202,101.744611,
228,中心广场北广场,城中区,七一路,风景名胜,,,,36.626511,101.777437,
228,青海藏医药文化博物馆北馆,城北区,经二路36号,科教文化服务,,,,36.689299,101.747855,
228,曼境堂,城北区,经二路63号,风景名胜,,,,36.670444,101.752910,
228,青甘线甘南线旅游,城中区,人民街与北斗宫街交叉口南140米,风景名胜,,,,36.617149,101.778229,
228,青海省自然资源博物馆,城西区,彭家寨镇海晏路75-1号,科教文化服务,,,,36.648175,101.725569,
228,狼窝沟公园,城北区,宁大路247号,风景名胜,,,,36.735594,101.737701,
228,湟水湿地公园,城西区,海晏路绿地云香郡北,风景名胜,,,,36.653096,101.703846,
228,朝阳公园,城北区,门源路44号对面,风景名胜,,,,36.648459,101.763253,
228,沈那公园,城北区,勤勉街与小桥大街交叉口西南360米,风景名胜,,,,36.654052,101.755776,
228,西宁电视塔-高原明珠,城西区,虎台街道西山一巷7号西宁电视塔内(西侧),风景名胜,,,,36.620077,101.749433,
228,萨尔斯堡西区二期广场,城北区,美丽水街与湟水北路交叉口西200米,风景名胜,,,,36.654040,101.719068,
229,百色起义纪念园,右江区,城东大道112号,风景名胜,,,,23.902718,106.635597,
229,百色起义纪念馆,右江区,城东路迎龙山,风景名胜,,,,23.901754,106.639747,
229,百色人民公园,右江区,新兴路,风景名胜,,,,23.894500,106.616394,
229,百色园博园,右江区,东州大道2号,风景名胜,,,,23.875870,106.616561,
229,粤东会馆(中国工农红军第七军军部旧址),右江区,百城街道解放街39号,风景名胜,,,,23.901890,106.626201,
229,百色起义纪念碑园,右江区,右江区城东路后龙山2号,风景名胜,,,,23.905240,106.630481,
229,百色起义纪念碑,右江区,城东大道后龙山,风景名胜,,,,23.905138,106.629546,
229,百色市民公园,右江区,纬二路与龙景东路交叉口西南220米,风景名胜,,,,23.878307,106.631649,
229,凤皇游乐场,右江区,玉屏巷9号,体育休闲服务,,,,23.902852,106.610739,
229,江滨公园,右江区,江滨一路与解放街交叉口东北50米,风景名胜,,,,23.900525,106.627966,
229,百色人民公园动物园,右江区,桂林街2附近,风景名胜,,,,23.894005,106.614200,
229,右江民族博物馆,右江区,百城街道城东路后龙山2号,风景名胜,,,,23.905183,106.632983,
229,中国工农红军第七军政治部旧址(清风楼),右江区,中山一路55号,风景名胜,,,,23.901284,106.621334,
229,百色市体育广场,右江区,文体巷6号,风景名胜,,,,23.896749,106.618820,
229,百色星河旅游度假区,右江区,广昆高速出入口旁,风景名胜,,,,23.783564,106.733455,
229,百通广场,右江区,城东大道18-110号附近,风景名胜,,,,23.903452,106.629931,
229,七彩童话王国乐园,右江区,百城街道凤鼎天下景区北侧,体育休闲服务,,,,23.910464,106.602493,
229,百色鼎盛和泰养生文化园,右江区,锦绣路68号,商务住宅,,,,23.863933,106.621736,
229,金牌总台,右江区,向阳路与崇信巷交叉口南80米,风景名胜,,,,23.900370,106.619665,
229,童梦星创游乐园,右江区,龙景街道大湾村第九、十一、十二小组综合楼,体育休闲服务,,,,23.875305,106.623373,
229,红军桥,右江区,城东大道迎龙山,风景名胜,,,,23.902937,106.638469,
229,百色水岸城,右江区,城东大道与百通四街交叉口西南120米,风景名胜,,,,23.903143,106.628400,
229,百色星河水上乐园,右江区,广昆高速出入口旁百色星河旅游度假区,体育休闲服务,,,,23.783930,106.731769,
229,世纪铜鼓楼,右江区,城东大道后龙山,风景名胜,,,,23.904609,106.636471,
229,印象那西,右江区,金星路1号楼,风景名胜,,,,23.832120,106.648312,
230,冯子材旧居,钦北区,宫保街,风景名胜,,,,21.983982,108.624524,
230,钦州湾广场,钦北区,钦州湾大道,风景名胜,,,,21.975774,108.626301,
230,梦园,钦北区,富民路6号世代保第商铺202号东北方向150米,风景名胜,,,,21.977367,108.654351,
230,钦州老街,钦南区,攀桂巷与四马路交叉口北240米,风景名胜,,,,21.945345,108.622214,
230,钦州园博园,钦南区,沙埠镇金海湾东大街大转盘,风景名胜,,,,21.932969,108.683465,
230,进喜园,钦北区,滨江北路,风景名胜,,,,21.970285,108.641143,
230,同心园,钦北区,富民路与小江四街交叉口东120米,风景名胜,,,,21.968467,108.654320,
230,刘永福旧居,钦南区,钦城管理区板桂街10号,风景名胜,,,,21.944874,108.621404,
230,平陆运河青年枢纽一号观测台,钦南区,[],风景名胜,,,,22.002425,108.659275,
230,北投湖畔公园里,钦南区,沙埠镇平山东大街90号,商务住宅,,,,21.925922,108.641841,
230,石化口袋公园,钦北区,半宙旧大门对面,风景名胜,,,,21.979576,108.633123,
230,广州会馆,钦南区,中山路24号-6、7号,风景名胜,,,,21.954915,108.624869,
230,明月园,钦南区,望州北大道90号明月园广西钦州高新技术产业开发区管委会附近,商务住宅,,,,21.945699,108.668162,
230,钦江古龙窑(不对外开放),钦南区,缸瓦窑村,风景名胜,,,,21.959679,108.639214,
230,林湖森林公园,钦北区,325国道西侧,风景名胜,,,,22.030381,108.632281,
230,钦州市博物馆,钦南区,四马路2号,科教文化服务,,,,21.943851,108.621309,
230,雷神庙,钦南区,滨江东路与平山大街交叉口西160米,风景名胜,,,,21.928239,108.618323,
230,钦州宋城墙遗址公园,钦南区,一马路与中山路交叉口,风景名胜,,,,21.952400,108.624176,
230,沙尾街冯子材故居,钦南区,中山路沙尾街,风景名胜,,,,21.953872,108.625440,
230,和谐公园,钦南区,白石湖公园,风景名胜,,,,21.937332,108.628746,
230,钦州市动物园,钦南区,金海湾东大街大转盘园博园内,风景名胜,,,,21.934805,108.685551,
230,钦州千年古陶城,钦南区,坭兴陶文化创意产业园,风景名胜,,,,21.926716,108.684828,
230,中交四航局平陆运河青年枢纽二号观测台,钦南区,中交四航局平陆运河青年枢纽现场办公室西南侧,风景名胜,,,,22.009110,108.658631,
230,滨海钦州湾·沙滩,钦南区,百川路6号,风景名胜,,,,21.820147,108.591604,
230,中交四航局平陆运河青年枢纽船闸观摩台,钦南区,中交四航局平陆运河青年枢纽二号观测台北侧,风景名胜,,,,22.009110,108.658631,
231,北海老城,海城区,珠海中路98号,风景名胜,,,,21.483575,109.115918,
231,北部湾广场,海城区,北部湾中路与四川路交汇处,风景名胜,,,,21.472154,109.113378,
231,北海金滩,海城区,高德街道高德街道高德街道高德街道高德街道廉州湾大道与湖北路交叉口西南320米,风景名胜,,,,21.496442,109.144763,
231,北海海底世界,海城区,茶亭路27号海滨公园内,风景名胜,,,,21.487240,109.127826,
231,黄金北岸海上观光栈道,海城区,海景大道黄金北岸,风景名胜,,,,21.492498,109.135645,
231,北海老街,海城区,珠海西路与滨海路交叉口南20米,风景名胜,,,,21.483058,109.112545,
231,侨港风情街,银海区,侨南路1号,购物服务,,,,21.425215,109.125008,
231,北海银滩国家旅游度假区,银海区,广东路与银滩中路交叉口,风景名胜,,,,21.403640,109.155721,
231,长青公园,海城区,北京路45号,风景名胜,,,,21.472057,109.123315,
231,北海·海洋之窗,银海区,四川南路中段,风景名胜,,,,21.444784,109.122289,
231,广西冠头岭国家森林公园,海城区,冠头岭,风景名胜,,,,21.453058,109.056522,
231,外沙岛海上观光平台,海城区,海丝首港·外沙码头景区,风景名胜,,,,21.485083,109.107624,
231,海丝首港·外沙码头景区,海城区,海角街道四川路外沙岛,风景名胜,,,,21.485093,109.107592,
231,大王宫古炮台景区,海城区,新街七巷,风景名胜,,,,21.474330,109.074871,
231,紫霞湾旅游景区,海城区,海景大道冠头岭国家森林公园内,体育休闲服务,,,,21.458885,109.054421,
231,德国领事馆旧址,海城区,中街街道北部湾中路19号,风景名胜,,,,21.477501,109.118897,
231,大墩海海滩,银海区,大墩海章泰海棠湾售楼部对面,风景名胜,,,,21.433328,109.076358,
231,大清邮政北海分局旧址,海城区,中山路292号,风景名胜,,,,21.484205,109.120374,
231,北海银滩欢乐港湾区,银海区,银滩中路46号,风景名胜,,,,21.411572,109.135391,
231,海枯石烂,银海区,日不落海滩(西南角),风景名胜,,,,21.436990,109.053998,
231,北海老城-北海海关大楼旧址,海城区,珠海中路98号北海老城内(东侧),风景名胜,,,,21.484918,109.120497,
231,海景广场,海城区,东街街道海景大道,风景名胜,,,,21.492748,109.136465,
231,冠头岭观海点,银海区,海景大道1号,风景名胜,,,,21.447866,109.049881,
231,印象·1876,海城区,英国领事馆旧址,风景名胜,,,,21.477293,109.120195,
231,普度寺,银海区,冠头岭国家森林公园内,风景名胜,,,,21.448371,109.056712,
232,防城港园博园,港口区,[],风景名胜,,,,21.704822,108.354559,
232,白鹭公园,港口区,公车镇迎宾街与北部湾大道交叉口处,风景名胜,,,,21.684059,108.370666,
232,北部湾海洋文化公园,港口区,北部湾大道西150米西湾旅游景区(东北角),风景名胜,,,,21.683455,108.354359,
232,防城港市博物馆,港口区,行政中心区和谐街,科教文化服务,,,,21.685244,108.351107,
232,西湾城市沙滩,港口区,北部湾大道,风景名胜,,,,21.627674,108.347152,
232,公园里,港口区,金港街与金港街一支路交叉口西180米,商务住宅,,,,21.697619,108.366744,
232,北部湾海洋文化博物馆,港口区,迎宾街与冲孔路交叉口南100米,科教文化服务,,,,21.685329,108.351180,
232,北港故里文化广场,港口区,兴港大道与世界风情步行街交叉口西南120米,风景名胜,,,,21.617018,108.341559,
232,川渝世纪文化广场,港口区,港湾街与永福路交叉口东40米,商务住宅,,,,21.693230,108.367744,
232,防城港西湾城市沙滩,港口区,北部湾大道23号,风景名胜,,,,21.651483,108.356743,
232,防城港市伏波文化园,港口区,渔州坪街道北部湾大道龙光·碧海新天阳光海岸2期西南110米,风景名胜,,,,21.643012,108.350679,
232,园博园欢乐世界,港口区,园博园主场馆南侧,体育休闲服务,,,,21.693447,108.354910,
232,簕山古渔村,港口区,企沙镇企沙半岛中段东部沿海,风景名胜,,,,21.609887,108.529447,
232,西岸公园,防城区,西湾环海大道,风景名胜,,,,21.661838,108.318398,
232,天堂滩,港口区,朝阳路160号,风景名胜,,,,21.555912,108.461391,
232,东湾红树林,港口区,建政路与东湾大道交叉口东南300米,风景名胜,,,,21.640834,108.379688,
232,月亮湾景区,防城区,环岛东路月亮湾派出所东200米,风景名胜,,,,21.584837,108.326323,
232,西湾夜市广场(南区),港口区,跨海大桥东桥头区南侧,风景名胜,,,,21.631116,108.347431,
232,万尾金滩,东兴市,江平镇万尾村中心大道,风景名胜,,,,21.524561,108.161396,
232,桃花湖公园,港口区,桃中路附近,风景名胜,,,,21.653842,108.365469,
232,山新沙滩,港口区,山新村,风景名胜,,,,21.586541,108.505924,
232,白沙湾灯塔,防城区,白沙湾·山海墅西南侧190米,风景名胜,,,,21.517926,108.259028,
232,天堂角海滩,港口区,[],风景名胜,,,,21.556202,108.472483,
232,红沙环生态公园,港口区,海都文化广场售楼部对面,风景名胜,,,,21.665338,108.359611,
232,三块石海洋乐园,防城区,江山半岛旅游度假区环岛东路中段,体育休闲服务,,,,21.561576,108.304949,
233,窑埠古镇,鱼峰区,蟠龙路9号,风景名胜,,,,24.315431,109.427762,
233,柳侯公园,城中区,文惠路60号,风景名胜,,,,24.317742,109.415779,
233,柳州博物馆,城中区,解放北路37号(柳侯公园对面),科教文化服务,,,,24.318926,109.412631,
233,柳州工业博物馆,鱼峰区,柳东路220号,科教文化服务,,,,24.320583,109.429361,
233,马鞍山公园,鱼峰区,天马街道屏山大道178号(近鱼峰公园),风景名胜,,,,24.300762,109.413876,
233,柳州马鹿山奇石博览园,城中区,潭中街道潭中街道东环大道272号,风景名胜,,,,24.341605,109.442423,
233,鱼峰公园,鱼峰区,天马街道鱼峰路59号,风景名胜,,,,24.300790,109.409822,
233,柳州文庙,鱼峰区,夫子路8号,风景名胜,,,,24.308558,109.422541,
233,石尚1966文化艺术园区,鱼峰区,柳东路226号,商务住宅,,,,24.318803,109.435624,
233,百里柳江旅游景区,城中区,潭中街道东堤旅游码头,风景名胜,,,,24.344108,109.423811,
233,龙潭公园,鱼峰区,龙潭路43号,风景名胜,,,,24.276710,109.415053,
233,马鹿山公园(临时综合避难所),城中区,东环大道与高新一路交叉口东北200米,风景名胜,,,,24.343031,109.439513,
233,窑埠古镇A区,鱼峰区,蟠龙路与柳东路交叉口西北100米,风景名胜,,,,24.317564,109.427365,
233,窑埠古镇C区,鱼峰区,蟠龙路9号窑埠古镇,风景名胜,,,,24.315351,109.428145,
233,人民广场,城中区,五一路8号,风景名胜,,,,24.318296,109.411171,
233,瑞安公园,城中区,东城路与瑞安路交叉口东北100米,风景名胜,,,,24.327685,109.429952,
233,柳州古城,城中区,文惠路与中山东路交叉口南140米,风景名胜,,,,24.311278,109.416904,
233,柳州市河东公园-市民广场,城中区,市民广场(文昌路北170米),风景名胜,,,,24.324095,109.428551,
233,雀儿山公园,柳北区,雀儿山路5号,风景名胜,,,,24.367760,109.404678,
233,柳侯祠,城中区,文惠路60号柳侯公园内(南侧),风景名胜,,,,24.316065,109.415363,
233,龙城外滩窑埠古镇B区,鱼峰区,蟠龙路与柳东路交叉口西北100米,风景名胜,,,,24.313249,109.430833,
233,马鞍山公园-观景台,鱼峰区,天马街道屏山大道178号马鞍山公园,风景名胜,,,,24.300245,109.413970,
233,蟠龙山瀑布,鱼峰区,滨江东路与东台路交叉口东南440米,风景名胜,,,,24.312382,109.423748,
233,柳州动物园,柳南区,航银路89号,风景名胜,,,,24.262438,109.404832,
233,三门江国家森林公园,城中区,桂柳路168号,风景名胜,,,,24.355304,109.487451,
234,来宾市人民公园,兴宾区,北二路与维林大道交汇处,风景名胜,,,,23.728544,109.228600,
234,来宾市博物馆,兴宾区,翠屏路东1号,科教文化服务,,,,23.753361,109.221866,
234,金海公园,兴宾区,大桥路,风景名胜,,,,23.710018,109.220765,
234,水上不夜城,兴宾区,红水河大道333号,体育休闲服务,,,,23.754985,109.221138,
234,相思园,兴宾区,城北街道维林大道6号,风景名胜,,,,23.731671,109.225921,
234,盘古文化公园,兴宾区,城北街道盘古大道桂中水城盘古公园,风景名胜,,,,23.748219,109.221703,
234,来宾市滨江公园,兴宾区,滨江北路与民生路交叉口东南100米,风景名胜,,,,23.735102,109.215319,
234,来宾市麟凤水上乐园,兴宾区,红水河大道与麒麟路交汇处,风景名胜,,,,23.758744,109.223057,
234,玻璃桥,兴宾区,绿源路435号,风景名胜,,,,23.756824,109.208490,
234,翠屏山公园,兴宾区,红水河大道交翠屏路路口,风景名胜,,,,23.751666,109.222068,
234,来宾市凤凰山森林公园,兴宾区,观光大道,风景名胜,,,,23.739480,109.281964,
234,口袋公园,兴宾区,滨江北路西160号,风景名胜,,,,23.737643,109.206031,
234,龙洞禅寺,兴宾区,来良路,风景名胜,,,,23.688394,109.206650,
234,康宁寺,兴宾区,大桥路东100米,风景名胜,,,,23.710098,109.217822,
234,广西来宾汉代城金龟岛旅游区,兴宾区,来华高新区之江路南一号,风景名胜,,,,23.757257,109.181899,
234,古三开元寺,兴宾区,古三村713-12,风景名胜,,,,23.745460,109.227992,
234,公王庙,兴宾区,九龙泉天然泉水厂西南侧270米,风景名胜,,,,23.777619,109.220282,
234,八一广场,兴宾区,凤凰镇八一路,风景名胜,,,,23.921144,109.291804,
234,状元桥,兴宾区,西山路与永兴路交叉口东南100米,风景名胜,,,,23.756366,109.220779,
234,时光岛,兴宾区,红水河蓬莱洲,风景名胜,,,,23.690450,109.327560,
234,来宾市烈士陵园,兴宾区,国营维都林场维都分厂8经营班地界内,生活服务,,,,23.788175,109.266150,
234,民族广场,兴宾区,河西小学西(梅岭路西),风景名胜,,,,23.722418,109.210297,
234,城南公园,兴宾区,榜山路141号,风景名胜,,,,23.730804,109.183137,
234,七彩河畔,兴宾区,古瓦桥头北侧200米,风景名胜,,,,23.774651,109.179563,
234,来宾市法治文化公园,兴宾区,滨江北路与红水河大道交叉口西南180米,风景名胜,,,,23.735812,109.211837,
235,中国骑楼城,万秀区,居仁路4号,风景名胜,,,,23.471674,111.317720,
235,河滨公园,万秀区,南环路与大学路交叉口西南150米,风景名胜,,,,23.471921,111.308102,
235,梧州市博物馆,万秀区,文澜路白鹤里18号,科教文化服务,,,,23.473065,111.307511,
235,梧州龙母庙,万秀区,桂林路75号,风景名胜,,,,23.482696,111.317675,
235,白云山景区,万秀区,桂林路与白云路交叉口东北150米,风景名胜,,,,23.487035,111.332199,
235,中山公园,万秀区,文化路,风景名胜,,,,23.477289,111.318812,
235,潘塘公园,万秀区,角嘴街道新兴一路200号,风景名胜,,,,23.474657,111.299956,
235,岭南文化园,万秀区,百花路1号,风景名胜,,,,23.480419,111.316676,
235,白鹤楼,万秀区,角嘴街道九坊路珠山景区,风景名胜,,,,23.472002,111.310080,
235,梧州市太和公园,万秀区,富民街道富民二路东山冲44号,风景名胜,,,,23.495103,111.304084,
235,英领事署旧址,万秀区,角嘴街道鸳江路珠山景区,风景名胜,,,,23.472162,111.309478,
235,总府题名碑(两广总督府题名碑),万秀区,桂林路75号,风景名胜,,,,23.482469,111.315442,
235,梧州动物园,万秀区,龙湖镇富民二路东山冲44号梧州市太和公园(东南角),风景名胜,,,,23.492844,111.309170,
235,苍海公园,龙圩区,龙圩镇207国道苍海路,风景名胜,,,,23.406235,111.252817,
235,白鹤观,万秀区,西堤一路2-11号附近,风景名胜,,,,23.470993,111.310784,
235,梧州古城墙,万秀区,九坊路22号,风景名胜,,,,23.473509,111.313594,
235,梧州三总府旧址(总督府大石龟出土遗址),万秀区,东中路61-1号,风景名胜,,,,23.475167,111.316726,
235,西江明珠塔,万秀区,城北街道城北街道白云路121号白云山旅游风景区,风景名胜,,,,23.481606,111.338714,
235,圣文园,万秀区,高旺路,风景名胜,,,,23.440525,111.315431,
235,迪芝尼主题乐园(梦之岛市政广场店),长洲区,新兴三路3号第三层S-301-303,体育休闲服务,,,,23.478441,111.279712,
235,白云山景区-四恩禅寺,万秀区,白云山景区内(南侧),风景名胜,,,,23.481093,111.329779,
235,长洲龙母祖庙,长洲区,西堤三路60号,风景名胜,,,,23.466107,111.274250,
235,梧州中山纪念堂,万秀区,冰泉西路上级三里6号,风景名胜,,,,23.477189,111.319182,
235,梧州海关旧址,万秀区,西江三路5号,风景名胜,,,,23.472094,111.326498,
235,维新里,万秀区,南环路54号,商务住宅,,,,23.473119,111.314595,
236,新世纪广场,港北区,金港大道,风景名胜,,,,23.106369,109.598090,
236,贵港博物馆,港北区,仙衣路1525号,科教文化服务,,,,23.119611,109.581642,
236,吾园,港北区,荷城路879号,风景名胜,,,,23.109370,109.602714,
236,马草江生态公园,港北区,仙衣路与金港大道交叉口西南,风景名胜,,,,23.101330,109.579304,
236,贵港滨江公园,港南区,江南街道港南路(人民政府西北侧),风景名胜,,,,23.080198,109.603581,
236,南山寺,港南区,南山路37号南山风景名胜区内(西南角),风景名胜,,,,23.050283,109.617841,
236,大南门城楼,港北区,人民东路,风景名胜,,,,23.087359,109.611755,
236,龙井休闲谷,港北区,龙井村石佳东北侧,风景名胜,,,,23.166283,109.599158,
236,中共广西省一大旧址,港北区,贵城镇榕兴街34号,风景名胜,,,,23.088242,109.613951,
236,贵港市文化广场,港北区,贵城街道文华街维多利亚中心音乐广场,风景名胜,,,,23.115056,109.598930,
236,天上草原旅游景区(游客中心),港北区,[],生活服务,,,,23.160528,109.501678,
236,疯狂牛牛游乐园,港北区,迎宾大道577号,体育休闲服务,,,,23.076507,109.569804,
236,锦绣乡村九凌湖,覃塘区,石卡镇西,体育休闲服务,,,,22.959760,109.469522,
236,维多利亚中心音乐广场,港北区,贵城街道文华街16-15号维多利亚广场E栋3楼,风景名胜,,,,23.114265,109.598900,
236,伏波庙,港南区,江南大道168号,风景名胜,,,,23.073718,109.637306,
236,胭脂江湖,港北区,中山路绿岛购物中心,风景名胜,,,,23.106989,109.596983,
236,蒙恬纪念馆,港北区,六八村,风景名胜,,,,23.121156,109.560746,
236,木兰河公园,港北区,迎宾大道与郁林路交叉口西南180米,风景名胜,,,,23.123432,109.567105,
236,港南区山边旅游区,港南区,紧邻南环路,风景名胜,,,,23.045893,109.609806,
236,南山公园,港南区,南山路(南山风景名胜区),风景名胜,,,,23.054988,109.615972,
236,马草江公园游乐场,港北区,金港大道马草江生态公园(东北角),体育休闲服务,,,,23.103058,109.580678,
236,状元墓,覃塘区,205乡道西50米,风景名胜,,,,23.250231,109.375884,
236,布山古郡,覃塘区,金港大道与清河路交叉口西400米,风景名胜,,,,23.123766,109.451772,
236,龙狮体育公园,港南区,中山路与江南大道交叉口东南60米,风景名胜,,,,23.067042,109.614784,
236,贵港郁江公园,港南区,金科集美江上售楼部北侧180米,风景名胜,,,,23.073303,109.592681,
237,玉林园博园,玉州区,二环东路大良村附近,风景名胜,,,,22.621852,110.203216,
237,万花楼,玉州区,文育街,风景名胜,,,,22.637479,110.149211,
237,云天文化城,玉州区,东明社区东明游泳池左转,风景名胜,,,,22.623391,110.164870,
237,玉林市博物馆,玉州区,石棠路玉林文化艺术中心内,科教文化服务,,,,22.651715,110.184538,
237,玉林市人民公园,玉州区,公园路182号,风景名胜,,,,22.624529,110.156586,
237,玉林市湿地公园,玉州区,玉北大道与龟山北路交汇处,风景名胜,,,,22.669966,110.227589,
237,玉林市龟山公园,玉州区,龟山北路,风景名胜,,,,22.683746,110.215371,
237,玉林海洋世界,玉州区,江滨东路9-9号,风景名胜,,,,22.623928,110.200950,
237,玉林克拉湾水上乐园,玉州区,江滨东路9号,体育休闲服务,,,,22.622025,110.201182,
237,玉林市市政广场,玉州区,玉东大道附近,风景名胜,,,,22.652021,110.183404,
237,江南公园,玉州区,玉林国际会展中心对面,风景名胜,,,,22.620344,110.166545,
237,五灯坡公园,玉州区,和平路与玉州路交叉口东20米,风景名胜,,,,22.625288,110.153730,
237,清湾江公园,玉州区,大北路与一环北路交汇处,风景名胜,,,,22.634806,110.137894,
237,江心音乐岛,玉州区,江滨路与广场东路交叉口东220米,风景名胜,,,,22.628374,110.174980,
237,玉林市凤凰岭公园,玉州区,人民东路2号,风景名胜,,,,22.645102,110.186323,
237,玉林市青年广场,玉州区,民主中路与人民东路交叉口,风景名胜,,,,22.632348,110.157585,
237,会仙河公园,北流市,324国道南100米,风景名胜,,,,22.684764,110.313090,
237,东门广场,玉州区,内环南路与龙船里交叉口西北60米,风景名胜,,,,22.629351,110.154652,
237,宝相寺,玉州区,茂林镇鹿峰村,风景名胜,,,,22.650584,110.275145,
237,玉林市狮子山公园,玉州区,人民东路东651附近,风景名胜,,,,22.656968,110.218071,
237,北流市乡贤文化公园,北流市,永安路(万盛永顺公馆西北侧),风景名胜,,,,22.690190,110.339114,
237,大容山国家森林公园,北流市,民乐镇容山路1号,风景名胜,,,,22.853327,110.283229,
237,王力博物馆,玉州区,秀水路与文苑路交叉路口北侧,科教文化服务,,,,22.665615,110.209388,
237,玉林园博园摩天轮,玉州区,玉林园博园内(东侧),体育休闲服务,,,,22.622979,110.206210,
237,玉林市五彩田园风景区-水街,玉州区,本草健康小镇内,购物服务,,,,22.676003,110.308413,
238,太平府,江州区,太平路178号,风景名胜,,,,22.416524,107.355904,
238,太平古城城门,江州区,太平路2号太平府(东北角),风景名胜,,,,22.419660,107.358343,
238,崇左市壮族博物馆,江州区,石景林街道江州镇石景林路3号,科教文化服务,,,,22.372294,107.366607,
238,麦那湖公园,江州区,连城路西侧,风景名胜,,,,22.366401,107.361158,
238,石景林景区,江州区,石景林路(市政府广场斜对面),风景名胜,,,,22.370116,107.353459,
238,太平古城游客中心,江州区,太平路178号太平府(东北角),生活服务,,,,22.420568,107.357901,
238,佛子湖公园,江州区,友谊大道131号,风景名胜,,,,22.388271,107.372040,
238,龙峡山国家森林公园,江州区,龙峡山路与德天路交叉口西北300米,风景名胜,,,,22.380460,107.365303,
238,金鸡山森林公园,江州区,骆越大道,风景名胜,,,,22.363175,107.385775,
238,太平府故城,江州区,太平路与镇北街交叉口东南220米,风景名胜,,,,22.409959,107.360394,
238,佛子岭森林公园,江州区,友谊大道167号,风景名胜,,,,22.383505,107.373198,
238,九牛爬坡,江州区,石景林路,风景名胜,,,,22.373053,107.364996,
238,江州区丽江文化广场,江州区,滨江路与凯旋路交叉口南220米,风景名胜,,,,22.414780,107.341689,
238,金龙湖健康主题公园,江州区,东盟大道53号,风景名胜,,,,22.390601,107.413428,
238,园博园游乐场,江州区,江南街道江南街道江南街道江南街道江南街道石景林街道46号,体育休闲服务,,,,22.376358,107.335070,
238,广西白头叶猴生态旅游区,江州区,213省道西50米,风景名胜,,,,22.264530,107.522888,
238,崇左雨花石景区,江州区,太平街道公益村冲旧屯,风景名胜,,,,22.496566,107.415417,
238,龙腾东湖健康主题公园,江州区,石景林路与德天路交叉口东240米,风景名胜,,,,22.372657,107.370112,
238,石林童梦谷,江州区,石林麦梦谷北侧,风景名胜,,,,22.371480,107.354758,
238,崇左园博园-主入口广场,江州区,园博园主入口广场(石景林路南),风景名胜,,,,22.373946,107.343559,
238,崇左市法治公园,江州区,石景林路银通快捷酒店城南店南侧约190米,风景名胜,,,,22.372432,107.373622,
238,龙腾漂流,江州区,新和镇,风景名胜,,,,22.580557,107.216845,
238,龙腾湖公园,江州区,龙腾湖,风景名胜,,,,22.376713,107.361834,
238,崇左市烈士陵园,江州区,江南街道沿山路174号,生活服务,,,,22.397357,107.350614,
238,江北公园,江州区,镇北街262号,风景名胜,,,,22.409368,107.355376,
239,灵峰广场,八步区,八步街道向阳路1号,风景名胜,,,,24.411223,111.552483,
239,爱莲湖公园,八步区,工达路与贺州大道交叉口东南角,风景名胜,,,,24.409263,111.584898,
239,大钟山公园,八步区,新兴南路与厦兴路交叉口南280米,风景名胜,,,,24.401375,111.542426,
239,永丰湖湿地公园,平桂区,姑婆山大道,风景名胜,,,,24.422422,111.537223,
239,贺州广场,八步区,贺州大道1号,风景名胜,,,,24.402358,111.567319,
239,贺州园博园,八步区,莲塘镇207国道北150米东鹿小学附近,风景名胜,,,,24.380724,111.597581,
239,紫云仙境景区,平桂区,鹅塘镇栗木村,风景名胜,,,,24.370811,111.517100,
239,灵峰公园,八步区,灵峰北路与鞍山西路交叉口西160米,风景名胜,,,,24.410127,111.552603,
239,贺州博物馆,八步区,体育路65号,科教文化服务,,,,24.410421,111.549963,
239,大钟山,八步区,江南街道新兴南路86号,风景名胜,,,,24.399283,111.547392,
239,北堤公园,八步区,城东街道江北东路对面,风景名胜,,,,24.391154,111.576768,
239,贺州文化广场,八步区,爱莲湖公园(西南角),风景名胜,,,,24.406902,111.579530,
239,姑婆山旅游度假区,平桂区,龙洞路口1号,风景名胜,,,,24.535176,111.595845,
239,贺州姑婆山旅游区,平桂区,姑婆山自然保护区,风景名胜,,,,24.614572,111.564200,
239,贺州玉石林,平桂区,黄田镇清面村,风景名胜,,,,24.523138,111.615911,
239,临贺故城,八步区,贺街镇河西村,风景名胜,,,,24.330003,111.662394,
239,三王庙,八步区,万泉街附近,风景名胜,,,,24.417805,111.546016,
239,金泰湖公园,平桂区,光明大道,风景名胜,,,,24.438211,111.529825,
239,平桂广场,平桂区,710县道附近,风景名胜,,,,24.455023,111.480107,
239,紫云洞,平桂区,鹅塘镇栗木村,风景名胜,,,,24.367180,111.519400,
239,十八水原生态景区,平桂区,黄田镇路花村杨梅冲,风景名胜,,,,24.577002,111.552615,
239,浮山寺,八步区,[],风景名胜,,,,24.298919,111.683572,
239,贺州温泉,平桂区,路花村,风景名胜,,,,24.534189,111.618620,
239,贺州文庙,八步区,贺街镇河西街临贺故城(东南角),风景名胜,,,,24.325852,111.664486,
239,幸福公园,八步区,工业大道111号,风景名胜,,,,24.396117,111.595033,
240,民歌湖国际音乐小镇,青秀区,金浦路23号民歌广场旁,风景名胜,,,,22.809576,108.375129,
240,南湖公园,青秀区,双拥路1号,风景名胜,,,,22.804765,108.351374,
240,李明瑞韦拔群等革命烈士纪念馆,青秀区,双拥路1号南湖公园(西南角),风景名胜,,,,22.803693,108.350667,
240,金湖广场,青秀区,民族大道98-3号,风景名胜,,,,22.813529,108.370341,
240,青秀山风景区,青秀区,凤岭南路6-6号,风景名胜,,,,22.788660,108.395254,
240,云顶观光,青秀区,金湖路59号地王大厦59层,风景名胜,,,,22.815800,108.369550,
240,广西壮族自治区博物馆,青秀区,民族大道34号,科教文化服务,,,,22.812451,108.335166,
240,南宁市人民公园,兴宁区,人民东路1号,风景名胜,,,,22.828576,108.330975,
240,石门公园,青秀区,民族大道118号,风景名胜,,,,22.807147,108.386253,
240,亭子码头,江南区,白沙大道2号4号商务中心二楼,交通设施服务,,,,22.792493,108.323240,
240,凤岭儿童公园,青秀区,云景路25号,体育休闲服务,,,,22.821646,108.398869,
240,南湖公园名树博览园,青秀区,双拥路1号,风景名胜,,,,22.807286,108.358634,
240,狮山公园,兴宁区,朝阳街道邕武路4号,风景名胜,,,,22.859303,108.342052,
240,民族广场,青秀区,民族大道49-2号,风景名胜,,,,22.813817,108.332240,
240,荫生植物园,青秀区,凤翼路青秀山风景区(西北角),风景名胜,,,,22.791551,108.391168,
240,丽紫欢乐水世界,青秀区,月湾路1号凤岭儿童公园内,体育休闲服务,,,,22.821641,108.398886,
240,南宁人民公园九曲桥,兴宁区,民生街道民生街道人民东路1号南宁市人民公园(西南角),风景名胜,,,,22.825519,108.328536,
240,南宁民歌湖国际音乐小镇A区,青秀区,金浦路民歌湖国际音乐小镇,风景名胜,,,,22.809692,108.374394,
240,广西壮族自治区药用植物园,兴宁区,长堽路189号,风景名胜,,,,22.853722,108.376894,
240,青秀山风景区观音禅寺,青秀区,青秀山管理委员会津头街道凤岭南路6号青秀山风景区内,风景名胜,,,,22.788303,108.395648,
240,广西民族博物馆,青秀区,青环路11号(近荔园山庄),科教文化服务,,,,22.774463,108.401840,
240,元气集,青秀区,文信路与金湖北路交叉口西100米,风景名胜,,,,22.816756,108.369353,
240,滨湖广场,青秀区,民族大道与滨湖路交叉口北150米,风景名胜,,,,22.815172,108.362314,
240,旺庆广场,青秀区,金洲路与金洲路南二里交叉口东北60米,风景名胜,,,,22.811087,108.367162,
240,邕州阁,青秀区,凤岭南路1号(青秀山地铁站B口步行390米),风景名胜,,,,22.795494,108.366881,
241,刘三姐故里景区,宜州区,冯京路28号,风景名胜,,,,24.501196,108.639141,
241,冯京公园,宜州区,庆远镇冯京路,风景名胜,,,,24.500415,108.639397,
241,河池市中心广场,宜州区,中山大道黄莺路103号,风景名胜,,,,24.487259,108.636412,
241,金山湖-河池园博园,宜州区,庆远镇,风景名胜,,,,24.449739,108.677890,
241,白龙公园,宜州区,庆远镇公园东路,风景名胜,,,,24.502060,108.665640,
241,宜州会仙山景区,宜州区,公园东路8号,风景名胜,,,,24.504808,108.669096,
241,下枧河旅游景区,宜州区,[],风景名胜,,,,24.534982,108.675484,
241,刘三姐音乐喷泉广场,宜州区,刘三姐乡宜山路,风景名胜,,,,24.500022,108.654890,
241,中山公园,宜州区,城中路地下街C区44号,风景名胜,,,,24.492135,108.656003,
241,宜州博物馆,宜州区,冯京路与驼山路交叉口西南160米,科教文化服务,,,,24.500823,108.638001,
241,怀远古镇,宜州区,怀远镇,风景名胜,,,,24.566968,108.472626,
241,四牌楼,宜州区,城中东路183号,风景名胜,,,,24.491818,108.670086,
241,宜州区市民文化公园,宜州区,市民文化公园(322国道北),风景名胜,,,,24.486617,108.637516,
241,刘三姐故居,宜州区,刘三姐故里景区内(东侧),风景名胜,,,,24.503010,108.712764,
241,会心崖,宜州区,冯京路与驼山路交叉口东280米,风景名胜,,,,24.501296,108.642062,
241,西竺寺,宜州区,龙江路254号广西宜州石窟佛教附近,风景名胜,,,,24.525216,108.660183,
241,宜州冯京公园游乐场,宜州区,庆远镇冯京路冯京公园游乐场,体育休闲服务,,,,24.501142,108.636121,
241,流河寨,宜州区,马安村下岩,风景名胜,,,,24.501159,108.711475,
241,刘三姐故里-冯京码头,宜州区,庆远镇冯京路冯京公园内(南侧),风景名胜,,,,24.499301,108.639829,
241,刘三姐公园,宜州区,204省道,风景名胜,,,,24.536551,108.675103,
241,刘三姐文化博物馆,宜州区,庆远镇冯京路28号宜州博物馆1楼,科教文化服务,,,,24.501294,108.638411,
241,宜州区体育公园,宜州区,龙江路与北新路交叉口东北60米,风景名胜,,,,24.504459,108.661455,
241,宜州区炮楼脚,宜州区,区广西壮族自治区河池市宜州区庆远镇炮楼脚小区福龙路130号,摩托车服务,,,,24.488544,108.655799,
241,壮古佬景区,宜州区,刘三姐镇马山塘屯(壮古佬景区),风景名胜,,,,24.528752,108.682493,
241,罗城棉花天坑度假区,罗城仫佬族自治县,四把镇棉花村,体育休闲服务,,,,24.786480,108.787943,
242,桂林市山水公园,临桂区,西城大道,风景名胜,,,,25.240125,110.173255,
242,桂林博物馆,临桂区,平桂西路,科教文化服务,,,,25.245323,110.164615,
242,桂林新区环城水系景区,临桂区,临桂镇西城大道桂林市山水公园内(东侧),风景名胜,,,,25.239593,110.176572,
242,桂林飞虎队遗址公园,临桂区,临桂镇飞虎路5号,风景名胜,,,,25.213910,110.160827,
242,市民公园,临桂区,市政府南250米(万福路北),风景名胜,,,,25.231748,110.179316,
242,象鼻山景区,象山区,民主路1号,风景名胜,,,,25.267579,110.296573,
242,市民广场,临桂区,万福路,风景名胜,,,,25.231778,110.179330,
242,独秀峰·王城景区,秀峰区,王城路1号,风景名胜,,,,25.281648,110.299118,
242,桂林山水甲天下,秀峰区,王城路1号独秀峰·王城景区读书岩,风景名胜,,,,25.283144,110.299411,
242,日月双塔文化公园,象山区,文明路榕杉湖景区内,风景名胜,,,,25.270937,110.294079,
242,桂林市两江四湖景区,秀峰区,杉湖北路,风景名胜,,,,25.272690,110.295526,
242,广西桂林国家森林公园,象山区,万福路6号,风景名胜,,,,25.223880,110.248333,
242,桂林壶山岩洞,临桂区,临桂镇公园北路与宏谋大道交叉口西南100米,风景名胜,,,,25.242376,110.181860,
242,穿山景区,七星区,穿山小街55号,风景名胜,,,,25.251983,110.304191,
242,南溪山公园,象山区,平山街道中山南路2号(近将军路),风景名胜,,,,25.249575,110.287386,
242,七星景区,七星区,漓江东岸七星路1号(近龙隐小学),风景名胜,,,,25.271824,110.313397,
242,状元桥,临桂区,临桂田心,风景名胜,,,,25.166018,110.199609,
242,芦笛景区,秀峰区,甲山街道芦笛路1号,风景名胜,,,,25.309940,110.272436,
242,独秀峰,秀峰区,王城路1号靖江王城内(北侧),风景名胜,,,,25.282973,110.298766,
242,芦笛岩,秀峰区,芦笛路1号,风景名胜,,,,25.309942,110.272429,
242,日月双塔,象山区,象山街道滨江路2号两江四湖内,风景名胜,,,,25.271420,110.294826,
242,叠彩山,叠彩区,叠彩街道龙珠路815号,风景名胜,,,,25.289934,110.301332,
242,靖江王城古城墙,秀峰区,王城路1号独秀峰王城景区,风景名胜,,,,25.281668,110.297529,
242,桂林尧山景区,七星区,靖江路(距市中心8公里),风景名胜,,,,25.289384,110.374276,
242,甲天下广场,七星区,漓江路28号,风景名胜,,,,25.261138,110.308904,
243,星海湖景区,大武口区,山水大道(近星海湖展览馆),风景名胜,,,,38.992231,106.406203,
243,龙腾广场,大武口区,山水大道与环湖路交叉口东80米,风景名胜,,,,38.992333,106.406255,
243,青山公园,大武口区,贺兰山北路121号,风景名胜,,,,39.018025,106.376962,
243,北武当生态旅游景区,大武口区,西北贺兰山东麓铁弹公路北头,风景名胜,,,,39.053172,106.353489,
243,贺翔航空旅游景区,大武口区,人民路街道星海湖北域环湖北路60号,风景名胜,,,,38.998155,106.417380,
243,星海湖国家湿地公园,大武口区,滨湖大道附近,风景名胜,,,,38.958410,106.372233,
243,石嘴山市博物馆,大武口区,世纪大道696号,科教文化服务,,,,38.989631,106.371046,
243,沙湖,平罗县,姚沙公路,风景名胜,,,,38.800282,106.364059,
243,大武口洗煤厂工业遗址公园,大武口区,工人西街,风景名胜,,,,39.025643,106.389199,
243,汇泽公园,大武口区,青山南路与长庆路交汇处,风景名胜,,,,39.005578,106.356063,
243,国务院直属口五七干校博物馆,大武口区,星海镇隆湖一站学校旁,科教文化服务,,,,38.930115,106.355228,
243,贺东葡萄酒小镇,大武口区,110国道西50米,体育休闲服务,,,,38.986887,106.307721,
243,大武口森林公园,大武口区,朝阳西街364号,风景名胜,,,,39.042351,106.358640,
243,五环广场,大武口区,五环广场(朝阳西街北),风景名胜,,,,39.022079,106.364736,
243,新区人民公园,大武口区,长庆街,风景名胜,,,,38.986666,106.374841,
243,舍予圆,大武口区,世纪大道19号,风景名胜,,,,38.977739,106.354509,
243,平罗鼓楼,平罗县,鼓楼北街2号,风景名胜,,,,38.903815,106.546539,
243,五湖四海纪念碑,大武口区,朝阳东街110国道,风景名胜,,,,39.002719,106.389428,
243,星海广场-历史文化园,大武口区,星海镇星海广场(西南角),风景名胜,,,,38.982095,106.383674,
243,渌园,大武口区,澳门街东200米,风景名胜,,,,39.018028,106.360968,
243,东方广场,大武口区,世纪大道东50米,风景名胜,,,,39.002924,106.391932,
243,人才公园,大武口区,贺兰山南路601号,风景名胜,,,,38.999315,106.347841,
243,沙湖古镇,大武口区,石嘴山石文化博物馆,风景名胜,,,,38.930806,106.365963,
243,石嘴山国防动员主题公园,大武口区,北武当河生态公园,风景名胜,,,,39.006724,106.349372,
243,五七干校文化园,大武口区,古香路与沙湖大道交叉口南280米,科教文化服务,,,,38.926777,106.354332,
244,六盘玩美乐园,原州区,新区街道上海路(福馨园对面),体育休闲服务,,,,36.009070,106.261470,
244,宁夏固原博物馆,原州区,新区街道西城路133号,科教文化服务,,,,36.005449,106.276015,
244,古雁公园,原州区,文化西路,风景名胜,,,,36.021331,106.259464,
244,古雁塔,原州区,古雁街76号,风景名胜,,,,36.018450,106.254173,
244,固原古城墙遗址公园,原州区,北关西路与西关北街交叉口东140米,风景名胜,,,,36.014818,106.282848,
244,西湖公园,原州区,政府街102号,风景名胜,,,,36.003706,106.278276,
244,丝路公园,原州区,金丰街25号,风景名胜,,,,35.996679,106.234018,
244,人民公园,原州区,新区街道新区街道新区街道新区街道新区街道上海路南100米,风景名胜,,,,36.011145,106.240464,
244,九龙公园,原州区,安定路与大原街交叉路口,风景名胜,,,,35.993314,106.220858,
244,东岳山,原州区,文化东路东尽头,风景名胜,,,,36.004309,106.308812,
244,万和水世界,原州区,中山北街与利民路交叉口西南100米,生活服务,,,,36.017553,106.289828,
244,九龙半岛公园,原州区,萧关东路,风景名胜,,,,35.989685,106.287143,
244,固原博物馆-博物馆广场,原州区,西城路133号,风景名胜,,,,36.005113,106.277436,
244,清水河国家湿地公园,原州区,沈家河湿地公园,风景名胜,,,,36.070054,106.300219,
244,西北农耕博物馆,原州区,八一路与北京路交叉口南120米,科教文化服务,,,,36.029180,106.252621,
244,沈家河湿地公园,原州区,清水河国家湿地公园,风景名胜,,,,36.070955,106.300371,
244,固原市大源广场,原州区,南城路668东南方向150米,风景名胜,,,,36.004246,106.266888,
244,固原战国长城遗址,原州区,长城路,风景名胜,,,,36.027808,106.230734,
244,原州·古城,原州区,政府西路西湖公园北入口,商务住宅,,,,36.004315,106.279957,
244,靖朔门,原州区,西关街与开城路交汇处附近,风景名胜,,,,36.016064,106.281507,
244,固原南坊清真大寺,原州区,固原市二中,风景名胜,,,,35.993540,106.280124,
244,丝路广场,原州区,六盘山西路与安康路交叉口西80米,风景名胜,,,,36.014703,106.269160,
244,固原黄峁山太白道观,原州区,清河南路301号,风景名胜,,,,35.988729,106.306026,
244,固原城隍庙,原州区,政府东路35号,风景名胜,,,,36.003926,106.289123,
244,固原西大寺,原州区,上海路与九龙路交叉口北80米,风景名胜,,,,36.001913,106.267572,
245,沙坡头水镇,沙坡头区,炭场子村附近,风景名胜,,,,37.492238,105.184520,
245,高庙保安寺,沙坡头区,滨河镇高庙长城西路,风景名胜,,,,37.518607,105.188922,
245,中卫博物馆,沙坡头区,应理南街五馆一中心,科教文化服务,,,,37.500553,105.178102,
245,沙坡头旅游景区,沙坡头区,腾格里沙漠南缘,风景名胜,,,,37.531873,104.991480,
245,腾格里沙漠湿地金沙岛旅游区,沙坡头区,迎水镇城区西约7公里,风景名胜,,,,37.532531,105.110550,
245,大漠黄河(沙坡头)旅游度假区,沙坡头区,迎闫公路与201省道交汇处,风景名胜,,,,37.497655,105.090980,
245,黄河区,沙坡头区,迎水桥镇沙坡头旅游景区内(南侧),风景名胜,,,,37.463083,105.003368,
245,腾格里沙漠湿地金沙岛旅游区-腾格里湖,沙坡头区,迎水镇城区西约7公里,风景名胜,,,,37.540264,105.122710,
245,腾格里金沙海旅游度假区,沙坡头区,迎水桥镇迎闫公路与小湖路交汇处,风景名胜,,,,37.533612,105.004036,
245,世和广场,沙坡头区,鼓楼东街中卫市中医医院对面(金土木酒店旁),风景名胜,,,,37.515536,105.193132,
245,沙坡头旅游区沙漠区,沙坡头区,迎水桥镇沙坡头旅游景区内(南侧),风景名胜,,,,37.510940,104.983877,
245,廉政文化公园,沙坡头区,文昌镇,风景名胜,,,,37.517777,105.213006,
245,沙坡头旅游景区售票处,沙坡头区,沙坡头沙漠区(时空之门)游客中心接待处东侧,生活服务,,,,37.531495,104.991742,
245,星台寺,沙坡头区,滨河西路与滨河公路交叉口西400米,风景名胜,,,,37.484335,105.200007,
245,高庙保安寺-地宫,沙坡头区,鼓楼北街64高庙保安寺内,风景名胜,,,,37.518607,105.188919,
245,沙滩,沙坡头区,文昌镇滨河东路与鼓楼南街东北角香山公园(西北角),风景名胜,,,,37.488996,105.192809,
245,66号公路,沙坡头区,中卫66号公路,风景名胜,,,,37.400691,104.857780,
245,119消防主题公园,沙坡头区,香山公园(西北角),风景名胜,,,,37.488790,105.191748,
245,沙坡头旅游区黄河区南区,沙坡头区,迎水桥镇,风景名胜,,,,37.463120,105.000110,
245,沙坡头旅游景区时空之门游客中心,沙坡头区,沙坡头旅游景区售票处西侧,生活服务,,,,37.531502,104.991671,
245,金沙岛旅游区-东门广场,沙坡头区,腾格里沙漠湿地旅游区西北角,风景名胜,,,,37.536600,105.132828,
245,长城遗址,沙坡头区,腾格里湖南侧约100米,风景名胜,,,,37.522207,105.118075,
245,新墩清真寺,沙坡头区,中关村大街与滨河西路交叉口西160米,风景名胜,,,,37.484672,105.167937,
245,黄河宿集-大堂,沙坡头区,大湾村南岸宿集西北侧90米,风景名胜,,,,37.451139,104.981520,
245,黑山峡,沙坡头区,[],风景名胜,,,,37.422838,104.965700,
246,宁夏博物馆,金凤区,人民广场东街6号,科教文化服务,,,,38.484801,106.235128,
246,中山公园,兴庆区,湖滨西街203号,风景名胜,,,,38.476003,106.267511,
246,银川文化城凤凰幻城,金凤区,北京中路269号,风景名胜,,,,38.487457,106.205529,
246,银川森林公园,金凤区,新昌西路与亲水南大街交汇处附近,风景名胜,,,,38.480589,106.206688,
246,览山公园,金凤区,亲水大街与沈阳路交叉口向西300米,风景名胜,,,,38.530068,106.215378,
246,水上公园,金凤区,亲水北大街与南海路交叉口东350米,风景名胜,,,,38.514174,106.225226,
246,凤凰公园,金凤区,上海西路与亲水北大街交汇处东北侧,风景名胜,,,,38.492471,106.223314,
246,人民广场,金凤区,北京中路与人民广场东街交叉处西侧,风景名胜,,,,38.485247,106.230584,
246,典农河滨水景观公园,金凤区,亲水南大街与长城中路交叉口,风景名胜,,,,38.469167,106.215339,
246,鼓楼,兴庆区,解放东街和鼓楼南北街十字路口,风景名胜,,,,38.465235,106.281196,
246,南门广场,兴庆区,南薰东街南门楼附近,风景名胜,,,,38.456873,106.284157,
246,南薰门,兴庆区,[],风景名胜,,,,38.457706,106.284556,
246,幻太奇海洋公园(北京华联购物中心店),金凤区,悦海新天地购物中心东区1-3层,体育休闲服务,,,,38.495150,106.247871,
246,中国花博园,金凤区,花博园中阿友谊博览园,风景名胜,,,,38.545037,106.217307,
246,日新公园,金凤区,正源北街与育安巷交叉口东300米,风景名胜,,,,38.485382,106.252466,
246,阅海湾水上公园沙滩,金凤区,水上公园内(西侧),风景名胜,,,,38.514349,106.221628,
246,中山公园-银川动物园,兴庆区,北京东路152号,风景名胜,,,,38.478837,106.266455,
246,阅海国家湿地公园,金凤区,环阅海湖公路,风景名胜,,,,38.544207,106.195204,
246,毓秀公园,金凤区,兴泰巷与惠北巷交叉口东南100米,风景名胜,,,,38.495106,106.202185,
246,人民广场-孔雀庭,金凤区,北京中路(人民广场),风景名胜,,,,38.485594,106.229654,
246,城市之眼,金凤区,宁安北街1号,风景名胜,,,,38.514012,106.230261,
246,华雁湖公园,金凤区,紫檀水景西门正对面,风景名胜,,,,38.457886,106.232753,
246,公园华府北区,贺兰县,育慧路与礼贤街交叉口西南240米,商务住宅,,,,38.507769,106.276246,
246,光明广场,兴庆区,公园街10号,风景名胜,,,,38.471844,106.268187,
246,银川市玉皇阁,兴庆区,文化街街道文化街街道玉皇北街8号,风景名胜,,,,38.464970,106.284194,
247,牛家坊民俗文化村,利通区,上桥镇牛家坊村,风景名胜,,,,37.963046,106.215515,
247,宁夏吴忠黄河国家湿地公园,利通区,滨河路与灵州路交汇处黄河国家湿地公园附近,风景名胜,,,,38.006959,106.166926,
247,滨河体育运动公园,利通区,滨河大道,风景名胜,,,,38.011568,106.171899,
247,母子公园,利通区,G6(京藏高速),风景名胜,,,,37.986304,106.175368,
247,吴忠市博物馆,利通区,开元大道两馆一中心,科教文化服务,,,,37.988980,106.158264,
247,四旗梁子拱北,利通区,老东郊市场西门,风景名胜,,,,37.993823,106.208752,
247,开源广场,利通区,迎宾大街与民生路交叉口东北80米,风景名胜,,,,37.984686,106.198981,
247,盛元广场,利通区,迎宾大街a-13号,风景名胜,,,,37.996041,106.198612,
247,牛家坊农业示范观光园-油菜花花海,利通区,金积大道271号,风景名胜,,,,37.959264,106.222532,
247,吴忠市明珠广场,利通区,利通南街58号,风景名胜,,,,37.982671,106.198499,
247,乃光湖公园,利通区,金湖路45号正南方向180米,风景名胜,,,,37.969221,106.186220,
247,哈哈乐园,利通区,牛家坊村多肉温棚向南走200米,体育休闲服务,,,,37.959767,106.216540,
247,董府,青铜峡市,峡口镇吴秦路西北侧,风景名胜,,,,37.923216,106.084471,
247,强家老醋文化养生园,利通区,小微企业孵化园42号,风景名胜,,,,37.969903,106.233049,
247,科技广场,利通区,中央大道,风景名胜,,,,37.993136,106.156772,
247,吴忠兴教寺,利通区,丰宁巷113号,风景名胜,,,,37.984912,106.196218,
247,青铜峡黄河大峡谷旅游区,青铜峡市,青铜峡镇游客中心,风景名胜,,,,37.883645,105.991775,
247,开源广场-街心广场,利通区,迎宾大街与民生路交叉口东北60米,风景名胜,,,,37.984798,106.198703,
247,吴忠高铁生态公园,利通区,吴忠市高铁站站前广场正前方,风景名胜,,,,37.975711,106.246410,
247,古城湾人工湿地,利通区,朔方路与黎明北街交叉路口西北侧,风景名胜,,,,38.018997,106.190372,
247,青秀园,青铜峡市,汽车站东109国道南,风景名胜,,,,38.026893,106.086508,
247,星月广场,利通区,中央大道科技广场(西北角),风景名胜,,,,37.994329,106.155259,
247,黎明清真寺,利通区,古城路540号,风景名胜,,,,37.988421,106.186749,
247,富平园,利通区,利通南街与朝阳西路交汇处,风景名胜,,,,37.983684,106.198741,
247,涝河桥烈士陵园,利通区,上桥镇涝河桥,风景名胜,,,,37.963508,106.233792,
248,舟山博物馆,定海区,新城海天大道610号,科教文化服务,,,,29.982796,122.204177,
248,海湾公园,定海区,临城街道千岛路与滨海大道交叉口,风景名胜,,,,29.979106,122.200509,
248,桥畔公园,定海区,滨海大道与体育路交叉口东50米,风景名胜,,,,29.974566,122.215019,
248,千岛公园,定海区,翁山路,风景名胜,,,,29.994545,122.208064,
248,普陀山风景名胜区,普陀区,普陀山镇梅芩路1号(奇石王宫景区东北166.9公里),风景名胜,,,,30.000523,122.393559,
248,翁浦公园,定海区,临城街道海天大道570号附近,风景名胜,,,,29.984875,122.199905,
248,舟山儿童公园,定海区,怡岛路与新城大道交叉路口东北角,体育休闲服务,,,,30.003396,122.217297,
248,朱家尖景区,普陀区,[],风景名胜,,,,29.904665,122.385374,
248,小干岛花溪公园,普陀区,无径之林东侧70米,风景名胜,,,,29.956803,122.231480,
248,如心广场,定海区,景观大道与丹枫路交叉口西南20米,风景名胜,,,,29.973597,122.178642,
248,定海古城,定海区,东大街123号,风景名胜,,,,30.017986,122.112596,
248,海湾公园市民中心广场,定海区,海湾公园内(东侧),风景名胜,,,,29.977743,122.204039,
248,普济禅寺,普陀区,普陀山镇梅岑路1号普陀山风景名胜区(西南角),风景名胜,,,,29.985805,122.386752,
248,樱花公园,定海区,临城街道舟山日报社南侧文昌路,风景名胜,,,,29.982894,122.189840,
248,翁山公园,定海区,定沈路与金岛路交叉口西北300米,风景名胜,,,,29.992339,122.197244,
248,南海观音大佛,普陀区,普陀山镇梅芩路1号普陀山风景名胜区内南侧,风景名胜,,,,29.974060,122.393802,
248,东海云廊,定海区,临城街道临城街道庆丰路31-3号,风景名胜,,,,30.001394,122.126439,
248,普陀山观音法界,普陀区,舟山群岛朱家尖白山山麓,风景名胜,,,,29.923825,122.388072,
248,南洞艺谷,定海区,干览镇新建村新建社区,风景名胜,,,,30.088052,122.131125,
248,许船长,定海区,临城街道海宇道99号银泰百货(舟山临城店),风景名胜,,,,29.989122,122.209277,
248,普陀山风景名胜区-法雨禅寺,普陀区,普陀山镇梅芩路1号普陀山风景名胜区,风景名胜,,,,30.001896,122.393397,
248,小干岛,普陀区,浙江自贸区杜索化工产品有限公司东北侧280米,风景名胜,,,,29.950590,122.244969,
248,如心公园,定海区,长峙岛新城大桥下,风景名胜,,,,29.976431,122.178939,
248,普陀区海岛公园,普陀区,[],风景名胜,,,,29.865788,122.303397,
248,海岛警察博物馆,定海区,千岛路与田螺峙路交叉口西北100米,科教文化服务,,,,29.981853,122.201061,
249,嘉兴南湖旅游区,南湖区,南溪西路1号,风景名胜,,,,30.753681,120.753137,
249,南湖红船,南湖区,海盐塘路188号嘉兴市南湖旅游区南湖湖心岛内,风景名胜,,,,30.755014,120.760741,
249,月河历史街区,南湖区,新嘉街道建国北路22号,风景名胜,,,,30.770826,120.749976,
249,南湖革命纪念馆,南湖区,烟雨路186号,风景名胜,,,,30.747719,120.761837,
249,嘉兴子城遗址公园,南湖区,府前街65号,风景名胜,,,,30.760210,120.752925,
249,嘉兴博物馆,南湖区,海盐塘路485号(南湖新渡口南),科教文化服务,,,,30.742223,120.764396,
249,嘉兴市南湖旅游区-会景园码头,南湖区,南溪西路1号南湖会景园内,交通设施服务,,,,30.752185,120.764902,
249,西南湖生态公园,南湖区,南溪西路1号嘉兴南湖旅游区(西南角),风景名胜,,,,30.743542,120.747843,
249,中央公园,南湖区,纺工路中央公园(富民路口),风景名胜,,,,30.729147,120.767679,
249,嘉兴市南湖旅游区-会景园,南湖区,南溪路1号嘉兴南湖风景名胜区附近,风景名胜,,,,30.751228,120.765108,
249,壕股塔院,南湖区,南溪西路1号嘉兴南湖旅游区,风景名胜,,,,30.753848,120.753209,
249,勺园,南湖区,南溪西路1号嘉兴市南湖旅游区内,风景名胜,,,,30.750163,120.762030,
249,放鹤洲,南湖区,放鹤洲路342号,风景名胜,,,,30.744870,120.744225,
249,烟雨楼,南湖区,南湖街道南溪路1号嘉兴市南湖旅游区内(东侧),风景名胜,,,,30.755202,120.760189,
249,南湖革命纪念馆(老馆),南湖区,南湖路64号,风景名胜,,,,30.758060,120.761577,
249,揽秀园,南湖区,南溪西路1号嘉兴南湖旅游区,风景名胜,,,,30.752884,120.753513,
249,范蠡湖,南湖区,金明寺西施妆台,风景名胜,,,,30.754696,120.746962,
249,嘉兴粽子文化博物馆,南湖区,中基路35号,科教文化服务,,,,30.771156,120.750948,
249,清晖堂,南湖区,海盐塘路188号(近南溪西路)嘉兴市南湖旅游区南湖湖心岛内,风景名胜,,,,30.746036,120.758425,
249,中央公园-北区,南湖区,长水街道由拳路1848号中央公园(富民路口),风景名胜,,,,30.733838,120.768180,
249,月芦,南湖区,环城北路与杨柳弄交叉口西北100米,风景名胜,,,,30.770827,120.752563,
249,姚家荡公园,南湖区,创新路,风景名胜,,,,30.725498,120.735200,
249,凌公塘文化主题公园,南湖区,凌公塘路1676号,风景名胜,,,,30.745574,120.792025,
249,嘉兴市南湖旅游区伍相祠,南湖区,南溪西路1号嘉兴南湖旅游区(东北角),风景名胜,,,,30.754152,120.753877,
249,湖心岛,南湖区,海盐塘路188号(近南溪西路)嘉兴市南湖旅游区内(东北角),风景名胜,,,,30.755329,120.760255,
250,宁波文化广场,鄞州区,中山东路2109号(海晏北路地铁站C口步行400米),商务住宅,,,,29.857900,121.617350,
250,五一广场,鄞州区,邱隘镇江东东临福庆北路西起河清路南面中山路北临市民广场,商务住宅,,,,29.855480,121.623564,
250,东部新城市民广场,鄞州区,宁穿路(福庆北路地铁站D口步行160米),风景名胜,,,,29.858125,121.624064,
250,宁波罗城,海曙区,公园路与镇明路交叉口东北60米,风景名胜,,,,29.870512,121.548262,
250,生态走廊,鄞州区,邱隘大道8-28号,风景名胜,,,,29.860637,121.629552,
250,宁波老外滩,江北区,中马路157号-159号,风景名胜,,,,29.876526,121.560634,
250,宁波海洋世界,鄞州区,桑田路936号,风景名胜,,,,29.853068,121.582695,
250,中央公园,鄞州区,海晏北路251弄与和源路交叉口西南角,风景名胜,,,,29.862705,121.611814,
250,宁波儿童公园,鄞州区,兴宁路321号(儿童公园地铁站G口步行280米),风景名胜,,,,29.853681,121.579737,
250,浙海关旧址博物馆,江北区,中马路542号,科教文化服务,,,,29.882575,121.563165,
250,宁波国际礼拜堂,鄞州区,会展路915号,风景名胜,,,,29.868627,121.631272,
250,天一阁·月湖,海曙区,长春路92号,风景名胜,,,,29.867633,121.543096,
250,宁波法国园,鄞州区,邱隘大道8-28号生态走廊内(北侧),风景名胜,,,,29.864181,121.629509,
250,月湖公园,海曙区,镇明路,风景名胜,,,,29.867182,121.543597,
250,七塔禅寺,鄞州区,百丈路183号,风景名胜,,,,29.865400,121.567770,
250,宁波东部新城中央广场,鄞州区,福明街道东部新城,风景名胜,,,,29.867179,121.613451,
250,天一阁博物院,海曙区,天一街10号(西门口地铁站D口步行430米),风景名胜,,,,29.871055,121.539591,
250,宁波野生动物园,鄞州区,东钱湖梅湖村,风景名胜,,,,29.804110,121.674671,
250,邱隘方庄社区文化广场公园,鄞州区,邱隘镇青年路,风景名胜,,,,29.846292,121.630550,
250,东钱湖风景名胜区,鄞州区,大堰路188号,风景名胜,,,,29.758863,121.701951,
250,滨江水韵公园,鄞州区,梅墟街道甬江大道滨江花苑东北侧,风景名胜,,,,29.902148,121.623309,
250,天宫庄园,鄞州区,湾底村天工路,风景名胜,,,,29.802811,121.577321,
250,邱隘公园,鄞州区,文卫路与邱隘北路交叉口东南100米,风景名胜,,,,29.849426,121.638861,
250,天主堂,海曙区,江厦街道药行街116号,风景名胜,,,,29.868032,121.553652,
250,天主教堂,江北区,中马路2号,风景名胜,,,,29.874320,121.560408,
251,葭沚老街,椒江区,西浦岸路与前王巷交叉口东北120米,风景名胜,,,,28.675125,121.407961,
251,椒江云西公园,椒江区,云西路27-29号,风景名胜,,,,28.666229,121.431065,
251,和合公园,椒江区,中心大道与东海大道交汇处西北方,风景名胜,,,,28.652082,121.407394,
251,台州博物馆,椒江区,爱华路与群韵路交汇处西100米,科教文化服务,,,,28.660445,121.416215,
251,台州海洋世界,椒江区,广场中路38号,风景名胜,,,,28.660704,121.414335,
251,星星广场,椒江区,东环大道君悦大厦a幢,风景名胜,,,,28.659490,121.434963,
251,台州老粮坊文创园,椒江区,枫山路与沙门路交叉口北180米,商务住宅,,,,28.667357,121.437593,
251,海门老街,椒江区,海门街道人民路86号,购物服务,,,,28.680133,121.446249,
251,椒江云西公园-白云山体育公园,椒江区,云西路27-29号椒江云西公园(东南角),风景名胜,,,,28.665311,121.432676,
251,江滨公园,椒江区,白云街道江滨路736号附近,风景名胜,,,,28.682590,121.434260,
251,东山儿童乐园,椒江区,中山东路3号,风景名胜,,,,28.679649,121.454553,
251,路桥十里长街,路桥区,富仕广场路桥十里长街(月河南街),风景名胜,,,,28.581158,121.377641,
251,观海楼,椒江区,中山东路3号东山儿童乐园,风景名胜,,,,28.679664,121.454528,
251,一江山岛登陆战纪念馆,椒江区,海门街道海门街道海门街道海门街道青年路518号,风景名胜,,,,28.672577,121.440012,
251,台州市市民广场-水景公园,椒江区,市府大道与中心大道交汇处东北角,风景名胜,,,,28.657360,121.413441,
251,台州植物(雕塑)园,椒江区,葭沚街道桐东线,风景名胜,,,,28.627903,121.362070,
251,九峰公园,黄岩区,九峰路295号,风景名胜,,,,28.638582,121.281126,
251,宪法驿站,椒江区,祥和路8号,风景名胜,,,,28.656754,121.417577,
251,黄岩石窟,黄岩区,江口街道山下郎村,风景名胜,,,,28.655787,121.306327,
251,台州方特狂野大陆,路桥区,台州湾新区方特大道1188号,体育休闲服务,,,,28.549498,121.575902,
251,台州小瑞士公园,椒江区,洪龙路与昌平路交叉口北160米,风景名胜,,,,28.619970,121.396508,
251,巡安庙,椒江区,椒江开发区华彩小区旁,风景名胜,,,,28.644569,121.412288,
251,世纪广场,路桥区,腾达路台州市路桥区文体中心1号馆,风景名胜,,,,28.590885,121.373500,
251,闸口公园,椒江区,工人西路1216号,风景名胜,,,,28.685704,121.398628,
251,台州市横河陈村古村落保护区,椒江区,横河陈村文化礼堂西南侧120米,风景名胜,,,,28.617748,121.436280,
252,梧田老街,瓯海区,东垟西路55号,购物服务,,,,27.969497,120.679277,
252,温州博物馆,鹿城区,市府路491号,科教文化服务,,,,27.988522,120.698110,
252,花园1956文化创意产业园,鹿城区,黎明东路412号,商务住宅,,,,28.012064,120.690111,
252,印象南塘,鹿城区,南塘风貌街,风景名胜,,,,27.994487,120.668567,
252,世纪公园,鹿城区,三友路,风景名胜,,,,27.978203,120.699506,
252,三垟湿地保护区,瓯海区,南白象街道华润万象城温瑞大道1001号,风景名胜,,,,27.955215,120.708316,
252,世纪广场,鹿城区,市行政中心南(近市府路),风景名胜,,,,27.990929,120.699374,
252,上陡门浦公园,鹿城区,瓯江路与上陡门路交叉口东南240米,风景名胜,,,,28.016890,120.700472,
252,马鞍池公园,鹿城区,大南街道马鞍池社区,风景名胜,,,,28.001971,120.662480,
252,江心屿,鹿城区,望江东路119号,风景名胜,,,,28.027008,120.639046,
252,白鹿洲公园,鹿城区,锦绣路与飞霞南路交汇处,风景名胜,,,,27.995910,120.668228,
252,九山公园,鹿城区,人民西路292号,风景名胜,,,,28.009617,120.650830,
252,温州申顺文体主题公园,瓯海区,月乐东街66号,风景名胜,,,,27.978127,120.684496,
252,中山公园,鹿城区,府学巷2号,风景名胜,,,,28.013782,120.666668,
252,朔门古港遗址,鹿城区,望江东路60号,风景名胜,,,,28.023540,120.654529,
252,森谷乐园,鹿城区,绣山公园西南角,体育休闲服务,,,,27.995834,120.697217,
252,温州动物园,瓯海区,雪山路367号景山公园,风景名胜,,,,27.996893,120.624708,
252,温州园博园,瓯海区,仙门路14号,风景名胜,,,,27.980431,120.580541,
252,奇特冰雪乐园,鹿城区,瓯江路589号,体育休闲服务,,,,28.000479,120.736488,
252,洪殿,鹿城区,滨江街道,风景名胜,,,,28.009836,120.687471,
252,温州乐园,瓯海区,茶山街道霞岙村,体育休闲服务,,,,27.907456,120.684626,
252,温州园,瓯海区,繁盛南路与瞿任东路交叉口东480米,风景名胜,,,,27.980825,120.575525,
252,大罗山,瓯海区,茶山街道五美路1号,风景名胜,,,,27.896713,120.741074,
252,景山公园,瓯海区,景山街道雪山路367号,风景名胜,,,,27.996659,120.624865,
252,妙果寺,鹿城区,松台街道松台街道人民西路292号九山公园内(南侧),风景名胜,,,,28.008742,120.650683,
253,印象西城·七子楼,莲都区,学院路24号,风景名胜,,,,28.456177,119.904396,
253,冒险岛水世界,莲都区,琵琶圩路,体育休闲服务,,,,28.444455,119.898275,
253,处州府城,莲都区,大洋路与卢镗街交汇处西南侧,风景名胜,,,,28.437719,119.918710,
253,滨水广场,莲都区,莲都江滨公园,风景名胜,,,,28.435209,119.923836,
253,刘祠堂背历史文化街区,莲都区,大众路与囿山路交叉口,风景名胜,,,,28.443390,119.915170,
253,冒险岛·达乐园,莲都区,万象街道琵琶圩路1号,体育休闲服务,,,,28.443713,119.900254,
253,丽水体育公园,莲都区,寿元路与紫金路交口东南角,风景名胜,,,,28.456487,119.932577,
253,处州公园,莲都区,花园路与人民街路口北侧,风景名胜,,,,28.465436,119.922873,
253,万象山公园,莲都区,括苍路581号,风景名胜,,,,28.444024,119.907765,
253,应星楼,莲都区,万象街道大猷街(近江滨公园),风景名胜,,,,28.435602,119.918259,
253,青年公园,莲都区,怡园路与东港路交叉口西北220米,风景名胜,,,,28.457441,119.945677,
253,丽阳门公园,莲都区,城东路6号,风景名胜,,,,28.454335,119.914597,
253,丽水博物馆新馆,莲都区,大猷街30号(滨水公园西侧),科教文化服务,,,,28.435696,119.923423,
253,万象山,莲都区,解放街27附近,风景名胜,,,,28.444226,119.908120,
253,丽阳门,莲都区,城东路6号丽阳门公园内(西侧),风景名胜,,,,28.454235,119.913648,
253,莲都江滨公园,莲都区,江滨公园(大猷街南),风景名胜,,,,28.436753,119.915337,
253,南明山景区,莲都区,南环路,风景名胜,,,,28.432403,119.899319,
253,鲜花公园,莲都区,老机场路55号,风景名胜,,,,28.460309,119.941664,
253,华东药用植物园,莲都区,城北街11号,风景名胜,,,,28.465653,119.900097,
253,白云森林公园步云岭,莲都区,(近白云山入口200米)白云森林公园内,风景名胜,,,,28.491574,119.912788,
253,三岩寺,莲都区,教工路与三岩寺路交叉口西北220米,风景名胜,,,,28.456625,119.897428,
253,浙西南革命根据地纪念馆,莲都区,大猷街135号紫金大桥下,风景名胜,,,,28.437570,119.930182,
253,纳爱斯健身广场,莲都区,城东路157号(东门),体育休闲服务,,,,28.450104,119.917038,
253,丽水市三宝博物馆,莲都区,白云街道中山街北1-9号白云山森林公园入口处,科教文化服务,,,,28.481291,119.916951,
253,白云寺,莲都区,(近白云山入口200米)白云森林公园内,风景名胜,,,,28.491161,119.907941,
254,衢州古城文化旅游区水亭门历史文化街区,柯城区,县西街,风景名胜,,,,28.962062,118.867315,
254,衢州古城文化旅游区,柯城区,花园东大道199号,风景名胜,,,,28.955962,118.860669,
254,衢州古城文化旅游区孔氏南宗家庙,柯城区,府山街道新桥街96号街坊附近,风景名胜,,,,28.960366,118.876804,
254,水亭门城墙,柯城区,衢江中路69号,风景名胜,,,,28.962150,118.866567,
254,江滨中段公园,柯城区,上营街12西南方向170米,风景名胜,,,,28.961092,118.865948,
254,衢州古城文化旅游区鹿鸣大草坪,柯城区,紫薇南路,风景名胜,,,,28.963069,118.859330,
254,城隍庙,柯城区,新桥街138附近,风景名胜,,,,28.960565,118.878849,
254,衢州古城文化旅游区衢州博物馆,柯城区,新桥街98号,科教文化服务,,,,28.960507,118.877655,
254,大南门遗址公园,柯城区,坊门街215号,风景名胜,,,,28.954338,118.868735,
254,鹿鸣山文化院街,柯城区,白云中大道与芹江东路交汇处,风景名胜,,,,28.963901,118.851980,
254,衢州古城文化旅游区府山公园,柯城区,新桥街,风景名胜,,,,28.957203,118.877943,
254,鹿鸣公园,柯城区,白云南大道,风景名胜,,,,28.969369,118.840724,
254,衢州南孔洛嘉森乐园,柯城区,安澜路5号1幢,风景名胜,,,,28.950345,118.857739,
254,衢州古城文化旅游区天王塔,柯城区,府山街道县西街水亭门景区(东北角),风景名胜,,,,28.962830,118.868354,
254,文昌阁,柯城区,衢江路39号,风景名胜,,,,28.966316,118.868098,
254,南孔圣地,柯城区,新桥街与新马路交叉口东80米,风景名胜,,,,28.959743,118.876942,
254,衢州古城文化旅游区衢州诗词公园,柯城区,紫薇南路,风景名胜,,,,28.968305,118.858719,
254,衢州古城文化旅游区严家淤岛,柯城区,[],风景名胜,,,,28.949623,118.856243,
254,中央公园,柯城区,荷花5路,商务住宅,,,,28.931235,118.885191,
254,衢江网红沙滩,衢江区,江滨西路6号,风景名胜,,,,28.970696,118.926775,
254,浸梦水亭门剧场,柯城区,府山街道天皇巷49号,体育休闲服务,,,,28.963980,118.867761,
254,月亮湾公园,柯城区,白云街道亭川东路280号西北方向140米,风景名胜,,,,28.980677,118.856719,
254,衢州古城文化旅游区杜立特行动纪念馆,柯城区,水亭街9号,风景名胜,,,,28.962181,118.868252,
254,衢州城墙,柯城区,坊门街215号大南门遗址公园(东南角),风景名胜,,,,28.954147,118.868887,
254,天宁禅寺,柯城区,天宁巷9号,风景名胜,,,,28.959778,118.870000,
255,古子城,婺城区,鼓楼里24号,风景名胜,,,,29.101263,119.665073,
255,保宁门,婺城区,鼓楼里24号古子城(东南角),风景名胜,,,,29.099900,119.665780,
255,婺州古城景区,婺城区,[],风景名胜,,,,29.100031,119.665789,
255,湖海塘公园,婺城区,海棠西路与双龙南街交叉口西南角,风景名胜,,,,29.047907,119.635893,
255,三江里广场,婺城区,燕尾洲路368号,商务住宅,,,,29.095883,119.668340,
255,市民广场,婺城区,兰溪街,风景名胜,,,,29.077567,119.648699,
255,婺州公园,婺城区,飘萍路489号(近金华博物馆),风景名胜,,,,29.098123,119.659275,
255,万佛塔,婺城区,飘萍路三江交汇口婺州古城景区,风景名胜,,,,29.101406,119.668582,
255,金华市博物馆,婺城区,城东街道东市北街128号,科教文化服务,,,,29.101913,119.666720,
255,寺前皇,婺城区,丹南街丹溪花园-西区,商务住宅,,,,29.076098,119.650242,
255,八咏楼,婺城区,城东街道城东街道八咏路中段235号对面,风景名胜,,,,29.099546,119.663383,
255,五百滩公园,婺城区,八一南街,风景名胜,,,,29.095250,119.649239,
255,金华之光文化广场,婺城区,燕尾州路与宾虹路交叉口,风景名胜,,,,29.091825,119.665913,
255,河盘翠舞公园,婺城区,环城西路与河盘大桥之间,风景名胜,,,,29.093021,119.632341,
255,太平天国侍王府纪念馆,婺城区,鼓楼里70号婺州古城景区内,风景名胜,,,,29.102029,119.664910,
255,八咏公园,婺城区,飘萍路242号,风景名胜,,,,29.098227,119.663904,
255,梅园,婺城区,东莱路118号,风景名胜,,,,29.076622,119.673474,
255,赤山公园,金东区,环城南路与东市南街交叉口东北角,风景名胜,,,,29.076208,119.682210,
255,湖海塘沙滩,婺城区,湖海塘公园(东北角),风景名胜,,,,29.057201,119.642429,
255,月亮湾公园,婺城区,东阳街89号,风景名胜,,,,29.086007,119.667555,
255,金华万泰海立方海洋公园,婺城区,白龙桥镇宾虹西路2999号1-2层,风景名胜,,,,29.082628,119.569063,
255,金华艾青文化公园,金东区,艾青路520号,风景名胜,,,,29.102580,119.693157,
255,三姑殿,婺城区,三姑殿街135号,风景名胜,,,,29.083615,119.663163,
255,1921文化创意园,婺城区,宾虹路1921号,商务住宅,,,,29.079282,119.627433,
255,熊猫猪猪两头乌国际牧场,婺城区,长山乡古长路1177号,购物服务,,,,29.040501,119.540729,
256,仁皇山景区,吴兴区,青铜路与仁皇山路交汇处,风景名胜,,,,30.893995,120.068532,
256,湖州菰城景区,吴兴区,龙王山路仁皇山风景区南大门游客中心1层,风景名胜,,,,30.893550,120.069543,
256,衣裳街历史文化街区,吴兴区,勤劳路259号状元街,购物服务,,,,30.862424,120.099537,
256,太湖龙之梦度假区,长兴县,图影大道888号,体育休闲服务,,,,30.954262,120.070347,
256,太湖演艺城,长兴县,太湖图影旅游度假区,风景名胜,,,,30.952484,120.076625,
256,法华寺,吴兴区,同心路,风景名胜,,,,30.918668,120.066667,
256,湖州太湖旅游度假区,吴兴区,太湖路6188号,风景名胜,,,,30.961354,120.107811,
256,湖州铁佛寺,吴兴区,劳动路192号(近公园路南),风景名胜,,,,30.867131,120.097560,
256,龙之梦动物世界,长兴县,太湖图影旅游度假区碧岩村,风景名胜,,,,30.954258,120.051820,
256,项王公园,吴兴区,人民路513号,风景名胜,,,,30.876089,120.102509,
256,湖州温泉高尔夫俱乐部,吴兴区,杨白线1818号,体育休闲服务,,,,30.908776,120.051198,
256,仁皇阁,吴兴区,仁皇山街道青铜路与仁皇山路交叉口仁皇山景区,风景名胜,,,,30.892481,120.071403,
256,吴兴区小西街历史文化街区,吴兴区,小西街文创休闲街区,风景名胜,,,,30.861983,120.097088,
256,飞英塔,吴兴区,塔下街155号,风景名胜,,,,30.873012,120.106440,
256,湖州历史文化名人园,吴兴区,湖州历史文化名人园(湖州图书馆西),风景名胜,,,,30.891496,120.089194,
256,龙之梦冰雪世界,长兴县,湖长二通道928号圆梦大道与龙之梦大道交叉口,体育休闲服务,,,,30.943473,120.059934,
256,开发区人口文化广场,吴兴区,滨河路与体育场路交叉口东200米,风景名胜,,,,30.877004,120.098015,
256,长田漾湿地公园,吴兴区,太湖路,风景名胜,,,,30.927165,120.098847,
256,湖州黄金湖岸景区,吴兴区,滨湖街道黄金湖岸(雷迪森酒店后面太湖大堤上),风景名胜,,,,30.949944,120.121721,
256,湖州太湖旅游度假区-月亮广场,吴兴区,太湖路6188号湖州太湖旅游度假区内(南侧),风景名胜,,,,30.953993,120.106041,
256,湖州影视城,吴兴区,太湖路5000号,风景名胜,,,,30.943840,120.106402,
256,滨河公园,吴兴区,龙溪北路159号,风景名胜,,,,30.871273,120.093411,
256,西山漾湿地景区,吴兴区,西山路,风景名胜,,,,30.864627,120.170324,
256,龙之梦嬉水世界,长兴县,湖长二通道928号,体育休闲服务,,,,30.947777,120.060878,
256,碧岩寺,长兴县,太湖图影旅游度假区,风景名胜,,,,30.944355,120.043999,
257,湖滨步行街,上城区,凤起路539-4号(龙翔桥地铁站C口步行120米),购物服务,,,,30.254158,120.162923,
257,钱江世纪公园,萧山区,秋韵路a7-2号,风景名胜,,,,30.244685,120.237194,
257,清河坊历史文化特色街区,上城区,河坊街180号,风景名胜,,,,30.239827,120.169899,
257,五柳巷历史街区,上城区,小营街道斗富二桥西河下9号附近,风景名胜,,,,30.242162,120.176615,
257,清河坊步行街,上城区,河坊街,购物服务,,,,30.240073,120.168923,
257,胡雪岩旧居,上城区,元宝街18号,风景名胜,,,,30.237273,120.172906,
257,杭州西湖风景名胜区-断桥残雪,西湖区,龙井路1号杭州西湖风景名胜区内(东北角),风景名胜,,,,30.258151,120.151347,
257,吴山景区,上城区,清波街道吴山广场2号杭州吴山艺术团附近,风景名胜,,,,30.234120,120.165134,
257,鼓楼,上城区,中山南路501号(近十五奎巷),风景名胜,,,,30.237994,120.171386,
257,钱江新城灯光秀,上城区,新业路39号(市民中心地铁站M1口或N2口),风景名胜,,,,30.244481,120.215428,
257,杭州西湖风景名胜区,西湖区,西湖街道龙井路1号,风景名胜,,,,30.222692,120.121358,
257,杭州博物馆,上城区,粮道山18号,科教文化服务,,,,30.239091,120.166525,
257,吴山广场,上城区,延安南路1号附近,风景名胜,,,,30.239183,120.163686,
257,杭州西湖风景名胜区-湖滨公园,上城区,龙井路1号杭州西湖风景名胜区内(东北角),风景名胜,,,,30.256583,120.158818,
257,雷峰塔景区,西湖区,南山路15号,风景名胜,,,,30.230934,120.148849,
257,杭州基督教会崇一堂,上城区,新塘路26号(近庆春广场),风景名胜,,,,30.259353,120.208778,
257,武林广场,拱墅区,天水街道天水街道体育场路208号,风景名胜,,,,30.271001,120.163325,
257,西湖文化广场,拱墅区,环城北路47号,风景名胜,,,,30.276652,120.163755,
257,杭州西湖风景名胜区-柳浪闻莺,上城区,清波街道南山路87号,风景名胜,,,,30.240389,120.156326,
257,南宋德寿宫遗址博物馆,上城区,望江路228-264号(江城路地铁站E口步行460米),科教文化服务,,,,30.238678,120.173273,
257,CBD公园,上城区,五星路181号(市民中心地铁站N3B口步行460米),风景名胜,,,,30.237933,120.212285,
257,杭州Do都城,上城区,新业路311号(钱江新城市民中心K座),体育休闲服务,,,,30.247996,120.209448,
257,江和美海洋公园,上城区,杭海路601号(三堡地铁站B1口旁),风景名胜,,,,30.268541,120.227506,
257,西湖天地,上城区,南山路147号9C,风景名胜,,,,30.247034,120.159282,
257,吴山景区-城隍阁景区,上城区,吴山3号(吴山广场山顶),风景名胜,,,,30.236413,120.164726,
258,镜湖国家城市湿地公园,越城区,解放大道与体育路交汇口东100米,风景名胜,,,,30.059465,120.579108,
258,十里荷塘,越城区,国家城市湿地公园,风景名胜,,,,30.061269,120.570758,
258,绍兴博物馆新馆,越城区,斗门街道解放大道566号,科教文化服务,,,,30.065756,120.583380,
258,镜湖渔猎公园,越城区,灵芝镇解放大道,风景名胜,,,,30.059656,120.573333,
258,鲁迅故里,越城区,塔山街道鲁迅中路241号,风景名胜,,,,29.993263,120.584419,
258,书圣故里,越城区,胜利东路117号,风景名胜,,,,30.008014,120.585740,
258,沈氏园,越城区,鲁迅中路318号,风景名胜,,,,29.990303,120.590035,
258,书圣故里,越城区,西街与蕺山街交叉口西140米,风景名胜,,,,30.008444,120.585004,
258,仓桥直街历史街区,越城区,仓桥直街,购物服务,,,,29.997525,120.577947,
258,绍兴镜湖海洋世界,越城区,群贤中路与后墅路交叉路口,风景名胜,,,,30.064067,120.589767,
258,黄酒小镇,越城区,东浦街道锡麟路37号,风景名胜,,,,30.052165,120.535893,
258,镜湖直江滨河公园,越城区,越西路与灵芝路交叉口南400米,风景名胜,,,,30.042609,120.565720,
258,鲁迅故里-鲁迅故居,越城区,鲁迅中路241号(鲁迅故里地铁站A2口步行480米),风景名胜,,,,29.992073,120.585083,
258,迎恩门,越城区,环城北路19号,风景名胜,,,,30.013939,120.568359,
258,㹧犭茶湖避塘,越城区,环湖路避风塘,体育休闲服务,,,,30.078036,120.557476,
258,迪荡湖公园,越城区,迪荡街道二环北路与越东路交汇处西侧(东湖派出所对面),风景名胜,,,,30.012419,120.613403,
258,绍兴东湖风景区,越城区,皋埠街道云东路,风景名胜,,,,29.998452,120.632047,
258,周恩来纪念馆,越城区,劳动路369号,风景名胜,,,,30.001805,120.585735,
258,阳明故里,越城区,府山街道上大路300号,风景名胜,,,,30.008745,120.575442,
258,绍兴·隐史桥,越城区,梅山公路与洋江西路交口镜湖国家城市湿地公园内(东南角),风景名胜,,,,30.053956,120.583973,
258,周恩来祖居,越城区,劳动路369号(周恩来纪念馆),风景名胜,,,,30.002038,120.585697,
258,徐渭艺术馆,越城区,后观巷32号,科教文化服务,,,,29.995809,120.578713,
258,中国黄酒博物馆,越城区,下大路557号,科教文化服务,,,,30.012015,120.573923,
258,金德隆文化创意园,越城区,[],商务住宅,,,,30.020310,120.564859,
258,鲁迅故里-三味书屋,越城区,鲁迅中路241号,风景名胜,,,,29.991625,120.586280,
259,开滦国家矿山公园,路南区,新华东道54号,风景名胜,,,,39.621563,118.200471,
259,唐山博物馆,路北区,龙泽南路22号,科教文化服务,,,,39.631111,118.192218,
259,唐山抗震纪念馆,路南区,新华东道102号,风景名胜,,,,39.624688,118.181068,
259,大城山公园,路北区,北新东道19号,风景名胜,,,,39.640014,118.200777,
259,唐山南湖旅游景区,路南区,丹凤路与明湖路交叉口,风景名胜,,,,39.599583,118.160704,
259,唐山培仁历史文化街,路北区,北新东道,购物服务,,,,39.631793,118.195392,
259,唐山饮食文化博物馆,路南区,唐山南湖旅游景区国际会展中心南50米,风景名胜,,,,39.603538,118.149733,
259,大唐兴国禅寺,路北区,乔屯街道北新东道18号,风景名胜,,,,39.635393,118.195601,
259,唐山地震遗址纪念公园,路南区,岳各庄路19号,风景名胜,,,,39.597414,118.186685,
259,唐山抗震纪念碑广场,路南区,新华东道102号,生活服务,,,,39.624593,118.182622,
259,大钊公园,路南区,新华东道102号,风景名胜,,,,39.622375,118.180940,
259,唐山植物园,路南区,唐山南湖旅游景区内(东侧),风景名胜,,,,39.605495,118.177533,
259,中国(唐山)工业博物馆,路北区,乔屯街道乔屯街道龙泽南路43号,科教文化服务,,,,39.634984,118.192433,
259,唐山动物园,开平区,开越路,风景名胜,,,,39.676909,118.242085,
259,河头老街,丰南区,运河西路66号,风景名胜,,,,39.561789,118.075413,
259,唐山大地震影视基地,路南区,建设南路唐山南湖旅游景区公交站南100米,风景名胜,,,,39.610940,118.179968,
259,中国唐山皮影主题乐园,路南区,建设南路增45号南湖大道南湖足球酒店对面,体育休闲服务,,,,39.592443,118.166455,
259,玄堂文化空间,路北区,广达街24号,风景名胜,,,,39.626748,118.180098,
259,紫金广场,路北区,建设南路81号,商务住宅,,,,39.644169,118.178918,
259,唐山市人民公园,路北区,凤凰新城(大里北路西200米),风景名胜,,,,39.656862,118.135909,
259,丹凤朝阳广场,路南区,唐山南湖旅游景区内(西北角),风景名胜,,,,39.602596,118.158073,
259,唐山花海南区,开平区,开平镇,风景名胜,,,,39.659172,118.231400,
259,唐山花海北区,开平区,开越路,风景名胜,,,,39.686330,118.240039,
259,开滦博物馆,路南区,新华东道54号,科教文化服务,,,,39.622772,118.198607,
259,青龙湖公园,路北区,友谊路与长宁道交叉口北行,风景名胜,,,,39.678514,118.136698,
260,海滨国家森林公园,北戴河区,海滨大道中段,风景名胜,,,,39.882374,119.527504,
260,金梦海湾浴场,海港区,秦海路132号,风景名胜,,,,39.894544,119.544292,
260,秦皇岛野生动物园,北戴河区,滨海大道62号,风景名胜,,,,39.868828,119.520296,
260,北戴河海滩,北戴河区,滨海大道,风景名胜,,,,39.863952,119.528564,
260,秦皇岛博物馆,海港区,河北大街西段521号,科教文化服务,,,,39.886507,119.514805,
260,金梦海湾1号,海港区,岭前街与秦海路交叉口西南200米,商务住宅,,,,39.897011,119.544467,
260,半岛公园,海港区,南岭东路60号,风景名胜,,,,39.899569,119.515209,
260,秦皇岛新澳海底世界,海港区,河滨路81号,风景名胜,,,,39.906134,119.562879,
260,法云寺,海港区,新店子村,风景名胜,,,,39.889479,119.499511,
260,鸽子窝公园,北戴河区,鸽赤路25号,风景名胜,,,,39.836216,119.526688,
260,金屋浴场,北戴河区,滨海大道中段(森林逸城南门),体育休闲服务,,,,39.886323,119.535630,
260,金海湾森林公园,海港区,金湾环路金海湾森林逸城对面,风景名胜,,,,39.891436,119.535738,
260,西浴场,海港区,河滨路81号,体育休闲服务,,,,39.900204,119.554256,
260,海澜广场,海港区,河滨路与秦海路交叉口东南60米,体育休闲服务,,,,39.897026,119.547587,
260,碧螺塔,北戴河区,东海滩路北戴河碧螺塔海上酒吧公园内(东侧),风景名胜,,,,39.821184,119.537120,
260,金梦海湾海誓广场,海港区,河滨路与山东堡立交桥交叉口东南40米,风景名胜,,,,39.894840,119.543866,
260,秦皇之眼摩天轮,海港区,白塔岭街道奥体中心南08号,体育休闲服务,,,,39.906675,119.553195,
260,秦皇岛港口工业旅游区,海港区,太平湾停车场,风景名胜,,,,39.914297,119.612287,
260,北戴河欢乐湾,北戴河区,东山街道东海滩路东山旅游码头内(西侧),风景名胜,,,,39.826939,119.535439,
260,西沙滩,海港区,金海湾森林公园西门(秦皇岛)附近,风景名胜,,,,39.887793,119.537537,
260,奥林匹克公园,北戴河区,东山街道联峰路113号北戴河景区内,风景名胜,,,,39.827887,119.514722,
260,观鸟湿地,北戴河区,滨海大道与银涛路交叉口东200米,风景名胜,,,,39.847911,119.524243,
260,联峰山公园,北戴河区,联峰路与剑秋路交汇处,风景名胜,,,,39.824137,119.458809,
260,鸽子窝海鸥海滩,北戴河区,海波路(鸽子窝公园-观海平台),风景名胜,,,,39.832136,119.531710,
260,秦皇求仙入海处,海港区,南山街56号,风景名胜,,,,39.913949,119.622324,
261,邯郸市博物馆,丛台区,人民路399号,科教文化服务,,,,36.610055,114.522902,
261,丛台公园,丛台区,丛台西街道丛台西街道中华北大街159号,风景名胜,,,,36.615710,114.491152,
261,滏阳公园,邯山区,滏西大街30号,风景名胜,,,,36.594142,114.508873,
261,明珠广场,邯山区,滏东南大街71号,风景名胜,,,,36.594738,114.518410,
261,赵苑公园,丛台区,四季青街道四季青街道联纺路桥西,风景名胜,,,,36.623916,114.472750,
261,晋冀鲁豫革命纪念园,邯山区,陵园路60号,生活服务,,,,36.600848,114.486870,
261,邯郸市植物园南园,丛台区,丛台东路高铁桥西路南,风景名胜,,,,36.611275,114.555126,
261,邯郸·海洋世界,邯山区,邯馆公路南侧,风景名胜,,,,36.587380,114.569751,
261,邯郸市植物园北园,丛台区,邯郸植物园,风景名胜,,,,36.619719,114.554389,
261,棉三时光公园,丛台区,联纺路20号,购物服务,,,,36.628249,114.487222,
261,爆台寺,丛台区,致富街,风景名胜,,,,36.631177,114.557209,
261,康业水上乐园,丛台区,世纪大道2号康业大厦1层,体育休闲服务,,,,36.645675,114.542925,
261,学步桥广场,丛台区,陵西北大街,风景名胜,,,,36.620310,114.489798,
261,天主教堂邯郸东堂,丛台区,军师堡街与联纺东路交叉口北340米,风景名胜,,,,36.625908,114.571947,
261,黄粱梦吕仙祠,丛台区,黄粱梦镇,风景名胜,,,,36.680812,114.492789,
261,赵王城遗址公园,复兴区,[],风景名胜,,,,36.572430,114.428772,
261,秦始皇出生地纪念馆,丛台区,丛台西街道丛台西街道中华北大街159号丛台公园(西南角),风景名胜,,,,36.613840,114.489006,
261,广府古城,永年区,广府镇,风景名胜,,,,36.701056,114.729273,
261,串城街邯郸古城,丛台区,城内中街43号,风景名胜,,,,36.608067,114.485929,
261,邯郸道-南城门,丛台区,城南街与城内中街交叉口东北20米,风景名胜,,,,36.605748,114.485504,
261,丛台广场,丛台区,人民东路与中华北大街交叉口西北角,风景名胜,,,,36.611039,114.491742,
261,蔺相如回車巷纪念碑,丛台区,城内中街12号甲4号,风景名胜,,,,36.606618,114.485545,
261,赵王阁,丛台区,陵西北大街与安庄大街交叉口东北240米,风景名胜,,,,36.615111,114.486759,
261,南湖湿地公园,邯山区,支漳河南侧中华大街西侧,风景名胜,,,,36.556319,114.485638,
261,邯郸换乘广场,丛台区,永通路与秦皇大街交叉口东北200米,风景名胜,,,,36.619834,114.562791,
262,河北博物院,长安区,东大街4号(博物院地铁站C西南口步行360米),科教文化服务,,,,38.040616,114.522656,
262,长安公园,长安区,青园街道青园街道建设北大街13号,风景名胜,,,,38.046868,114.514601,
262,人民广场,长安区,青园街51-36524号,风景名胜,,,,38.044627,114.515161,
262,石家庄市博物馆,长安区,建设北大街11号,科教文化服务,,,,38.045877,114.512695,
262,石家庄解放纪念馆,桥西区,中山街道中山街道解放广场,风景名胜,,,,38.041759,114.490003,
262,欧韵公园,裕华区,汇通路与建设大街交叉口,风景名胜,,,,38.018166,114.511302,
262,石门公园,裕华区,富强大街49号,风景名胜,,,,38.029565,114.524333,
262,清真寺,新华区,清真寺街25号,风景名胜,,,,38.049036,114.481240,
262,花卉园,长安区,华清南街9号,风景名胜,,,,38.038907,114.540602,
262,石家庄解放纪念碑,新华区,公里街29号,风景名胜,,,,38.045625,114.489708,
262,中央绿色体育公园,桥西区,塔南路16号,风景名胜,,,,38.009751,114.493885,
262,裕园公园,桥西区,裕华西路63号,风景名胜,,,,38.036362,114.462014,
262,水上公园,新华区,联盟街道联盟路500号,风景名胜,,,,38.076658,114.457337,
262,石家庄工业遗址公园,长安区,谈固北大街与贤明路交叉口东240米,风景名胜,,,,38.057827,114.563978,
262,人民广场-毛主席雕像,长安区,中山东路与青园街交叉口西行50米路北,风景名胜,,,,38.043622,114.514743,
262,石家庄天山海世界文化旅游城,裕华区,天山大街116号(留村地铁站D西北口旁),风景名胜,,,,38.038238,114.607250,
262,华北军区烈士陵园,桥西区,中山西路与师范街交叉口西60米,生活服务,,,,38.045285,114.464927,
262,湾里庙水幕广场,新华区,南大街与湾里庙步行街交叉口西南20米,风景名胜,,,,38.044687,114.487333,
262,民防公园,长安区,长丰街道体育大街与丰收路交口东行500米路南建佳地产,风景名胜,,,,38.071640,114.536635,
262,月季公园,长安区,北二环东路135号,风景名胜,,,,38.078816,114.538181,
262,天空之城游乐场,桥西区,塔谈国际商城东区3号门6层,体育休闲服务,,,,37.999491,114.489691,
262,裕西公园,桥西区,中山西路698号,风景名胜,,,,38.037583,114.415569,
262,滹沱河生态旅游景区,长安区,车站南大街,风景名胜,,,,38.112567,114.594137,
262,观宸公园,裕华区,平安南大街287号(塔坛地铁站A东北口步行490米),风景名胜,,,,37.999947,114.495597,
262,MELAND CLUB(石家庄万象城店),桥西区,中山西路108号华润万象城第3层L334号,体育休闲服务,,,,38.040986,114.479235,
263,人民公园,广阳区,银河北路98号,风景名胜,,,,39.531768,116.702604,
263,只有红楼梦·戏剧幻城,广阳区,和平路268号,风景名胜,,,,39.562675,116.719351,
263,九天休闲谷,安次区,光明西道街道西昌路西环花卉市场西侧,风景名胜,,,,39.525088,116.660119,
263,廊坊隆福寺,安次区,古县村西,风景名胜,,,,39.535696,116.640056,
263,廊坊市文化艺术公园,广阳区,和平路廊坊体育场西侧,风景名胜,,,,39.554695,116.719236,
263,廊坊市自然公园,安次区,西昌路,风景名胜,,,,39.540368,116.640549,
263,月色广场,广阳区,新华路57号,购物服务,,,,39.521416,116.708817,
263,廊坊博物馆,广阳区,和平路238-1号,科教文化服务,,,,39.553379,116.722703,
263,廊坊市自然公园-西区,安次区,廊万路自然公园,风景名胜,,,,39.543981,116.641143,
263,自然公园-东区,安次区,广阳道与西昌路交汇处自然公园,风景名胜,,,,39.538892,116.656823,
263,云锦广场,广阳区,和平路261号,风景名胜,,,,39.564462,116.716011,
263,御龙河公园,安次区,杨税务乡安次开发区,风景名胜,,,,39.475338,116.673701,
263,瑞丰公园,安次区,北史家务镇常甫路与瑞丰道交叉口西北角,风景名胜,,,,39.498404,116.705529,
263,牡丹园,安次区,光明西道街道光明西道街道广阳道与西昌路交汇处自然公园西区,风景名胜,,,,39.522835,116.681619,
263,老天桥公园,安次区,永华道附近,风景名胜,,,,39.505337,116.715634,
263,欢乐动物园,安次区,广阳道与西昌路交汇处自然公园东区,风景名胜,,,,39.538680,116.655225,
263,龙河中央公园,安次区,富余道与龙盘路交叉口西南500米,风景名胜,,,,39.467922,116.732537,
263,自然公园牡丹园,安次区,廊坊市自然公园-西区,风景名胜,,,,39.545585,116.642929,
263,开新广场,广阳区,华祥路与汇源道交叉口东南角,购物服务,,,,39.570753,116.773023,
263,万物田园,广阳区,永兴北路与广阳道交叉口东北80米,风景名胜,,,,39.538020,116.680125,
263,观音院,安次区,永华道34附近,风景名胜,,,,39.505259,116.712843,
263,友谊园,广阳区,大官庄村丰盛路,风景名胜,,,,39.525813,116.692458,
263,艾力枫社镌野公园,广阳区,艺术大道,风景名胜,,,,39.569291,116.737927,
263,国安第一城,香河县,香河开发区平安大街,风景名胜,,,,39.717105,116.906681,
263,得趣园(北凤道),广阳区,新华路211号东北方向120米,风景名胜,,,,39.549720,116.707439,
264,保定竞秀公园,竞秀区,五四西路127号,风景名胜,,,,38.880138,115.465979,
264,保定直隶总督署博物馆,莲池区,裕华西路301号,风景名胜,,,,38.859794,115.497234,
264,保定市动物园,莲池区,永华南大街688号,风景名胜,,,,38.853437,115.487431,
264,莲池书院博物馆(古莲花池),莲池区,莲池南大街246号,风景名胜,,,,38.857503,115.498127,
264,大慈阁,莲池区,红星街道穿行楼街57号,风景名胜,,,,38.859374,115.502470,
264,莲池书院,莲池区,裕华街道莲池南大街538号,科教文化服务,,,,38.857779,115.499068,
264,保定植物园,竞秀区,阳光北大街2121号,风景名胜,,,,38.919927,115.485367,
264,保定军校公园,莲池区,东风东路,风景名胜,,,,38.868401,115.528358,
264,保定市淮军公所博物馆(中国古戏楼博物馆),莲池区,兴华路331号,风景名胜,,,,38.856636,115.489442,
264,总督署广场,莲池区,裕华路78号,购物服务,,,,38.858199,115.496068,
264,保定人民广场,竞秀区,东风西路,风景名胜,,,,38.872558,115.465473,
264,保定市林草生态园,竞秀区,西二环与建国路西北角,风景名胜,,,,38.827691,115.401071,
264,绿溪谷乐园,竞秀区,阳光北大街2121号(植物园西北角),体育休闲服务,,,,38.924583,115.482643,
264,保定登峰体育公园,竞秀区,韩村乡鲁岗路1955号,风景名胜,,,,38.908571,115.460887,
264,淮军公所A区,莲池区,兴华路329号淮军公所,商务住宅,,,,38.856890,115.490978,
264,保定宴饮食博物馆,竞秀区,保定国家高新区朝阳北大街2239号,科教文化服务,,,,38.919406,115.469704,
264,保定黄花沟公园,莲池区,韩庄乡复兴苑路与明德街交叉口东北180米,风景名胜,,,,38.905570,115.518690,
264,保定军校纪念馆,莲池区,东关街道东风东路585号,风景名胜,,,,38.866187,115.526811,
264,保定北湖公园,竞秀区,保定国家高新区韩村乡向阳北大街与北堤路交叉口,风景名胜,,,,38.912890,115.463601,
264,中国古动物馆(保定自然博物馆),莲池区,东金庄乡东三环与东风东路交叉口东南角方向,科教文化服务,,,,38.862818,115.563615,
264,保定留法勤工俭学运动纪念馆,莲池区,西关街道金台驿街86号,风景名胜,,,,38.861304,115.487165,
264,保定钟楼,莲池区,裕华西路233号钟楼商厦B1层,风景名胜,,,,38.858582,115.500795,
264,隆合广场,竞秀区,锦绣街678号,风景名胜,,,,38.904940,115.463053,
264,极限运动公园,竞秀区,七一西路北侧,风景名胜,,,,38.883267,115.422504,
264,保定茗畅园广场,竞秀区,天鹅西路178号,风景名胜,,,,38.888479,115.463156,
265,市民广场,桥东区,南站街道张家口经济开发区,风景名胜,,,,40.765482,114.885897,
265,张家口市博物馆(新馆),桥东区,长城西大街4号文化产业发展综合体3号楼,科教文化服务,,,,40.768302,114.891758,
265,中国地质博物馆张家口分馆,桥东区,南站街道世纪路新城名座西(市民广场南),科教文化服务,,,,40.762901,114.886927,
265,七一广场,桥西区,[],风景名胜,,,,40.792500,114.858458,
265,张家口堡,桥西区,堡子里街道鼓楼西街16号,风景名胜,,,,40.819906,114.878034,
265,大境门景区,桥西区,东河套街与清水河北路交汇处,风景名胜,,,,40.846629,114.894806,
265,大境门,桥西区,大境门景区内(西侧),风景名胜,,,,40.845672,114.891837,
265,工业文化主题公园,桥东区,建设东街与胜利北路交叉口西南侧,风景名胜,,,,40.799617,114.890944,
265,胜利公园,桥东区,林园北街1号,风景名胜,,,,40.816943,114.909458,
265,龙泉广场,桥东区,东兴东街,风景名胜,,,,40.809933,114.923467,
265,明湖公园,宣化区,滨河东路,风景名胜,,,,40.681232,114.830306,
265,张家口高新区体育公园,桥东区,滨河南路附近,风景名胜,,,,40.757139,114.862984,
265,张家口山顶体育公园,桥东区,东环路,风景名胜,,,,40.803999,114.921535,
265,安家沟生态旅游区,桥西区,东窑子镇石匠窑村,风景名胜,,,,40.867846,114.870776,
265,万全右卫城,万全区,413县道与东南街交叉口南20米,风景名胜,,,,40.860910,114.746110,
265,云泉禅寺,桥西区,南瓦窑大街,风景名胜,,,,40.819073,114.852046,
265,草原天路,张北县,023乡道黄花坪站,风景名胜,,,,41.004112,114.795220,
265,察哈尔都统署旧址,桥西区,明德北大街69号,风景名胜,,,,40.836523,114.889328,
265,文化广场,桥西区,清水河中路张家口市展览馆,风景名胜,,,,40.817783,114.883848,
265,季园,桥西区,清水河中路44号,风景名胜,,,,40.801292,114.879307,
265,天主教张家口教区主教府,桥西区,西环与西环出口交叉口西北180米,风景名胜,,,,40.783720,114.867710,
265,宣化古城,宣化区,天泰寺街道车管所对面,风景名胜,,,,40.617526,115.052911,
265,水母宫,桥西区,207国道张家口段,风景名胜,,,,40.852464,114.848834,
265,新天地文化广场,桥东区,乐购中兴北路前屯新天地小区西门,风景名胜,,,,40.765414,114.892773,
265,万柳公园,宣化区,柳川河东路,风景名胜,,,,40.623591,115.032075,
266,邢州古城,襄都区,东门里街,风景名胜,,,,37.066525,114.507874,
266,清风楼,襄都区,南长街街道东门里街,风景名胜,,,,37.066445,114.507955,
266,邢台开元古寺,襄都区,开元北路191号,风景名胜,,,,37.073715,114.512953,
266,达活泉公园,信都区,冶金北路与泉北西大街交汇处,风景名胜,,,,37.088840,114.479094,
266,邢台博物馆,襄都区,开元北路181号(开元寺公园对面),科教文化服务,,,,37.072360,114.516178,
266,顺德府,襄都区,南长街街道凤凰街甲1-1号综合楼,风景名胜,,,,37.066543,114.507904,
266,七里河体育公园,信都区,守敬南路与百泉大道交汇处西南,风景名胜,,,,37.029685,114.479309,
266,邢台智跑科技主题乐园,信都区,守敬南路体育公园东门对面,体育休闲服务,,,,37.031071,114.485907,
266,塔林公园,襄都区,塔林生活区,风景名胜,,,,37.047546,114.495004,
266,七里河沙滩公园,信都区,守敬南路与百泉大道交叉口南300米,风景名胜,,,,37.029678,114.486176,
266,邢台市基督教怀恩堂,襄都区,新西街与新华南路交叉路口处,风景名胜,,,,37.060566,114.498551,
266,邢台海洋乐园,襄都区,长安路1288号,风景名胜,,,,37.032112,114.537973,
266,火神庙,襄都区,中兴东大街191号,风景名胜,,,,37.063635,114.508298,
266,角楼广场,襄都区,中兴东大街223号,风景名胜,,,,37.064620,114.513536,
266,襄都湖公园,襄都区,襄都路与红星街交叉口西北侧,风景名胜,,,,37.072400,114.525635,
266,紫金公园,信都区,冶金北路小黄河北岸,风景名胜,,,,37.065060,114.476907,
266,邢襄生态园,襄都区,襄都北路尽头,风景名胜,,,,37.126819,114.527483,
266,百泉鸳水景区,襄都区,鸳水路与百泉大道交叉口东南,风景名胜,,,,37.033033,114.548080,
266,府城隍庙,襄都区,珍珠街38号,风景名胜,,,,37.073557,114.503993,
266,襄湖,襄都区,中央生态公园内,风景名胜,,,,37.096423,114.563722,
266,北方大学旧址,襄都区,新西街167号,风景名胜,,,,37.060830,114.497539,
266,1979邢襄创意小镇,襄都区,襄都北路104号,体育休闲服务,,,,37.067869,114.527700,
266,同心岛,信都区,守敬南路七里河桥,风景名胜,,,,37.027415,114.486234,
266,人民公园,襄都区,中兴东大街与开元路交叉口西北角,风景名胜,,,,37.063622,114.513809,
266,乐达水上世界,襄都区,邢州大道2232号,体育休闲服务,,,,37.103665,114.497938,
267,承德避暑山庄,双桥区,山庄东路6号,风景名胜,,,,40.995449,117.934794,
267,魁星楼,双桥区,环城南路99号,风景名胜,,,,40.958337,117.951282,
267,僧冠峰风景区,双桥区,半壁山路95号,风景名胜,,,,40.949458,117.943854,
267,磬锤峰国家森林公园,双桥区,普乐路,风景名胜,,,,40.990727,117.983028,
267,外八庙,双桥区,狮子园路,风景名胜,,,,41.010417,117.942162,
267,丽正门,双桥区,承德避暑山庄(东南角),风景名胜,,,,40.981725,117.941522,
267,承德博物馆,双桥区,狮子沟镇狮子园路承德六中斜对面,科教文化服务,,,,41.008067,117.950090,
267,普宁寺,双桥区,普宁路1号,风景名胜,,,,41.015817,117.952730,
267,普陀宗乘之庙,双桥区,狮子沟北侧北环路,风景名胜,,,,41.013051,117.934105,
267,青莲岛,双桥区,如意洲,风景名胜,,,,40.989949,117.944185,
267,烟雨楼,双桥区,丽正门大街22号避暑山庄内如意洲之北的青莲岛上,风景名胜,,,,40.990347,117.943719,
267,中心广场,双桥区,南营子大街与大佟沟路交叉口东南60米,风景名胜,,,,40.975875,117.937797,
267,峰鹤园,双桥区,山庄路与热河路交叉口东北240米,风景名胜,,,,40.982526,117.949377,
267,普乐寺,双桥区,环城东路喇嘛寺村(丽正门大街22号避暑山庄内),风景名胜,,,,40.997630,117.961421,
267,平原区,双桥区,丽正门大街22号避暑山庄内,风景名胜,,,,40.993113,117.941680,
267,棒锤山,双桥区,磬锤峰国家级森林公园内,风景名胜,,,,40.998678,117.976815,
267,热河泉,双桥区,中华路街道中华路街道丽正门大街22号避暑山庄内湖区东北角,风景名胜,,,,40.991974,117.947157,
267,须弥福寿之庙,双桥区,狮子沟桥西,风景名胜,,,,41.010413,117.942153,
267,滨河公园,双桥区,凤凰山大桥与101国道交叉口东南300米,风景名胜,,,,40.912051,117.955110,
267,双塔山,双滦区,双塔山镇滨河大街98号,风景名胜,,,,40.955651,117.809600,
267,半壁山·文明福地旅游度假区,双桥区,半壁山路81号,风景名胜,,,,40.954603,117.945511,
267,头道牌楼,双桥区,广仁大街与鹿栅子沟路交叉口西40米,风景名胜,,,,40.990390,117.915111,
267,万树园,双桥区,避暑山庄内,风景名胜,,,,40.994813,117.945216,
267,九华山森林休闲公园,双桥区,半壁山路95号僧冠峰风景区(东南角),风景名胜,,,,40.942251,117.960089,
267,避暑山庄博物馆,双桥区,中华路街道丽正门大街承德避暑山庄(东南角),科教文化服务,,,,40.982380,117.941435,
268,怡水公园,桃城区,中华大街街道人民西路(市公安局桃城区分局对面),风景名胜,,,,37.744140,115.648876,
268,衡水植物园,桃城区,李开河东西大街040省道路口,风景名胜,,,,37.689046,115.658449,
268,宝云公园,桃城区,南环西路南,风景名胜,,,,37.716881,115.643747,
268,衡水博物馆,桃城区,河阳西路,科教文化服务,,,,37.717268,115.685526,
268,滏东公园,桃城区,[],风景名胜,,,,37.716669,115.699620,
268,辛玛奇幻乐园,桃城区,滏东嘉园北,风景名胜,,,,37.716859,115.701685,
268,九州广场,桃城区,中心大街与河阳西路交叉路口南侧(滏阳生态文化公园),风景名胜,,,,37.719682,115.684482,
268,衡水湖旅游景区,桃城区,滨湖新区滨河路6号衡水湖旅游景区游客中心,风景名胜,,,,37.617508,115.636305,
268,宝云寺,桃城区,河沿镇旧城村,风景名胜,,,,37.717371,115.641170,
268,衡水市奥体公园,桃城区,南外环与东湖大道交叉口西南角,风景名胜,,,,37.708802,115.687437,
268,衡水安济桥,桃城区,河西街道胜利东路742号,风景名胜,,,,37.726727,115.704428,
268,萧何文化广场,桃城区,萧何文化广场附近,风景名胜,,,,37.727472,115.661813,
268,衡水市人民广场,桃城区,中华街道人民西路与育才南大街交叉口西北150米,风景名胜,,,,37.737973,115.668759,
268,衡水野生动物园,武邑县,河钢路与905县道南行1000米路东,风景名胜,,,,37.762373,115.899679,
268,衡水湖湿地公园,桃城区,衡水湖自然保护区管理处东滨河路999号,风景名胜,,,,37.653210,115.654561,
268,吴公渠生态公园,桃城区,中心街,风景名胜,,,,37.705401,115.674899,
268,衡湖湾码头,桃城区,红旗南大街3369号衡水湖旅游景区(西南角),体育休闲服务,,,,37.648351,115.651345,
268,鸭鸭乐园,桃城区,红旗南大街3369号衡水湖旅游景区内(南侧),风景名胜,,,,37.651484,115.661560,
268,衡水市桃城区天主堂,桃城区,兴业路附近,风景名胜,,,,37.739287,115.727834,
268,菩提苑,桃城区,东门口乡王庄村,风景名胜,,,,37.710108,115.698873,
268,舒克悦团游乐堡,桃城区,奥体中心园内西行300米路西,体育休闲服务,,,,37.710927,115.680416,
268,丰收渠带状绿地公园,桃城区,爱琴海滨河绿地公园,风景名胜,,,,37.716754,115.674055,
268,衡水老白干景区,桃城区,葵花街与兴业路交叉口东北400米,风景名胜,,,,37.827932,115.710747,
268,泰达·豪庭金门洗浴汗蒸,桃城区,榕花北大街1010号,生活服务,,,,37.762830,115.701316,
268,铁北公园,桃城区,大庆路与前进街交叉口辅路南行200米路西,风景名胜,,,,37.753040,115.660264,
269,南川老街,运河区,育红路2号,风景名胜,,,,38.301527,116.854116,
269,南川楼,运河区,堤顶路与御河西路交叉口东北320米,风景名胜,,,,38.300347,116.854323,
269,清风楼,运河区,文化局旁,风景名胜,,,,38.305543,116.853585,
269,沧州园博园,运河区,清池北大道66号,风景名胜,,,,38.334574,116.866483,
269,狮城公园,运河区,迎宾南大道,风景名胜,,,,38.304219,116.809721,
269,人民公园,运河区,公园街道浮阳北大道24号,风景名胜,,,,38.318180,116.849319,
269,沧州博物馆,运河区,御河路沧州规划馆附近,科教文化服务,,,,38.302541,116.798147,
269,南湖公园,运河区,解放中路(近解放桥),风景名胜,,,,38.303968,116.857011,
269,沧州大化工业遗存文化区,运河区,永济东路与清池北大道交叉口西240米,风景名胜,,,,38.323207,116.863792,
269,沧州市绿博园,运河区,刘辛庄村西洼东区东A29号,公司企业,,,,38.271466,116.839595,
269,沧州动物园,新华区,长芦南大道,风景名胜,,,,38.265995,116.888854,
269,沧州园,运河区,清池北大道与渤海东路交叉口西南460米,风景名胜,,,,38.343170,116.872318,
269,运河公园,运河区,南陈屯乡清池南大道泰和世家北区对面,风景名胜,,,,38.285075,116.860611,
269,狮城公园-铁狮子,运河区,迎宾南大道狮城公园,风景名胜,,,,38.305094,116.810075,
269,沧州水世界主题乐园,运河区,北京路水世界一楼西侧,体育休闲服务,,,,38.306430,116.803038,
269,双金公园,运河区,西环中街街道经四路与双金路交叉路口东南角(天成郡府西区南侧),风景名胜,,,,38.296084,116.822807,
269,沧州市清真北大寺,新华区,解放东路14号,风景名胜,,,,38.305442,116.864890,
269,清风楼广场,运河区,南环中路街道南环中路街道解放西路2-3号,风景名胜,,,,38.304337,116.854605,
269,朗吟楼,运河区,解放西路2-2号,风景名胜,,,,38.302630,116.855532,
269,万法宗坛沧州堂,运河区,浮阳南大道22号金融大厦1层附近,风景名胜,,,,38.304014,116.844222,
269,沧州水世界海洋馆,运河区,解放西路沧州水世界主题乐园B1层,风景名胜,,,,38.306305,116.803109,
269,沧州给水所公园,运河区,清池南大道22号,风景名胜,,,,38.299085,116.856134,
269,沧州文庙,运河区,南湖公园斜对面,风景名胜,,,,38.306991,116.857782,
269,水月寺,运河区,水月寺街与永济东路交叉口西南100米,风景名胜,,,,38.322738,116.859317,
269,沧州园博园-大化老厂区,运河区,[],风景名胜,,,,38.327319,116.866048,
270,蓬瀛仙馆,北区,粉岭百和路66号,风景名胜,,,,22.487642,114.143258,
270,沙头角,北区,沙头角公路-石涌凹段与顺兴街交叉口北40米,风景名胜,,,,22.543034,114.226847,
270,联和墟,北区,沙头角公路-龙跃头段西50米,风景名胜,,,,22.497970,114.144881,
270,联和墟旧街市,北区,粉岭联和道23号号,风景名胜,,,,22.495559,114.148175,
270,龙跃头牌坊,北区,粉岭沙头角公路龙跃头段,风景名胜,,,,22.500266,114.153848,
270,燕岗村牌坊,北区,"Yin Kong Tsuen,Hong Kong",风景名胜,,,,22.500495,114.115464,
270,云泉仙馆,北区,坪輋路与坪原路交叉口西北340米,风景名胜,,,,22.527486,114.161051,
270,香港沙头角抗战纪念馆,北区,沙头角公路-石涌凹段与鹿颈路交叉口北180米,风景名胜,,,,22.533624,114.213580,
270,沙头角游乐场,北区,沙头角顺兴街2号,体育休闲服务,,,,22.541980,114.226305,
270,和合石,北区,"Fanling,香港",生活服务,,,,22.479451,114.155284,
270,北区公园,北区,香港上水马会道,风景名胜,,,,22.496219,114.138211,
270,沙岭游乐场,北区,香港禁区罗湖道,体育休闲服务,,,,22.522361,114.126875,
270,塱原湿地,北区,香港上水,风景名胜,,,,22.506112,114.118087,
270,船湾郊野公园,北区,船湾新娘潭路,风景名胜,,,,22.518635,114.230653,
270,Lo Wu Station(Shen Zhen Metro),北区,"Lo Wu,香港",生活服务,,,,22.525384,114.118468,
270,粉岭龙山寺,北区,粉岭布格仔路龙跃头,风景名胜,,,,22.494446,114.162022,
270,香港浸信会联会浸会园,北区,粉岭坪輋路88号,风景名胜,,,,22.517731,114.169310,
270,塱原自然生态公园,北区,香港古洞Chun Hing Terrace Block D,风景名胜,,,,22.501864,114.115554,
270,天后宫,北区,船湾鹿颈路,风景名胜,,,,22.521848,114.213710,
270,中英街界碑第一号,北区,环城路33号警世亭旁,风景名胜,,,,22.541645,114.230808,
270,上水古洞,北区,"8号Ma Tso Lung Rd,Kwu Tung,Hong Kong",生活服务,,,,22.506859,114.106955,
270,天主教香港教区基督之母堂,北区,香港上水保平路十一号,风景名胜,,,,22.495789,114.130143,
270,红树林沼泽,北区,"Crooked Island,Hong Kong",风景名胜,,,,22.543252,114.295578,
270,九龙坑,北区,香港粉岭,交通设施服务,,,,22.478909,114.158129,
270,上水围井头,北区,"Sheung Shui,香港",风景名胜,,,,22.506944,114.129983,
271,维多利亚港,油尖旺区,香港岛和九龙半岛之间的港口和海域,风景名胜,,,,22.290393,114.176217,
271,尖沙咀天星码头,油尖旺区,梳士巴利道天星维港游附近,交通设施服务,,,,22.290810,114.173827,
271,星光大道,油尖旺区,"Kiosk No,10 Ave of Stars,Tsim Sha Tsui,香港",风景名胜,,,,22.292341,114.181313,
271,重庆大厦,油尖旺区,尖沙咀弥敦道36-44号,商务住宅,,,,22.293657,114.177813,
271,油麻地警署(旧址),油尖旺区,油麻地广东道627号,风景名胜,,,,22.306851,114.173579,
271,香港太空馆,油尖旺区,梳士巴利道10号,科教文化服务,,,,22.291416,114.176919,
271,香港故宫文化博物馆,油尖旺区,西九文化区博物馆道8号,科教文化服务,,,,22.298867,114.160035,
271,尖沙咀钟楼,油尖旺区,梳士巴利道10号,风景名胜,,,,22.290853,114.174500,
271,M+博物馆,油尖旺区,西九文化区博物馆道38号,科教文化服务,,,,22.298132,114.164130,
271,麦兜铜像,油尖旺区,尖沙咀梳士巴利道18号,风景名胜,,,,22.291580,114.180968,
271,尖沙咀东海滨平台花园,油尖旺区,尖沙咀梳士巴利道41号,风景名胜,,,,22.293718,114.180796,
271,李小龙雕像,油尖旺区,尖沙咀星光大道,风景名胜,,,,22.292863,114.181337,
271,西九艺术公园,油尖旺区,西九文化区艺术公园,风景名胜,,,,22.296986,114.162077,
271,香港历史博物馆,油尖旺区,漆咸道南100号,科教文化服务,,,,22.299019,114.182226,
271,金像奖女神铜像,油尖旺区,尖沙咀,风景名胜,,,,22.290506,114.177758,
271,1881 Heritage,油尖旺区,尖沙咀广东道2号A,购物服务,,,,22.292513,114.174910,
271,西九龙海滨长廊,油尖旺区,西九龙南端,风景名胜,,,,22.296386,114.159961,
271,尖沙咀,油尖旺区,尖沙咀弥敦道81号地库全层Harilela Mansion,风景名胜,,,,22.294691,114.177303,
271,尖沙咀海滨花园,油尖旺区,"Tsim Sha Tsui East,ฮ่องกง",风景名胜,,,,22.294500,114.183168,
271,张学友先生手印签名,油尖旺区,梳士巴利道辅路与中间道交叉口南220米,风景名胜,,,,22.290198,114.178690,
271,红磡新海滨,油尖旺区,红鸾道8号,风景名胜,,,,22.296822,114.188492,
271,K11 Musea观景平台,油尖旺区,K11 Musea6层,风景名胜,,,,22.291328,114.179753,
271,天后古庙(上海街),油尖旺区,香港油麻地庙街56-58号,风景名胜,,,,22.307166,114.175712,
271,海港城海运大厦露天广场,油尖旺区,"Harbour City,Canton Rd,Tsim Sha Tsui,Hong Kong",风景名胜,,,,22.291967,114.173479,
271,张柏芝手印👐,油尖旺区,"18 Salisbury Rd,Tsim Sha Tsui,Hong Kong",风景名胜,,,,22.290550,114.180018,
272,黄家驹墓,西贡区,将军澳华人永坟场15段6台25号,风景名胜,,,,22.293148,114.251022,
272,清水湾第二滩,西贡区,大坳门路东50米,风景名胜,,,,22.284945,114.292181,
272,清水湾郊野公园,西贡区,清水湾清水湾道,风景名胜,,,,22.294661,114.305966,
272,西贡东郊野公园,西贡区,西贡半岛(香港西贡大网仔路531号),风景名胜,,,,22.395307,114.363160,
272,将军澳海滨公园,西贡区,唐俊街,风景名胜,,,,22.299320,114.264920,
272,破边洲,西贡区,西贡万宜路破边洲,风景名胜,,,,22.355712,114.383447,
272,香港单车馆公园,西贡区,宝康路105-107号,风景名胜,,,,22.310970,114.266191,
272,半月湾,西贡区,Hong Kong,风景名胜,,,,22.353728,114.300881,
272,桥咀洲,西贡区,西贡区,地名地址信息,,,,22.361749,114.298563,
272,清水湾,西贡区,Hong Kong,风景名胜,,,,22.282340,114.298850,
272,银线湾泳滩,西贡区,西贡银线湾道,风景名胜,,,,22.319779,114.277056,
272,西贡东坝,西贡区,万宜水库东坝(香港西贡麦理浩径1段),风景名胜,,,,22.360968,114.377895,
272,LOHAS Park,西贡区,香港日出康城康城路日出康城二B期领峰FLORA,风景名胜,,,,22.290762,114.273039,
272,西湾亭,西贡区,香港西贡西贡西湾路,风景名胜,,,,22.392043,114.365027,
272,厦门湾泳滩,西贡区,西贡桥咀洲,风景名胜,,,,22.353547,114.300616,
272,浪茄湾沙滩,西贡区,"Long Ke Wan Campsite,Sai Kung,Hong Kong",风景名胜,,,,22.371798,114.381697,
272,西贡海滨公园,西贡区,惠民路休憩花园以东的海滨公园,风景名胜,,,,22.379674,114.279419,
272,西贡麦理浩径2段,西贡区,香港西贡麦理浩径2段,风景名胜,,,,22.403645,114.378357,
272,将军澳南海滨长廊,西贡区,香港新界将军澳至善街,风景名胜,,,,22.296469,114.268875,
272,宝翠公园,西贡区,将军澳宝康路毓雅里,风景名胜,,,,22.321983,114.257353,
272,龙虾湾,西贡区,Lung Ha Wan Rd,风景名胜,,,,22.307362,114.305912,
272,对面海村,西贡区,香港西贡翠塘路,商务住宅,,,,22.375585,114.273570,
272,西贡郊野公园,西贡区,西沙路与大网仔路交叉口东北40米,风景名胜,,,,22.395436,114.322540,
272,蓝田公园,西贡区,连德道(香港特别行政区西贡区蓝田碧云道近港铁蓝田站a出口),风景名胜,,,,22.307494,114.245429,
272,清水湾第一泳滩和第二泳滩,西贡区,清水湾大坳门路,风景名胜,,,,22.285021,114.292907,
273,九龙寨城公园,九龙城区,"Kowloon City,ฮ่องกง",风景名胜,,,,22.329171,114.194387,
273,观音庙(差馆里),九龙城区,红磡差馆里15号,风景名胜,,,,22.305274,114.190702,
273,九龙仔公园,九龙城区,九龙城延文礼士道13号,风景名胜,,,,22.327676,114.189670,
273,牛棚艺术村,九龙城区,马头角马头角道63号,商务住宅,,,,22.317813,114.196285,
273,启德跑道公园遗迹,九龙城区,"Kai Tak Cruise Terminal,Kai Tak,Hong Kong",风景名胜,,,,22.302125,114.221121,
273,圣德肋撒堂,九龙城区,九龙城太子道西258号(玉兰路东),风景名胜,,,,22.323420,114.182984,
273,启德邮轮码头公园,九龙城区,承丰道33号,风景名胜,,,,22.303119,114.218255,
273,Joypolis Sports Hong Kong,九龙城区,启德承启道38号启德体育园运动健康中心G-4层,体育休闲服务,,,,22.321913,114.200483,
273,土瓜湾游乐场,九龙城区,土瓜湾下乡道66号,体育休闲服务,,,,22.316716,114.195702,
273,高山道公园,九龙城区,香港红磡高山道77号,风景名胜,,,,22.311799,114.190638,
273,大环山公园,九龙城区,香港红磡环海街,风景名胜,,,,22.303218,114.197651,
273,省善真堂,九龙城区,九龙塘律伦街7-8号,风景名胜,,,,22.331106,114.182258,
273,红磡都巿公园,九龙城区,德丰街12号,风景名胜,,,,22.298641,114.195210,
273,圣母堂,九龙城区,红磡戴亚街5号,风景名胜,,,,22.304380,114.193026,
273,启德海滨公园,九龙城区,"Kai Tak,香港",风景名胜,,,,22.310589,114.212424,
273,石鼓垄道游乐场(太子道东),九龙城区,乐善道18号,体育休闲服务,,,,22.328339,114.198460,
273,九龙寨城公园南门遗迹,九龙城区,九龙城贾炳达道,风景名胜,,,,22.329006,114.195735,
273,中央广场,九龙城区,承启道与宋皇台道交叉口东北280米,风景名胜,,,,22.320992,114.201526,
273,联合道公园,九龙城区,九龙塘联合道195号,风景名胜,,,,22.336243,114.188800,
273,何文田公园,九龙城区,十二号山忠义街1号,风景名胜,,,,22.309155,114.185567,
273,天后古庙,九龙城区,土瓜湾下乡道49号,风景名胜,,,,22.314422,114.193870,
273,贾炳达道公园,九龙城区,九龙城贾炳达道,风景名胜,,,,22.328304,114.195698,
273,圣三一座堂,九龙城区,马头围马头涌道135号,风景名胜,,,,22.322844,114.193808,
273,马头围配水库游乐场,九龙城区,采石山常和街2A号,体育休闲服务,,,,22.315743,114.188848,
273,圣公会圣匠堂,九龙城区,香港红磡戴亚街1号,风景名胜,,,,22.304404,114.192700,
274,金山郊野公园,沙田区,金山路西50米,风景名胜,,,,22.356246,114.154820,
274,香港赛马会沙田马场,沙田区,[],体育休闲服务,,,,22.397629,114.211552,
274,麦理浩径,沙田区,[],风景名胜,,,,22.384571,114.166358,
274,宝福纪念馆(悠安街),沙田区,下城门道与悠安街交叉口东南60米,生活服务,,,,22.371344,114.175346,
274,狮子山郊野公园,沙田区,"Sha Tin,香港",风景名胜,,,,22.356941,114.186880,
274,彭福公园,沙田区,大埔公路-沙田段6001号附近,风景名胜,,,,22.396747,114.211675,
274,宝福山,沙田区,香港沙田三一一地段排头街,生活服务,,,,22.382778,114.191731,
274,天人合一,沙田区,新亚坊与诚明径交叉口东北140米,餐饮服务,,,,22.418768,114.214835,
274,SNOOPY开心乐园(新城市广场店),沙田区,新界沙田沙田正街18-19号沙田新城市广场3层平台,体育休闲服务,,,,22.379191,114.194191,
274,马鞍山郊野公园,沙田区,马鞍山村路,风景名胜,,,,22.380740,114.242048,
274,笔架山,沙田区,龙欣道南50米,风景名胜,,,,22.346524,114.175141,
274,曾大屋游乐场,沙田区,沙角街2号,体育休闲服务,,,,22.372417,114.194599,
274,隔田村公所,沙田区,大围隔田街5号,风景名胜,,,,22.365167,114.189294,
274,万佛寺(沙田政府合署西北),沙田区,新界沙田排头村221号,风景名胜,,,,22.384974,114.189983,
274,乌溪沙沙滩,沙田区,鞍骏街与鞍超街交叉口东北20米,风景名胜,,,,22.424973,114.238931,
274,曾大屋,沙田区,博康村南端,风景名胜,,,,22.371079,114.195293,
274,显田游乐场,沙田区,大围车公庙路70号,体育休闲服务,,,,22.362659,114.176760,
274,排头村游乐场,沙田区,沙田排头街13号,体育休闲服务,,,,22.382070,114.192214,
274,天主教圣本笃堂,沙田区,沙田岗背街7号,风景名胜,,,,22.377836,114.201792,
274,小沥源路游乐场,沙田区,小沥源路1号,体育休闲服务,,,,22.385623,114.209249,
274,白石角海滨长廊,沙田区,香港科学园,风景名胜,,,,22.419861,114.219214,
274,马鞍山公园,沙田区,马鞍山鞍骏街12号,风景名胜,,,,22.424127,114.235989,
274,狮子屁股,沙田区,"Maclehose Trail Sec.5,Lion Rock,Hong Kong",风景名胜,,,,22.349864,114.191696,
274,信和楼,沙田区,沙田崇基路,风景名胜,,,,22.412765,114.212033,
274,下城门水塘,沙田区,沙田区,地名地址信息,,,,22.369921,114.165413,
275,大埔海滨公园,大埔区,大埔工业村大景街2号,风景名胜,,,,22.450013,114.189975,
275,大美督,大埔区,大美督路与汀角路交叉口南240米,风景名胜,,,,22.468005,114.238570,
275,慈山寺,大埔区,香港新界大埔普门路88号,风景名胜,,,,22.471154,114.210737,
275,林村许愿树,大埔区,林村林村乡公所路,风景名胜,,,,22.454065,114.147487,
275,涤涛山,大埔区,红林路1号,商务住宅,,,,22.432289,114.190985,
275,龙尾滩,大埔区,"Lung Mei Tsuen,香港",风景名胜,,,,22.468375,114.232379,
275,嘉道理农场,大埔区,白牛石,体育休闲服务,,,,22.426867,114.124622,
275,北潭凹,大埔区,新界西贡半岛北部北潭路一带,风景名胜,,,,22.417238,114.337106,
275,塔门岛,大埔区,香港海傍大街4号,风景名胜,,,,22.473772,114.365786,
275,九龙坑,大埔区,大埔区,地名地址信息,,,,22.476993,114.159990,
275,梧桐寨瀑布,大埔区,"Ng,Tung Chai,香港",风景名胜,,,,22.421689,114.136404,
275,钟楼,大埔区,"Ting Kok,Hong Kong",风景名胜,,,,22.471014,114.211324,
275,广福公园,大埔区,广进街,风景名胜,,,,22.442759,114.178726,
275,大埔滘自然护理区,大埔区,公路-大埔滘段,风景名胜,,,,22.425416,114.187518,
275,香港回归纪念塔,大埔区,山顶道128号海滨公园内,风景名胜,,,,22.447466,114.185000,
275,嘉禾大埔,大埔区,安邦路a2号,风景名胜,,,,22.450760,114.176069,
275,下坑村休憩处,大埔区,汀角路与汀庆路交叉口西北60米,风景名胜,,,,22.459737,114.191009,
275,大埔滘林径黄径,大埔区,大埔滘林径黄径,风景名胜,,,,22.421007,114.184125,
275,新娘潭,大埔区,与北区之船湾郊野公园,风景名胜,,,,22.500448,114.244022,
275,元洲仔公园,大埔区,大埔公路元洲仔段,风景名胜,,,,22.444247,114.182268,
275,慈山寺观音菩萨,大埔区,香港新界大埔普门路88号,风景名胜,,,,22.472567,114.210816,
275,天后宫风水广场,大埔区,大埔汀角路,风景名胜,,,,22.451404,114.171650,
275,文武庙花园,大埔区,富善街,风景名胜,,,,22.446169,114.169455,
275,大窝村凉亭,大埔区,八仙岭大窝东支路,风景名胜,,,,22.469236,114.158941,
275,大埔头游乐场,大埔区,大埔头大埔头径,体育休闲服务,,,,22.450804,114.164423,
276,香港黄金海岸,屯门区,扫管笏青山公路青山湾段1号Castle Peak黄金海岸Gold Coast 1号,商务住宅,,,,22.370288,113.996086,
276,三圣村,屯门区,三圣街6号,商务住宅,,,,22.378314,113.983123,
276,大榄郊野公园,屯门区,林锦公路嘉道理农场植物园内,风景名胜,,,,22.392086,114.050454,
276,屯门蝴蝶湾公园,屯门区,龙门路45号,风景名胜,,,,22.370716,113.962653,
276,屯门公园,屯门区,香港屯门屯门乡事会路,风景名胜,,,,22.388426,113.978483,
276,龙鼓滩沙滩,屯门区,香港龙鼓滩,风景名胜,,,,22.386946,113.924121,
276,蝴蝶湾泳滩,屯门区,蝴蝶湾,体育休闲服务,,,,22.370397,113.964085,
276,青松观,屯门区,香港屯门青松径8号,风景名胜,,,,22.403152,113.978476,
276,中山公园,屯门区,龙门路中山公园,风景名胜,,,,22.375896,113.965260,
276,大榄涌水塘千岛湖覌景台,屯门区,"Tai Lam,香港",风景名胜,,,,22.388136,114.029347,
276,湖山单车公园,屯门区,香港屯门湖山路,风景名胜,,,,22.376520,113.970824,
276,小榄海滩,屯门区,"11 Lok Chui St,Siu Lam,Hong Kong",风景名胜,,,,22.362066,114.015253,
276,屯赤公园(草地),屯门区,望后石浩和街27号,风景名胜,,,,22.355840,113.957020,
276,青松仙苑,屯门区,青麟路6号,风景名胜,,,,22.406058,113.979737,
276,妙法寺,屯门区,香港屯门蓝地青山公路18号,风景名胜,,,,22.417046,113.988936,
276,友爱广场,屯门区,"Tuen Mun,香港",风景名胜,,,,22.384321,113.978700,
276,天后庙广场,屯门区,"Tuen Mun,香港",风景名胜,,,,22.387804,113.975644,
276,蝴蝶湾,屯门区,湖翠路与美乐里交叉口北120米,风景名胜,,,,22.371910,113.967749,
276,紫田村牌坊,屯门区,香港屯门,风景名胜,,,,22.411925,113.979532,
276,青山禅院,屯门区,青山村171号青云观附近,风景名胜,,,,22.388659,113.964277,
276,湖山游乐场,屯门区,香港屯门湖山路,体育休闲服务,,,,22.375840,113.970942,
276,新和里游乐场,屯门区,香港新墟新和里10号,体育休闲服务,,,,22.398338,113.981600,
276,屯门公园-爬虫馆,屯门区,屯门乡事会路屯门公园内(南侧),风景名胜,,,,22.387558,113.978547,
276,蓝地大街,屯门区,香港屯门蓝地大街,风景名胜,,,,22.415947,113.989174,
276,屯门黄金海岸海豚广场,屯门区,香港扫管笏黄金泳滩径,公司企业,,,,22.364424,113.994079,
277,荔枝角公园,深水埗区,荔枝角荔湾道1号,风景名胜,,,,22.331964,114.143648,
277,枫树街游乐场,深水埗区,深水埗长沙湾道(深水埗区黄竹街2M号),体育休闲服务,,,,22.325042,114.170263,
277,通州街公园,深水埗区,深水埗通州街163号,风景名胜,,,,22.323219,114.164278,
277,花墟公园,深水埗区,又一村界限街101号,风景名胜,,,,22.325108,114.179230,
277,关帝庙,深水埗区,深水埗区海坛街158-162号,风景名胜,,,,22.323777,114.166482,
277,石硖尾公园,深水埗区,南昌街270号,风景名胜,,,,22.333403,114.174737,
277,李郑屋汉墓,深水埗区,深水埗区东京街41号,风景名胜,,,,22.335219,114.165062,
277,前深水埗配水库,深水埗区,Hong Kong,科教文化服务,,,,22.327178,114.173320,
277,天后庙(医局街),深水埗区,九龙深水埗医局街180-184号,风景名胜,,,,22.325774,114.164804,
277,长沙湾游乐场,深水埗区,长沙湾道及发祥街交界,体育休闲服务,,,,22.332484,114.160620,
277,龙翔道观景台,深水埗区,龙翔道东行线近笔架山公园,风景名胜,,,,22.340072,114.176301,
277,深水埗公园儿童游乐场,深水埗区,深水埗荔枝角道733号香港深水埗荔枝角道733号深水埗公园Kowloon,体育休闲服务,,,,22.328251,114.160959,
277,礼贤会九龙堂,深水埗区,又一村达之路12号,风景名胜,,,,22.326928,114.180078,
277,圣方济各堂,深水埗区,石硖尾街58号,风景名胜,,,,22.328208,114.171395,
277,嘉顿山,深水埗区,石硖尾巴域街,风景名胜,,,,22.332416,114.169037,
277,海滨长廊公园,深水埗区,"6-8 Lai Ying St,香港",风景名胜,,,,22.324277,114.153289,
277,大坑东游乐场,深水埗区,深水埗界限街63号,体育休闲服务,,,,22.324069,114.175773,
277,黄大仙元清阁,深水埗区,呈祥道6449号地段,风景名胜,,,,22.340047,114.157777,
277,福华街休憩花园,深水埗区,深水埗福华街(香港深水埗区大埔道17附近),风景名胜,,,,22.325444,114.171843,
277,文昌阁,深水埗区,深水埗区福荣街55-57号,商务住宅,,,,22.327368,114.169869,
277,孝廉楼,深水埗区,深水埗区保安道,商务住宅,,,,22.335713,114.166121,
277,歌和老街公园,深水埗区,九龙塘歌和老街17号(近又一城),风景名胜,,,,22.336134,114.178857,
277,三太子宫,深水埗区,深水埗汝州街196-198号,风景名胜,,,,22.326624,114.167476,
277,诗歌舞街游乐场,深水埗区,大角咀诗歌舞街64号,体育休闲服务,,,,22.323062,114.167076,
277,兴华街游乐场,深水埗区,深水埗区长沙湾兴华街西5号,体育休闲服务,,,,22.335164,114.159613,
278,观塘海滨花园,观塘区,"丽港城丽港街25号,Laguna City Block 8",风景名胜,,,,22.309676,114.221447,
278,观塘码头广场,观塘区,观塘伟业街182号,购物服务,,,,22.306127,114.226463,
278,九龙湾公园,观塘区,九龙湾启礼道18号,风景名胜,,,,22.324262,114.211781,
278,佐敦谷公园,观塘区,新清水湾道71号,风景名胜,,,,22.323825,114.226026,
278,鲤鱼门牌坊,观塘区,鲤鱼门径6号,风景名胜,,,,22.289302,114.243129,
278,茶果岭海滨公园,观塘区,茶果岭伟乐街西北面,风景名胜,,,,22.302693,114.228793,
278,康宁道公园,观塘区,康宁道,风景名胜,,,,22.316534,114.229964,
278,零碳天地公园,观塘区,九龙湾常悦道8号,风景名胜,,,,22.318137,114.213242,
278,观塘海滨走廊,观塘区,观塘绕道,风景名胜,,,,22.311192,114.220239,
278,秀茂坪南村公园,观塘区,秀茂坪晓光街,风景名胜,,,,22.313053,114.239760,
278,海滨道公园,观塘区,海滨道123号,风景名胜,,,,22.311962,114.220460,
278,茶果岭天后庙,观塘区,"Cha Kwo Ling Rd,Cha Kwo Ling,Hong Kong",风景名胜,,,,22.296626,114.234353,
278,观塘道休憩处,观塘区,"Ngau Tau Kok,香港",风景名胜,,,,22.314872,114.220101,
278,建生广场,观塘区,开源道33号,商务住宅,,,,22.306350,114.227241,
278,顺利村巴士总站,观塘区,利安道Shun Lee Estate Lee Foo House,风景名胜,,,,22.328367,114.231403,
278,观塘游乐场,观塘区,观塘翠屏道6号,体育休闲服务,,,,22.307601,114.235334,
278,观塘潮语浸信会,观塘区,观塘翠屏道11号,风景名胜,,,,22.309556,114.234379,
278,香港apm-评论,观塘区,观塘道辅路与同仁街交叉口南80米,风景名胜,,,,22.309392,114.229918,
278,天后宫,观塘区,香港马环村,风景名胜,,,,22.283405,114.244606,
278,九龙湾游乐场,观塘区,九龙湾启乐街1号,体育休闲服务,,,,22.323198,114.214478,
278,启德海滨长廊,观塘区,启德承丰道6574号,风景名胜,,,,22.308836,114.214405,
278,三家村游乐场,观塘区,"Yau Tong,香港",体育休闲服务,,,,22.291435,114.242195,
278,牛头角公园,观塘区,"九龙湾常悦道19号,Fook Hong Industrial Building,临福街休憩处",风景名胜,,,,22.319949,114.219726,
278,临华街游乐场,观塘区,香港启德,体育休闲服务,,,,22.319993,114.211419,
278,月华街游乐场,观塘区,月华街,体育休闲服务,,,,22.312188,114.231551,
279,赤松黄大仙祠,黄大仙区,"Hong Kong,Chuk Un,竹园村二号",风景名胜,,,,22.339878,114.198497,
279,志莲净苑,黄大仙区,钻石山志莲道5号,风景名胜,,,,22.337803,114.210371,
279,南莲园池,黄大仙区,钻石山凤德道60号,风景名胜,,,,22.336378,114.209497,
279,飞鹅山观景台,黄大仙区,黄大仙区飞鹅山,风景名胜,,,,22.350164,114.226281,
279,蒲岗村道公园,黄大仙区,钻石山蒲岗村道140号,风景名胜,,,,22.340781,114.209090,
279,摩士公园,黄大仙区,老虎岩杏林街30号,风景名胜,,,,22.335394,114.195939,
279,狮子山公园,黄大仙区,九龙黄大仙竹园道,风景名胜,,,,22.342300,114.188817,
279,钻石山活水公园,黄大仙区,"Tai Hom,香港",风景名胜,,,,22.337202,114.203643,
279,马仔坑游乐场,黄大仙区,马仔坑道30号,体育休闲服务,,,,22.341278,114.194125,
279,慈云阁,黄大仙区,慈云山慈云山道150号,风景名胜,,,,22.347703,114.201859,
279,法藏寺,黄大仙区,慈云山狮子山沙田坳道175号,风景名胜,,,,22.346814,114.198732,
279,摩士公园四号公园,黄大仙区,杏林街30号,风景名胜,,,,22.333240,114.195574,
279,彩虹道游乐场,黄大仙区,新蒲岗彩虹路150号,体育休闲服务,,,,22.335085,114.201928,
279,凤德公园,黄大仙区,牛头角新清水湾道20号,风景名胜,,,,22.339762,114.202871,
279,五旬节圣洁会永光堂,黄大仙区,老虎岩杏林街22号,风景名胜,,,,22.333263,114.194410,
279,乐富游乐场,黄大仙区,老虎岩杏林街1号,体育休闲服务,,,,22.333711,114.192739,
279,黄大仙广场,黄大仙区,龙翔道122号,风景名胜,,,,22.339242,114.199819,
279,龙荣楼,黄大仙区,竹园大成街3号,商务住宅,,,,22.336387,114.198930,
279,牛池湾公园,黄大仙区,牛池湾丰盛街71号,风景名胜,,,,22.334181,114.218973,
279,睦邻街游乐场,黄大仙区,睦邻街7号,体育休闲服务,,,,22.338228,114.201071,
279,天主教圣文德堂,黄大仙区,蒲岗村道89号,风景名胜,,,,22.341848,114.203682,
279,慈云山村中央游乐场,黄大仙区,慈云山云华街1号,体育休闲服务,,,,22.346433,114.206735,
279,狮子亭,黄大仙区,沙田坳沙田坳道,风景名胜,,,,22.352605,114.204293,
279,摩士公园三号公园,黄大仙区,黄大仙凤舞街40号,风景名胜,,,,22.336033,114.195676,
279,过渡性房屋-啬色园可悦居,黄大仙区,香港黄大仙祠旁位於啬色园,体育休闲服务,,,,22.339793,114.199468,
280,维多利亚公园,东区,维园道与告士打道交叉口东南,风景名胜,,,,22.279846,114.193705,
280,铜锣湾避风塘,东区,中环及湾仔绕道隧道与4号干线交叉口东60米,风景名胜,,,,22.281458,114.191138,
280,东岸公园主题区,东区,炮台山屈臣道,风景名胜,,,,22.284910,114.193876,
280,怪兽大厦,东区,鲗鱼涌英皇道1010-1044号,商务住宅,,,,22.281329,114.217163,
280,城市花园公园,东区,城市花园道9号,风景名胜,,,,22.287939,114.198678,
280,K11 ATELIER King's Road,东区,鲗鱼涌英皇道728号,风景名胜,,,,22.288729,114.212355,
280,益昌大厦,东区,鲗鱼涌英皇道Yick Cheong Building,商务住宅,,,,22.281143,114.217172,
280,铜锣湾天后庙,东区,天后庙道10号,风景名胜,,,,22.279442,114.197555,
280,维多利亚女皇铜像,东区,Statue of Queen Victoria,风景名胜,,,,22.278357,114.194247,
280,香港抗战及海防博物馆,东区,东喜道175号,科教文化服务,,,,22.279558,114.239813,
280,东岸板道,东区,和富道53号,风景名胜,,,,22.286967,114.195554,
280,海山楼,东区,鲗鱼涌英皇道1028号,商务住宅,,,,22.281295,114.216861,
280,油街实现艺术空间,东区,电气道240a1号,科教文化服务,,,,22.286192,114.197972,
280,鲗鱼涌公园,东区,鲗鱼涌海堤街,风景名胜,,,,22.285087,114.226719,
280,红香炉峰,东区,宝马山道55号圣贞德中学,风景名胜,,,,22.279482,114.201828,
280,赛西湖公园,东区,北角宝马山道,风景名胜,,,,22.283784,114.206865,
280,鲤鱼门公园及度假村,东区,西湾山柴湾道75号,体育休闲服务,,,,22.272896,114.239661,
280,宝马山观景台,东区,Hong Kong,风景名胜,,,,22.282623,114.211987,
280,维多利亚公园喷泉,东区,维园道与告士打道交叉口东南,风景名胜,,,,22.278162,114.192194,
280,维多利亚公园-维园中央主场,东区,东区北角维多利亚公园,风景名胜,,,,22.280009,114.194588,
280,小西湾海滨花园,东区,小西湾道,风景名胜,,,,22.261586,114.257080,
280,东岸板道行人区,东区,"北角和富道41号,Provident Centre Block 11",风景名胜,,,,22.290058,114.201725,
280,鲗鱼涌公园2期,东区,鲗鱼涌海泽街,风景名胜,,,,22.287525,114.216009,
280,爱秩序湾公园,东区,西湾河爱德街10号,风景名胜,,,,22.279784,114.229347,
280,筲箕湾谭公庙,东区,阿公岩谭公庙道,风景名胜,,,,22.279650,114.235519,
281,南丫岛,离岛区,香港离岛的西南部,地名地址信息,,,,22.189721,114.135430,
281,香港迪士尼乐园,离岛区,大屿山竹篙湾,体育休闲服务,,,,22.309841,114.047326,
281,灰熊山极速矿车,离岛区,大屿山香港迪士尼乐园灰熊山谷内,体育休闲服务,,,,22.307380,114.047236,
281,迷离大宅,离岛区,"Hong Kong Disneyland Resort,香港",体育休闲服务,,,,22.307296,114.045919,
281,小小世界,离岛区,"大屿山香港迪士尼乐园幻想世界区,Hong Kong Disneyland Resort,香港",风景名胜,,,,22.310841,114.044453,
281,香港迪士尼乐园美国小镇大街,离岛区,新界大屿山迪士尼乐园度假区,体育休闲服务,,,,22.310102,114.048145,
281,东湾海滩,离岛区,长洲东堤路东50米,风景名胜,,,,22.206433,114.035948,
281,香港迪士尼城堡广场,离岛区,香港迪士尼乐园度假区,体育休闲服务,,,,22.310011,114.047006,
281,宝莲禅寺,离岛区,"大屿山昂坪宝莲禅寺Ngong Ping,Lantau Island,Hong Kong",风景名胜,,,,22.252577,113.912259,
281,北眺亭,离岛区,长洲西堤道长洲家乐径,风景名胜,,,,22.214214,114.035638,
281,米奇幻想曲,离岛区,香港迪士尼乐园度假区,体育休闲服务,,,,22.309432,114.045491,
281,Tomorrowland,离岛区,大屿山香港迪士尼乐园幻想世界内,购物服务,,,,22.310534,114.046935,
281,南丫岛索罟湾,离岛区,香港南丫岛索罟湾第一街,风景名胜,,,,22.202957,114.136237,
281,香港迪士尼乐园探险世界,离岛区,"Hong Kong Disneyland Resort,香港",体育休闲服务,,,,22.309596,114.046790,
281,Hung Shing Yeh Wan Beach 洪圣爷泳滩,离岛区,南丫岛榕树湾,体育休闲服务,,,,22.216376,114.125034,
281,小熊维尼历险之旅,离岛区,大屿山香港迪士尼乐园幻想世界,体育休闲服务,,,,22.309977,114.045695,
281,AsiaWorld-Expo Hall 11,离岛区,赤鱲角航展道1号,科教文化服务,,,,22.318279,113.946177,
281,文东路公园,离岛区,东涌文东路55号,风景名胜,,,,22.289326,113.945354,
281,蒲台岛,离岛区,"Po Toi,香港",风景名胜,,,,22.162413,114.259022,
281,冲天遥控车,离岛区,大屿山香港迪士尼乐园反斗奇兵大本营,体育休闲服务,,,,22.307807,114.044486,
281,观音湾海滩,离岛区,黑排路,风景名胜,,,,22.204263,114.039689,
281,香港迪士尼乐园幻想世界,离岛区,大屿山竹篙湾迪士尼乐园幻想道,体育休闲服务,,,,22.309132,114.045338,
281,南丫岛观景台,离岛区,香港南丫岛南丫岛家乐径,风景名胜,,,,22.210256,114.127731,
281,Ant-Man and The Wasp:Nano Battle!,离岛区,"Hong Kong Disneyland Resort,香港",体育休闲服务,,,,22.311059,114.047588,
281,森林小天地剧场,离岛区,大屿山竹篙湾香港迪士尼乐园,体育休闲服务,,,,22.309688,114.044000,
282,香港公园,中西区,中西区红棉路19号,风景名胜,,,,22.274653,114.166462,
282,山顶缆车,中西区,中环花园道33号,交通设施服务,,,,22.275084,114.164407,
282,天星小轮,中西区,中环民耀街7号,风景名胜,,,,22.284450,114.166250,
282,大馆,中西区,中环荷里活道10号,风景名胜,,,,22.278519,114.159074,
282,文武庙,中西区,香港上环荷李活道124-126号,风景名胜,,,,22.281204,114.155228,
282,香港杜莎夫人蜡像馆,中西区,山顶道128号凌霄阁P101号,科教文化服务,,,,22.268594,114.154782,
282,孙中山纪念馆,中西区,卫城道7号,风景名胜,,,,22.279275,114.155795,
282,中环康乐广场,中西区,中西区康乐广场6附近,风景名胜,,,,22.280648,114.164526,
282,圣约翰座堂,中西区,花园道4-8,风景名胜,,,,22.276174,114.164496,
282,香港中环摩天轮售票处,中西区,耀星街与民耀街交叉口东180米,生活服务,,,,22.282692,114.166833,
282,山顶缆车,中西区,香港山顶,风景名胜,,,,22.268582,114.155173,
282,山顶凌霄阁,中西区,香港特别行政区中西区香港中西区山顶道128号,风景名胜,,,,22.268594,114.154783,
282,圣母无原罪主教座堂,中西区,中西区半山区坚道16号,风景名胜,,,,22.276511,114.158885,
282,中环渡轮码头,中西区,干诺道中出口与金融街交叉口北100米,交通设施服务,,,,22.284336,114.164370,
282,坚尼地城海旁公园,中西区,香港坚尼地城,风景名胜,,,,22.281740,114.133304,
282,爱丁堡广场,中西区,香港中环爱丁堡广场,风景名胜,,,,22.280086,114.166541,
282,Council of Lord Wilson Heritage Trust,中西区,"Hong Kong,香港添马添美道2号政府总部西翼13楼民政事务局",科教文化服务,,,,22.277729,114.170345,
282,皇后像广场,中西区,德辅道中,风景名胜,,,,22.278682,114.165021,
282,Victoria Peak,中西区,香港山顶,风景名胜,,,,22.273417,114.150538,
282,山顶观景台,中西区,"山顶山顶道118号13,Level One山顶广场Shop 12",风景名胜,,,,22.267315,114.154816,
282,喷泉广场,中西区,中环红棉路,风景名胜,,,,22.274898,114.168115,
282,山顶公园,中西区,山顶柯士甸山道,风景名胜,,,,22.271026,114.148977,
282,友邦嘉年华,中西区,香港中环龙和道9号中环海滨活动空间,风景名胜,,,,22.281076,114.167790,
282,中山楼,中西区,歌赋街2-10,商务住宅,,,,22.281335,114.157760,
282,太平山狮子亭,中西区,山顶芬梨径,风景名胜,,,,22.268236,114.155861,
283,石澳海滩,南区,香港石澳半岛以东,风景名胜,,,,22.225950,114.255906,
283,大浪湾沙滩,南区,大浪湾大浪湾道,风景名胜,,,,22.243725,114.251986,
283,香港海洋公园水上乐园,南区,香港海洋公园(西南角),风景名胜,,,,22.233852,114.173303,
283,深水湾泳滩,南区,深水湾香岛道,体育休闲服务,,,,22.241143,114.192969,
283,赤柱正滩泳滩,南区,赤柱滩道16号,风景名胜,,,,22.217878,114.219062,
283,薄扶林郊野公园,南区,香港山顶薄扶林水塘道,风景名胜,,,,22.259655,114.148954,
283,石澳郊野公园,南区,香港岛南区东部,风景名胜,,,,22.240299,114.242013,
283,香港仔海滨公园,南区,仔至南丫岛航渡码头旁,风景名胜,,,,22.244877,114.158101,
283,龙脊,南区,香港岛区石澳(起点)石澳道土地湾村,风景名胜,,,,22.233312,114.248159,
283,香港海洋公园售票处,南区,黄竹坑道与寿山村道交叉口西南180米,生活服务,,,,22.244766,114.179672,
283,浅水湾,南区,海滩道与南湾径交叉口西南340米,风景名胜,,,,22.231729,114.200096,
283,黄竹坑游乐场,南区,香港香港仔黄竹坑道108号,体育休闲服务,,,,22.246442,114.174517,
283,数码港海滨公园,南区,钢线湾数码港道100号,风景名胜,,,,22.256458,114.134659,
283,伯大尼博物馆,南区,香港薄扶林薄扶林道139号,科教文化服务,,,,22.259548,114.140578,
283,不知名瀑布,南区,香港Aberdeen(上原香港仔健身径水抽水站旁),风景名胜,,,,22.250766,114.165056,
283,美利楼,南区,赤柱大街96号(香港特别行政区南区佳美道23号),风景名胜,,,,22.215292,114.214610,
283,香港惩教博物馆,南区,东头湾道41-45号,科教文化服务,,,,22.213440,114.222819,
283,谭雅士大宅,南区,薄扶林道128号,风景名胜,,,,22.264703,114.138141,
283,瀑布湾公园,南区,香港瀑布湾瀑布湾道8号,风景名胜,,,,22.248952,114.139282,
283,海怡半岛广场,南区,"South Horizons,香港",风景名胜,,,,22.239452,114.152216,
283,海洋公园海洋馆,南区,[],风景名胜,,,,22.229528,114.177613,
283,玉桂山,南区,鸭脷洲,风景名胜,,,,22.233687,114.161580,
283,鹤咀海岸保护区,南区,鹤嘴海底电缆站跟前,风景名胜,,,,22.210193,114.254398,
283,圣士提反湾水上活动中心,南区,香港赤柱黄麻角径,体育休闲服务,,,,22.208578,114.219873,
283,大王爷庙,南区,黄竹坑南朗山道1号,风景名胜,,,,22.244689,114.171029,
284,大帽山观景台,元朗区,大帽山大帽山道,风景名胜,,,,22.409315,114.121775,
284,元朗大树下天后古庙,元朗区,香港元朗大树下东路,风景名胜,,,,22.426070,114.039380,
284,鸡公岭,元朗区,元朗区,地名地址信息,,,,22.462237,114.090795,
284,元朗公园,元朗区,香港元朗公园北路1号,风景名胜,,,,22.439108,114.023928,
284,大棠郊野公园,元朗区,大棠山道北50米,风景名胜,,,,22.406731,114.037125,
284,聚星楼,元朗区,围屏山文物径屏山屏厦路,风景名胜,,,,22.445946,114.011133,
284,大棠有机生态园,元朗区,十八乡大棠山道11号,风景名胜,,,,22.406141,114.031130,
284,天水围公园,元朗区,天水围天瑞路6号,风景名胜,,,,22.453637,114.006693,
284,坭围牌坊,元朗区,青山公路-洪水桥段,风景名胜,,,,22.421428,113.992373,
284,上村公园,元朗区,石岗锦田公路,风景名胜,,,,22.429184,114.107309,
284,信芯园,元朗区,"Siu Hum Tsuen,San Tin,Hong Kong",风景名胜,,,,22.490328,114.080954,
284,下輋,元朗区,"Pat Heung,香港",风景名胜,,,,22.445457,114.099496,
284,上白泥游乐场,元朗区,"Lau Fau Shan,香港",体育休闲服务,,,,22.445560,113.966012,
284,八乡古庙,元朗区,香港八乡上村87号,风景名胜,,,,22.430271,114.105403,
284,下白泥沙滩,元朗区,曾嘴路西100米,风景名胜,,,,22.427845,113.949606,
284,文天祥公园,元朗区,"San Tin,香港",风景名胜,,,,22.494655,114.082132,
284,港头村凉亭,元朗区,十八乡朗河路,风景名胜,,,,22.432703,114.041282,
284,Lok Ma Chau Boundary Control Point,元朗区,"Lok Ma Chau Border Crossing Point,Hong Kong",购物服务,,,,22.506743,114.079085,
284,元朗大马路休息花园,元朗区,丰年路20号,风景名胜,,,,22.441180,114.028541,
284,横台山游乐场,元朗区,香港石岗Fan Kam Road号,体育休闲服务,,,,22.438735,114.100156,
284,屏山文物径,元朗区,"Ping Shan,Hong Kong",购物服务,,,,22.443573,114.012725,
284,锦田吉庆围,元朗区,香港锦田锦田公路103号,风景名胜,,,,22.437264,114.068866,
284,永庆围休憩处,元朗区,"Shek Kong,香港",风景名胜,,,,22.428671,114.099837,
284,凌云寺,元朗区,林村观音山,风景名胜,,,,22.426929,114.114496,
284,大榄郊野公园-英雄亭,元朗区,荃锦公路附近,风景名胜,,,,22.410712,114.115070,
285,大帽山郊野公园,荃湾区,"Tai Mo Shan Road,大帽山道,Hong Kong",风景名胜,,,,22.401587,114.111249,
285,赛马会德华公园,荃湾区,荃湾德华街,风景名胜,,,,22.367591,114.123514,
285,马湾1868,荃湾区,马湾大街36号,风景名胜,,,,22.345533,114.062766,
285,圆玄学院,荃湾区,香港新界荃湾三叠潭(老围路北),风景名胜,,,,22.380865,114.128266,
285,城门水塘,荃湾区,"Lo Wai,香港",购物服务,,,,22.381545,114.156273,
285,竹林禅院,荃湾区,老围芙蓉山路28号竹林禅院,风景名胜,,,,22.375314,114.123655,
285,荃湾公园,荃湾区,荃湾永顺街59号,风景名胜,,,,22.364266,114.117932,
285,荃湾海滨公园,荃湾区,荃湾怡康街2A号,风景名胜,,,,22.360386,114.117557,
285,丽都湾泳滩,荃湾区,青山公路11咪半,体育休闲服务,,,,22.365257,114.081473,
285,荃湾龙母庙,荃湾区,老围(上角山)附近,风景名胜,,,,22.381241,114.130380,
285,三栋屋博物馆,荃湾区,古屋里2号,科教文化服务,,,,22.369253,114.125436,
285,西方寺,荃湾区,老围老围路,风景名胜,,,,22.380396,114.129314,
285,城门郊野公园,荃湾区,城门道与大榄涌引水道交叉口东北60米,风景名胜,,,,22.382176,114.149134,
285,汀九湾泳滩,荃湾区,汀九青山公路汀九段,体育休闲服务,,,,22.366555,114.085578,
285,611灵粮堂,荃湾区,荃湾荃贵街2-18号富丽花园A商场,风景名胜,,,,22.366346,114.127298,
285,马湾东湾泳滩,荃湾区,"Ma Wan Rd,Ma Wan,Hong Kong",风景名胜,,,,22.347785,114.066813,
285,城门水塘主坝,荃湾区,香港老围麦理浩径7段,风景名胜,,,,22.377313,114.154154,
285,竹林禅院四面佛,荃湾区,芙蓉山路与东林台交叉口北60米,风景名胜,,,,22.374822,114.123303,
285,荃湾码头灯塔,荃湾区,荃湾荃湾路Tsuen Wan Ferry Pier,风景名胜,,,,22.364121,114.115675,
285,Plaza 88 24小时公众空中花园,荃湾区,荃湾杨屋道88号Plaza 8819楼避难层,风景名胜,,,,22.364696,114.120752,
285,Sha Tsui Road Playground沙咀道游乐场,荃湾区,沙咀道171-199号,体育休闲服务,,,,22.369119,114.118911,
285,荃湾西约海滨长廊,荃湾区,荃湾海安路25号,风景名胜,,,,22.367572,114.105915,
285,扶轮公园,荃湾区,大帽山远足研习径大帽山大帽山,风景名胜,,,,22.401514,114.111033,
285,近水湾泳滩,荃湾区,荃湾青山公路汀九段,体育休闲服务,,,,22.364760,114.091586,
285,位元堂如心广场,荃湾区,荃湾杨屋道1号荃新天地地下G49号铺,风景名胜,,,,22.367906,114.119192,
286,昂船洲大桥观景点,葵青区,昂船洲货柜码头南路129号,风景名胜,,,,22.320476,114.127549,
286,青屿干线访客中心观景台,葵青区,青衣西北交汇处西50米,风景名胜,,,,22.355265,114.086120,
286,青衣东北公园,葵青区,香港青衣担杆山路10号,风景名胜,,,,22.359509,114.103807,
286,青马大桥观景点,葵青区,香港青衣西草湾道,风景名胜,,,,22.355357,114.086171,
286,青马大桥,葵青区,青沙公路与青衣西北交汇处交叉口东北120米,风景名胜,,,,22.350623,114.086245,
286,青龙头,葵青区,荔枝角蝴蝶谷,风景名胜,,,,22.340828,114.146405,
286,梨木树,葵青区,香港葵涌,风景名胜,,,,22.371474,114.144260,
286,中葵涌公园,葵青区,葵涌大连排道,风景名胜,,,,22.353837,114.137957,
286,青衣公园,葵青区,香港青衣青敬路60号,风景名胜,,,,22.352766,114.110611,
286,青衣岛昂船洲桥底,葵青区,"Tsing Yi,香港",风景名胜,,,,22.325689,114.119863,
286,葵涌公园,葵青区,葵涌葵喜街,风景名胜,,,,22.353237,114.125277,
286,城门谷公园,葵青区,坑口大埔公路大围段往城门隧道公路21号,风景名胜,,,,22.373113,114.132363,
286,石排街公园,葵青区,葵涌石排街9号,风景名胜,,,,22.361150,114.142244,
286,石围角,葵青区,葵青区,地名地址信息,,,,22.373512,114.130556,
286,基督教信义会天恩堂,葵青区,葵盛围364号,风景名胜,,,,22.361850,114.135565,
286,国瑞路公园,葵青区,青山公路大窝口B口旁,风景名胜,,,,22.368647,114.132879,
286,善心生命文化纪念馆,葵青区,葵涌葵喜街52号,风景名胜,,,,22.354607,114.123796,
286,醉酒湾,葵青区,永顺街与葵裕街交叉口西北400米,风景名胜,,,,22.354511,114.118930,
286,兴芳路游乐场,葵青区,葵涌兴芳路,体育休闲服务,,,,22.358145,114.133389,
286,青衣海滨公园,葵青区,香港青衣牙鹰洲街,风景名胜,,,,22.361054,114.107290,
286,石篱社区会堂,葵青区,大白田街2号,风景名胜,,,,22.363876,114.144301,
286,葵涌新区公园,葵青区,葵涌大窝口道,风景名胜,,,,22.364770,114.135715,
286,天主教圣多默宗徒堂,葵青区,香港青衣青绿街5号,风景名胜,,,,22.351863,114.109332,
286,长坑村游乐场,葵青区,长源路北50米,体育休闲服务,,,,22.344318,114.147149,
286,石荫梨木道公园,葵青区,新界葵涌梨木道(近赛马会游泳池),风景名胜,,,,22.368791,114.142464,
287,金紫荆广场,湾仔区,湾仔博览道1号香港会议展览中心东北侧,风景名胜,,,,22.281565,114.178664,
287,中环广场,湾仔区,港湾道18号,商务住宅,,,,22.277310,114.178623,
287,跑马地马场,湾仔区,黄泥涌峡天桥与黄泥涌道交叉口东南140米,体育休闲服务,,,,22.269946,114.185448,
287,湾仔渡轮码头,湾仔区,鸿兴道,交通设施服务,,,,22.280556,114.181184,
287,维多利亚港游船,湾仔区,香港维多利亚港,风景名胜,,,,22.280543,114.181333,
287,湾仔海滨公园,湾仔区,会议道与杜老志道交叉口西北140米,风景名胜,,,,22.280141,114.180630,
287,香港回归祖国纪念碑,湾仔区,博览道1号会议展览中心西北侧,风景名胜,,,,22.281656,114.177407,
287,香港赛马博物馆,湾仔区,跑马地马场快活看台2F,科教文化服务,,,,22.271374,114.184881,
287,鹅颈桥打小人,湾仔区,坚拿道东与登龙街交叉口北20米,风景名胜,,,,22.276342,114.186391,
287,蓝屋,湾仔区,香港湾仔石水渠街74号,风景名胜,,,,22.271159,114.179086,
287,湾仔临时海滨花园(避风塘),湾仔区,香港奇力岛,风景名胜,,,,22.280095,114.184117,
287,警队博物馆,湾仔区,山顶甘道27号,科教文化服务,,,,22.264945,114.174155,
287,湾仔海滨长廊,湾仔区,"Expo Dr,Wan Chai,Hong Kong",风景名胜,,,,22.279860,114.175484,
287,爱群清真寺林士德伊斯兰中心,湾仔区,爱群道40号,政府机构及社会团体,,,,22.274625,114.183734,
287,香港基督教循道卫理联合教会国际礼拜堂,湾仔区,"香港湾仔皇后大道东271号,Methodist International Church",风景名胜,,,,22.271548,114.179944,
287,循道卫理联合教会香港堂,湾仔区,香港湾仔轩尼诗道36号,风景名胜,,,,22.274622,114.175090,
287,港湾道花园,湾仔区,港湾道28号,风景名胜,,,,22.277741,114.180396,
287,铜锣湾花园,湾仔区,铜锣湾加宁街8号,风景名胜,,,,22.280336,114.190696,
287,跑马地游乐场,湾仔区,1号干线与黄泥涌峡天桥交叉口东北220米,体育休闲服务,,,,22.269460,114.187151,
287,香港演艺学院-评论,湾仔区,夏悫道与夏悫道出口交叉口西北80米,风景名胜,,,,22.277376,114.174419,
287,湾仔公园,湾仔区,"Bullock Ln,Wan Chai,ฮ่องกง",风景名胜,,,,22.272766,114.180962,
287,司徒拔道瞭望处,湾仔区,香港山顶司徒拔道,体育休闲服务,,,,22.267363,114.180908,
287,北帝庙(隆安街),湾仔区,香港湾仔隆安街2号,风景名胜,,,,22.270214,114.178788,
287,莲花宫,湾仔区,莲花街,风景名胜,,,,22.276776,114.197834,
287,天乐广场,湾仔区,香港湾仔摩理臣山道9号,商务住宅,,,,22.275168,114.184968,
288,澳门关闸广场,花地玛堂区,华大街与华大新村第三街交叉口东北180米,风景名胜,,,,22.212629,113.554141,
288,观音堂(美副将大马路),花地玛堂区,花地玛堂区观音堂街12号,风景名胜,,,,22.201618,113.555749,
288,澳门三角花园,花地玛堂区,拱形马路,风景名胜,,,,22.207460,113.553538,
288,关闸拱门,花地玛堂区,澳门关闸广场,风景名胜,,,,22.212976,113.554211,
288,莲花广场,花地玛堂区,青洲大马路348-358号,风景名胜,,,,22.208430,113.548193,
288,通讯博物馆,花地玛堂区,马交石炮台马路7号,科教文化服务,,,,22.200277,113.560073,
288,澳门坚中堂,花地玛堂区,第八街康和广场地下V铺,风景名胜,,,,22.209974,113.554571,
288,翡翠广场,花地玛堂区,中心街77号,商务住宅,,,,22.209622,113.557142,
288,花地玛圣母堂,花地玛堂区,花地玛堂区李宝椿街23号,风景名胜,,,,22.208996,113.550441,
288,水塘公园,花地玛堂区,渔翁街劳工事务局,体育休闲服务,,,,22.195096,113.560642,
288,澳门开篷观光巴士,花地玛堂区,澳门港澳码头抵达大厅13号出口,风景名胜,,,,22.194236,113.564010,
288,望厦山市政公园,花地玛堂区,旅游学院内,风景名胜,,,,22.205145,113.552854,
288,莲峰庙,花地玛堂区,花地玛堂区提督大马路的道观,风景名胜,,,,22.207004,113.553019,
288,澳门林则徐纪念馆,花地玛堂区,罅些喇提督大马路(莲峰庙内),风景名胜,,,,22.206813,113.552921,
288,黑沙环公园,花地玛堂区,慕拉士大马路221号南方工业大厦(第二座)2座11e座,风景名胜,,,,22.206469,113.560960,
288,澳门台山牌坊,花地玛堂区,菜园涌边街与菜园涌街交叉口西20米,风景名胜,,,,22.210496,113.552032,
288,先进广场,花地玛堂区,"劳动节巷28号,Advance Plaza",风景名胜,,,,22.202525,113.563800,
288,冼星海纪念馆,花地玛堂区,俾利喇街151-153号,购物服务,,,,22.202408,113.554045,
288,黑沙环海滨公园,花地玛堂区,友谊桥大马路与友谊圆形地交叉口东80米,风景名胜,,,,22.205419,113.565938,
288,望厦山市政公园-望厦炮台,花地玛堂区,花地玛堂区望厦山,风景名胜,,,,22.204878,113.553207,
288,螺丝山公园,花地玛堂区,花地玛堂区新雅马路与亚马喇马路之间,风景名胜,,,,22.201342,113.557643,
288,威龙花园,花地玛堂区,永宁广场21-47号,风景名胜,,,,22.210316,113.556635,
288,康和广场,花地玛堂区,"no,康和广场(第一座)31C祐汉新村第八街澳门",商务住宅,,,,22.209988,113.554460,
288,圣公会澳门圣保罗堂,花地玛堂区,花地玛堂区马揸度博士大马路228号,风景名胜,,,,22.202922,113.563820,
288,永宁广场,花地玛堂区,澳门花地玛堂区,风景名胜,,,,22.210089,113.556841,
289,澳门疯堂斜巷,望德堂区,澳门半岛,风景名胜,,,,22.194339,113.549594,
289,东望洋炮台,望德堂区,海边马路与白头马路交叉口东北100米,风景名胜,,,,22.193473,113.554514,
289,二龙喉公园,望德堂区,澳门特别行政区花地玛堂区士多鸟拜斯大马路,风景名胜,,,,22.195417,113.556628,
289,东望洋灯塔,望德堂区,望德堂区罗理基博士大马路25附近(澳门地厘古工程师马路),风景名胜,,,,22.193465,113.554727,
289,卢廉若公园,望德堂区,罗利老马路10号,风景名胜,,,,22.197510,113.553047,
289,松山缆车,望德堂区,望德堂区东望洋山,风景名胜,,,,22.197533,113.555792,
289,华士古达嘉马花园,望德堂区,东望洋斜巷与高冠街交叉口东北40米,风景名胜,,,,22.193249,113.551607,
289,得胜花园,望德堂区,望德堂区士多鸟拜斯大马路,风景名胜,,,,22.195709,113.553813,
289,澳门文学馆,望德堂区,肥利喇亚美打大马路塔石艺文馆,科教文化服务,,,,22.196190,113.552331,
289,日光半岛纪念品,望德堂区,新胜街21号C,风景名胜,,,,22.195164,113.548882,
289,望德圣母堂,望德堂区,若翰亚美打街,风景名胜,,,,22.194472,113.550549,
289,药山,望德堂区,贾伯乐提督街61号,风景名胜,,,,22.197207,113.551360,
289,松山市政公园,望德堂区,"地厘古工程师马路Guia Hill&Cable Car,东望洋山",风景名胜,,,,22.193123,113.555336,
289,松山行人隧道,望德堂区,士多鸟拜斯大马路Flora Garden,风景名胜,,,,22.196312,113.556124,
289,松山健康径,望德堂区,"Guia Hill,地厘古工程师马路澳门",风景名胜,,,,22.194074,113.554024,
289,松山缆车山下站,望德堂区,澳门Guia Hill&Cable Car,风景名胜,,,,22.196422,113.557538,
289,圣母雪地殿教堂,望德堂区,望德堂区东望洋炮台东望洋灯塔旁,风景名胜,,,,22.193651,113.554748,
289,圣弥额尔小堂,望德堂区,西坟马路2-a号附近,风景名胜,,,,22.195444,113.550592,
289,防空洞博物馆,望德堂区,望德堂区高士德大马路东阳望山内,科教文化服务,,,,22.193955,113.555393,
289,澄碧阁,望德堂区,海边马路55号,商务住宅,,,,22.197749,113.559194,
289,澳门档案馆,望德堂区,肥利喇亚美打大马路91-93号,风景名胜,,,,22.195756,113.552125,
289,保宁阁,望德堂区,"28B,Edificio Tranquility,28雅廉访大马路澳门",商务住宅,,,,22.199735,113.554710,
289,二龙喉公园动物园,望德堂区,大马路二龙喉公园附近,风景名胜,,,,22.196796,113.557131,
289,塔石艺文馆,望德堂区,肥利喇亚美打大马路95号,科教文化服务,,,,22.195997,113.552196,
289,澳门茶文化馆,望德堂区,卢廉若公园罗利老马路10号,科教文化服务,,,,22.196848,113.552858,
290,石排湾郊野公园,圣方济各堂区,"澳门石排湾马路石排湾郊野公园,民政总署园林绿化部珍稀动物馆",风景名胜,,,,22.123025,113.562928,
290,黑沙海滩,圣方济各堂区,圣方济各堂区新黑沙马路附近,风景名胜,,,,22.118062,113.575635,
290,石排湾郊野公园-熊猫馆,圣方济各堂区,圣方济各堂区澳门路环石排湾郊野公园内(东北角),风景名胜,,,,22.123695,113.564050,
290,竹湾海滩,圣方济各堂区,澳门特别行政区圣方济各堂区澳门路环法令司士古街,风景名胜,,,,22.110201,113.564554,
290,路环岛,圣方济各堂区,水井围附近,风景名胜,,,,22.123140,113.568973,
290,澳门妈祖文化村,圣方济各堂区,"Estrada do Alto de Coloane,路环高顶马路澳门",风景名胜,,,,22.119710,113.568317,
290,路环圣方济各圣堂,圣方济各堂区,中国澳门路环计旦奴街,风景名胜,,,,22.113997,113.556564,
290,九澳七苦圣母小堂,圣方济各堂区,澳门路环九澳圣母村,风景名胜,,,,22.129443,113.594280,
290,黑沙水库郊野公园,圣方济各堂区,黑沙马路1918号,风景名胜,,,,22.123253,113.576588,
290,澳门天后宫,圣方济各堂区,路环高顶马路北200米,风景名胜,,,,22.120024,113.568288,
290,九澳村,圣方济各堂区,九澳堤坝马路与九澳圣母马路交叉口东南280米,商务住宅,,,,22.129818,113.585561,
290,妈祖圣像,圣方济各堂区,"4HF7+FJV A-ma Goddess Statue,澳门",风景名胜,,,,22.120792,113.569078,
290,谭仙圣庙,圣方济各堂区,谭公庙前地与十月初五马路交叉口南40米,风景名胜,,,,22.111240,113.555152,
290,九澳观景台,圣方济各堂区,"Stargazing Rock,Estrdo Altinho de Ka Ho,Macao",风景名胜,,,,22.133825,113.579852,
290,九澳灯塔,圣方济各堂区,澳门圣方济各堂区,风景名胜,,,,22.126662,113.596249,
290,天后古庙,圣方济各堂区,圣方济各堂区澳门路环岛,风景名胜,,,,22.112319,113.556871,
290,猿人石谏议大夫,圣方济各堂区,黑沙龙爪角海滨路,风景名胜,,,,22.111060,113.578880,
290,路环游艇停泊区,圣方济各堂区,"204 RMarginal da Concórdia,澳门",体育休闲服务,,,,22.123970,113.556626,
290,澳门爱护动物协会-猫乐园,圣方济各堂区,"田畔街16号,Edificio Cheong Seng,澳门田畔街16号",风景名胜,,,,22.115611,113.557474,
290,黑沙公园,圣方济各堂区,贾梅士大马路与荷花围交叉口东北180米,风景名胜,,,,22.115340,113.573873,
290,黑沙公园和黑沙海滩休憩区,圣方济各堂区,新黑沙马路,风景名胜,,,,22.114941,113.574026,
290,澳门妈祖文化村石牌坊,圣方济各堂区,"Rotunda Da Concórdia/Terminal,澳门",风景名胜,,,,22.121914,113.559725,
290,Hac Sa Scenic Viewpoint,圣方济各堂区,澳门Hac Sa Reservoir,风景名胜,,,,22.121233,113.577486,
290,竹湾瞭望台,圣方济各堂区,竹湾马路与法令司士古街交叉口西南60米,风景名胜,,,,22.109228,113.567621,
290,观音古庙,圣方济各堂区,路环岛水泉公地50号,风景名胜,,,,22.113306,113.556256,
291,澳门博物馆,花王堂区,澳门博物馆前地112号,科教文化服务,,,,22.194192,113.547292,
291,白鸽巢公园,花王堂区,花王堂斜巷1-a号,风景名胜,,,,22.197757,113.544696,
291,澳门关前正街,花王堂区,澳门特别行政区花王堂区,风景名胜,,,,22.193541,113.544924,
291,叶挺故居,花王堂区,贾伯乐提督街76号,风景名胜,,,,22.197853,113.551651,
291,天主教圣安多尼堂,花王堂区,澳门花王堂区半岛白鸽巢前地南面,风景名胜,,,,22.196011,113.544659,
291,高园街大坑遗迹,花王堂区,高园街20号,风景名胜,,,,22.194536,113.546052,
291,宗教艺术博物馆,花王堂区,花王堂区大三巴牌坊后,科教文化服务,,,,22.194997,113.545723,
291,竹林寺,花王堂区,连胜马路56号,风景名胜,,,,22.199833,113.550212,
291,市政署休憩区,花王堂区,大三巴右街与圣方济各斜巷交叉口东20米,风景名胜,,,,22.194423,113.545969,
291,佳景乐园,花王堂区,澳门特别行政区花王堂区连胜街1-G(澳门白鸽巢丽豪花园地下),体育休闲服务,,,,22.196366,113.545447,
291,包公庙,花王堂区,福庆街,风景名胜,,,,22.195834,113.546979,
291,澳门内港,花王堂区,"PteCais De Sampanas Norte,Porto Interior,澳门",风景名胜,,,,22.195087,113.541408,
291,三盏灯圆地,花王堂区,"嘉路米耶圆形地4-6号,Edificio Tim Wan",购物服务,,,,22.199898,113.551057,
291,澳门博物馆行政大楼,花王堂区,高园街10-A号附近,科教文化服务,,,,22.194704,113.547281,
291,地下圣堂(纳骨堂),花王堂区,花王堂区新马路大三巴斜街(近大三巴牌坊),风景名胜,,,,22.194708,113.545989,
291,澳门基督教会宣道堂,花王堂区,高士德大马路100号,风景名胜,,,,22.201219,113.550878,
291,白鸽巢公园-东方基金会会址,花王堂区,白鸽巢前地13号,风景名胜,,,,22.197286,113.544875,
291,Yuecheng Dragon Mother temple,花王堂区,大三巴街与草堆街交叉口北20米,风景名胜,,,,22.192625,113.545596,
291,莲溪新庙,花王堂区,新桥永乐戏院侧(大缆巷25号),风景名胜,,,,22.198800,113.547840,
291,澳门可口可乐收藏博物馆,花王堂区,花王堂区关前后街26号,科教文化服务,,,,22.193514,113.544924,
291,兰花前地,花王堂区,林茂海边大马路与罅些喇海军上将巷交叉口北80米,风景名胜,,,,22.202864,113.546958,
291,新桥花园,花王堂区,澳门特别行政区花王堂区永乐大戏院,风景名胜,,,,22.199237,113.547846,
291,圣保禄学院遗址(围墙遗迹高园街一段),花王堂区,高园街35号,公司企业,,,,22.195226,113.546988,
291,天主教艺术博物馆宝物室,花王堂区,大三巴巷与大三巴右街交叉口东20米,科教文化服务,,,,22.193803,113.546092,
291,太岁殿,花王堂区,福庆街与同安街交叉口西南20米,风景名胜,,,,22.195893,113.546987,
292,澳门巴黎人埃菲尔铁塔,路氹填海区,路氹连贯公路澳门巴黎人酒店,风景名胜,,,,22.140646,113.567864,
292,龙环葡韵住宅式博物馆,路氹填海区,海边马路,科教文化服务,,,,22.151050,113.564998,
292,水舞间,路氹填海区,路氹连贯公路新濠天地,体育休闲服务,,,,22.146820,113.572913,
292,天浪淘园,路氹填海区,银河酒店内,体育休闲服务,,,,22.146664,113.558383,
292,澳门大本钟,路氹填海区,路氹连贯公路与路氹连贯公路圆形地交叉口南320米,风景名胜,,,,22.144019,113.569474,
292,澳门新濠影汇水上乐园,路氹填海区,连贯公路新濠影汇3层,体育休闲服务,,,,22.138067,113.566110,
292,澳门户外表演区,路氹填海区,路氹机场大马路与网球路交界,体育休闲服务,,,,22.138926,113.580699,
292,路氹城金光大道,路氹填海区,路氹连贯公路与路氹城大马路交叉口北360米,风景名胜,,,,22.142851,113.568702,
292,路氹城生态保护区,路氹填海区,莲花海滨大马路与海滨圆形地交叉口东北40米,风景名胜,,,,22.137588,113.558214,
292,龙环葡韵湿地科普园地,路氹填海区,光复街,风景名胜,,,,22.151341,113.565830,
292,贡多拉船体验之旅,路氹填海区,望德圣母湾大马路威尼斯人度假村大运河购物中心3层,风景名胜,,,,22.145655,113.566544,
292,视博广场,路氹填海区,飞能便度街304号,风景名胜,,,,22.142325,113.572959,
292,水晶金殿(澳门伦敦人购物中心),路氹填海区,路氹连贯公路澳门伦敦人1楼大堂,风景名胜,,,,22.143790,113.569878,
292,绿茵胜境花园,路氹填海区,上葡京综合度假村3层,风景名胜,,,,22.141350,113.579357,
292,水舞间票务处,路氹填海区,澳门路凼连贯公路COD新濠天地F2,生活服务,,,,22.145647,113.571548,
292,St.Mark's Campanile Macao,路氹填海区,"4HX7+37P,Macao",风景名胜,,,,22.144754,113.568277,
292,美高梅狮子灯观景区,路氹填海区,澳门Istmo CausewayColoane,风景名胜,,,,22.141960,113.574652,
292,澳门巴黎人艺术桥,路氹填海区,新城大马路,风景名胜,,,,22.140507,113.567857,
292,氹仔莲花单车径,路氹填海区,金都酒店侧,风景名胜,,,,22.141221,113.557233,
292,葡萄牙地区之家,路氹填海区,光复街附近,科教文化服务,,,,22.151072,113.564934,
292,永利皇宫大草地,路氹填海区,"Building 1,射击路",风景名胜,,,,22.142524,113.575745,
292,澳门美丽湿地,路氹填海区,光复街与素啤古交叉口南100米,风景名胜,,,,22.150374,113.565224,
292,威尼斯人购物中心金光综艺馆售票处,路氹填海区,望德圣母湾大马路威尼斯人购物中心L1层,生活服务,,,,22.145547,113.564468,
292,澳门历史街区,路氹填海区,路凼连贯公路,风景名胜,,,,22.142954,113.570845,
292,Londoner Outdoor Double Deck Bus,路氹填海区,"4HV7+VJ6,Macao",公司企业,,,,22.141702,113.569067,
293,小潭山观景台,嘉模堂区,澳门特别行政区嘉模堂区海洋花园大马路,风景名胜,,,,22.160869,113.553569,
293,氹仔中央公园,嘉模堂区,澳门特别行政区嘉模堂区成都街7号,风景名胜,,,,22.156257,113.559772,
293,花城公园,嘉模堂区,埃武拉街和奥林匹克马路之间,风景名胜,,,,22.153472,113.562141,
293,嘉模圣母堂,嘉模堂区,嘉路士米耶马路,风景名胜,,,,22.150508,113.563804,
293,大潭山郊野公园,嘉模堂区,澳门嘉模堂区嘉乐庇总督马路,风景名胜,,,,22.154834,113.570948,
293,大潭山瞭望台,嘉模堂区,嘉乐庇总督马路与光复街交叉口北100米,风景名胜,,,,22.152530,113.566416,
293,菩提禅院,嘉模堂区,嘉模堂区卢廉若马路5号,风景名胜,,,,22.158374,113.556607,
293,氹仔海滨休息区,嘉模堂区,澳门氹仔东亚运大马路至东亚运圆形地的沿海位置,风景名胜,,,,22.159934,113.546318,
293,益隆炮竹厂旧址,嘉模堂区,飞能便度街70号,风景名胜,,,,22.151708,113.564094,
293,氹仔牌坊,嘉模堂区,巴波沙总督街与排角路交叉口东南40米,风景名胜,,,,22.147924,113.560200,
293,四面佛,嘉模堂区,嘉模堂区柯维纳马路,风景名胜,,,,22.154189,113.556197,
293,北帝庙,嘉模堂区,澳门客商街,风景名胜,,,,22.149757,113.560691,
293,海滨公园,嘉模堂区,海洋花园第六街东50米,风景名胜,,,,22.158834,113.547446,
293,澳门消防局前地,嘉模堂区,澳门特别行政区嘉模堂区消防局前地38号附近,风景名胜,,,,22.151376,113.561775,
293,天后宫,嘉模堂区,巴波沙总督街,风景名胜,,,,22.149276,113.560844,
293,关帝庙,嘉模堂区,卓家村路与菜园路交叉口东北80米,风景名胜,,,,22.159018,113.563541,
293,金光飞航(澳门氹仔),嘉模堂区,澳门凼仔客运码头(轮渡站)凼仔客运码头,风景名胜,,,,22.162618,113.581505,
293,海洋花园,嘉模堂区,海洋花园大马路934号,风景名胜,,,,22.160876,113.551848,
293,米也马嘉礼前地,嘉模堂区,德行街与生央街交叉口东40米,风景名胜,,,,22.150583,113.561723,
293,嘉模斜巷,嘉模堂区,飞能便度街与老虎巷交叉口东北40米,风景名胜,,,,22.151025,113.563697,
293,嘉模墟,嘉模堂区,澳门官也街,风景名胜,,,,22.150369,113.562402,
293,益隆炮竹厂旧址游径,嘉模堂区,澳门胡琴巷13a号,风景名胜,,,,22.151757,113.564102,
293,滑草场,嘉模堂区,天文台斜路与鸡颈马路交汇处南100米,体育休闲服务,,,,22.155862,113.577398,
293,老虎巷,嘉模堂区,律政司街与消防局前地交叉口东40米,风景名胜,,,,22.151333,113.562807,
293,希望之泉,嘉模堂区,地堡街与巴波沙总督前地交叉口西南60米,风景名胜,,,,22.148841,113.559478,
294,澳门渔人码头,大堂区,孙逸仙大马路,风景名胜,,,,22.189432,113.561512,
294,澳门旅游塔,大堂区,南湾新填海区D区域1号地段,风景名胜,,,,22.176748,113.541580,
294,保利美高梅博物馆,大堂区,孙逸仙大马路澳门美高梅2楼,科教文化服务,,,,22.182860,113.552981,
294,吉祥树,大堂区,外港填海区仙德丽街永利澳门酒店,风景名胜,,,,22.186291,113.552353,
294,澳门永利音乐喷泉,大堂区,仙德丽街永利澳门酒店,风景名胜,,,,22.185403,113.550690,
294,澳门十六浦度假村,大堂区,内港巴素打尔古街十六浦,体育休闲服务,,,,22.194023,113.541324,
294,金莲花广场,大堂区,友谊大马路956-1110号正北方向150米,风景名胜,,,,22.191407,113.558608,
294,加思栏花园,大堂区,葡京酒店附近的加思栏兵营前,风景名胜,,,,22.189498,113.549754,
294,澳门艺术博物馆,大堂区,冼星海大马路澳门文化中心,科教文化服务,,,,22.185772,113.559729,
294,澳门一号广场,大堂区,沙格斯大马路,购物服务,,,,22.182271,113.551775,
294,南湾湖广场,大堂区,澳门商业大马路与苏亚利斯博士大马路交叉口西南320米,风景名胜,,,,22.184046,113.545970,
294,发财鱼缸,大堂区,湖畔意廊门口,风景名胜,,,,22.184794,113.550502,
294,观音像海滨休憩区,大堂区,孙逸仙大马路1629号,生活服务,,,,22.184520,113.559528,
294,澳门主教座堂,大堂区,澳门特别行政区大堂区大堂前地1号1 Largo da号,风景名胜,,,,22.190578,113.546667,
294,何贤公园,大堂区,宋玉生广场,风景名胜,,,,22.189235,113.554411,
294,澳门渔人码头罗马广场,大堂区,渔人码头内,风景名胜,,,,22.188857,113.561370,
294,东方拱门,大堂区,博士大马路(近何贤公园回旋处行车隧道),风景名胜,,,,22.190293,113.554006,
294,喷水池,大堂区,罗马街Jardim Hang Kei,风景名胜,,,,22.187492,113.559285,
294,仁慈堂,大堂区,Macao,风景名胜,,,,22.190808,113.545296,
294,友谊广场,大堂区,澳门苏亚利斯博士大马路181号,商务住宅,,,,22.187331,113.547534,
294,康公庙,大堂区,草堆街10号,风景名胜,,,,22.193808,113.543014,
294,卢家大屋,大堂区,大堂巷7号(近天主教大堂),风景名胜,,,,22.191253,113.546361,
294,哪咤古庙,大堂区,哪咤庙斜巷,风景名胜,,,,22.192590,113.547452,
294,南岸海滨绿廊,大堂区,孙逸仙大马路945号,体育休闲服务,,,,22.179164,113.549191,
294,南湾·雅文湖畔,大堂区,南湾湖景大马路,风景名胜,,,,22.186872,113.543958,
295,妈阁庙,风顺堂区,妈阁斜巷31号附近,风景名胜,,,,22.183266,113.536382,
295,亚婆井前地,风顺堂区,龙头里与高楼街交叉口东20米,风景名胜,,,,22.185523,113.540152,
295,郑家大屋,风顺堂区,龙头左巷10号,风景名胜,,,,22.185812,113.539959,
295,圣老楞佐教堂,风顺堂区,风顺堂街,风景名胜,,,,22.187614,113.541846,
295,妈阁炮台,风顺堂区,西湾民国大马路澳门圣地牙哥古堡酒店附近,风景名胜,,,,22.179622,113.535781,
295,海事博物馆,风顺堂区,"1 Largo do Pagode da Barra,มาเก๊า",科教文化服务,,,,22.183039,113.535783,
295,主教山眺望台,风顺堂区,澳门半岛,风景名胜,,,,22.184150,113.539515,
295,岗顶前地,风顺堂区,冈顶前地1号,风景名胜,,,,22.189251,113.542912,
295,圣若瑟修院及圣堂,风顺堂区,澳门三巴仔横街,风景名胜,,,,22.188972,113.542617,
295,西望洋花园,风顺堂区,澳门西望洋巷32-36号,风景名胜,,,,22.182000,113.538606,
295,圣奥斯定教堂,风顺堂区,风顺堂区岗顶前地2号,风景名胜,,,,22.189288,113.543526,
295,西望洋瞭望台,风顺堂区,西望洋眺望台街,风景名胜,,,,22.183663,113.540182,
295,烧灰炉公园,风顺堂区,大堂区公园街与烧灰炉街交叉口南100米天主教海星中学附属小学附近,风景名胜,,,,22.183853,113.542328,
295,礼宾府,风顺堂区,西望洋山圣珊泽马路,风景名胜,,,,22.182557,113.539465,
295,妈阁塘片区,风顺堂区,风顺堂区妈阁上街与生雪巷交叉口北120米,风景名胜,,,,22.182424,113.536228,
295,主教山眺望点,风顺堂区,澳门民国大马路万德新村,风景名胜,,,,22.181045,113.537671,
295,葡国街,风顺堂区,十月初五日巷与火船头街交叉口东40米,体育休闲服务,,,,22.192267,113.541683,
295,澳门最古老电梯,风顺堂区,民国大马路,风景名胜,,,,22.180088,113.535675,
295,下环浸信会,风顺堂区,下环街40号,风景名胜,,,,22.186491,113.539421,
295,圣若瑟修院,风顺堂区,冈顶前地与夜呣斜巷交叉口西80米,科教文化服务,,,,22.189385,113.542773,
295,阿婆井广场,风顺堂区,高可宁绅士街与衣湾斜巷交叉口东北80米,风景名胜,,,,22.183463,113.539718,
295,郑观应纪念馆,风顺堂区,龙头左巷,科教文化服务,,,,22.185793,113.539376,
295,福隆新街入口打咭位,风顺堂区,福隆新街,风景名胜,,,,22.190940,113.542957,
295,Taipa,风顺堂区,"5GPJ+RRC,Macao",风景名胜,,,,22.184149,113.537140,
295,港务局海事博物馆行政大楼,风顺堂区,澳门风顺堂区1-3,商务住宅,,,,22.183913,113.536286,
296,嘉峪关东湖生态旅游景区,嘉峪关市,和诚东路与新华南路交叉处向东200米路南,风景名胜,,,,39.768607,98.302758,
296,嘉峪关文物景区,嘉峪关市,峪泉镇,风景名胜,,,,39.800827,98.227762,
296,雄关广场,嘉峪关市,镜铁区工商局,风景名胜,,,,39.773849,98.285449,
296,嘉峪关迎宾湖旅游园区,嘉峪关市,迎宾西路1235号,风景名胜,,,,39.775018,98.268505,
296,嘉峪关,嘉峪关市,双拥路与关城北路交叉口西400米,风景名胜,,,,39.806112,98.221112,
296,嘉峪关关城景区,嘉峪关市,峪泉镇,风景名胜,,,,39.803676,98.224201,
296,嘉峪关方特欢乐世界,嘉峪关市,方特大道4111号,体育休闲服务,,,,39.755373,98.346053,
296,嘉峪关城市博物馆,嘉峪关市,五一南路1377-1379号,科教文化服务,,,,39.774793,98.289222,
296,嘉峪关方特丝路神画,嘉峪关市,博园路538号,风景名胜,,,,39.802457,98.245664,
296,嘉峪关关城里景区,嘉峪关市,雄关街道嘉峪关双拥路1022号,风景名胜,,,,39.805920,98.236026,
296,讨赖河生态园,嘉峪关市,方特大道南300米,风景名胜,,,,39.749296,98.298979,
296,嘉峪关文物景区游客服务中心,嘉峪关市,峪泉镇嘉峪关文物景区内(东侧),生活服务,,,,39.802319,98.240059,
296,英雄广场,嘉峪关市,文化南路1799号,风景名胜,,,,39.765839,98.279617,
296,城楼,嘉峪关市,峪泉镇嘉峪关文物景区游客服务中心,风景名胜,,,,39.801595,98.215578,
296,紫轩葡萄酒庄园,嘉峪关市,机场路5396号,风景名胜,,,,39.832210,98.350854,
296,嘉峪关文物景区售票处,嘉峪关市,峪泉镇嘉峪关文物景区内(东侧),生活服务,,,,39.802859,98.240064,
296,讨赖河滨水公园,嘉峪关市,花城路1086号,风景名胜,,,,39.733182,98.335593,
296,嘉峪关南湖公园音乐喷泉,嘉峪关市,方特大道与观礼大道交叉口东南140米,风景名胜,,,,39.750867,98.294171,
296,嘉峪关长城文化旅游景区,嘉峪关市,双拥路与关城北路交叉口南420米,风景名胜,,,,39.803698,98.224194,
296,嘉峪关森林公园,嘉峪关市,嘉峪关体育馆北边,风景名胜,,,,39.802574,98.260567,
296,嘉峪关南清真大寺,嘉峪关市,朝阳路与迎宾东路交叉口西北200米,风景名胜,,,,39.780035,98.292806,
296,嘉峪关观礼古镇,嘉峪关市,夜光路与观礼大道交叉口东200米,风景名胜,,,,39.745728,98.294613,
296,嘉峪关清真寺,嘉峪关市,镜铁西路499-37号,风景名胜,,,,39.790117,98.265030,
296,嘉峪关长城博物馆,嘉峪关市,峪泉镇嘉峪关文物景区(西北角),科教文化服务,,,,39.807656,98.220121,
296,西部明珠气象塔,嘉峪关市,嘉峪关东湖生态旅游景区(西南角),风景名胜,,,,39.765347,98.298427,
297,酒泉天宝景区,肃州区,富康路4号富康购物中心4层,科教文化服务,,,,39.731736,98.504444,
297,酒泉市博物馆,肃州区,盘旋西路18号,科教文化服务,,,,39.736909,98.492491,
297,西汉酒泉胜迹,肃州区,公园路100号,风景名胜,,,,39.746978,98.533228,
297,世纪广场,肃州区,宝泉东路附近,风景名胜,,,,39.729738,98.494137,
297,玉湖景区,肃州区,酒泉经济技术开发区金河大桥旁,风景名胜,,,,39.740299,98.442475,
297,北郊公园,肃州区,酒银路1公里处,风景名胜,,,,39.762472,98.521444,
297,酒泉古城门,肃州区,小西街6号,风景名胜,,,,39.740811,98.506100,
297,酒泉天马湖景区,肃州区,泉湖镇永久村酒四路,风景名胜,,,,39.737477,98.547323,
297,酒泉1969文化艺术创意园,肃州区,金泉南路1号,商务住宅,,,,39.741365,98.529894,
297,环球广场,肃州区,金泉南路与圆梦路交叉口北240米,商务住宅,,,,39.714531,98.521164,
297,体育公园,肃州区,疏勒家苑8号楼1单元1101室,风景名胜,,,,39.753009,98.487010,
297,大法幢寺,肃州区,果园镇滨河北路,风景名胜,,,,39.764383,98.504052,
297,酒泉市肃州区博物馆,肃州区,公园路119号,科教文化服务,,,,39.744729,98.536975,
297,春光郊野公园,肃州区,[],风景名胜,,,,39.708236,98.507438,
297,飞天红石榴主题公园,肃州区,万达广场西南侧,风景名胜,,,,39.730935,98.483008,
297,酒泉时代广场,肃州区,南方大厦A座,风景名胜,,,,39.736858,98.510700,
297,儿童公园,肃州区,肃北路与正大路交会处,风景名胜,,,,39.744285,98.478526,
297,酒泉常青侏罗纪恐龙园,肃州区,常青花木公司院内,风景名胜,,,,39.714131,98.498587,
297,东郊公园,肃州区,祁连路,风景名胜,,,,39.714972,98.559073,
297,文化广场,肃州区,世纪大道57正西方向120米,风景名胜,,,,39.722627,98.495085,
297,西汉酒泉胜迹-动物园,肃州区,公园路27号向东400米西汉酒泉胜迹景区,风景名胜,,,,39.744959,98.532216,
297,生态修复再生水人工湿地,肃州区,世纪湖西侧,风景名胜,,,,39.707167,98.483633,
297,梧桐园,肃州区,玉门西路与广场西路交叉口北160米,风景名胜,,,,39.735920,98.492130,
297,酒泉市美溪公园,肃州区,清泉路路西侧,风景名胜,,,,39.736231,98.471881,
297,酒泉植物园景观街,肃州区,酒金东路139号酒泉生态文化博览园,风景名胜,,,,39.754329,98.541113,
298,中山桥,城关区,南滨河路与中山路交叉口,风景名胜,,,,36.065140,103.816868,
298,水车博览园,城关区,南滨河东路524号,风景名胜,,,,36.063249,103.843530,
298,白塔山公园,城关区,北滨河中路白塔山1号,风景名胜,,,,36.069439,103.811769,
298,五泉山公园,城关区,五泉南路103号,风景名胜,,,,36.036748,103.824194,
298,兰州市博物馆,城关区,庆阳路240号(东方红广场地铁站X1口步行410米),科教文化服务,,,,36.055326,103.834043,
298,读者博物馆,城关区,读者出版集团有限公司,科教文化服务,,,,36.061302,103.849321,
298,小西湖,七里河区,西津东路229号(小西湖地铁站A口步行240米),风景名胜,,,,36.064698,103.798381,
298,黄河第一桥石碑,城关区,靖远路街道南滨河路与中山路交叉口,风景名胜,,,,36.063424,103.816780,
298,兰山公园,城关区,头营村X127县道南山路,风景名胜,,,,36.028396,103.839928,
298,花田巷,城关区,正宁路117号,购物服务,,,,36.051159,103.822628,
298,五泉山公园-蒙泉,城关区,五泉山公园内(东南角),风景名胜,,,,36.034636,103.825715,
298,甘肃省博物馆,七里河区,西津西路3号(西站什字地铁站A口步行400米),科教文化服务,,,,36.066606,103.774625,
298,白云观,城关区,南滨河东路987号,风景名胜,,,,36.062124,103.810502,
298,马拉松文化主题公园,城关区,盐场路街道盐场路街道人民路,风景名胜,,,,36.069731,103.854431,
298,清·兰山书院旧址,城关区,广武门兰州市第三中学(秦安路),风景名胜,,,,36.059398,103.835449,
298,邓园,城关区,南滨河东路绿色公园对面,风景名胜,,,,36.059893,103.843691,
298,兰州市民广场,城关区,南滨河东路526号,风景名胜,,,,36.062332,103.835338,
298,八路军驻兰办事处纪念馆,城关区,酒泉路314号,风景名胜,,,,36.050351,103.826472,
298,兰哈顿,城关区,头营村X127县道南山路兰山公园(西北角),风景名胜,,,,36.045334,103.815293,
298,元通黄河桥,城关区,元通大桥与北滨河中路交叉口南100米,风景名胜,,,,36.065589,103.825393,
298,金城关文化博览园,城关区,北滨河中路450号,风景名胜,,,,36.066143,103.815643,
298,兰州碑林,城关区,靖远路街道北滨河中路与金城路交叉口东北460米,风景名胜,,,,36.070071,103.809642,
298,兰山公园二台阁,城关区,[],风景名胜,,,,36.029731,103.826763,
298,兰山公园半山门牌坊,城关区,伏龙坪后街293号,风景名胜,,,,36.045343,103.815273,
298,颐园,城关区,南滨河东路老年公园,风景名胜,,,,36.062777,103.829557,
299,宝塔公园,崆峒区,双拥路北150米,风景名胜,,,,35.530186,106.706988,
299,崆峒古镇,崆峒区,崆峒镇平泾路,风景名胜,,,,35.549807,106.579451,
299,圆通寺,崆峒区,南山庭院附近,风景名胜,,,,35.533022,106.671286,
299,崆峒山风景名胜区,崆峒区,崆峒镇,风景名胜,,,,35.547444,106.530016,
299,平凉博物馆,崆峒区,龙隐寺内,科教文化服务,,,,35.561265,106.614706,
299,南台清真寺,崆峒区,新民路117号,风景名胜,,,,35.532292,106.689003,
299,平凉隍庙,崆峒区,东大街北极小区,风景名胜,,,,35.538035,106.684169,
299,柳湖公园-柳湖书院,崆峒区,西郊街道西郊街道西郊街道西郊街道西郊街道公园路20号柳湖公园(东南角),科教文化服务,,,,35.543938,106.677317,
299,城市活力公园,崆峒区,柳湖中路北侧,风景名胜,,,,35.552130,106.679009,
299,龙隐寺,崆峒区,312国道,风景名胜,,,,35.562395,106.620898,
299,崆峒山风景名胜游客中心,崆峒区,崆峒大道西路崆峒古镇问道驿站,生活服务,,,,35.550941,106.579375,
299,海寨沟旅游度假区,崆峒区,大寨回族乡柳沟村,风景名胜,,,,35.388460,106.789657,
299,平东工委纪念馆,崆峒区,圆通寺路南山生态公园内(南侧),科教文化服务,,,,35.530175,106.667375,
299,崆峒山风景名胜票务中心,崆峒区,崆峒大道西段崆峒古镇北门,生活服务,,,,35.551026,106.579777,
299,龙隐公园,崆峒区,天门路12号,风景名胜,,,,35.559510,106.621018,
299,史阴阳(西景园小区店),崆峒区,西景园小区西北1门旁,生活服务,,,,35.543418,106.661054,
299,崆峒古镇-游乐园,崆峒区,崆峒镇崆峒大道(西段)崆峒古镇东门,体育休闲服务,,,,35.550418,106.582608,
299,虎山生态园梯田花海,崆峒区,贾洼村坡头下行500米,风景名胜,,,,35.565062,106.691787,
299,东台清真寺,崆峒区,柳湖镇青兰高速公路水桥沟小学,风景名胜,,,,35.527196,106.701054,
299,高平清真寺,崆峒区,新民南路121号,风景名胜,,,,35.535517,106.689947,
299,泾河路清真寺,崆峒区,新民北路与临泾路交叉口西南140米,风景名胜,,,,35.546722,106.695049,
299,歇马殿,崆峒区,崆峒大道,风景名胜,,,,35.544571,106.683199,
299,绿地广场-新区绿地公园,崆峒区,泾滩路绿地广场(南侧),风景名胜,,,,35.547720,106.677140,
299,清真西北寺,崆峒区,新民路与泾滩路交叉口西北160米,风景名胜,,,,35.543572,106.691848,
299,东台新区清真寺,崆峒区,城南路西50米,风景名胜,,,,35.526199,106.707059,
300,金川公园,金川区,公园路34号,风景名胜,,,,38.514741,102.181294,
300,紫金苑景区,金川区,紫金苑,风景名胜,,,,38.551395,102.186511,
300,金昌紫金花海,金川区,天津路,风景名胜,,,,38.550747,102.186043,
300,天泰苑市民公园,金川区,天津路与泰安路交叉口西北220米,风景名胜,,,,38.531450,102.181494,
300,人民文化广场,金川区,新华路82号对面,风景名胜,,,,38.518560,102.188699,
300,金昌市博物馆,金川区,新华路街道新华路街道新华大道,科教文化服务,,,,38.519017,102.191552,
300,金昌海洋馆,金川区,天泰苑市民公园金昌中心下沉式商业街,风景名胜,,,,38.530905,102.181754,
300,玫瑰谷,金川区,上海路北路,风景名胜,,,,38.559960,102.172871,
300,金川国家矿山公园,金川区,金川西路与铜川路交叉口西60米,风景名胜,,,,38.491424,102.160206,
300,龙首湖,金川区,南京路与昆明路交汇处,风景名胜,,,,38.544276,102.171264,
300,龙泉公园,金川区,金川西路与永昌路交汇处,风景名胜,,,,38.497774,102.177867,
300,龙首花园(公园西路),金川区,龙津里4号,商务住宅,,,,38.504836,102.170846,
300,金昌市植物园,金川区,天津路西50米,风景名胜,,,,38.560158,102.179935,
300,甘肃金川金水湖国家湿地公园,金川区,新华大道与长沙路交叉口西60米,风景名胜,,,,38.519580,102.236251,
300,盛美游乐世界,金川区,西坡生活区二期,体育休闲服务,,,,38.531910,102.154890,
300,火星1号基地,金川区,宁远堡镇,科教文化服务,,,,38.390687,102.191949,
300,紫金苑,金川区,紫金苑景区内(东侧),风景名胜,,,,38.551048,102.189733,
300,金昌清真老寺,金川区,永昌西路30号,风景名胜,,,,38.506059,102.170739,
300,金川露天老矿坑,金川区,金川西路50号,风景名胜,,,,38.493059,102.153596,
300,金川国家矿山公园龙泉石,金川区,龙泉路与龙潭路交叉口西南500米,风景名胜,,,,38.502919,102.157700,
300,金昌市金川区基督教会礼拜堂,金川区,昌荣西巷6号,风景名胜,,,,38.522432,102.175322,
300,金川集团金川植物园,金川区,选冶一路与北京路交叉口东北200米,风景名胜,,,,38.496643,102.191991,
300,金昌市野狐湾,金川区,金昌野狐湾文化旅游有限公司西南侧,风景名胜,,,,38.426718,102.147984,
300,镍都开拓者纪念馆,金川区,公园路金川公园(东南角),风景名胜,,,,38.513209,102.184053,
300,金昌法云寺,金川区,天津路,风景名胜,,,,38.559458,102.185868,
301,天水古城,秦州区,解放路与南店子巷交叉口,风景名胜,,,,34.579859,105.712967,
301,伏羲庙,秦州区,伏羲路110号,风景名胜,,,,34.579471,105.706939,
301,玉泉观,秦州区,玉泉镇成纪大道玉泉派出所向北,风景名胜,,,,34.584892,105.711405,
301,胡氏古民居建筑,秦州区,民主西路93西边,风景名胜,,,,34.580285,105.722899,
301,南郭寺,秦州区,南郭路,风景名胜,,,,34.564556,105.748921,
301,天水市博物馆,秦州区,伏羲路110号,科教文化服务,,,,34.579473,105.706930,
301,人民公园,秦州区,大城街道公园路69号,风景名胜,,,,34.576404,105.725268,
301,弘文园,秦州区,岷山路,风景名胜,,,,34.582440,105.750732,
301,伏羲城,秦州区,伏羲路,风景名胜,,,,34.578304,105.707740,
301,天水市动物园,秦州区,石马坪南山豹子沟,风景名胜,,,,34.565335,105.709216,
301,李广墓,秦州区,玉泉镇石马坪村88号,风景名胜,,,,34.566919,105.728702,
301,天水南郭寺大景区,秦州区,南郭路54号,风景名胜,,,,34.569332,105.744041,
301,天河广场,秦州区,羲皇大道西路2号,风景名胜,,,,34.576165,105.765862,
301,胡氏古民居建筑-南宅子,秦州区,大城街道大城街道民主西路111号胡氏古民建筑,风景名胜,,,,34.580190,105.722900,
301,天水古城墙遗址,秦州区,成纪大道西路天水西关古城,风景名胜,,,,34.580403,105.712351,
301,启汉楼,秦州区,双桥北路10号,风景名胜,,,,34.580072,105.710627,
301,天水工业博物馆,秦州区,羲皇大道西路11号,科教文化服务,,,,34.572215,105.760063,
301,豹子沟珍稀植物园牡丹园,秦州区,豹子沟,风景名胜,,,,34.564923,105.707157,
301,天水海洋乐园,秦州区,七里墩天河广场内(北侧),风景名胜,,,,34.576354,105.765940,
301,伏羲祭祀广场,秦州区,女娲路逸夫小学对面正东方向160米,风景名胜,,,,34.577726,105.707499,
301,藉河风情线,秦州区,藉河北路,风景名胜,,,,34.576842,105.729434,
301,汉忠烈纪将军祠,秦州区,青年北路92号,风景名胜,,,,34.581162,105.725860,
301,天水转角楼,秦州区,交通巷与自由路交叉口东南20米,风景名胜,,,,34.580283,105.715939,
301,天水花舞南山文化旅游度假区,秦州区,吕儿沟南路,风景名胜,,,,34.530814,105.742732,
301,诸葛军垒,秦州区,藉河南路,风景名胜,,,,34.571082,105.746604,
302,金岭公园,白银区,北京路436号,风景名胜,,,,36.552164,104.148796,
302,白银市银凤湖公园,白银区,诚信大道银凤湖,风景名胜,,,,36.532417,104.138356,
302,金鱼公园,白银区,公园路街道东山路144号,风景名胜,,,,36.546939,104.181717,
302,白银市博物馆,白银区,纺织路街道长安路330号,科教文化服务,,,,36.540535,104.137767,
302,天天来广场,白银区,北京路169号,风景名胜,,,,36.545517,104.167598,
302,西山公园,白银区,北京路51号,风景名胜,,,,36.543573,104.164496,
302,银光公园,白银区,公园路街道银光路233号,风景名胜,,,,36.530531,104.184893,
302,火焰山国家矿山公园,白银区,四龙路白银公司科技馆,风景名胜,,,,36.551201,104.195535,
302,三角花园,白银区,友好路一巷与冶金路交叉口西南80米,风景名胜,,,,36.554387,104.174561,
302,莲花禅寺,白银区,诚信路与兰州路交叉口东140米,风景名胜,,,,36.533220,104.142153,
302,白银水川黄河湿地公园,白银区,水川镇492乡道黄河壹品旁,风景名胜,,,,36.364866,104.248774,
302,白银金沟河湿地生态区,白银区,北环路与诚信大道交叉口东南侧,风景名胜,,,,36.561629,104.145678,
302,万盛公园,白银区,人民路100号斜对面,风景名胜,,,,36.545947,104.171682,
302,银西花海休闲旅游公园,白银区,纺织路街道温州路1号,风景名胜,,,,36.515784,104.125679,
302,大坪凤园花海,白银区,水川镇大坪路,风景名胜,,,,36.395741,104.282529,
302,银西生态公园,白银区,纺织路街道杭州路,风景名胜,,,,36.491023,104.119719,
302,白银市金鱼公园-动物园,白银区,东山路金鱼公园(东南角),风景名胜,,,,36.545657,104.182864,
302,长通公园,白银区,长通路567号附近,风景名胜,,,,36.553190,104.164345,
302,白银永光清真大寺,白银区,天沿小区西侧90米,风景名胜,,,,36.538964,104.192567,
302,白银嘉垣广场,白银区,公园路与中心街交叉口东100米,风景名胜,,,,36.545854,104.178078,
302,佑三堂脂老虎,白银区,北京路与兰州路交叉口西160米,风景名胜,,,,36.546211,104.138966,
302,黄河大峡景区,白银区,水川镇,风景名胜,,,,36.300942,104.155151,
302,白银火焰山国家矿山公园博物馆,白银区,公园路街道火焰山国家矿山公园,科教文化服务,,,,36.551618,104.195193,
302,银西公园,白银区,金山路与厦门路交叉口西南180米,风景名胜,,,,36.515064,104.103230,
302,白银清真大寺,白银区,四龙路,风景名胜,,,,36.551165,104.193084,
303,河西都会景区,凉州区,雷台东路与滨河路交汇处,风景名胜,,,,37.942180,102.645744,
303,鸠摩罗什寺,凉州区,北大街53号,风景名胜,,,,37.932061,102.635355,
303,武威文庙,凉州区,东大街街道崇文街172号,风景名胜,,,,37.924704,102.643483,
303,雷台汉文化博物馆,凉州区,雷台东路北关中路向北100米,科教文化服务,,,,37.941911,102.638231,
303,雷台-汉墓,凉州区,北关中路192号,风景名胜,,,,37.939588,102.638381,
303,南城门楼,凉州区,南大街121号,风景名胜,,,,37.923267,102.636490,
303,东巷子历史文化街区,凉州区,北大街66号凉州十七巷(西北角),风景名胜,,,,37.931959,102.638577,
303,武威市博物馆,凉州区,金羊镇宣武街姑臧路25号,科教文化服务,,,,37.942115,102.622849,
303,海藏公园,凉州区,天祝街30号,风景名胜,,,,37.948250,102.621601,
303,凉州十七巷,凉州区,北大街66号,风景名胜,,,,37.928732,102.645150,
303,文化广场,凉州区,共和街东口秦剧团家属楼3单元4楼西文化广场北口,风景名胜,,,,37.928302,102.635389,
303,古钟楼历史文化街区,凉州区,钟楼路与闻达巷交叉口东120米,风景名胜,,,,37.930314,102.644352,
303,西郊公园,凉州区,西关街公园路110号,风景名胜,,,,37.931072,102.619469,
303,罗什寺历史文化街区,凉州区,玉泉巷与甘泉巷交叉口东北100米,风景名胜,,,,37.932586,102.633931,
303,武威西夏博物馆,凉州区,崇文街181号,科教文化服务,,,,37.923406,102.644281,
303,文庙历史文化街区,凉州区,闻喜巷与书院巷交叉口东180米,风景名胜,,,,37.926162,102.644684,
303,海藏寺,凉州区,天祝街30号海藏公园内(北侧),风景名胜,,,,37.955595,102.620447,
303,文庙广场,凉州区,崇文街与闻喜巷交叉口东南60米,风景名胜,,,,37.923314,102.642955,
303,天马湖公园,凉州区,金羊镇复兴路115号,风景名胜,,,,37.902390,102.637653,
303,马踏飞燕城标塔,凉州区,西大街2号,风景名胜,,,,37.928887,102.635423,
303,南城门广场,凉州区,南大街38-462号,风景名胜,,,,37.922094,102.636538,
303,姑臧合市,凉州区,河西都会景区(东南角),风景名胜,,,,37.940406,102.647963,
303,武威塔儿湾(二期)欢乐世界,凉州区,569国道与新建路交叉口西北420米,体育休闲服务,,,,37.943141,102.567819,
303,农垦什字,凉州区,南滨河东路753号农垦大厦(祁连大道),风景名胜,,,,37.934529,102.629550,
303,海藏公园-北湖,凉州区,海藏公园,风景名胜,,,,37.952466,102.619498,
304,大佛寺,甘州区,大佛寺巷64号,风景名胜,,,,38.930715,100.456298,
304,张掖市博物馆,甘州区,县府街130号,科教文化服务,,,,38.929161,100.452829,
304,甘泉公园,甘州区,西街街道北环路569号,风景名胜,,,,38.942076,100.451634,
304,明清古街,甘州区,西大街与县府街交叉口北20米,购物服务,,,,38.936961,100.452107,
304,张掖清真寺,甘州区,南大街与南环路交叉口南220米,风景名胜,,,,38.925210,100.459272,
304,甘州府城,甘州区,滨河新区甘州府城院内,风景名胜,,,,38.962710,100.433110,
304,张掖国家湿地公园,甘州区,城郊北部,风景名胜,,,,38.975286,100.453779,
304,芦水湾旅游度假区,甘州区,玉水街南段东侧,风景名胜,,,,38.961533,100.426675,
304,玉水苑,甘州区,新墩镇滨河大道143号,风景名胜,,,,38.970495,100.430141,
304,西来寺,甘州区,西来寺巷,风景名胜,,,,38.929879,100.450672,
304,水天一色,甘州区,滨湖路与临泽北路交叉口北80米,风景名胜,,,,38.955627,100.418699,
304,南湖公园,甘州区,南二环路538号,风景名胜,,,,38.913643,100.457213,
304,西夏国寺,甘州区,县府街85号,风景名胜,,,,38.930362,100.453975,
304,文津公园,甘州区,高台南路与宣化路交叉路口往西南约170米,风景名胜,,,,38.924436,100.411693,
304,高金城烈士纪念馆,甘州区,大衙门街解放巷14号,风景名胜,,,,38.941220,100.453894,
304,甘泉文化广场,甘州区,南大街与民主东街交叉口东南100米,风景名胜,,,,38.931336,100.458818,
304,张掖动物园,甘州区,公园道1号西北侧340米,风景名胜,,,,38.961240,100.445868,
304,大佛寺-山西会馆,甘州区,南大街183号,风景名胜,,,,38.931264,100.457856,
304,富来登温泉水乐园(水乐汇),甘州区,临松东街314号,体育休闲服务,,,,38.944983,100.422954,
304,湿地公园,甘州区,北环路与东环路交叉口西南约40米,风景名胜,,,,38.946040,100.467204,
304,张掖城市湿地博物馆,甘州区,新墩镇国家湿地公园南口停车场对面,科教文化服务,,,,38.963641,100.451839,
304,南大池公园,甘州区,新建街与甘泉巷交叉口西北100米,风景名胜,,,,38.930829,100.462977,
304,高总兵府,甘州区,民主西街160号,风景名胜,,,,38.931347,100.448056,
304,胡家园子公园,甘州区,北环路与欧式街交叉口北300米,风景名胜,,,,38.946605,100.448763,
304,迪士嘉游乐园,甘州区,新墩镇玉水苑彩灯公园西南侧130米,体育休闲服务,,,,38.968079,100.430682,
305,定西公园,安定区,薯都大道,风景名胜,,,,35.610733,104.598343,
305,七台山欢乐园,安定区,岷县街七台山欢乐园,体育休闲服务,,,,35.592512,104.597014,
305,定西市博物馆,安定区,安定路1-2号,科教文化服务,,,,35.608422,104.595091,
305,玉湖公园,安定区,正龙路77号,风景名胜,,,,35.571096,104.614572,
305,友谊广场,安定区,友谊北路90号,风景名胜,,,,35.582275,104.621003,
305,西岩山森林公园,安定区,公园路北端,风景名胜,,,,35.576496,104.604028,
305,正立广场,安定区,中华路街道四号小区友谊北路17号,风景名胜,,,,35.577261,104.618653,
305,渭水公园,安定区,渭源街,风景名胜,,,,35.596506,104.615509,
305,青岚山生态旅游景区,安定区,机械路,风景名胜,,,,35.581923,104.688701,
305,立交桥广场,安定区,解放路与交通南路交叉路口东南侧(定西汽车站东北侧约50米),风景名胜,,,,35.580881,104.632108,
305,江夏广场,安定区,江夏名城4期,风景名胜,,,,35.583803,104.612178,
305,览山银街,安定区,西岩路与公园路交叉口西南120米,风景名胜,,,,35.578243,104.611315,
305,定西市中华路市民公园,安定区,中华路,风景名胜,,,,35.580460,104.625422,
305,新盘旋路亨泰广场,安定区,西岩路与永定中路交叉口北60米,风景名胜,,,,35.573092,104.613021,
305,许公纪念馆,安定区,112县道北50米,风景名胜,,,,35.583915,104.644045,
305,凤翔园体育公园,安定区,薯都大道南,风景名胜,,,,35.615411,104.601191,
305,人工湖音乐喷泉,安定区,安定路定西公园,风景名胜,,,,35.610171,104.597934,
305,中山垒遗址,安定区,关川路,风景名胜,,,,35.595879,104.613313,
305,定西市安定区博物馆,安定区,永定路街道永定路街道永定路街道永定路街道永定路街道解放路56号,科教文化服务,,,,35.577484,104.623906,
305,兰雅东关广场,安定区,交通南路与312国道交叉口东100米,风景名胜,,,,35.578914,104.633338,
305,关川趣多多游乐园,安定区,亿联国际商贸城,体育休闲服务,,,,35.620629,104.597099,
305,南山,安定区,吃的来农家山庄南侧280米,风景名胜,,,,35.567377,104.621834,
305,圆梦广场,安定区,将台街与福台路交叉口东100米,风景名胜,,,,35.590534,104.605530,
305,定西市体育公园,安定区,定西市体育运动中心内(北侧),风景名胜,,,,35.591888,104.611267,
305,定西新城清真大寺,安定区,关川路与洮阳街交叉口东南40米,风景名胜,,,,35.604239,104.605869,
306,安多合作米拉日巴佛阁,合作市,坚木克尔街道那吾镇那吾路铁坝路交叉口安多合作寺院,风景名胜,,,,35.006167,102.915329,
306,香巴拉文化广场,合作市,当周街与碌曲西路交叉路口往东南约110米,风景名胜,,,,34.983393,102.910092,
306,当周草原风景区,合作市,知合玛路甘南文旅会展中心对面,风景名胜,,,,34.952547,102.887942,
306,安多合作寺院米拉日巴佛阁售票处,合作市,那吾路安多合作寺院米拉日巴佛阁,生活服务,,,,35.005952,102.915326,
306,甘南藏族自治州博物馆,合作市,舟曲西路与当周街交叉口处甘南州文博大厦,科教文化服务,,,,34.986863,102.910668,
306,合作市观景台,合作市,念钦街186号,风景名胜,,,,34.983150,102.898951,
306,美仁大草原游客中心,合作市,驴充充汽车充电站(美仁草原景区游客服务中心)东侧230米,生活服务,,,,35.025598,102.979954,
306,羚城公园,合作市,合作森林公园南侧150米,风景名胜,,,,34.954149,102.910409,
306,合作市西山清真寺,合作市,伊合昂街道念钦街,风景名胜,,,,34.991908,102.906932,
306,美仁大草原,合作市,佐盖多玛乡江达段北50米,风景名胜,,,,35.057083,103.221540,
306,合作市烈士陵园,合作市,郎木寺路001号,生活服务,,,,34.962276,102.904199,
306,二郎庙,合作市,通钦街与那吾路交叉口南360米,风景名胜,,,,35.001496,102.914702,
306,合作清真西寺,合作市,合作清真大寺对面,风景名胜,,,,34.999931,102.913054,
306,马头明王殿,合作市,安多合作米拉日巴佛阁,风景名胜,,,,35.007560,102.913020,
306,俄合拉景区,合作市,佐盖曼玛镇石油服务区加油站西北侧160米,风景名胜,,,,34.998565,103.039548,
306,当周神山,合作市,知合玛路280号当周草原风景区内(南侧),风景名胜,,,,34.924012,102.894480,
306,红山口观景台,卓尼县,完冒镇316国道东侧,风景名胜,,,,34.834940,103.162097,
306,达宗圣湖旅游景区,夏河县,312省道北,风景名胜,,,,35.219707,102.729098,
306,藏经阁,合作市,安多合作米拉日巴佛阁,风景名胜,,,,35.006118,102.913856,
306,大经堂,合作市,安多合作米拉日巴佛阁,风景名胜,,,,35.006840,102.912820,
306,阿米贡洪,夏河县,阿木去乎镇桑科草原内(南侧),风景名胜,,,,34.920119,102.588537,
306,达尔宗圣湖,夏河县,312省道北达宗圣湖旅游景区,风景名胜,,,,35.242991,102.718026,
306,多河寺院,合作市,306省道西200米,风景名胜,,,,34.901347,102.922182,
306,熊猫沟麦日旅游景区,夏河县,达麦乡当浪咱,风景名胜,,,,35.143263,102.656726,
306,美仁大草原2号观景平台,合作市,江达段旁,风景名胜,,,,35.056770,103.294650,
307,东湖公园,西峰区,九龙路66号,风景名胜,,,,35.736709,107.652924,
307,清水沟国家水利风景区,西峰区,[],风景名胜,,,,35.709472,107.672943,
307,小崆峒,西峰区,董志乡境内,风景名胜,,,,35.668199,107.673765,
307,海绵运动公园,西峰区,岐黄大道与董陈路交叉口西北260米,风景名胜,,,,35.672819,107.650767,
307,东郊湖海绵湿地公园,西峰区,育才东路与公刘路交叉口东北300米,风景名胜,,,,35.730957,107.673625,
307,天富亿游乐园,西峰区,温泉镇天富亿生态园向南80米,体育休闲服务,,,,35.716909,107.670072,
307,海绵绿地公园,西峰区,石油西路与长庆大道交叉口东南100米,风景名胜,,,,35.680253,107.642699,
307,南湖公园,西峰区,石油西路与西环路交叉口西南150米,风景名胜,,,,35.678188,107.653008,
307,周祖广场-城北广场,西峰区,彭原镇,风景名胜,,,,35.757520,107.630120,
307,周祖广场,西峰区,长庆大道附近,风景名胜,,,,35.757539,107.630355,
307,北石窟寺,西峰区,董志镇南庄村31号,风景名胜,,,,35.610592,107.536677,
307,健身广场,西峰区,南街办事处(黄朝大酒店对面),风景名胜,,,,35.715907,107.634880,
307,西峰清真大寺,西峰区,老西环路73号,风景名胜,,,,35.732304,107.629177,
307,半月广场,西峰区,西街办事处圣鼎步行街南口,风景名胜,,,,35.731413,107.637517,
307,北石窟驿风景区,镇原县,太平镇柳咀村金沟沟组,风景名胜,,,,35.604548,107.528498,
307,庆阳市北湖公园,西峰区,鄢旗坳村马岭队19号,风景名胜,,,,35.782842,107.611328,
307,公刘广场,西峰区,兰州路,风景名胜,,,,35.724127,107.673394,
307,人民广场,西峰区,南大街与安定东路交叉口东南160米,风景名胜,,,,35.728857,107.644114,
307,翟池旅游景区,镇原县,镇原县G327翟池小学北侧,风景名胜,,,,35.565427,107.460718,
307,庆阳海绵广场,西峰区,北京大道与安化东路东南角,风景名胜,,,,35.712564,107.663924,
307,嘉鑫亲子游乐园,西峰区,嘉鑫国际建材城至尊馆对面,体育休闲服务,,,,35.698890,107.631010,
307,大峡谷瀑布,西峰区,什社乡武川村班川队,风景名胜,,,,35.712901,107.854107,
307,金斗寺,西峰区,朔州东路与董志塬大道交叉口东南300米,风景名胜,,,,35.702655,107.653643,
307,庆阳民俗文化城,西峰区,庆阳华兴商贸城(华兴北街),风景名胜,,,,35.737040,107.643618,
307,庆阳市西峰区博物馆,西峰区,龙园附近,科教文化服务,,,,35.667269,107.673400,
308,八坊十三巷,临夏市,八坊街道新西路,风景名胜,,,,35.591251,103.210271,
308,黄河国家文化公园-河州牡丹文化公园,临夏市,前河沿东路,风景名胜,,,,35.599489,103.230547,
308,红园,临夏市,红园路2号,风景名胜,,,,35.597349,103.201189,
308,红园广场,临夏市,红园路2号红园,风景名胜,,,,35.595267,103.202045,
308,蝴蝶桥,临夏市,前河沿东路128号,风景名胜,,,,35.599151,103.230300,
308,临夏新华寺,临夏市,新西路与坝口巷交叉口西南20米,风景名胜,,,,35.590823,103.206241,
308,临夏清真老华寺,临夏市,新西路85号,风景名胜,,,,35.591577,103.205118,
308,大旮巷,临夏市,八坊街道新西路八坊十三巷(东南角),风景名胜,,,,35.588595,103.212515,
308,红园-北区,临夏市,红园路2号红园,风景名胜,,,,35.596720,103.200854,
308,临夏南关清真大寺,临夏市,北大街1号,风景名胜,,,,35.594293,103.212555,
308,红水河花街,临夏市,王寺街与坝口巷交叉口北100米,风景名胜,,,,35.593763,103.209493,
308,临夏回族自治州博物馆,临夏市,滨河东路(临夏政府附近),科教文化服务,,,,35.601867,103.243262,
308,华寺拱北,临夏市,华寺街西100米,风景名胜,,,,35.588792,103.199404,
308,关家台清真寺,临夏市,东关街道前河沿东路关家台幼儿园附近,风景名胜,,,,35.596013,103.223669,
308,蝴蝶楼(不对外开放),临夏市,前河沿路80号,风景名胜,,,,35.586489,103.203310,
308,前河沿清真寺,临夏市,新西路14号,风景名胜,,,,35.588519,103.208305,
308,临夏北塬5D玻璃桥,临夏县,北塬镇观光路,风景名胜,,,,35.637282,103.226760,
308,魁星阁清真寺,临夏市,光华东路口,风景名胜,,,,35.598996,103.220092,
308,清真韩家寺,临夏市,环城东路82号临夏东宫馆附近,风景名胜,,,,35.593565,103.217076,
308,清真铁家寺,临夏市,八坊街道新西路,风景名胜,,,,35.589610,103.207860,
308,折桥大院,临夏市,魅力折桥湾停车场院内,风景名胜,,,,35.637641,103.256310,
308,三龙王庙,临夏市,城郊镇滨河东路二龙王庙,风景名胜,,,,35.593054,103.232454,
308,临夏市木场清真寺,临夏市,木场街82号,风景名胜,,,,35.585726,103.211965,
308,折桥湾景区,临夏市,折桥镇折桥村,风景名胜,,,,35.631618,103.255970,
308,大拱北,临夏市,红园路554号,风景名胜,,,,35.597292,103.201155,
309,滨江生态湿地公园,武都区,东江水公园南(G75武都高架桥下),风景名胜,,,,33.370476,104.945340,
309,陇南市博物馆,武都区,东江新区长江大道44号,科教文化服务,,,,33.368544,104.957874,
309,姚寨沟风景区,武都区,城郊乡,风景名胜,,,,33.337199,104.899620,
309,东江水公园,武都区,212国道,风景名胜,,,,33.374692,104.939491,
309,5.12主题纪念园,武都区,滨河路,风景名胜,,,,33.368180,104.952517,
309,白龙江廊桥,武都区,姚武公路与长江大道交叉口南20米,风景名胜,,,,33.386716,104.926014,
309,东江新区行政文化中心广场,武都区,广场东路与长江大道交叉口西北120米,风景名胜,,,,33.368530,104.959374,
309,陇南文县天池风景区,文县,天池镇天池村,风景名胜,,,,33.251632,104.754697,
309,江南公园,武都区,城关镇江南公园(75国道北),风景名胜,,,,33.365712,104.950129,
309,西关城门,武都区,西关梁园路20号,风景名胜,,,,33.395821,104.923690,
309,盘旋路街心花园,武都区,城关镇盘旋路,风景名胜,,,,33.385343,104.932076,
309,武都南山公园,武都区,长江大道与新村路交叉口西320米,风景名胜,,,,33.388680,104.917200,
309,栈道湾湿地公园,武都区,长江大道172号,风景名胜,,,,33.365004,104.970288,
309,钟楼公园,武都区,弘文街2号,风景名胜,,,,33.400397,104.911690,
309,龙门阁,武都区,万象街(西北角),风景名胜,,,,33.363912,104.948189,
309,万象街龙门阁后广场,武都区,清水河西街与姚武公路交叉口东南100米,风景名胜,,,,33.364212,104.948229,
309,城南古渡花海湿地公园,武都区,天辰古今里东侧,风景名胜,,,,33.376562,104.934600,
309,天池湖区,文县,大庙上村天池国家森林公园内,风景名胜,,,,33.249785,104.748971,
309,武都区城关清真大寺,武都区,新村路与长江大道交叉口东北200米,风景名胜,,,,33.390673,104.922197,
309,清凉寺,武都区,东江镇赵坪社区,风景名胜,,,,33.382202,104.964103,
309,南山公园-武都广场,武都区,武都南山公园,风景名胜,,,,33.383988,104.918356,
309,在水一方休闲文化艺术空间,武都区,滨江生态湿地公园彩虹桥西侧入口处,科教文化服务,,,,33.373532,104.938619,
309,大爷庙,武都区,东江镇10号路西北侧,风景名胜,,,,33.380366,104.954326,
309,象山湖公园,武都区,城郊乡姚寨沟,风景名胜,,,,33.335328,104.898047,
309,浠禾瀑布,武都区,姚武公路,风景名胜,,,,33.342875,104.920225,
310,凤凰山公园,利州区,嘉陵街道蜀门北路一段蜀门市场对面,风景名胜,,,,32.439343,105.828127,
310,剑门关,利州区,丝绸街与商业街交叉口西120米,风景名胜,,,,32.436825,105.837375,
310,千佛崖,利州区,千佛路43号,风景名胜,,,,32.469919,105.846473,
310,广元市水上公园,利州区,滨河北路一段与嘉陵路南段交叉口西北120米,风景名胜,,,,32.433551,105.839739,
310,广元凤凰楼,利州区,凤凰山公园,风景名胜,,,,32.439012,105.827838,
310,水上公园观景台,利州区,滨河北路一段与嘉陵路南段交叉口东南60米,风景名胜,,,,32.432325,105.840680,
310,广元市博物馆,利州区,文化路586号,科教文化服务,,,,32.428673,105.860421,
310,凤翔楼,利州区,打铁街130号,风景名胜,,,,32.436471,105.818042,
310,南站记忆历史文化街区,利州区,利州西路3号,购物服务,,,,32.420208,105.798095,
310,广元铁桥桥头公园,利州区,老城下河街,风景名胜,,,,32.433166,105.818384,
310,南河广场,利州区,滨河南路94号,风景名胜,,,,32.429947,105.829303,
310,昭化古城,昭化区,昭化镇城关村桔柏渡街144号,风景名胜,,,,32.336267,105.719853,
310,嘉陵广场,利州区,上河街252号,风景名胜,,,,32.440472,105.819705,
310,金杯半山·健康城运动公园,利州区,[],风景名胜,,,,32.460887,105.858686,
310,广元三线记忆博物馆,利州区,兴安路120厂,科教文化服务,,,,32.445689,105.886499,
310,广元市天曌山景区,利州区,米仓山南麓,风景名胜,,,,32.471518,105.718045,
310,利州区法治广场,利州区,万源二号路南100米,风景名胜,,,,32.418621,105.868383,
310,广元市红星公园,利州区,嘤鸣路162号,风景名胜,,,,32.417928,105.898428,
310,高阳绿亭,利州区,公园街44-45号,风景名胜,,,,32.436908,105.843455,
310,湿地公园南山,利州区,南河湿地公园,风景名胜,,,,32.417108,105.844194,
310,世纪广场(政府街),利州区,政府街67号,商务住宅,,,,32.437927,105.821102,
310,2026女皇故里彩灯会,利州区,百草园西93米,风景名胜,,,,32.439012,105.871948,
310,天成广场,利州区,古渡路天成广场(天成大酒店附近),风景名胜,,,,32.428823,105.820384,
310,龙潭芳香南山,利州区,[],风景名胜,,,,32.368556,105.868479,
310,东晟公园,利州区,滨河北路一段与公澈路交叉口东南120米,风景名胜,,,,32.423122,105.851566,
311,清泉寺,顺庆区,舞凤镇清泉山上,风景名胜,,,,30.839326,106.124395,
311,南充市城北公园,顺庆区,颐和嘉园东区北对面,风景名胜,,,,30.841135,106.110754,
311,南充市北湖公园,顺庆区,中城街道文化路369号,风景名胜,,,,30.797097,106.083210,
311,双女石公园,顺庆区,舞凤街道双女石路(西南石油大学南充校区东侧),风景名胜,,,,30.829205,106.125407,
311,安汉广场,高坪区,沁园路69号,风景名胜,,,,30.779071,106.119332,
311,气象公园,顺庆区,华生东路附近,风景名胜,,,,30.826747,106.086964,
311,西山风景区,顺庆区,环峰路与丝绸路交汇路口,风景名胜,,,,30.797201,106.054536,
311,罗瑞卿故居,顺庆区,舞凤街道舞凤街道将军路25号,风景名胜,,,,30.818307,106.121680,
311,将军公园,顺庆区,罗瑞卿故居背后,风景名胜,,,,30.818626,106.121071,
311,人民广场,顺庆区,清源北路与环都大道四段交叉口东北240米,风景名胜,,,,30.834071,106.110604,
311,南充市博物馆,顺庆区,玉带北路二段附近,科教文化服务,,,,30.808285,106.076848,
311,南充不夜城文旅广场,顺庆区,高新大道潆华南路一段与华兴街交叉口东南120米,风景名胜,,,,30.818648,106.079376,
311,印象嘉陵江湿地公园,高坪区,白塔街道上中坝大桥,风景名胜,,,,30.796914,106.106252,
311,南门坝生态公园,顺庆区,滨江中路四段20号,风景名胜,,,,30.768977,106.085630,
311,西河体育公园,顺庆区,白土坝路(近佳兆业君汇上品),风景名胜,,,,30.809079,106.075344,
311,西山风景区万卷楼景区,顺庆区,火花街道玉屏路6号,风景名胜,,,,30.777563,106.069059,
311,南充熊猫三国城,顺庆区,陈寿路443号,风景名胜,,,,30.776949,106.073182,
311,南门坝生态公园-清晖阁,顺庆区,东南街道滨江中路四段20号南门坝生态公园内(南侧)清晖阁,风景名胜,,,,30.766828,106.085272,
311,清泉公园,顺庆区,清泉寺北路,风景名胜,,,,30.838414,106.123723,
311,清泉滨江公园,顺庆区,清泉坝,风景名胜,,,,30.802788,106.115907,
311,嘉陵江下中坝缤纷水岸湿地公园,高坪区,江东大道江东中路三段与瑶池路交叉口西北360米,风景名胜,,,,30.769716,106.094033,
311,印象西河,顺庆区,华凤街道兴源西路(新豪天地西侧),购物服务,,,,30.813135,106.075762,
311,凤仪湾中法农业科技园,高坪区,江陵镇,风景名胜,,,,30.949478,106.222095,
311,凌云山风景区,高坪区,八角新村,风景名胜,,,,30.747874,106.204124,
311,舞凤山,顺庆区,铁明路与凤鸣路交叉口东340米,风景名胜,,,,30.814241,106.087975,
312,回风亭,巴州区,桂花路58号,风景名胜,,,,31.866250,106.737945,
312,巴人广场,巴州区,江北大街331号,风景名胜,,,,31.856695,106.758908,
312,望王山,巴州区,江北二环路,风景名胜,,,,31.875362,106.750732,
312,南龛石窟,巴州区,西城街道西城街道南龛路38号,风景名胜,,,,31.844538,106.760247,
312,大佛寺,巴州区,回风路飞网信息中心学校南侧约150米,风景名胜,,,,31.891261,106.746807,
312,街心花园,巴州区,南泉寺街与东城街交叉口西南40米,商务住宅,,,,31.850400,106.764133,
312,川陕革命根据地博物馆,巴州区,南龛路44号南龛风景区,风景名胜,,,,31.846316,106.763431,
312,恩阳古镇,恩阳区,文治街道恩阳镇魁字湾一街,风景名胜,,,,31.791435,106.631004,
312,七里香溪,巴州区,莲花街张家巷,购物服务,,,,31.860499,106.775691,
312,云台花园,巴州区,文苑街,商务住宅,,,,31.870137,106.745720,
312,望王山运动公园,巴州区,望王路西段望王山上,风景名胜,,,,31.863321,106.755106,
312,伊索欢乐世界,巴州区,莲山湖社区三居民组1号,体育休闲服务,,,,31.830107,106.726866,
312,山海龙岛,巴州区,亲民巷与十全街交叉口西南180米,风景名胜,,,,31.875270,106.743743,
312,将帅碑林,巴州区,南龛路1号,风景名胜,,,,31.841266,106.758352,
312,中交王府景八匹马广场,巴州区,中杨大道,风景名胜,,,,31.844615,106.775929,
312,苏山坪·乡瓣童年田园综合体,巴州区,苏山村2组63号,风景名胜,,,,31.877565,106.785481,
312,津桥湖公园,巴州区,江南福地对面,风景名胜,,,,31.857519,106.732304,
312,南龛坡,巴州区,红碑路南龛段,风景名胜,,,,31.843633,106.760482,
312,魁星楼广场,巴州区,老观桥路与小东门街交叉口西80米,风景名胜,,,,31.850922,106.769721,
312,新天地广场,巴州区,广福街2号东南方向50米,风景名胜,,,,31.864842,106.734185,
312,北龛石窟,巴州区,龙北街丰泽园小区东路北,风景名胜,,,,31.863445,106.773727,
312,云上青山,巴州区,平梁镇,体育休闲服务,,,,31.939571,106.684014,
312,太阳广场,巴州区,晏阳初大道与后河路交叉口东北260米,风景名胜,,,,31.839728,106.775083,
312,光雾和谷海花沟,巴州区,江北大道西段与财苑街交叉口西北120米,风景名胜,,,,31.864201,106.746596,
312,九寨山旅游景区,巴州区,[],风景名胜,,,,31.850074,106.871820,
313,德阳文庙,旌阳区,文庙街133号,风景名胜,,,,31.129520,104.391594,
313,德阳文庙广场,旌阳区,下南街133号,风景名胜,,,,31.127658,104.391720,
313,钟鼓楼,旌阳区,G5京昆高速附近,风景名胜,,,,31.126116,104.422605,
313,钟鼓楼广场,旌阳区,旌东街道长江东路283号,风景名胜,,,,31.127025,104.418566,
313,黄金海岸,旌阳区,峨眉北路2段9号,商务住宅,,,,31.145810,104.409278,
313,玄珠湖,旌阳区,双拥路与106省道交叉口西南150米,风景名胜,,,,31.122589,104.424139,
313,三星堆博物馆,广汉市,向新路133号,科教文化服务,,,,31.001439,104.218621,
313,德阳市北公园,旌阳区,莹华山北路,风景名胜,,,,31.151230,104.404085,
313,旌湖文化艺术长廊,旌阳区,蓥华南路与松花江北路交叉口南200米,风景名胜,,,,31.099326,104.397455,
313,柳梢堰快乐公园,旌阳区,庐山南路三段西侧柳稍堰湿地公园内,风景名胜,,,,31.080995,104.410676,
313,德阳市南公园,旌阳区,鞍山路68号,风景名胜,,,,31.097838,104.401233,
313,悦海水上乐园,旌阳区,玉山路与大渡河路交汇北行200米路东,体育休闲服务,,,,31.115116,104.346288,
313,富乐谷欢乐世界,旌阳区,柳稍堰湿地公园E区,体育休闲服务,,,,31.091306,104.418432,
313,孝泉镇,旌阳区,德茂路附近,风景名胜,,,,31.247181,104.279351,
313,德阳市博物馆,旌阳区,旌阳街道文庙街133号,科教文化服务,,,,31.130582,104.392084,
313,金螺湾生态公园,旌阳区,天山北路一段,风景名胜,,,,31.162847,104.411854,
313,白马关景区,罗江区,白马关镇,风景名胜,,,,31.280049,104.470673,
313,崇果寺,旌阳区,云湖街62号,风景名胜,,,,31.114919,104.422915,
313,城皇庙店,旌阳区,城皇庙街与南城根街交叉口东南20米,风景名胜,,,,31.130364,104.394302,
313,红光印象,旌阳区,孝感红光村,风景名胜,,,,31.165042,104.361982,
313,庐山公园,旌阳区,庐山北路6号,风景名胜,,,,31.128126,104.409613,
313,文德湖公园,旌阳区,庐山北路与黄浦江路交叉口东北260米,风景名胜,,,,31.163163,104.417986,
313,易家河坝旅游风景区,广汉市,014乡道,风景名胜,,,,30.944208,104.382677,
313,房湖公园,广汉市,房湖路,风景名胜,,,,30.973226,104.282173,
313,金雁湖,广汉市,金雁街道北京路一段1号,风景名胜,,,,30.990113,104.278962,
314,火炬广场,涪城区,火炬北路南50米火炬大厦,风景名胜,,,,31.467630,104.679110,
314,科技城人才公园,涪城区,园艺东街与八角南路交叉口东南侧,风景名胜,,,,31.471943,104.699465,
314,西山子云亭风景区,涪城区,西山南路4号,风景名胜,,,,31.476977,104.726582,
314,园艺山人工湖公园,涪城区,科技路附近,风景名胜,,,,31.493893,104.708902,
314,绵阳市人民公园,涪城区,临园路东段57号(近步行街),风景名胜,,,,31.461291,104.747633,
314,绵阳市莲花寺,涪城区,科教创业园区八角村七组,风景名胜,,,,31.479244,104.684456,
314,越王楼风景区,游仙区,剑南路东段326号,风景名胜,,,,31.469694,104.755999,
314,子云亭,涪城区,西山南路22号,风景名胜,,,,31.476876,104.728597,
314,时代广场,涪城区,建新西路100号,风景名胜,,,,31.464946,104.660251,
314,五一广场,涪城区,西山东路90号,风景名胜,,,,31.482323,104.745715,
314,四川绵阳三江湖国家湿地公园,涪城区,城厢街道滨河北路东段与青年路交叉口西南约180米,风景名胜,,,,31.451950,104.764823,
314,绵阳中华大熊猫苑,安州区,绵阳科技城新区熊猫大道166号,风景名胜,,,,31.523343,104.628654,
314,绵阳市富乐山公园,游仙区,芙蓉路103段10号,风景名胜,,,,31.471634,104.777192,
314,三江半岛,涪城区,滨河北路东段298号,风景名胜,,,,31.454846,104.767152,
314,火炬公园,涪城区,飞云中街11号,风景名胜,,,,31.447624,104.701108,
314,八角社区文化广场,涪城区,莲花寺路与八角南路交叉口西南60米,风景名胜,,,,31.481189,104.684594,
314,仙海旅游度假区,游仙区,沉抗镇,风景名胜,,,,31.537603,104.879091,
314,中国大熊猫保护研究中心绵阳基地,安州区,绵安路62号,风景名胜,,,,31.520294,104.625108,
314,川北活体昆虫博物馆,涪城区,科创园区科技城人才公园内,科教文化服务,,,,31.471663,104.698537,
314,瓦店社区文化广场,涪城区,毅兴街与毅祥街交叉口东南300米,风景名胜,,,,31.437652,104.722793,
314,旗堡粱,涪城区,御旗路2号,风景名胜,,,,31.454007,104.728868,
314,绵阳市博物馆,游仙区,芙蓉路与芙蓉路北段交叉口北50米,科教文化服务,,,,31.475558,104.777577,
314,南山公园,涪城区,城南街道南山街道南塔路8号,风景名胜,,,,31.449311,104.770726,
314,绵阳蜗牛部落假日公园,江油市,九岭镇藕塘村16组,体育休闲服务,,,,31.616988,104.674929,
314,青年广场,涪城区,青年路5号,风景名胜,,,,31.454509,104.765846,
315,成都金融城双子塔,武侯区,高新区锦晖西一街55号(金融城地铁站出入口旁),商务住宅,,,,30.582588,104.064759,
315,交子公园,武侯区,天府大道北段,风景名胜,,,,30.582568,104.072828,
315,锦城公园,武侯区,益州大道北段1666号,风景名胜,,,,30.570449,104.052308,
315,铁像寺水街,武侯区,铁像寺路88号,风景名胜,,,,30.557844,104.050038,
315,桂溪生态公园,武侯区,天府一街附近,风景名胜,,,,30.563054,104.067314,
315,双子塔夜景打卡点,武侯区,交子大道与益州大道北段交叉口东40米,风景名胜,,,,30.582369,104.060512,
315,八潮天燚天妇罗,武侯区,交子大道33号中国华商金融中心,风景名胜,,,,30.581175,104.063425,
315,环球中心海洋乐园,武侯区,天府大道北段1700号新世纪环球中心1层,体育休闲服务,,,,30.569822,104.062862,
315,桂溪生态公园东区,武侯区,世纪城东路9号(四川电视台对面),风景名胜,,,,30.563249,104.073417,
315,九叶莲桥,武侯区,科华南路与锦云东三巷交叉口东北120米,风景名胜,,,,30.582484,104.078795,
315,大源中央公园,武侯区,成都高新区天府二街777号(大源地铁站D口旁),风景名胜,,,,30.549059,104.049182,
315,天府绿道,武侯区,世纪城东路9号桂溪生态公园东区内(东侧),风景名胜,,,,30.562750,104.076812,
315,成都江滩公园,武侯区,世纪城路,风景名胜,,,,30.555514,104.080905,
315,锦城湖2号湖区,武侯区,锦城大道1333号锦城湖内(东侧),风景名胜,,,,30.574282,104.043112,
315,中和湿地公园,双流区,朝阳横街北50米,风景名胜,,,,30.565879,104.095422,
315,铁像寺,武侯区,铁像寺路66号,风景名胜,,,,30.557092,104.049006,
315,交子之环,武侯区,交子大道177号中海国际中心,风景名胜,,,,30.581982,104.059498,
315,东湖公园,锦江区,二环路东五段301号(东湖公园地铁站A口旁),风景名胜,,,,30.616051,104.087899,
315,成都环城绿道0公里,武侯区,天府大道中段与天府大道北段辅路交叉口南190米,风景名胜,,,,30.564775,104.068877,
315,环球中心东广场,武侯区,天府大道北段1700号环球中心,风景名胜,,,,30.569188,104.065771,
315,UPARK公园,武侯区,富华北路666号,购物服务,,,,30.554564,104.039721,
315,桂溪生态公园西区,武侯区,天府一街桂溪生态公园(西侧),风景名胜,,,,30.562903,104.062735,
315,成都武侯祠博物馆,武侯区,武侯祠大街231号,科教文化服务,,,,30.646168,104.047992,
315,三圣花乡旅游区,锦江区,[],风景名胜,,,,30.571996,104.133710,
315,望江楼公园,武侯区,望江路30号,风景名胜,,,,30.629277,104.092217,
316,神龙山巴人石头城,广安区,公园街188号,风景名胜,,,,30.444216,106.639241,
316,广安不夜城,广安区,滨江路南段9号,购物服务,,,,30.463926,106.648320,
316,邓小平故里,广安区,协兴镇牌坊村,风景名胜,,,,30.518535,106.636480,
316,北辰湖公园,广安区,洪洲大道东段7-4正北方向130米,风景名胜,,,,30.484986,106.642897,
316,白塔公园,广安区,白塔渠江大桥旁,风景名胜,,,,30.466599,106.658684,
316,五一公园,广安区,大寨社区,风景名胜,,,,30.472312,106.631844,
316,广安市博物馆,广安区,桥头坝路66号,科教文化服务,,,,30.469184,106.620744,
316,萃屏公园,广安区,北仓路,风景名胜,,,,30.473135,106.636094,
316,乐活城,广安区,小平故里路50号,风景名胜,,,,30.498215,106.634033,
316,环宇·广场,广安区,通江三路与内塔路交叉口西180米,商务住宅,,,,30.447650,106.670572,
316,广安城市体育公园,广安区,"西邻吾悦广场,北靠广安东高速",风景名胜,,,,30.446143,106.659169,
316,乐活城-湟龙峡大瀑布,广安区,小平故里路50号,风景名胜,,,,30.498433,106.631725,
316,渠江公园,广安区,广福街道滨江路,风景名胜,,,,30.463034,106.642879,
316,玉兔公园,广安区,枣山街道四方街1号,风景名胜,,,,30.452374,106.617738,
316,渠江红滩音乐公园,广安区,滨江东路与渠江之间、官盛大桥北侧,风景名胜,,,,30.458119,106.674759,
316,滨江公园,广安区,滨江东路1号,风景名胜,,,,30.465405,106.664658,
316,峡谷公园,广安区,滨河路三段67号,风景名胜,,,,30.453946,106.646425,
316,邓小平故里-邓小平故居陈列馆,广安区,牌坊村邓小平故里(西南角),风景名胜,,,,30.516591,106.634924,
316,深广人才公园,前锋区,深广大道,风景名胜,,,,30.467123,106.680218,
316,广能广场,广安区,思源大道与金安大道交叉口西南100米,风景名胜,,,,30.455617,106.633554,
316,广安侏罗纪乐园,广安区,刘家院街150号,风景名胜,,,,30.443935,106.586318,
316,华蓥山旅游区,华蓥市,红岩乡高顶村,风景名胜,,,,30.309361,106.816682,
316,邓小平同志故居,广安区,协兴镇牌坊村邓小平故里,风景名胜,,,,30.519633,106.636290,
316,文博公园,广安区,东双医养广安分院南96米,风景名胜,,,,30.468500,106.618751,
316,邓小平故里翰林院子,广安区,牌坊村邓小平故里内(北侧),风景名胜,,,,30.524569,106.636468,
317,莲花湖湿地公园,通川区,塔石路莲花派出所附近,风景名胜,,,,31.254049,107.458894,
317,塔沱湿地公园,通川区,西外镇塔坨白塔酒楼旁,风景名胜,,,,31.201835,107.481011,
317,达州博物馆,通川区,永兴路4号,科教文化服务,,,,31.208694,107.464989,
317,达州海洋馆,通川区,体育路6号,风景名胜,,,,31.218410,107.472763,
317,达州城市运动公园(一期),通川区,凤凰大道与马莲路交叉口东北200米,风景名胜,,,,31.222969,107.454773,
317,梨树坪湿地公园,达川区,长田新区创业四街,风景名胜,,,,31.169081,107.487602,
317,凤凰楼,通川区,凤凰山北路80-24,风景名胜,,,,31.228780,107.491619,
317,十里水寨水上乐园,通川区,泰诚路罗家坝社区三组,体育休闲服务,,,,31.236817,107.436162,
317,达州临江公园,达川区,南滨路三段,风景名胜,,,,31.198100,107.484988,
317,人民公园,通川区,通川中路132号,风景名胜,,,,31.213944,107.506678,
317,西圣寺,通川区,通川区职业高级中学朝阳东路,风景名胜,,,,31.222064,107.489137,
317,凤翎关,通川区,健民路与黄马湾路交叉口西北40米,商务住宅,,,,31.218578,107.510460,
317,达州钢琴博物馆,达川区,南国大道二段366号休闲文化体育公园内,科教文化服务,,,,31.180602,107.517558,
317,人民广场,通川区,永兴路2号达州政府对面,风景名胜,,,,31.207815,107.467281,
317,中央公园,达川区,南外3号干道中央公园小区内(文体中心旁),商务住宅,,,,31.182562,107.517587,
317,巴人文化广场,通川区,凤凰山路68号附近,风景名胜,,,,31.220585,107.485723,
317,双龙湖湿地公园,通川区,[],风景名胜,,,,31.193972,107.430308,
317,达州海洋欢乐世界,通川区,体育路6号达州海洋馆(西南角),风景名胜,,,,31.218138,107.472395,
317,天益广场,达川区,健身路与文兴街交叉口西100米,风景名胜,,,,31.184078,107.513613,
317,马踏洞中央公园,通川区,龙马大道,风景名胜,,,,31.198990,107.446670,
317,岛尖公园,达川区,达川区南滨路三段456号,风景名胜,,,,31.209905,107.483246,
317,万家河湿地公园,通川区,白塔路御菁园东北侧约60米,风景名胜,,,,31.212560,107.461932,
317,龙爪塔,通川区,朝阳中路377号,风景名胜,,,,31.207050,107.480777,
317,紫荆花公园,通川区,紫荆花路与永兴路交叉口东北120米,风景名胜,,,,31.209444,107.460657,
317,达州凤凰乐园,通川区,凤翔街4号,体育休闲服务,,,,31.215783,107.432250,
318,遂宁东湖半岛,船山区,河东新区永盛湖公园泸州银行对面,体育休闲服务,,,,30.564825,105.581349,
318,中国观音故里旅游区灵泉风景区,船山区,仁里镇灵泉风景区,风景名胜,,,,30.520756,105.625300,
318,四川宋瓷博物馆,船山区,德水北路遂宁文化中心D区,科教文化服务,,,,30.548769,105.587330,
318,灵泉寺,船山区,318国道,风景名胜,,,,30.520750,105.625324,
318,五彩缤纷湿地公园,船山区,河东新区五彩缤纷路,风景名胜,,,,30.524181,105.585732,
318,九莲洲生态湿地公园,船山区,介福路街道介福路街道嘉禾街道滨江北路通德大桥两侧,风景名胜,,,,30.532368,105.573253,
318,世界荷花博览园,船山区,圣莲岛,风景名胜,,,,30.512571,105.590128,
318,中国观音故里旅游区广德风景区,船山区,广德路,风景名胜,,,,30.490106,105.572499,
318,观音故里,船山区,广德路,风景名胜,,,,30.518604,105.620168,
318,仁里码头,船山区,318国道与五彩缤纷南路交叉口西北320米,风景名胜,,,,30.508083,105.608377,
318,西部唐都,船山区,九宗书院路与杨柳路交叉口东60米,风景名胜,,,,30.518739,105.616372,
318,临仙阁,船山区,五彩缤纷路与联盟河交叉口,风景名胜,,,,30.510734,105.608285,
318,东方明珠,船山区,东平南路6号,商务住宅,,,,30.518233,105.609237,
318,观音湖生态湿地公园,船山区,九莲洲生态湿地公园内(东侧),风景名胜,,,,30.531659,105.575997,
318,卧龙山公园,船山区,广德街道广德路,风景名胜,,,,30.493518,105.570663,
318,西山森林公园,船山区,嘉禾街道嘉禾街道西山路向康小区内,风景名胜,,,,30.513832,105.556906,
318,犀牛广场,船山区,犀牛堤,风景名胜,,,,30.516073,105.574296,
318,圣平岛田园综合体,船山区,[],风景名胜,,,,30.487480,105.627760,
318,犀牛堤,船山区,滨江北路与圣母巷交叉口东北40米,风景名胜,,,,30.513503,105.575087,
318,龙凤古镇,船山区,龙凤镇明星大道500号,风景名胜,,,,30.438256,105.636823,
318,蜀秀风景,船山区,蜀秀东街115号,商务住宅,,,,30.534383,105.567153,
318,圣平岛花花世界,船山区,滨江南路132号,风景名胜,,,,30.483394,105.631433,
318,坤唐·遂宁欢乐世界,船山区,河东新区普光大道198号,体育休闲服务,,,,30.534058,105.627631,
318,五彩之心,船山区,东平中路与灵云路交叉口西北180米,风景名胜,,,,30.523854,105.599552,
318,烟火里田园生活度假村,船山区,河东新区灵泉大道,体育休闲服务,,,,30.532880,105.620986,
319,苌弘广场,雁江区,滨江大道一段与和平南路交叉口东南60米,风景名胜,,,,30.107579,104.647628,
319,资阳市三贤文化公园,雁江区,四海大道,风景名胜,,,,30.141552,104.638131,
319,资阳市博物馆,雁江区,三贤路与车城大道交叉口东南处,科教文化服务,,,,30.137393,104.634317,
319,凤岭公园,雁江区,公园路西50米,风景名胜,,,,30.132520,104.651326,
319,资阳方特国色春秋,雁江区,水上乐园正大门,体育休闲服务,,,,30.190114,104.577209,
319,资阳方特水世界,雁江区,浅水湾路888号,体育休闲服务,,,,30.188307,104.573606,
319,资阳湿地公园,雁江区,外环路,风景名胜,,,,30.152548,104.609836,
319,车城公园,雁江区,晨风路30号,风景名胜,,,,30.136417,104.628448,
319,泥河风光,雁江区,宝台镇希望大道,商务住宅,,,,30.100980,104.678462,
319,九曲河广场,雁江区,三贤祠街道娇子大道九曲河文化广场,风景名胜,,,,30.128348,104.630105,
319,资溪滨河公园,雁江区,建设西路52号,风景名胜,,,,30.115133,104.643047,
319,沱江新城北广场,雁江区,滨江大道二段与雁兴路东二巷交叉口西南100米,风景名胜,,,,30.117655,104.664616,
319,金洋广场,雁江区,建设北路1号,风景名胜,,,,30.123122,104.642404,
319,资阳野人滩,雁江区,资阳野人滩游泳基地西侧100米,风景名胜,,,,30.141149,104.679444,
319,资阳红碑村荷花观赏点,雁江区,241乡道,风景名胜,,,,30.156896,104.568048,
319,雁南湖公园,雁江区,[],风景名胜,,,,30.060939,104.609192,
319,资阳文庙万仞宫墙,雁江区,健康路30号,风景名胜,,,,30.116473,104.648616,
319,莲台寺,雁江区,凤岭公园,风景名胜,,,,30.132608,104.653094,
319,王二溪古镇,雁江区,忠义中心校南侧240米,风景名胜,,,,29.990283,104.647721,
319,沱一桥安全文化广场,雁江区,锦湾大街200号,风景名胜,,,,30.106612,104.655047,
319,晏家坝乡村公园,雁江区,晏家坝村,风景名胜,,,,30.154157,104.709996,
319,青年林湿地公园,雁江区,青年林,风景名胜,,,,30.125195,104.670303,
319,体育广场,雁江区,大千路与康乐路交叉口北140米,体育休闲服务,,,,30.122711,104.616362,
319,普光寺,雁江区,凤岭公园(西南角),生活服务,,,,30.127657,104.646510,
319,三贤阁,雁江区,文博路与滨河西路三段交叉口南200米,风景名胜,,,,30.141633,104.636847,
320,东坡印象水街,东坡区,颍滨桥与颍滨路交汇处东南角,购物服务,,,,30.061279,103.864073,
320,三苏祠,东坡区,纱縠行南段72号,风景名胜,,,,30.040704,103.830863,
320,东坡城市湿地公园,东坡区,东坡岛,风景名胜,,,,30.056637,103.860184,
320,远景楼,东坡区,湖滨路南二段1号,风景名胜,,,,30.055588,103.853010,
320,太和公园,东坡区,文定街与科工园二路交汇口,风景名胜,,,,30.090937,103.864007,
320,万景·九巷十坊,东坡区,顺河街536号,风景名胜,,,,30.072335,103.827090,
320,太和老镇历史文化街区,东坡区,太和镇卫生院附近,风景名胜,,,,30.107171,103.866480,
320,太和老镇,东坡区,文定街北段与迎宾街交叉口南140米,风景名胜,,,,30.104030,103.862938,
320,三苏雕像广场,东坡区,小北街与环湖中路交叉口,风景名胜,,,,30.047228,103.834764,
320,泡菜广场,东坡区,顺江大道北段附近,风景名胜,,,,30.027212,103.852484,
320,苏辙公园,东坡区,眉州大道1号,风景名胜,,,,30.072701,103.873350,
320,滨江公园,东坡区,富牛大道南段,风景名胜,,,,30.052830,103.880401,
320,苏母公园,东坡区,二环东路291号,风景名胜,,,,30.038012,103.849827,
320,东坡宋城,东坡区,金城巷附近,风景名胜,,,,30.039355,103.831629,
320,万景激情荟,东坡区,大石桥街道红星东路二段万景·激情广场地下,风景名胜,,,,30.050531,103.851535,
320,中国泡菜博物馆,东坡区,顺江大道北段1号,科教文化服务,,,,30.026762,103.853596,
320,阳光音乐广场,东坡区,迎春北路与通义路交叉口南150米,风景名胜,,,,30.060146,103.832846,
320,江口沉银博物馆,彭山区,江口街223号,科教文化服务,,,,30.225019,103.910612,
320,蟆颐仙观,东坡区,江白路,风景名胜,,,,30.052428,103.876341,
320,眉山音乐喷泉,东坡区,城市湿地公园眉山音乐喷泉(裴城路东),风景名胜,,,,30.055812,103.855658,
320,苏洵公园,东坡区,眉州大道西四段附近,风景名胜,,,,30.071692,103.825728,
320,眉州老城门,东坡区,一环东路563号,风景名胜,,,,30.041563,103.841218,
320,眉山市东坡城市湿地公园二期,东坡区,子瞻大道与春晓街交叉口南200米,风景名胜,,,,30.054654,103.863156,
320,彭祖山景区,彭山区,江口街道茶场社区彭祖山景区西山门游客中心,风景名胜,,,,30.221296,103.933213,
320,中国泡菜城,东坡区,顺江大道北段与望江路交叉口西60米,风景名胜,,,,30.027299,103.852949,
321,大千园,东兴区,大千路336号,风景名胜,,,,29.594009,105.058945,
321,街心花园,市中区,公园街与大梯巷交叉口西北120米,商务住宅,,,,29.583790,105.064565,
321,圣水寺,市中区,圣江路与铁站街东巷交叉口北320米,风景名胜,,,,29.592692,105.040618,
321,人民公园,市中区,公园街296号,风景名胜,,,,29.582982,105.062159,
321,张大千博物馆,东兴区,内江书画院内(东侧),科教文化服务,,,,29.593408,105.060683,
321,市中区乐贤半岛旅游区,市中区,交通镇红光路618号塔山公园(西北角),风景名胜,,,,29.554957,105.066955,
321,松山公园,市中区,松山南路468号,风景名胜,,,,29.583167,105.038364,
321,甜城松鼠林乐园,市中区,松山南路北侧松山公园(西南角),体育休闲服务,,,,29.579525,105.035023,
321,大佛寺,东兴区,平安路68号,风景名胜,,,,29.591539,105.071415,
321,翔龙山石刻,市中区,新华路1号,风景名胜,,,,29.579640,105.058927,
321,清溪湿地公园,东兴区,西林街道清溪路232号正西方向110米,风景名胜,,,,29.599563,105.037393,
321,陡坎瀑布,东兴区,[],风景名胜,,,,29.578335,105.113782,
321,张大千纪念馆,东兴区,西林街道大千路大千国际酒店对面,风景名胜,,,,29.592796,105.060205,
321,梅山公园,市中区,梅家山村3号7幢,风景名胜,,,,29.576274,105.065443,
321,海昌海洋探索馆,东兴区,东兴街道汉安大道传化广场爱尚里负1层,风景名胜,,,,29.605282,105.084522,
321,古西林寺,东兴区,东桐路,风景名胜,,,,29.594358,105.059943,
321,西林古渡,东兴区,东桐路260号,风景名胜,,,,29.592503,105.060914,
321,玉皇观,市中区,交通乡中国石油南(206省道南),风景名胜,,,,29.552639,105.045249,
321,大自然湿地公园,市中区,[],风景名胜,,,,29.533830,105.098607,
321,大千欢乐世界,市中区,乐贤街道乐贤街道凤安街288号,体育休闲服务,,,,29.539964,105.080950,
321,长江森林公园,东兴区,郭北镇长坝山松林村六组,风景名胜,,,,29.571513,105.155082,
321,七家滩湿地公园,市中区,城南新区石羊大道中段,风景名胜,,,,29.554030,105.054125,
321,内江三元塔,市中区,南环路1东北方向192米市中区乐贤半岛旅游区,风景名胜,,,,29.554827,105.067300,
321,花萼湿地公园,东兴区,清溪路,风景名胜,,,,29.604772,105.034508,
321,恩波广场,市中区,人民街197号,风景名胜,,,,29.529837,104.992779,
322,上中顺特色街区,市中区,上河街乐山港旁边,购物服务,,,,29.554197,103.768463,
322,嘉定坊,市中区,龙泓路1866号,风景名胜,,,,29.558856,103.773524,
322,海棠公园,市中区,海棠路520号,风景名胜,,,,29.555643,103.763154,
322,老霄顶,市中区,月咡塘街56号乐山文庙(东北角),风景名胜,,,,29.558729,103.760681,
322,乐山文庙,市中区,月咡塘街56号,风景名胜,,,,29.558702,103.761500,
322,东方佛都,市中区,凌云路362号,风景名胜,,,,29.538966,103.776567,
322,滨江公园,市中区,滨江路南段与较场坝街交叉口东100米,风景名胜,,,,29.550131,103.768507,
322,乐山市冬泳协会-冬泳广场,市中区,较场坝街14号,风景名胜,,,,29.550163,103.767488,
322,乌尤寺,市中区,大佛街道凌云路2435号乐山大佛内(南侧),风景名胜,,,,29.537188,103.772065,
322,乐山铁牛门,市中区,滨河路148号,风景名胜,,,,29.552217,103.764964,
322,观佛楼,市中区,滨江路南段99号,风景名胜,,,,29.551829,103.769172,
322,乐山广场,市中区,嘉州大道611号,风景名胜,,,,29.587925,103.744522,
322,鱼咡湾公园,市中区,海棠路626号,风景名胜,,,,29.564766,103.753325,
322,沫若广场,市中区,县街139号,风景名胜,,,,29.554947,103.759832,
322,乐山大佛文化广场,市中区,碧山路与龙泓路交汇处西南200米,风景名胜,,,,29.562966,103.773769,
322,嘉州古城,市中区,滨江路南段与盐关街交叉口南140米,风景名胜,,,,29.551970,103.769152,
322,苏稽古镇,市中区,[],风景名胜,,,,29.587398,103.668488,
322,新广场鸽子屋,市中区,白云街与凤凰路南段交叉口西160米,风景名胜,,,,29.586075,103.743421,
322,海棠广场,市中区,海棠路520号海棠公园,风景名胜,,,,29.555637,103.763160,
322,大曲口文化广场,市中区,嘉定南路与滨江路南段交叉口东50米,风景名胜,,,,29.563395,103.769060,
322,龙神祠,市中区,九龙巷76号,风景名胜,,,,29.557575,103.768278,
322,高新区市民广场,市中区,乐山市高新区临江东路238号,风景名胜,,,,29.542944,103.741039,
322,紫霞宫,市中区,通江街道碧山路717号,风景名胜,,,,29.579850,103.783333,
322,凌云寺,市中区,凌云路2435号乐山大佛景区内,风景名胜,,,,29.544429,103.771939,
322,旅游广场,市中区,滨江路南段与滨河路交汇处三江汇流处,风景名胜,,,,29.550409,103.768788,
323,自贡市盐业历史博物馆,自流井区,解放路173号,科教文化服务,,,,29.348725,104.771307,
323,自贡彩灯公园,自流井区,自由路116号(自贡市市政设施管理处东),风景名胜,,,,29.352780,104.768805,
323,大东方,自流井区,新民街889号东方广场,风景名胜,,,,29.354582,104.769481,
323,中国彩灯博物馆,自流井区,中华路公园路6号,科教文化服务,,,,29.351456,104.768751,
323,燊海井,大安区,大安街289号,风景名胜,,,,29.374344,104.787929,
323,王爷庙,自流井区,新街街道滨江路3-附8号,风景名胜,,,,29.346356,104.770509,
323,自贡恐龙旅游度假区,大安区,恐龙驿站东侧50米,风景名胜,,,,29.402542,104.825453,
323,自贡方特恐龙王国,大安区,方特恐龙大道1号,体育休闲服务,,,,29.402165,104.825946,
323,盐都植物园,大安区,凤凰街西山路2号,风景名胜,,,,29.339113,104.746845,
323,毛家坝大桥景区,大安区,汇兴路与东兴寺街交叉口东140米,风景名胜,,,,29.334346,104.789062,
323,汇东公园,自流井区,"汇东新城中南部,东接丹桂大街,南邻明珠小区,西邻龙汇街南延线,北靠汇兴路",风景名胜,,,,29.330295,104.772893,
323,华商西广场,自流井区,汇川路1299号,风景名胜,,,,29.320519,104.763114,
323,高峰公园,自流井区,高峰街道南苑街(远达·都市风景西侧约150米),风景名胜,,,,29.319193,104.760382,
323,妙观寺,自流井区,高新区汇东路425号,风景名胜,,,,29.341650,104.768202,
323,林森梦幻海螺湾水世界,大安区,新民镇燎北路董家村4组,体育休闲服务,,,,29.396459,104.797925,
323,龙湖公园,沿滩区,卫坪街道市民广场旁,风景名胜,,,,29.311705,104.802301,
323,夜游釜溪,大安区,毛家坝路297号附2号,体育休闲服务,,,,29.333837,104.788611,
323,卧龙湖湿地公园,自流井区,高峰街道龙汇南街1000号,风景名胜,,,,29.292080,104.769714,
323,自贡桓侯宫,自流井区,新街街道公园路7号,风景名胜,,,,29.349013,104.768449,
323,龙凤山公园,自流井区,新街街道新街街道新街街道新街街道新街街道兴隆坳7栋,风景名胜,,,,29.348666,104.773369,
323,双凤滨河湿地公园,大安区,凤凰路45号,风景名胜,,,,29.360007,104.749823,
323,艾叶古镇,贡井区,艾叶街与沿河路交叉口东260米,风景名胜,,,,29.352789,104.685082,
323,祠堂山山体公园,自流井区,丹桂南大街与南湖立交交叉口西北200米,风景名胜,,,,29.315714,104.771625,
323,贡井平桥瀑布,贡井区,金鱼路8号,风景名胜,,,,29.343982,104.711991,
323,流光湖公园,自流井区,[],风景名胜,,,,29.302875,104.753614,
324,忠山公园,江阳区,广云路109号,风景名胜,,,,28.881515,105.445827,
324,单碗广场,江阳区,滨江路四段,风景名胜,,,,28.875146,105.456213,
324,泸州老窖旅游景区,江阳区,南城街道国窖广场,风景名胜,,,,28.884343,105.453603,
324,张坝桂圆林公园,江阳区,茜草镇,风景名胜,,,,28.880657,105.479970,
324,百子图文化广场,江阳区,大山坪街道百子路1号,风景名胜,,,,28.880525,105.432337,
324,酒城乐园,江阳区,春景下路118号,体育休闲服务,,,,28.877098,105.417788,
324,泸州博物馆,江阳区,一环路龙透关路段151号,科教文化服务,,,,28.873242,105.432096,
324,金龙寺,江阳区,蓝田街道蓝茜路南,风景名胜,,,,28.851356,105.418765,
324,江阳公园,江阳区,酒城大道二段,风景名胜,,,,28.876144,105.411189,
324,泸州市白招牌广场,江阳区,南城街道广场环路11号,风景名胜,,,,28.886210,105.448564,
324,泸州东门口,江阳区,宝来桥路与迎晖路交叉口东140米,风景名胜,,,,28.892922,105.454949,
324,白塔广场,江阳区,水井沟,风景名胜,,,,28.890772,105.451256,
324,古龙透关,江阳区,怡景路四川警察学院,风景名胜,,,,28.874964,105.426660,
324,泸州奥林匹克体育公园,龙马潭区,一环路辅路与奥体路交叉口北100米,风景名胜,,,,28.900051,105.422452,
324,泸州海洋世界,江阳区,百子路1号,风景名胜,,,,28.880144,105.431882,
324,报恩塔,江阳区,一环路,风景名胜,,,,28.891014,105.451880,
324,泸州老窖博物馆,江阳区,三星街与下平远路交叉口西南100米,科教文化服务,,,,28.884554,105.453949,
324,馆驿嘴广场,江阳区,北城街道滨江路二段,风景名胜,,,,28.899058,105.452301,
324,大梯步文化广场,江阳区,江阳南路市政府对面,风景名胜,,,,28.870821,105.443599,
324,滨河广场,江阳区,龙翔东路与玉石南路交叉口东60米,商务住宅,,,,28.883438,105.405552,
324,柏木溪公园,江阳区,柏木溪路一段,风景名胜,,,,28.879857,105.368458,
324,渔子溪湿地公园,江阳区,绕城公路,风景名胜,,,,28.853397,105.499385,
324,泸州沱江北滨公园,龙马潭区,二环路东侧,风景名胜,,,,28.906263,105.393100,
324,清泉寺,江阳区,瓦窑坝,风景名胜,,,,28.864959,105.428533,
324,泸州东岩公园,江阳区,国窖大桥,风景名胜,,,,28.883167,105.465109,
325,长江公园,叙州区,南岸街道三江路与英才路交叉口东北80米,风景名胜,,,,28.766399,104.650546,
325,大观楼,翠屏区,西街2号,风景名胜,,,,28.764397,104.622767,
325,宜宾市翠屏山景区,翠屏区,翠屏路239号,风景名胜,,,,28.764262,104.614264,
325,宜宾长江公园水幕广场,叙州区,长江之歌景区西(酒都路北段东),风景名胜,,,,28.766853,104.642403,
325,雪滩公园,叙州区,水云路与长江大道西段交叉口西220米,风景名胜,,,,28.754116,104.618415,
325,大溪口城市公园,叙州区,七星路东段与蜀南大道东段交叉口,风景名胜,,,,28.752749,104.658384,
325,宜宾东楼,叙州区,蜀南大道东段与七星路东段交汇处大溪口城市公园,风景名胜,,,,28.753049,104.658884,
325,万象宜宾天地-E·PARK宜公园,叙州区,怀德路与荔枝路交叉口西南260米,风景名胜,,,,28.730104,104.627916,
325,三江汇流,翠屏区,交通街与县府街交叉口北40米,风景名胜,,,,28.768850,104.630461,
325,人民公园,翠屏区,人民路239号,风景名胜,,,,28.762633,104.616445,
325,宜宾三江游,翠屏区,合江门码头,交通设施服务,,,,28.768414,104.631413,
325,大地球,翠屏区,交通街与县府街交叉口东南220米,风景名胜,,,,28.767056,104.632116,
325,七星山森林公园,叙州区,南广镇七星山附近,风景名胜,,,,28.745183,104.665395,
325,市政广场,叙州区,广场东路35号,风景名胜,,,,28.750831,104.644072,
325,流杯池公园,翠屏区,岷江东路4号,风景名胜,,,,28.781125,104.619056,
325,催科山,翠屏区,353国道北,风景名胜,,,,28.780591,104.627948,
325,五新起步广场,翠屏区,岷江北滨路与锁江街交叉口东220米,商务住宅,,,,28.777640,104.620399,
325,翠屏山索道,翠屏区,铁道巷5号,交通设施服务,,,,28.763370,104.612919,
325,大地坡公园,叙州区,望江路与永康路交叉口东260米,风景名胜,,,,28.740902,104.611804,
325,赵一曼纪念馆,翠屏区,翠屏路239号宜宾市翠屏山景区内(西侧),风景名胜,,,,28.764924,104.611492,
325,五粮液501中国白酒文化圣地,翠屏区,滨江路56号,风景名胜,,,,28.773440,104.619368,
325,五粮液生态园区西区,翠屏区,[],风景名胜,,,,28.802085,104.589688,
325,宜宾市翠屏山景区-哪吒行宫,翠屏区,翠屏山景区管理中心,风景名胜,,,,28.765832,104.609088,
325,水东门,翠屏区,专署街1号,风景名胜,,,,28.770367,104.629163,
325,中国宜宾·长江地标广场,翠屏区,合江街48号合江门内(西侧),风景名胜,,,,28.766931,104.630769,
326,建昌古城,西昌市,滨河路一段,风景名胜,,,,27.894062,102.272687,
326,邛海公园,西昌市,新村大湾海滨中路,风景名胜,,,,27.830829,102.276850,
326,观鸟岛湿地公园,西昌市,[],风景名胜,,,,27.846182,102.269169,
326,邛海国家级旅游度假区,西昌市,观海路一段,风景名胜,,,,27.835931,102.313049,
326,凉山民族风情园,西昌市,风情园路西50米,风景名胜,,,,27.870679,102.252215,
326,西昌月亮湖公园,西昌市,外滩16区,风景名胜,,,,27.877431,102.242354,
326,钓鱼台,西昌市,观海路泸山邛海风景区,风景名胜,,,,27.844407,102.270256,
326,泸山景区,西昌市,新村街道新村街道新村海滨中路28号,风景名胜,,,,27.836105,102.272332,
326,唐园-嶲州阁,西昌市,建昌东路236号,风景名胜,,,,27.880775,102.281078,
326,泸山森林公园,西昌市,海滨中路附近,风景名胜,,,,27.832596,102.272537,
326,烟雨鹭洲湿地公园,西昌市,观海路,风景名胜,,,,27.862043,102.268960,
326,西昌泸山滑道索道,西昌市,海滨中路92号(近邛海公园),风景名胜,,,,27.831435,102.276048,
326,梦寻花海湿地公园,西昌市,邛海泸山风景区,风景名胜,,,,27.841390,102.292569,
326,唐园广场,西昌市,海宴路与河东大道交叉口东40米,风景名胜,,,,27.879671,102.277529,
326,留彝郷,西昌市,健康路东巷与正义路交叉口西40米,风景名胜,,,,27.879568,102.263760,
326,银鳞沙滩,西昌市,邛海湾柏樾酒店旁,风景名胜,,,,27.812139,102.292713,
326,天喜花卉博览园,西昌市,城南大道东端,风景名胜,,,,27.868181,102.262222,
326,金粼沙滩,西昌市,川兴镇海滨中路811号,风景名胜,,,,27.804726,102.343920,
326,凉山彝族自治州博物馆,西昌市,风情园路52号,科教文化服务,,,,27.868704,102.251962,
326,航天主题公园,西昌市,西河东路与航天北路交叉口西240米,风景名胜,,,,27.890674,102.244427,
326,大石板古村,西昌市,环海路,风景名胜,,,,27.792756,102.319683,
326,凉山州民族文化博物馆,西昌市,新村街道泸山路6号,科教文化服务,,,,27.833689,102.269153,
326,月亮湖游乐园,西昌市,南山大道17号,体育休闲服务,,,,27.881931,102.236941,
326,西昌市袁家山动物园,西昌市,马道街道娇子路袁家山动物园,风景名胜,,,,27.871754,102.218422,
326,梦里水乡湿地公园,西昌市,观海路(近邛海),风景名胜,,,,27.841795,102.292126,
327,攀枝花公园,东区,东区公园路,风景名胜,,,,26.570898,101.715628,
327,攀枝花公园-动物园,东区,公园路4号,风景名胜,,,,26.571596,101.721865,
327,东华山山地体育公园,东区,城市之眼东南侧,风景名胜,,,,26.555651,101.739109,
327,攀枝花中国三线建设博物馆,仁和区,炳仁路,科教文化服务,,,,26.520756,101.733389,
327,阿署达四季花海景区,东区,机场路489号,风景名胜,,,,26.544065,101.762264,
327,城市之眼,东区,银江镇东华山山地体育公园,风景名胜,,,,26.555659,101.739094,
327,玉佛寺,东区,三线大道与机场路交叉口东南460米,风景名胜,,,,26.542492,101.743642,
327,天星湖创意潮流公园(CFP),仁和区,仁和镇干坝塘村,风景名胜,,,,26.518551,101.733255,
327,金海广场,东区,三线大道北段98号,风景名胜,,,,26.558930,101.727461,
327,攀枝花城市之眼观景台,东区,东华山山地体育公园,风景名胜,,,,26.555698,101.738985,
327,鑫岛欢乐世界,仁和区,五十一大河中路289号(鑫岛车站下即到),体育休闲服务,,,,26.520448,101.719463,
327,东华山公园,东区,东林巷与攀枝花大道中段交叉口东北260米,风景名胜,,,,26.547660,101.705993,
327,渡口记忆广场,东区,大渡口街工商银行旁,购物服务,,,,26.549767,101.700644,
327,攀钢瓜子坪公园,东区,雅阁巷10号,风景名胜,,,,26.588391,101.740085,
327,蝴蝶花园,东区,湖滨路,商务住宅,,,,26.582992,101.725705,
327,攀钢文化广场,东区,朝阳下街1号,风景名胜,,,,26.551312,101.693517,
327,星际湾动物城,东区,银江镇阿署达四季花海南广场30米,体育休闲服务,,,,26.545044,101.758772,
327,攀枝花公园索道游客中心,东区,攀枝花公园,生活服务,,,,26.578611,101.718098,
327,南山一棵树,仁和区,攀枝花巨越工贸有限公司西侧180米,风景名胜,,,,26.545727,101.688911,
327,大黑山省级森林公园,仁和区,务本乡,风景名胜,,,,26.637865,101.695139,
327,炳草岗广场,东区,炳草岗大街与阳光大梯道交叉口西20米,风景名胜,,,,26.580787,101.715544,
327,攀枝花市东区五十四天主堂,东区,金福南街64号,风景名胜,,,,26.538468,101.715107,
327,花舞人间景区,东区,机场路,风景名胜,,,,26.533584,101.784666,
327,芙蓉花城广场,仁和区,前进镇,风景名胜,,,,26.544672,101.699572,
327,攀枝花城市原点,东区,隆庆路与瓜子坪立交交叉口东南80米,风景名胜,,,,26.600331,101.733266,
328,康定情歌广场,康定市,东大街156号,风景名胜,,,,30.050514,101.963946,
328,溜溜城,康定市,四川省甘孜州康定县将军桥溜溜城老街,风景名胜,,,,30.048275,101.963867,
328,跑马山风景区,康定市,炉城街道向阳街36号,风景名胜,,,,30.044789,101.971786,
328,金刚寺,康定市,炉城南路与跑马山南路交叉口南420米,风景名胜,,,,30.037428,101.959764,
328,南无寺,康定市,南无村炉城南路1号,风景名胜,,,,30.039298,101.957256,
328,木格措景区,康定市,雅拉乡王母村,风景名胜,,,,30.170233,101.872437,
328,情歌公园,康定市,炉城镇434省道与贡嘎路交叉口北420米,风景名胜,,,,29.998292,101.954241,
328,二道桥温泉,康定市,雅拉乡Z002县道,风景名胜,,,,30.084713,101.951245,
328,安觉寺,康定市,沿河西路58号,风景名胜,,,,30.048191,101.962269,
328,甘孜藏族自治州博物馆,康定市,贡嘎路,科教文化服务,,,,29.994330,101.949823,
328,红海子,康定市,雅拉乡,风景名胜,,,,30.181781,101.776670,
328,玉顶积雪观景台,康定市,梁氏明成老字号沱江饭店新店南侧190米,风景名胜,,,,29.997542,101.948645,
328,东方情歌风情小镇,康定市,贡嘎路,商务住宅,,,,29.991960,101.955182,
328,跑马山风景区-天籁长廊,康定市,向阳街437跑马山风景区,风景名胜,,,,30.046307,101.968686,
328,水井子,康定市,新市后街28号,风景名胜,,,,30.050910,101.965882,
328,野马海子,泸定县,新兴乡,风景名胜,,,,29.893261,102.030843,
328,观音阁寺,康定市,跑马山东路9号,风景名胜,,,,30.050502,101.966368,
328,康定木雅圣地景区,康定市,318国道贡布卡二号桥,风景名胜,,,,30.047911,101.728289,
328,折多山,康定市,318国道南50米,风景名胜,,,,30.114019,101.800331,
328,泸定桥,泸定县,开湘路111号,风景名胜,,,,29.911800,102.231637,
328,泸定桥广场,泸定县,红军路133号,风景名胜,,,,29.911872,102.233024,
328,康定清真寺,康定市,东大街107号,风景名胜,,,,30.049388,101.963981,
328,康定康巴家人温泉山庄,康定市,雅拉乡二道桥村(二道桥温泉北300米),住宿服务,,,,30.086120,101.950886,
328,康定新城市政广场,康定市,情歌公园,风景名胜,,,,29.997453,101.956142,
328,跑马山风景区-观景台,康定市,向阳街437跑马山风景区,风景名胜,,,,30.045151,101.971712,
329,金凤山公园,雨城区,北环路附近,风景名胜,,,,30.014934,103.034667,
329,金凤寺,雨城区,青江街道金鸡关村3组,风景名胜,,,,30.015856,103.032914,
329,西蜀天梯,雨城区,天梯路(中国银行沙湾路支行),风景名胜,,,,30.011638,103.031317,
329,蒙顶山,名山区,蒙顶山镇,风景名胜,,,,30.075855,103.047730,
329,碧峰峡风景区,雨城区,碧峰峡镇内,风景名胜,,,,30.069136,102.992956,
329,雅安滨江绿廊公园,雨城区,滨江西路与芳草路交叉口东140米,风景名胜,,,,30.012099,103.062875,
329,雅鱼塔,雨城区,雅东路与滨江西路交叉口西360米,风景名胜,,,,30.005394,103.045522,
329,熊猫绿岛公园,雨城区,绿岛路,风景名胜,,,,29.989110,103.024721,
329,女娲广场,雨城区,清风路与雅雨路交叉口西北180米,体育休闲服务,,,,29.993273,103.027041,
329,高颐墓阙及石刻,雨城区,雅安市文物考古研究所高颐阙管理处,风景名胜,,,,30.020921,103.054538,
329,桃花岛公园,雨城区,滨江西路与芳草路交叉口西北180米,风景名胜,,,,30.013120,103.060226,
329,碧峰峡野生动物园,雨城区,碧峰峡景区内,风景名胜,,,,30.076439,102.996490,
329,女娲补天,雨城区,东城街道东城街道南郊乡绿岛路,风景名胜,,,,29.994636,103.027706,
329,音乐广场,雨城区,三雅路2号西北方向130米,风景名胜,,,,29.987201,103.012098,
329,雅安市博物馆,雨城区,文定街15号雅安茶文化公园内(东侧),科教文化服务,,,,29.990232,102.994915,
329,雅安茶文化公园,雨城区,文定街12号,风景名胜,,,,29.990225,102.994299,
329,上里古镇,雨城区,雅上路,风景名胜,,,,30.180359,103.074402,
329,周公山温泉公园,雨城区,周公山镇新村2组,风景名胜,,,,29.946057,103.019959,
329,平羌渡,雨城区,大兴街道大兴街道大兴街道大兴街道大兴街道雅东路与清风桥交叉口北160米,交通设施服务,,,,29.993084,103.030413,
329,我的动物朋友们,雨城区,万达广场3层3053号,风景名胜,,,,30.006425,103.037842,
329,中国大熊猫保护研究中心雅安碧峰峡基地,雨城区,下里乡碧峰镇碧峰峡旅游区内,风景名胜,,,,30.068273,102.990758,
329,1869中国大熊猫生态世界,雨城区,碧峰峡路617号,风景名胜,,,,30.011361,103.008127,
329,协和广场,雨城区,河北正街2附近,购物服务,,,,29.986071,103.010208,
329,318微型博物馆,雨城区,318国道金鸡关,科教文化服务,,,,30.038480,103.062535,
329,雅安市大熊猫自然博物馆,雨城区,大熊猫科普中心东侧,科教文化服务,,,,30.019151,103.012475,
330,昌列寺,马尔康市,查木纳附近,风景名胜,,,,31.905530,102.161660,
330,阿坝州博物馆,马尔康市,马尔康镇马江街105号,科教文化服务,,,,31.895194,102.226455,
330,更达寺,马尔康市,美谷街185号,风景名胜,,,,31.887802,102.254281,
330,阿坝州民族团结广场,马尔康市,团结街57号,风景名胜,,,,31.899300,102.223464,
330,西索民居,马尔康市,桌克基土司官寨旁,住宿服务,,,,31.865953,102.292586,
330,街心花园,马尔康市,崇列街与金珠街交叉口西140米,商务住宅,,,,31.899462,102.219872,
330,日吉扎西班秋寺,马尔康市,马尔康镇俄尔雅村日吉路,风景名胜,,,,31.902214,102.177407,
330,莫拉寺,马尔康市,达萨街421号,风景名胜,,,,31.908814,102.200121,
330,查北拉康寺,马尔康市,团结街与茸勒街交叉口东北340米,风景名胜,,,,31.901775,102.224775,
330,梭磨河大峡谷,马尔康市,317国道,风景名胜,,,,31.866496,102.293433,
330,马尔康红军长征纪念馆,马尔康市,卓克基镇西索村卓克基土司官寨(东北角),风景名胜,,,,31.867297,102.294106,
330,毗卢遮那圣窟,马尔康市,[],风景名胜,,,,31.873281,102.334433,
330,大藏寺,马尔康市,[],风景名胜,,,,32.134689,102.228909,
330,达格则自然生态旅游区,红原县,江茸乡,风景名胜,,,,32.175848,102.373640,
330,卓克基嘉绒藏族文化旅游区,马尔康市,卓克基镇,风景名胜,,,,31.859207,102.281424,
330,直波碉群,马尔康市,直波碉群藏家乐北侧,风景名胜,,,,31.913403,102.104355,
330,柯盘天街文化旅游景区,马尔康市,松岗镇莫尔夏,风景名胜,,,,31.914167,102.100080,
330,莫斯都岩画,马尔康市,莫斯都,风景名胜,,,,31.817396,102.204352,
330,古碉藏寨·直波,马尔康市,248国道东侧,风景名胜,,,,31.915518,102.106399,
330,马尔康市烈士陵园,马尔康市,达萨街213号,生活服务,,,,31.904739,102.215379,
330,察柯寺,马尔康市,马尔康纳足汽车营地西北侧190米,风景名胜,,,,31.750369,102.265934,
330,雪山红路观景台,小金县,217省道西南侧,风景名胜,,,,31.704284,102.315347,
330,中国红十字会汶川特大地震援建博爱纪念碑,马尔康市,巴康街与汶马路交叉口西140米,风景名胜,,,,31.910252,102.191493,
330,马尔康柯盘天街观景平台,马尔康市,松岗大桥附近,风景名胜,,,,31.916964,102.102967,
330,若尔森雪山,马尔康市,[],风景名胜,,,,32.025278,102.334177,
331,故宫博物院,东城区,景山前街4号,风景名胜,,,,39.917839,116.397029,
331,中国人民革命军事博物馆,海淀区,复兴路9号,科教文化服务,,,,39.909108,116.323871,
331,天安门,东城区,长安街北侧,风景名胜,,,,39.909187,116.397463,
331,雍和宫,东城区,雍和宫大街28号(雍和宫地铁站F东南口步行250米),风景名胜,,,,39.947239,116.417296,
331,天安门广场,东城区,东长安街,风景名胜,,,,39.903182,116.397755,
331,景山公园,西城区,景山西街44号,风景名胜,,,,39.925875,116.396551,
331,北海公园,西城区,文津街1号,风景名胜,,,,39.928775,116.391802,
331,什刹海,西城区,地安门西大街49号,风景名胜,,,,39.941893,116.385121,
331,南锣鼓巷,东城区,交道口街道南大街(南锣鼓巷地铁站E西北口旁),风景名胜,,,,39.937182,116.402394,
331,紫竹院公园,海淀区,中关村南大街35号,风景名胜,,,,39.942352,116.319079,
331,中国国家博物馆,东城区,东长安街16号天安门广场东侧,科教文化服务,,,,39.905374,116.401304,
331,恭王府博物馆,西城区,前海西街17号,风景名胜,,,,39.937222,116.386315,
331,天坛公园,东城区,天坛东里甲1号,风景名胜,,,,39.881913,116.410829,
331,国家大剧院,西城区,西长安街2号(天安门西地铁站出入口旁),体育休闲服务,,,,39.904909,116.389814,
331,中山公园,东城区,中华路4号(天安门西侧),风景名胜,,,,39.910707,116.394407,
331,故宫博物院-午门,东城区,东华门街道景山前街4号故宫博物院内(南侧),风景名胜,,,,39.913582,116.397228,
331,首都博物馆,西城区,复兴门外大街16号,科教文化服务,,,,39.906412,116.342067,
331,白云观,西城区,白云观街7号,风景名胜,,,,39.901266,116.343778,
331,景山公园-绮望楼,西城区,什刹海街道景山西街44号(故宫后门对面)景山公园内(南侧),风景名胜,,,,39.924029,116.396720,
331,故宫博物院-神武门,东城区,景山前街4号北京故宫博物馆,风景名胜,,,,39.922305,116.396786,
331,天安门-城楼,东城区,东长安街天安门(天安门东地铁站A西北入口步行290米),风景名胜,,,,39.908717,116.397488,
331,北京动物园,西城区,西直门外大街137号,风景名胜,,,,39.942105,116.336701,
331,南池子大街,东城区,南池子大街与东华门大街交叉口西南20米,购物服务,,,,39.914988,116.402809,
331,天安门广场-国旗,东城区,东华门街道景山前街4号天安门广场内(北侧),风景名胜,,,,39.906928,116.397554,
331,鼓楼,东城区,钟楼湾胡同临字9号(什刹海地铁站A2西北口步行240米),风景名胜,,,,39.940781,116.395937,
332,阳泉记忆·1947文化园,城区,南庄路118号,风景名胜,,,,37.845646,113.591629,
332,北山公园,郊区,大连街111号,风景名胜,,,,37.875257,113.590162,
332,桃林沟景区,郊区,平坦镇桃林沟村,风景名胜,,,,37.892611,113.561773,
332,狮脑山公园,郊区,郊区狮脑山街北,地名地址信息,,,,37.854466,113.531850,
332,大阳泉古村,城区,南山南路与大阳泉街交叉口西北20米,风景名胜,,,,37.845764,113.575700,
332,南山公园,城区,上站街道南大街58号,风景名胜,,,,37.854562,113.582471,
332,城市中心公园,城区,城区北大街70号,风景名胜,,,,37.864359,113.573319,
332,百团大战纪念馆,郊区,狮脑山,风景名胜,,,,37.850924,113.528094,
332,狮脑山百团大战战斗遗址,郊区,狮脑山路与狮脑山南路交叉口东480米,风景名胜,,,,37.857240,113.551762,
332,阳泉市博物馆,城区,北大街街道泉中路1号阳泉文化中心1-2层,科教文化服务,,,,37.864132,113.578974,
332,四矿广场,矿区,煤山路,风景名胜,,,,37.884684,113.547734,
332,1947城市记忆博物馆,城区,南庄路1947阳泉记忆文化园区,科教文化服务,,,,37.846949,113.591624,
332,三矿广场,矿区,矿区三矿职工书屋斜对面正北方向90米,风景名胜,,,,37.885333,113.513473,
332,阳光广场,城区,新华东街南一巷阳光家园,风景名胜,,,,37.850195,113.586670,
332,牡丹园,城区,南山路街道南山路街道朝阳街与南山南路交汇东100米,风景名胜,,,,37.849141,113.581569,
332,翠枫山自然风景区,郊区,后峪村翠枫山,风景名胜,,,,37.783911,113.435316,
332,小河古村评梅景区,城区,义井街道河小线与阳铝街交叉口南60米,风景名胜,,,,37.845355,113.648890,
332,五渡湿地公园,郊区,桃北东街下五渡,风景名胜,,,,37.860371,113.614990,
332,天主堂,城区,拥军路与狮脑山路交叉口西北160米,风景名胜,,,,37.853271,113.568732,
332,观象台,城区,观象台巷,商务住宅,,,,37.853822,113.592030,
332,百团大战纪念碑,郊区,狮脑山公园内(南侧),风景名胜,,,,37.851227,113.530561,
332,平定冠山森林公园,平定县,城关镇内,风景名胜,,,,37.782094,113.581735,
332,新城森林公园,郊区,[],风景名胜,,,,37.904625,113.609138,
332,悦宾桃花源悦洋水世界,郊区,平坦镇桃林沟村悦洋水世界,体育休闲服务,,,,37.890078,113.561252,
332,评梅广场,平定县,东大街77号,风景名胜,,,,37.803690,113.631008,
333,大同市博物馆,平城区,太和路506号,科教文化服务,,,,40.090880,113.364794,
333,大同古城,平城区,古城街道御河西路西,风景名胜,,,,40.093878,113.302255,
333,大同方特欢乐世界,平城区,永乐路13号,风景名胜,,,,40.059844,113.368344,
333,城墙带状公园-大同东城墙,平城区,大同古城武庙街3号院,风景名胜,,,,40.093656,113.312752,
333,东南邑历史文化街区,平城区,太平楼南,风景名胜,,,,40.091549,113.308671,
333,九龙壁,平城区,大同古城大东街18号,风景名胜,,,,40.093042,113.303979,
333,太阳广场,平城区,文瀛北路,风景名胜,,,,40.093820,113.372108,
333,善化古寺,平城区,大同古城南寺街6号(近楼房巷),风景名胜,,,,40.087041,113.300335,
333,代王府·大明百戏园,平城区,大同古城皇城街18号,风景名胜,,,,40.095887,113.304299,
333,文瀛湖沙滩,平城区,富安路b15-207号,风景名胜,,,,40.094364,113.388405,
333,大同古城墙,平城区,和阳街与和阳门内街交叉口东100米,风景名胜,,,,40.084584,113.302262,
333,法华寺,平城区,大同古城大东街137号8单元4号,风景名胜,,,,40.094551,113.310478,
333,大同古城城墙外带状公园,平城区,古城街道大同古城-北都街友谊街口,风景名胜,,,,40.081422,113.302505,
333,四牌楼,平城区,大同古城清远西街6-7,风景名胜,,,,40.093486,113.302287,
333,鼓楼,平城区,大同古城永泰街(南街)中段,风景名胜,,,,40.091466,113.302265,
333,水之浯公园,平城区,恒安街461号,风景名胜,,,,40.075304,113.351675,
333,华严寺,平城区,下寺坡街459号,风景名胜,,,,40.092531,113.295060,
333,大同古城南城墙,平城区,大同古城-北都街北侧,风景名胜,,,,40.083300,113.302202,
333,Wepark爱情公园,平城区,恒安街1025号,风景名胜,,,,40.071451,113.374390,
333,关帝庙,平城区,东街街道县楼北街36号,风景名胜,,,,40.091947,113.305665,
333,大同市文瀛湖芍药园,平城区,文瀛北路太阳广场内(北侧),风景名胜,,,,40.095292,113.372457,
333,云冈石窟,云冈区,晋福花园东北侧,风景名胜,,,,40.113157,113.137763,
333,大同府文庙,平城区,大同城区东南隅府学门街,风景名胜,,,,40.088546,113.306359,
333,中国雕塑博物馆,平城区,武定街10号,科教文化服务,,,,40.102498,113.302285,
333,御河生态林,平城区,御河东路西侧,风景名胜,,,,40.079270,113.330800,
334,莲花池公园,离石区,龙凤南大街与永宁西路交叉路口南侧,风景名胜,,,,37.514799,111.132625,
334,凤山公园,离石区,建设街与前瓦一巷交叉口西北340米,风景名胜,,,,37.527568,111.145123,
334,永宁广场,离石区,永宁东路55号,风景名胜,,,,37.521009,111.156276,
334,吕梁市博物馆,离石区,龙凤南大街35-39,科教文化服务,,,,37.517024,111.129885,
334,泰化游乐园,离石区,[],体育休闲服务,,,,37.510347,111.212339,
334,离石区森林公园,离石区,[],风景名胜,,,,37.494742,111.237038,
334,凤山道院,离石区,凤山公园,风景名胜,,,,37.526315,111.146198,
334,泰化文化园,离石区,美景华庭小区西北门旁,科教文化服务,,,,37.514858,111.145164,
334,北川河公园,离石区,人乐广场(北川河东路北),风景名胜,,,,37.539084,111.135203,
334,如意湖公园,离石区,吕梁大道,风景名胜,,,,37.625574,111.162918,
334,安国寺,离石区,交口街道,风景名胜,,,,37.525872,111.057146,
334,山西吕梁山革命博物馆,离石区,阳光小区(离碛线)南侧130米,科教文化服务,,,,37.517143,111.111266,
334,白马仙洞,离石区,吴城镇上王营庄村,风景名胜,,,,37.430972,111.317536,
334,玉林山景区,方山县,大武镇,风景名胜,,,,37.629587,111.237305,
334,阳坡塔情侣公园,中阳县,002乡道,风景名胜,,,,37.404332,111.168786,
334,城南体育主题公园,离石区,龙运大街与呈祥路交叉口东南60米,体育休闲服务,,,,37.501375,111.108825,
334,天贞观-三官殿,离石区,凤山道院(东南角),风景名胜,,,,37.525995,111.146772,
334,滨河公园,离石区,北川河西路与宁安路交叉口东200米,风景名胜,,,,37.561204,111.144112,
334,永宁游园,离石区,宏泰广场(建设街),风景名胜,,,,37.518706,111.146091,
334,碛口国家级风景名胜区,临县,碛口镇035乡道,风景名胜,,,,37.639914,110.799861,
334,三川河流域治理纪念碑,离石区,黄山线与004乡道交叉口东300米,风景名胜,,,,37.497481,111.084643,
334,吕梁疯狂动物城,离石区,吕梁·千灯之夜游园会北侧,风景名胜,,,,37.510284,111.210455,
334,碛口古镇,临县,碛口镇碛口国家级风景名胜区内(东侧),风景名胜,,,,37.644382,110.791569,
334,上清观,离石区,西属巴街道西属巴街道临安路附近,风景名胜,,,,37.580856,111.137708,
334,吉祥湖,离石区,吕梁大道,风景名胜,,,,37.618865,111.156732,
335,池神庙,盐湖区,南城街道南城街道解放南路386号,风景名胜,,,,35.007132,111.005438,
335,运城博物馆,盐湖区,华夏银行对面,科教文化服务,,,,35.038473,111.032345,
335,中国死海运城盐湖-七彩盐湖景区,盐湖区,南城街道解放南路365号(池神庙南3公里),风景名胜,,,,34.993841,111.024284,
335,盐湖园,盐湖区,学苑路附近,风景名胜,,,,35.024039,111.030946,
335,盐池006号路灯打卡点,盐湖区,解放南路386号,风景名胜,,,,35.007579,111.006912,
335,尧梦公园,盐湖区,安邑西路1838号,风景名胜,,,,35.067878,111.017789,
335,盐湖生态湿地公园,盐湖区,解放南路365号中国死海运城盐湖(西北角),风景名胜,,,,35.004958,111.007094,
335,运城市人民公园,盐湖区,河东西街382号,商务住宅,,,,35.017136,110.989117,
335,清真寺,盐湖区,前仓巷19号,风景名胜,,,,35.016966,111.005484,
335,天逸公园,盐湖区,解放北路西侧,风景名胜,,,,35.063466,110.971511,
335,航天公园,盐湖区,红旗东街御泽苑南门对面,风景名胜,,,,35.029452,111.033933,
335,尧梦湖沙滩,盐湖区,大运花园东南侧340米,风景名胜,,,,35.063696,111.019718,
335,运城关王庙,盐湖区,红旗西街61附近,风景名胜,,,,35.016947,110.996264,
335,东留石门,盐湖区,运临路与条山西街交叉口东南20米,风景名胜,,,,35.046724,110.974153,
335,安邑石门,盐湖区,西城壕路与铺安街交叉口北20米,风景名胜,,,,35.053772,111.045436,
335,钟楼,盐湖区,盬街中央,风景名胜,,,,35.014475,110.996771,
335,君实园,盐湖区,河东东街104号附近,风景名胜,,,,35.025444,111.006611,
335,体育公园,盐湖区,运城中心医院北门对面,风景名胜,,,,35.038429,111.034871,
335,圣惠公园,盐湖区,新民博物馆斜对面,风景名胜,,,,35.001176,110.982983,
335,运城关公故里文化旅游景区,盐湖区,五一路145号,风景名胜,,,,34.907153,110.849416,
335,关帝圣像景区,盐湖区,解州镇常平村S7501室,风景名胜,,,,34.921504,110.968211,
335,常平关帝家庙景区,盐湖区,解州镇关帝家庙平常街98号,风景名胜,,,,34.930315,110.956837,
335,凤凰谷森林公园,盐湖区,柏口窑村,风景名胜,,,,34.950165,111.059257,
335,河东池盐博物馆,盐湖区,解放南路盐池文化博览园内,科教文化服务,,,,35.007856,111.003244,
335,东花园,盐湖区,港府大道北,风景名胜,,,,35.111607,111.078291,
336,司徒小镇,城区,北环街宇光电缆厂对面,风景名胜,,,,35.523089,112.894938,
336,晋城博物馆,城区,钟家庄街道凤台东街1263号,科教文化服务,,,,35.491082,112.868894,
336,泽州公园,城区,凤台东街711号,风景名胜,,,,35.493571,112.865298,
336,物茂广场,城区,凤台东街物茂广场(晋城)附近,风景名胜,,,,35.489541,112.855978,
336,儿童公园,城区,瑞丰路与凤台西街交叉口西北,风景名胜,,,,35.491927,112.846514,
336,玉龙潭公园,城区,晋城市开发区凤台东街东段,风景名胜,,,,35.492877,112.892378,
336,白水河公园,城区,泽州路与白水街交叉口东南侧,风景名胜,,,,35.469656,112.856605,
336,吴王山森林公园,城区,西环路2386号,风景名胜,,,,35.492001,112.810144,
336,赵树理公园,城区,文昌西街流碑亭公园附近,风景名胜,,,,35.480869,112.825589,
336,金凤凰广场,城区,城区开发区城区开发区城区开发区城区开发区城区开发区凤台东街辅路与文华路交叉口西北220米,风景名胜,,,,35.491287,112.872022,
336,晋城人才公园,城区,金石路与金匠街西北角,风景名胜,,,,35.454794,112.843713,
336,英雄公园,城区,中原街与景西路交叉口东北角,风景名胜,,,,35.477085,112.836037,
336,大十字,城区,南大街86号,风景名胜,,,,35.505477,112.840840,
336,凤台公园,城区,红星东街与文博路交叉口东南角市政务中心北侧,风景名胜,,,,35.495273,112.872000,
336,关帝庙,城区,东大街963号(职教中心社区西北),风景名胜,,,,35.507267,112.849956,
336,司徒小镇-千年铁魂,城区,北环路与畅安路交叉口西500米司徒小镇内(东侧),风景名胜,,,,35.522849,112.898008,
336,带状公园,城区,凤台西街辅路与瑞丰路交叉口东140米,商务住宅,,,,35.490727,112.848491,
336,百丽园,城区,泽州路113附近,风景名胜,,,,35.481458,112.853405,
336,珏山青莲寺景区,泽州县,珏山青莲寺旅游公路,风景名胜,,,,35.443445,113.001367,
336,玉皇庙,泽州县,朝阳街与建兴路交汇处东南角,风景名胜,,,,35.545898,112.943140,
336,洞头生态旅游村,城区,747县道,体育休闲服务,,,,35.433947,112.890225,
336,文笔峰禅寺,城区,迎宾街笔峰寺附近,风景名胜,,,,35.475232,112.869305,
336,凤凰岭森林公园,城区,晋城开发区东上庄立交桥北侧,风景名胜,,,,35.488996,112.898520,
336,丹河龙门湿地公园,泽州县,水东村附近,风景名胜,,,,35.541272,112.962340,
336,景德公园,城区,景德路与西大街交叉口西北角,风景名胜,,,,35.506536,112.832005,
337,城隍庙广场,潞州区,东大街与杨家巷交叉口北120米,购物服务,,,,36.182197,113.115672,
337,天空之城,潞州区,太行东路2号天空·之城,商务住宅,,,,36.205841,113.121739,
337,潞安府城隍庙,潞州区,东街庙道巷13号宏门西20米,风景名胜,,,,36.183586,113.116378,
337,长治市体育公园,潞州区,府后东街与英雄中路交叉口东北侧,风景名胜,,,,36.190663,113.116224,
337,青年公园,潞州区,青年公园附近,商务住宅,,,,36.161610,113.119398,
337,漳泽湖国家城市湿地公园,潞州区,滨湖大道与北环西街交叉口北80米,风景名胜,,,,36.221835,113.049948,
337,人民公园,潞州区,西大街254号,风景名胜,,,,36.187985,113.097392,
337,城南生态苑,潞州区,五针街与英雄南路交叉口南400米,风景名胜,,,,36.158569,113.101438,
337,淮海公园,潞州区,德化门东街附近,风景名胜,,,,36.166713,113.126926,
337,南广场,潞州区,延安南路街道城南生态苑,风景名胜,,,,36.158861,113.101679,
337,六府公园,潞州区,解放西街116号星悦国际东北方向150米,风景名胜,,,,36.178335,113.099226,
337,长治市博物馆,潞州区,迎宾大街9号,科教文化服务,,,,36.217466,113.071467,
337,六府塔,潞州区,六府公园,风景名胜,,,,36.178408,113.099215,
337,老顶山国家森林公园,潞州区,001乡道北100米,风景名胜,,,,36.212623,113.198477,
337,惠丰公园,潞州区,延安南路与惠丰街交汇处,风景名胜,,,,36.144714,113.116282,
337,欢乐太行谷,壶关县,李东线,风景名胜,,,,36.171334,113.239694,
337,Duoroo植物园,潞州区,英雄中路街道桥北(花郎跆拳道旁),风景名胜,,,,36.199526,113.118342,
337,长治市太行太岳烈士陵园,潞州区,英雄南路东华门67号,生活服务,,,,36.182789,113.104755,
337,滨河公园,潞州区,太行东街街道长治市十中家属院对面,风景名胜,,,,36.196140,113.131319,
337,老顶山炎帝像,潞州区,东老顶山上,风景名胜,,,,36.192514,113.168201,
337,清真中寺,潞州区,天晚街115号,风景名胜,,,,36.185186,113.103204,
337,九号温泉,潞州区,延安中路369号,生活服务,,,,36.188930,113.122039,
337,长治堆锦博物馆,潞州区,东狮子街与长兴南路交叉口东180米,科教文化服务,,,,36.179188,113.115458,
337,长治市城市阳台,潞州区,城市阳台地面停车场(出入口)附近,风景名胜,,,,36.273235,113.067935,
337,炎帝广场,潞州区,沿山路与太行东街交叉口东40米,商务住宅,,,,36.193779,113.162932,
338,崇福寺,朔城区,东大街94号,风景名胜,,,,39.315154,112.432508,
338,敬德公园,朔城区,开发北路七里河大桥北,风景名胜,,,,39.336785,112.435154,
338,桑干河·文旅新天地外景广场,朔城区,开发南路,风景名胜,,,,39.333456,112.436877,
338,平朔公园,朔城区,平朔生活区二区,风景名胜,,,,39.355766,112.445880,
338,沣汇公园,朔城区,田家窑桥东侧,风景名胜,,,,39.351656,112.408026,
338,七里河新公园,朔城区,朔神路与市府东街交叉口西北380米,风景名胜,,,,39.333703,112.446991,
338,朔州人民公园,朔城区,振华街北50米,风景名胜,,,,39.352326,112.425354,
338,崇福广场,朔城区,东门口崇福寺对面,风景名胜,,,,39.313332,112.432979,
338,朔州市博物馆,朔城区,振华街附近,科教文化服务,,,,39.349995,112.423079,
338,金沙植物园,朔城区,鄯阳西街,风景名胜,,,,39.315071,112.386656,
338,马邑博物馆,朔城区,东大街94号崇福寺,科教文化服务,,,,39.313113,112.432095,
338,文庙,朔城区,云路巷与北马军巷交叉口西120米,风景名胜,,,,39.316321,112.424432,
338,喷泉广场,朔城区,[],风景名胜,,,,39.329790,112.434438,
338,恢河湿地公园,朔城区,西环路与滨河路交叉口西南440米,风景名胜,,,,39.281553,112.403995,
338,体育广场,朔城区,开发北路8号,风景名胜,,,,39.340855,112.434459,
338,文昌阁,朔城区,北街附近附近,风景名胜,,,,39.314294,112.427268,
338,尉迟敬德庙,朔城区,崇福广场内(东侧),风景名胜,,,,39.313110,112.433920,
338,古城墙公园,朔城区,崇福寺东南侧,风景名胜,,,,39.313772,112.434927,
338,朔城区崇福寺景区游客服务中心,朔城区,东大街94号崇福寺,生活服务,,,,39.314538,112.434066,
338,西山森林公园,朔城区,森林大道西,风景名胜,,,,39.302555,112.309559,
338,星乐海滩水上乐园,朔城区,马邑南路星悦港C区10号星乐海滩水上乐园,体育休闲服务,,,,39.292324,112.419626,
338,神头泉,朔城区,303省道,风景名胜,,,,39.385823,112.573318,
338,恢河伏流,朔城区,S949朔州环城高速北50米,风景名胜,,,,39.267776,112.390310,
338,宇翔文化园,朔城区,下团堡乡马营堡村北,风景名胜,,,,39.378180,112.375034,
338,花卉广场,朔城区,市府街,风景名胜,,,,39.331574,112.436231,
339,忻州古城,忻府区,秀容街道南关大街(南城门楼),风景名胜,,,,38.399618,112.745955,
339,忻州古城西区,忻府区,白鹤巷与二道坡巷交叉口西南60米,风景名胜,,,,38.397851,112.741551,
339,忻州古城南城门楼,忻府区,南关大街,风景名胜,,,,38.395412,112.745413,
339,忻州古城唐风晋韵打铁花,忻府区,古城西区,体育休闲服务,,,,38.400704,112.737480,
339,秀容书院,忻府区,秀容街20号,风景名胜,,,,38.396804,112.742143,
339,永丰门,忻府区,东大街18号,风景名胜,,,,38.400510,112.755753,
339,北城门楼,忻府区,光明西街1号,风景名胜,,,,38.403535,112.742711,
339,泰山庙,忻府区,泰山庙巷忻州古城,风景名胜,,,,38.399040,112.742753,
339,遗山公园,忻府区,团结西街,风景名胜,,,,38.434664,112.709768,
339,忻州城楼,忻府区,古楼广场与光明东街交叉口西南60米,风景名胜,,,,38.403465,112.742748,
339,人民公园,忻府区,公园东街,风景名胜,,,,38.446247,112.735455,
339,牧马河生态公园,忻府区,云中南路与云中东路交叉口东南340米,风景名胜,,,,38.388873,112.754369,
339,忻州古城明月楼,忻府区,南北大街忻州古城,风景名胜,,,,38.399557,112.743950,
339,体育公园,忻府区,长征后街与南三巷交叉口北120米,风景名胜,,,,38.419706,112.714873,
339,古钟公园,忻府区,学道东街29号,风景名胜,,,,38.401907,112.753293,
339,关帝庙,忻府区,南北大街79号(忻州古城),风景名胜,,,,38.396345,112.744389,
339,北城门广场,忻府区,古楼广场与南北大街交叉口西北20米,风景名胜,,,,38.402904,112.742906,
339,云中河水上公园,忻府区,凤栖东街,风景名胜,,,,38.483702,112.719609,
339,红旗广场,忻府区,秀容街道秀容街道秀容街道秀容街道秀容街道胜利路49号,风景名胜,,,,38.400906,112.748251,
339,忻州古城财神庙,忻府区,财神庙巷与泰山庙巷交叉口西南20米,风景名胜,,,,38.398587,112.742609,
339,忻州古城西园,忻府区,文昌寺巷与桥东街交叉口东180米,风景名胜,,,,38.396432,112.739833,
339,日月广场,忻府区,长征东街2号,风景名胜,,,,38.417361,112.733185,
339,忻州古城土稍楼,忻府区,城南新街与南关大街交叉路口,风景名胜,,,,38.392714,112.746172,
339,忻州市博物馆,忻府区,凤栖街与慕山路交汇处东南角,科教文化服务,,,,38.476346,112.717598,
339,北城门城墙,忻府区,南关大街(南城门楼)忻州古城(西北角),风景名胜,,,,38.403484,112.743121,
340,临汾鼓楼休闲广场,尧都区,解放路街道鼓楼广场步行街66号,风景名胜,,,,36.083132,111.514523,
340,汾河公园,尧都区,鼓楼西街街道五一西路滨河路口,风景名胜,,,,36.078696,111.486442,
340,古城公园,尧都区,水塔街街道中大街8号,风景名胜,,,,36.090956,111.502187,
340,临汾哪吒传奇,尧都区,108国道南侧,风景名胜,,,,36.117511,111.571402,
340,财神楼,尧都区,鼓楼东大街跟财神楼街交汇处,风景名胜,,,,36.080941,111.520290,
340,临汾哪吒传奇景区,尧都区,乔李镇108国道北永安村,风景名胜,,,,36.117583,111.571561,
340,临汾博物馆,尧都区,刘村镇滨河西路汾河公园九州广场南端,科教文化服务,,,,36.072788,111.483454,
340,尧庙,尧都区,尧庙村,风景名胜,,,,36.051938,111.496595,
340,临汾市廉政文化广场,尧都区,滨河办事处滨河路,风景名胜,,,,36.098598,111.498858,
340,古城遗址,尧都区,水塔街街道中大街8号古城公园,风景名胜,,,,36.090881,111.505056,
340,涝洰河生态公园,尧都区,[],风景名胜,,,,36.093977,111.573648,
340,华门,尧都区,尧庙村,风景名胜,,,,36.052041,111.488056,
340,润州园,尧都区,涝河和洰河的交汇处,风景名胜,,,,36.106993,111.563056,
340,九州公园-九州广场,尧都区,滨河西路附近,风景名胜,,,,36.076932,111.485445,
340,尧庙地宫,尧都区,尧都大道与秦蜀路交叉口西120米,风景名胜,,,,36.049639,111.496155,
340,临汾市人民公园,尧都区,滨河西路,风景名胜,,,,36.093138,111.490642,
340,关帝庙,尧都区,体育北街与何二西胡同交叉口西120米,风景名胜,,,,36.084177,111.517846,
340,临汾市动物园,尧都区,环城南路秦蜀路十字路口西南角,风景名胜,,,,36.022011,111.471309,
340,孙膑庙125号门店,尧都区,鼓楼北大街与古城路交叉口东南180米,风景名胜,,,,36.090725,111.518025,
340,清华园,尧都区,水塔街街道公园北路清华园,商务住宅,,,,36.092572,111.508035,
340,临汾汾河生态公园-白沙滩,尧都区,信合西路f区,风景名胜,,,,36.082401,111.494385,
340,临汾海昌海洋探索馆,尧都区,尧庙镇尧都大道122号,风景名胜,,,,36.051405,111.493940,
340,紫藤公园,尧都区,广宣街,风景名胜,,,,36.086289,111.526028,
340,古城公园-古民居游览景区,尧都区,古城遗址(东北角),风景名胜,,,,36.091399,111.505952,
340,中大街,尧都区,古城遗址内(西侧),风景名胜,,,,36.091489,111.503562,
341,山西博物院,万柏林区,滨河西路13号,科教文化服务,,,,37.865449,112.531258,
341,山西督军府旧址(晋商博物院),杏花岭区,鼓楼街道府东街101号(山西省眼科医院对面),风景名胜,,,,37.874751,112.562713,
341,迎泽公园,迎泽区,迎泽大街218号,风景名胜,,,,37.853547,112.561309,
341,纯阳宫,迎泽区,起凤街1号,风景名胜,,,,37.862385,112.572122,
341,太原市汾河景区,晋源区,滨河东路,风景名胜,,,,37.841953,112.539438,
341,文瀛公园,迎泽区,海子边东街28号,风景名胜,,,,37.865175,112.570695,
341,山西自然博物馆,万柏林区,兴华街道滨河西路北段17号,科教文化服务,,,,37.867450,112.532166,
341,南宫广场,迎泽区,迎泽大街248号(大南门地铁站A口步行150米),风景名胜,,,,37.858381,112.556622,
341,中国煤炭博物馆,万柏林区,迎泽西大街2号,科教文化服务,,,,37.857089,112.528467,
341,双塔公园,迎泽区,郝庄镇南内环东街,风景名胜,,,,37.844609,112.598320,
341,长风广场,迎泽区,柳巷南路43号,风景名胜,,,,37.866950,112.566893,
341,鼓楼世纪广场,杏花岭区,鼓楼街33号(府西街地铁站D口步行390米),购物服务,,,,37.871674,112.565072,
341,太原市森林公园,尖草坪区,大同路北36号,风景名胜,,,,37.909552,112.533801,
341,碑林公园,迎泽区,康乐街56号,风景名胜,,,,37.850117,112.539988,
341,太原动物园,杏花岭区,东山马路2号,风景名胜,,,,37.911406,112.587479,
341,太原双塔寺,迎泽区,双塔南巷甲字8号,风景名胜,,,,37.846162,112.596251,
341,崇善寺,迎泽区,文庙巷9号,风景名胜,,,,37.866958,112.579917,
341,关帝庙(东庙巷),迎泽区,庙前街36号,风景名胜,,,,37.867796,112.557743,
341,交通安全宣传主题公园,杏花岭区,新建路与桃园二巷交叉口东南40米,风景名胜,,,,37.871121,112.551455,
341,鼓楼广场,杏花岭区,鼓楼街(府西街地铁站D口步行110米),风景名胜,,,,37.872595,112.562864,
341,玉门河公园,万柏林区,和平北路80号,风景名胜,,,,37.866964,112.507721,
341,唱经楼,迎泽区,鼓楼街33号(府西街地铁站C口步行430米),风景名胜,,,,37.871257,112.565215,
341,漪汾公园,万柏林区,千峰北路88号,风景名胜,,,,37.880142,112.519099,
341,东湖醋园,杏花岭区,马道坡街26号,风景名胜,,,,37.878504,112.595931,
341,汾河湿地公园,尖草坪区,汾河两侧太原汾河景区,风景名胜,,,,37.898605,112.533340,
342,榆次老城,榆次区,府兴路225号,风景名胜,,,,37.677346,112.750195,
342,榆次文化广场,榆次区,顺城街文化中心,风景名胜,,,,37.683940,112.748093,
342,潇河莲花湾,榆次区,锦东大道潇河文艺小镇,风景名胜,,,,37.675795,112.781586,
342,玉湖公园,榆次区,校园路,风景名胜,,,,37.713234,112.747974,
342,百草坡森林植物园,榆次区,安宁东街东首,风景名胜,,,,37.704748,112.789481,
342,潇河湿地公园,榆次区,潇河莲花湾(西南角),风景名胜,,,,37.649703,112.743255,
342,海盗传奇水世界,榆次区,修文镇西郝村凤栖大街潇河湿地公园南岸海盗传奇玩水公园,体育休闲服务,,,,37.649802,112.755132,
342,晋商文化广场,榆次区,迎宾西街109号,风景名胜,,,,37.697039,112.713248,
342,潇河文艺小镇,榆次区,西郝村潇河幸荣桥北50米,风景名胜,,,,37.675251,112.779506,
342,使赵门楼,榆次区,使赵街与汇通北路交叉口西60米,风景名胜,,,,37.707550,112.713073,
342,晋中市博物馆,榆次区,广安街188号,科教文化服务,,,,37.722948,112.735587,
342,榆次老城-榆次城隍庙,榆次区,府兴路225号,风景名胜,,,,37.679641,112.752514,
342,晋华1919·中国营造大坊,榆次区,新华街与商贸巷交叉口西100米,风景名胜,,,,37.685607,112.745678,
342,大乘寺,榆次区,府兴路225号榆次老城(东南角),风景名胜,,,,37.675521,112.753177,
342,社火公园,榆次区,迎宾西街晋商广场南侧,风景名胜,,,,37.694578,112.712649,
342,榆次老城-榆次县衙,榆次区,西南街道府兴路225号(榆次老城内),风景名胜,,,,37.679125,112.750504,
342,139记忆公园,榆次区,东三角巷与安宁东街交叉口,风景名胜,,,,37.706881,112.757127,
342,山西晋之源壁画艺术博物馆,榆次区,晋中经济开发区龙湖大街969号晋中市人民检察院后面,科教文化服务,,,,37.721428,112.723896,
342,乌金山国家森林公园,榆次区,河沙沟东,风景名胜,,,,37.840157,112.781840,
342,天主堂,榆次区,新天地q区20号,风景名胜,,,,37.687152,112.751400,
342,老城遗园,榆次区,府兴路225号榆次老城内(西侧),风景名胜,,,,37.679124,112.745568,
342,经纬公园,榆次区,经纬街道经纬路150号,风景名胜,,,,37.686759,112.702201,
342,潇河动物园,榆次区,汇通南路601号,体育休闲服务,,,,37.648323,112.738701,
342,福晋广场,榆次区,柳西西四巷,风景名胜,,,,37.686372,112.713674,
342,九龙国际文化生态旅游园区,榆次区,乌金山镇河口村,风景名胜,,,,37.792759,112.680708,
343,秦岭博物馆,商州区,北新街与仙鹅湖东路交界处,科教文化服务,,,,33.883270,109.920127,
343,莲湖公园,商州区,工农路与龙泉巷交叉口,风景名胜,,,,33.860878,109.937068,
343,商鞅广场,商州区,北新街与龙构路交汇处东50米,风景名胜,,,,33.882897,109.917596,
343,丹江公园,商州区,江滨路望江楼,风景名胜,,,,33.865665,109.919005,
343,华阳园,商州区,丹江公园,风景名胜,,,,33.871482,109.917198,
343,丹江公园望江楼,商州区,金源一路附近,风景名胜,,,,33.865676,109.919139,
343,龟山胜景,商州区,[],风景名胜,,,,33.855665,109.927962,
343,仙娥湖旅游区(不对外开放),商州区,水沟村北500米,风景名胜,,,,33.897153,109.920864,
343,中心广场,商州区,城关街道北新街,风景名胜,,,,33.867430,109.942708,
343,滨江银杏公园,商州区,民主路1号,风景名胜,,,,33.870497,109.915900,
343,丹江源国家湿地公园(不对外开放),商州区,二龙山水库,风景名胜,,,,33.912907,109.919663,
343,双乳山云鹤观,商州区,[],风景名胜,,,,33.857950,109.918389,
343,大云寺,商州区,现代国际广场西街·步行街,风景名胜,,,,33.866929,109.937836,
343,商州群众运动公园,商州区,北新街(西段)151号,风景名胜,,,,33.879143,109.916270,
343,商州卧虎岭旅游景区,商州区,沙河子镇林沟村看拉路,风景名胜,,,,33.856349,110.037967,
343,威斯尼乐园(金凤山路),商州区,金凤山路与陵园路交叉口东北140米,体育休闲服务,,,,33.873503,109.944412,
343,南秦河生态公园,商州区,龟山大道与惠民东路交叉口东340米,风景名胜,,,,33.846179,109.937005,
343,张峪沟生态旅游景区,商州区,红升村,风景名胜,,,,33.803323,109.965024,
343,秦岭江山景区,商州区,腰市镇江山村,风景名胜,,,,34.078124,109.902190,
343,金凤山仿古八角塔,商州区,金凤山顶金凤山路和香菊路交叉口西南200米,风景名胜,,,,33.881524,109.944419,
343,商鞅广场-商鞅塑像,商州区,北新街(西段)211号,风景名胜,,,,33.882456,109.917868,
343,四皓公园,商州区,四皓公园位于商州区民居路北侧,风景名胜,,,,33.875520,109.919706,
343,静泉山佛音寺,商州区,周石路与静泉路交叉口西南100米,风景名胜,,,,33.840241,109.961343,
343,东龙山遗址,商州区,丹江北岸,风景名胜,,,,33.845818,109.969285,
343,两河口城市运动公园,商州区,商鞅大道66号,风景名胜,,,,33.854158,109.951158,
344,汉中市博物馆,汉台区,东大街26号,科教文化服务,,,,33.069450,107.033572,
344,拜将坛,汉台区,南一环路1018号,风景名胜,,,,33.064013,107.031624,
344,古汉台,汉台区,东大街26号,风景名胜,,,,33.069449,107.033572,
344,汉中市天汉湿地公园,汉台区,龙岗大桥一江两岸(含南郑区)合围区,风景名胜,,,,33.053856,107.004687,
344,兴汉胜境景区,汉台区,诸汉路,风景名胜,,,,33.104900,107.029928,
344,天汉楼广场,汉台区,滨江西路附近,风景名胜,,,,33.052633,107.012318,
344,汉中音乐喷泉,汉台区,中山街街道滨江路与南团结街交汇处,风景名胜,,,,33.055869,107.037835,
344,爱转角非遗文创街区,汉台区,东大街古汉台对面院内,风景名胜,,,,33.070543,107.033442,
344,桥北广场,汉台区,天汉大道121号,风景名胜,,,,33.053764,107.025279,
344,天汉楼,汉台区,天汉文化公园内(东侧),风景名胜,,,,33.051014,107.011855,
344,汉中市滨江文化公园,南郑区,汉江一江两岸城市南区江南东路,风景名胜,,,,33.050398,107.039066,
344,天汉湿地公园彩虹桥,汉台区,滨江西路与金牛路交叉口西南260米,风景名胜,,,,33.058047,106.998593,
344,汉水·女神广场,汉台区,天汉文化公园国家湿地公园内,风景名胜,,,,33.048761,107.011917,
344,王府广场,汉台区,北大街与莲湖东路交叉路口东北角,商务住宅,,,,33.074364,107.029698,
344,汉中市汉江天汉湿地公园,南郑区,龙岗新区西新街与龙岗大桥交叉口北200米,风景名胜,,,,33.072084,106.982737,
344,街心花园,汉台区,石灰巷21号,风景名胜,,,,33.070179,107.028656,
344,饮马池古东湖,汉台区,饮马池路与丁字街交叉口东120米,风景名胜,,,,33.068143,107.036362,
344,椰岛广场,汉台区,金福园小区8号楼,风景名胜,,,,33.086240,107.040384,
344,天汉传奇实景演出,汉台区,兴汉新区鑫源办事处诸汉路中段兴汉胜境景区,风景名胜,,,,33.106037,107.030873,
344,汉中园林,汉台区,将坛路与人大巷交叉口东南80米,公司企业,,,,33.064118,107.022111,
344,汉中汉水天鹅湖汉江画舫游船,汉台区,天汉大桥下向东50米(1号码头),体育休闲服务,,,,33.051938,107.025591,
344,汉中市桥南广场,南郑区,大河坎天汉大道与堤顶路交叉口东南角,风景名胜,,,,33.046452,107.025750,
344,西郊记忆文化科技创意产业孵化园,汉台区,机场路,商务住宅,,,,33.065832,107.016564,
344,汉人老家街,汉台区,北关街道傥骆路与诸汉路交叉口,风景名胜,,,,33.107275,107.025274,
344,丰辉广场,汉台区,东一环路与留侯路交叉口西北80米,风景名胜,,,,33.081587,107.055151,
345,西安城市运动公园,未央区,未央路168号(行政中心地铁站B5口旁),风景名胜,,,,34.344373,108.943445,
345,未央城市广场,未央区,张家堡环岛赛高城市广场东北侧约190米,风景名胜,,,,34.340996,108.947278,
345,大明宫国家遗址公园,新城区,自强东路585号,风景名胜,,,,34.292586,108.963530,
345,汉城湖旅游风景区,未央区,北二环与朱宏路交汇处西北角,风景名胜,,,,34.298276,108.918796,
345,宣平里景区,未央区,汉城街道丰产路稳江仓储正对面,风景名胜,,,,34.341671,108.911016,
345,西安城墙,新城区,南大街2号,风景名胜,,,,34.275900,108.948183,
345,文化中心广场,未央区,鱼藻路21号,风景名胜,,,,34.343153,108.955486,
345,红旗铁路公园,未央区,新兴路与八府庄园商业街交叉口西北40米,风景名胜,,,,34.318200,108.980217,
345,开元公园,未央区,开元路与渭清路交叉口东150米,风景名胜,,,,34.349642,108.956057,
345,回民街,莲湖区,北院门125号1-51(钟楼地铁站出入口步行430米),购物服务,,,,34.264587,108.936378,
345,文景公园,未央区,张家堡街道凤城三路与文景路交汇处向南100米,风景名胜,,,,34.321528,108.935711,
345,西安钟楼,莲湖区,西安地铁2号线钟楼站C出口正对面,风景名胜,,,,34.259430,108.947030,
345,西安后海,灞桥区,华文路与锦堤六路交叉口西南420米,风景名胜,,,,34.342591,109.019227,
345,广仁寺,莲湖区,城墙西北角西北一路152号,风景名胜,,,,34.274555,108.925865,
345,清水湾都市温泉度假中心,未央区,凤城一路与明光路交汇处东南角,生活服务,,,,34.312807,108.930196,
345,文景山公园,未央区,西安北站北广场东北侧,风景名胜,,,,34.384763,108.943884,
345,华夏文旅西安度假区,灞桥区,浐灞国际港华文路1518号,风景名胜,,,,34.350956,109.019964,
345,红旗广场,未央区,徐家湾街道徐家湾街道红旗路与渭滨路交叉路口东北侧,风景名胜,,,,34.354721,108.965575,
345,华夏文旅海洋公园,灞桥区,浐灞国际港华文路1518号,风景名胜,,,,34.351688,109.019024,
345,康乐园,未央区,未央路168号西安城市运动公园(西南角),风景名胜,,,,34.342311,108.942101,
345,西安城墙·碑林历史文化景区,新城区,顺城巷27号(钟楼地铁站D口步行270米),风景名胜,,,,34.263783,108.948296,
345,汉长安城未央宫国家考古遗址公园,未央区,大兴西路,风景名胜,,,,34.302854,108.862168,
345,汉城湖景区封禅天下广场,未央区,汉城湖旅游风景区内(北侧),风景名胜,,,,34.320743,108.919425,
345,西安湖,未央区,机场专用高速西侧,风景名胜,,,,34.393063,108.898534,
345,大慈恩寺,雁塔区,慈恩路1号,风景名胜,,,,34.217954,108.964180,
346,圣都乐园,榆阳区,滨河路78号,风景名胜,,,,38.276008,109.746388,
346,榆林老街,榆阳区,南大街339号,风景名胜,,,,38.283926,109.760030,
346,夫子庙,榆阳区,长城南路167-168号,风景名胜,,,,38.283191,109.753571,
346,南门广场,榆阳区,榆阳中路44号,购物服务,,,,38.282054,109.753397,
346,红石峡景区,榆阳区,红石峡文物管理所,风景名胜,,,,38.336034,109.722622,
346,中国算盘博物馆,榆阳区,长城南路与贾盘石巷交叉口东北120米,科教文化服务,,,,38.284177,109.752227,
346,陕北民俗博物馆,榆阳区,长城南路夫子庙A区2层,科教文化服务,,,,38.282805,109.752457,
346,榆林卫城,榆阳区,广榆路与北大街交叉口西南40米,风景名胜,,,,38.300842,109.750443,
346,鸳鸯湖,榆阳区,望湖西路西口,风景名胜,,,,38.303041,109.745888,
346,镇北台长城景区,榆阳区,西包公路,风景名胜,,,,38.336118,109.732778,
346,榆溪河生态长廊,榆阳区,长城南路,风景名胜,,,,38.271716,109.749203,
346,沙河公园,榆阳区,沙河路,风景名胜,,,,38.253016,109.748910,
346,榆林环城北路休闲体育运动公园,榆阳区,望达南巷金桥花园小区西南侧约230米,风景名胜,,,,38.316511,109.732190,
346,陕北民歌博物馆,榆阳区,金沙路与红山路十字东北角,科教文化服务,,,,38.314980,109.769499,
346,陕北民歌第一传习所(东沙校区),榆阳区,陕北民歌博物馆1楼,科教文化服务,,,,38.314731,109.769500,
346,榆林宋夏历史文化博物馆,榆阳区,长城南路与怀德路交叉口西北360米,科教文化服务,,,,38.270447,109.752673,
346,无量寺,榆阳区,驼峰北路,风景名胜,,,,38.300342,109.759484,
346,凌霄公园,榆阳区,榆阳中路与肤施路交叉口东160米,风景名胜,,,,38.281583,109.759117,
346,中国熊猫(榆星优品广场店),榆阳区,文化南路45号榆星优品广场,风景名胜,,,,38.286644,109.730946,
346,无量殿,榆阳区,桃源路无量寺内(西侧),风景名胜,,,,38.300458,109.759156,
346,金刚寺,榆阳区,金沙路与金华路交叉口东南460米,风景名胜,,,,38.289862,109.773892,
346,I LOVE YOU草坪,榆阳区,榆林大道与金钰路交叉口西80米,风景名胜,,,,38.298769,109.715790,
346,阳光广场,榆阳区,榆阳经济开发区,风景名胜,,,,38.236985,109.761916,
346,圣都乐园榆溪码头,榆阳区,滨河南路,风景名胜,,,,38.272461,109.752980,
346,榆林钟楼,榆阳区,南大街9号,风景名胜,,,,38.290540,109.755131,
347,咸阳湖景区,渭城区,咸阳湖景区内,风景名胜,,,,34.328756,108.718710,
347,咸阳古渡廊桥,渭城区,咸阳湖景区内(东侧),风景名胜,,,,34.330845,108.724751,
347,咸阳湖景区统一广场,渭城区,人民路街道乐育南路1号,风景名胜,,,,34.330056,108.717959,
347,中华广场,秦都区,中华广场电脑城B2层,风景名胜,,,,34.323928,108.685723,
347,咸阳博物院,渭城区,中山街53号,科教文化服务,,,,34.334452,108.724665,
347,海泉湾温泉世界,秦都区,世纪大道中段,生活服务,,,,34.317438,108.724956,
347,凤凰台,渭城区,仪凤南街与谷家巷交叉口西50米,风景名胜,,,,34.335381,108.726126,
347,清渭楼,渭城区,东道巷与渭阳东路交叉口西150米,科教文化服务,,,,34.334557,108.733588,
347,古渡公园,渭城区,人民东路122号,风景名胜,,,,34.338949,108.742336,
347,钟楼广场,渭城区,乐育南路,风景名胜,,,,34.333884,108.717715,
347,人民广场,秦都区,人民中路8号,风景名胜,,,,34.337278,108.714731,
347,沣河森林公园,秦都区,西咸新区沣东新城能源金融贸易区上林街道扶苏路西50米亿龙金河湾小区西侧,风景名胜,,,,34.321932,108.748740,
347,南阳门,渭城区,北平街南端,风景名胜,,,,34.332470,108.730816,
347,丝路欢乐世界,秦都区,丰联路辅路中段,体育休闲服务,,,,34.264051,108.696493,
347,古渡廊桥(南口),秦都区,河堤路与白马河路交叉口北80米,风景名胜,,,,34.325464,108.726518,
347,沣河金湾,秦都区,能源金融贸易中心,风景名胜,,,,34.330287,108.768904,
347,钓鱼台公园,秦都区,河堤路,风景名胜,,,,34.307291,108.684992,
347,安国寺,渭城区,中山街道中山街道凤仪东街(近中心医院),风景名胜,,,,34.335800,108.726182,
347,沣河金湾南沙滩,秦都区,金湾东路与能源路交叉口西南280米,风景名胜,,,,34.332107,108.770359,
347,河堤路城市运动公园,秦都区,河堤路与伍家路交叉口东北240米,风景名胜,,,,34.317207,108.701357,
347,纺织工业博物馆,渭城区,柳林花园东(民生西路北),科教文化服务,,,,34.341782,108.717265,
347,两寺渡公园,秦都区,创业东路以南西环路以东,风景名胜,,,,34.297694,108.668781,
347,咸阳湖树,秦都区,咸阳湖景区(西南角),风景名胜,,,,34.327096,108.715004,
347,咸阳老街·3D文化打卡墙,渭城区,中山街与学道门巷交叉口东60米,风景名胜,,,,34.333807,108.725556,
347,渭柳湿地公园,渭城区,渭阳街道渭阳街道河堤路渭柳湿地,风景名胜,,,,34.350056,108.765939,
348,中华石鼓园,渭滨区,石鼓镇西宝路,风景名胜,,,,34.348097,107.193181,
348,陈仓老街,渭滨区,马营镇太阳滨河大道88号,购物服务,,,,34.349535,107.198315,
348,宝鸡青铜器博物院,渭滨区,中华石鼓园内(东侧),科教文化服务,,,,34.347405,107.195212,
348,蟠龙文化公园,金台区,卧龙寺街道代家湾生态公园塬顶,风景名胜,,,,34.373697,107.239849,
348,高新广场,渭滨区,渭滨高新区,风景名胜,,,,34.350225,107.229352,
348,代家湾生态公园,金台区,代家湾,风景名胜,,,,34.369345,107.239265,
348,长乐塬抗战工业遗址,金台区,十里铺街道新风巷7号申新办公楼,风景名胜,,,,34.370585,107.210482,
348,宝鸡市行政中心广场,金台区,行政大道宝鸡市政府南侧约180米,风景名胜,,,,34.360311,107.237045,
348,卧龙寺,金台区,龙丰村,风景名胜,,,,34.364262,107.263721,
348,渭河生态体育公园,渭滨区,滨河路与新苑路交叉口北100米,风景名胜,,,,34.353151,107.240203,
348,宝鸡炎帝影视基地,渭滨区,茵香河沙家湾村,风景名胜,,,,34.329857,107.189229,
348,东岭廊桥,渭滨区,滨河大道与滨河路交叉口西100米,风景名胜,,,,34.351936,107.197834,
348,渭河生态园,金台区,滨河北路与跃进路口,风景名胜,,,,34.354174,107.183636,
348,天台山风景区,渭滨区,石鼓镇庙沟村南,风景名胜,,,,34.285016,107.187525,
348,太极源,金台区,陵塬路112号,风景名胜,,,,34.376980,107.152751,
348,金台观,金台区,群众路43号,风景名胜,,,,34.379587,107.152586,
348,天台山国家风景名胜区-鸡峰山景区,渭滨区,石鸡路鸡峰山,风景名胜,,,,34.288191,107.193340,
348,石鼓文化廊桥,金台区,陈仓镇渭河生态园东,风景名胜,,,,34.355441,107.196562,
348,蟠龙欢乐世界,金台区,蟠龙新区龙翔大道东段,体育休闲服务,,,,34.390035,107.241442,
348,燃灯寺,渭滨区,燃灯寺村,风景名胜,,,,34.297775,107.224800,
348,宝鸡植物园,渭滨区,姜谭街道潭福路5号(近孔家庄),风景名胜,,,,34.367587,107.102864,
348,和园,金台区,东岭西路与冠森路交叉口东160米,风景名胜,,,,34.358132,107.189239,
348,石鼓阁,渭滨区,石鼓园青铜器博物院保卫科,风景名胜,,,,34.348138,107.191049,
348,清水河公园,渭滨区,宝钛路以东至清水河以西,风景名胜,,,,34.337003,107.255706,
348,代家湾小型体育公园,金台区,蟠龙文化公园内(南侧),风景名胜,,,,34.371823,107.239460,
349,汉江公园,汉滨区,老城街道东外环路北头,风景名胜,,,,32.702569,109.030689,
349,香溪洞,汉滨区,安康城南1公里,风景名胜,,,,32.660211,109.036027,
349,兴安公园,汉滨区,新城街道兴安中路45号(兴安路与解放路十字西200米路南),风景名胜,,,,32.693004,109.030931,
349,龙舟文化园,汉滨区,汉江大桥附近,风景名胜,,,,32.693013,109.017900,
349,安康博物馆,汉滨区,安澜路,科教文化服务,,,,32.686277,109.007301,
349,中心广场,汉滨区,兴安中路与金州南路交叉口东80米,购物服务,,,,32.692800,109.027985,
349,安澜公园,汉滨区,江北街道黄沟1号,风景名胜,,,,32.695237,109.013437,
349,安澜楼,汉滨区,江北黄沟村,风景名胜,,,,32.696252,109.013917,
349,亲水广场,汉滨区,滨江大道南50米,风景名胜,,,,32.704433,109.022531,
349,香溪旅游文化广场,汉滨区,S207(南环干道),风景名胜,,,,32.676065,109.036607,
349,桃花源,汉滨区,富硒水·龙王泉河西水码头东侧280米,风景名胜,,,,32.733482,108.965553,
349,朝阳门,汉滨区,东内环路与东正街交叉口东20米,风景名胜,,,,32.701346,109.035360,
349,安康新城北门城门遗址,汉滨区,新城路,风景名胜,,,,32.689246,109.035104,
349,信合广场,汉滨区,大桥路1号,风景名胜,,,,32.694669,109.020834,
349,瀛湖风景区,汉滨区,瀛湖镇瀛湖码头,风景名胜,,,,32.575826,108.865749,
349,兰沟村向日葵花海,汉滨区,张石大道,风景名胜,,,,32.715860,109.098916,
349,香溪古洞,汉滨区,南环干道与安吉路交叉口东南80米,风景名胜,,,,32.676060,109.035709,
349,金川门,汉滨区,金川街与西内环路交叉口西20米,风景名胜,,,,32.690462,109.016398,
349,清真东寺,汉滨区,西井街新城西井街3号,风景名胜,,,,32.687518,109.033074,
349,兴安门,汉滨区,新城街道兴安东路1号,风景名胜,,,,32.697167,109.037275,
349,永安门,汉滨区,西外环路18号对面,风景名胜,,,,32.689454,109.017692,
349,秦巴生态文化公园,汉滨区,建民办事处安康大道,风景名胜,,,,32.702310,108.965061,
349,三桥码头广场,汉滨区,瀛湖路120号,风景名胜,,,,32.673549,109.006039,
349,安康新罗公园,汉滨区,安康大道,风景名胜,,,,32.683465,109.004317,
349,安康运动公园,汉滨区,花园大道1号,风景名胜,,,,32.709132,108.978981,
350,延安革命纪念地景区,宝塔区,宝塔山街道宝塔山街道延河东路与王家坪大桥交叉口北140米,风景名胜,,,,36.608804,109.477563,
350,杨家岭革命旧址,宝塔区,杨家岭路1号,风景名胜,,,,36.619383,109.468517,
350,延安革命纪念馆,宝塔区,西北延河东岸王家坪,风景名胜,,,,36.609322,109.477373,
350,延安市人民公园,宝塔区,东方红大道,风景名胜,,,,36.644111,109.494805,
350,延安博物馆,宝塔区,桥沟街道桥沟街道轩辕大道以南大剧院以北瑞金街以西照金街以东,科教文化服务,,,,36.637882,109.494610,
350,宝塔山景区,宝塔区,延河之滨,风景名胜,,,,36.593453,109.497346,
350,延安红色记忆城·金延安,宝塔区,河庄坪镇东南边,风景名胜,,,,36.657121,109.445240,
350,延州牡丹园,宝塔区,桥沟街道桥沟街道肤施大道鲁艺生态公园(东南角),风景名胜,,,,36.630138,109.513228,
350,新区文化公园,宝塔区,延安大剧院南侧,风景名胜,,,,36.631363,109.494772,
350,枣园革命旧址,宝塔区,枣园街道枣园村枣园路,风景名胜,,,,36.627465,109.421005,
350,延安市清凉山旅游景区,宝塔区,延河大桥,风景名胜,,,,36.603272,109.492623,
350,王家坪革命旧址,宝塔区,宝塔山街道宝塔山街道王家坪村村委会,风景名胜,,,,36.607536,109.481144,
350,延安新城观景台,宝塔区,中环大道与照金街交叉口西南440米,风景名胜,,,,36.627446,109.488847,
350,中共中央西北局旧址,宝塔区,南市街道南关街2号西北局旧址景区,风景名胜,,,,36.578401,109.485819,
350,凤凰文化广场,宝塔区,中心街凤凰广场,风景名胜,,,,36.595315,109.488025,
350,五星广场,宝塔区,行知北路5号,风景名胜,,,,36.632568,109.489245,
350,杨家岭毛泽东旧居,宝塔区,桥沟街道杨家岭路杨家岭革命旧址(东北角),风景名胜,,,,36.620127,109.469092,
350,贵人峁观景台,宝塔区,[],风景名胜,,,,36.627420,109.488849,
350,延安红街,宝塔区,科技城环湖路1号,风景名胜,,,,36.567870,109.519042,
350,南门广场,宝塔区,南大街宝塔山对面,风景名胜,,,,36.592159,109.491467,
350,鲁迅艺术文学院旧址,宝塔区,桥沟路与长青路交叉口西100米鲁迅艺术文学院附近,风景名胜,,,,36.621329,109.525790,
350,石油广场,宝塔区,永福路延长石油小区,风景名胜,,,,36.615821,109.520376,
350,延安新城大剧院喷泉广场,宝塔区,瑞金街与遵义大街交叉口西南200米新区文化公园附近,体育休闲服务,,,,36.631639,109.494628,
350,延安国家森林公园凤凰山景区,宝塔区,延安国家森林公园,风景名胜,,,,36.590458,109.483982,
350,延安保育院剧场,宝塔区,金延安文化旅游产业园(河庄坪镇东南边),体育休闲服务,,,,36.659069,109.443845,
351,铜川花月荟,耀州区,长虹南路75号,风景名胜,,,,34.883097,108.955968,
351,牡丹园,耀州区,正阳路街道长虹南路,风景名胜,,,,34.882699,108.962717,
351,铜川书画公园,耀州区,正阳路街道朝阳路,风景名胜,,,,34.886350,108.936754,
351,药王山,耀州区,宝鉴路,风景名胜,,,,34.907321,109.003821,
351,铜川博物馆,耀州区,正阳路街道正阳路街道朝阳路铜川市第一中学西侧,科教文化服务,,,,34.881128,108.925744,
351,铜川棉花库,耀州区,永安路街道永安路街道文营东路29号,风景名胜,,,,34.913159,108.997992,
351,铜川植物园,耀州区,长丰北路与金达路交叉口东240米,风景名胜,,,,34.913437,108.945032,
351,铜川城市运动公园,耀州区,正阳路,风景名胜,,,,34.902492,108.952762,
351,林徽因故居,耀州区,文营西路西仓巷11号,风景名胜,,,,34.909907,108.978258,
351,丹阳公园,耀州区,金谟路63号,风景名胜,,,,34.899491,108.932922,
351,耀州文庙,耀州区,学古路正大百货商城,风景名胜,,,,34.912426,108.978925,
351,孙思邈纪念馆,耀州区,药王大道养生广场南300米,风景名胜,,,,34.908896,108.994683,
351,陈炉古镇,印台区,陈炉镇,风景名胜,,,,35.028187,109.154997,
351,耀州窑博物馆,王益区,黄堡镇新宜南路25号,科教文化服务,,,,34.990992,109.012236,
351,拙园序,耀州区,长虹南路8号,风景名胜,,,,34.871114,108.964821,
351,铜川市耀州区博物馆,耀州区,北大街34号,科教文化服务,,,,34.912933,108.978729,
351,耀州区神德寺公园,耀州区,神德寺公园(耀瑶路南),风景名胜,,,,34.922537,108.981625,
351,照金香山旅游景区,耀州区,庙湾镇瑶玉村,风景名胜,,,,35.120478,108.730684,
351,古同宫,耀州区,长虹南路与正阳路交叉口东南340米,风景名胜,,,,34.894612,108.949776,
351,高科抗衰公园(中央公园店),耀州区,正阳路3正中央公元,生活服务,,,,34.892325,108.943675,
351,药王山游客中心,耀州区,药王山售票处东北侧,生活服务,,,,34.908946,108.999999,
351,照金红色旅游名镇,耀州区,照金镇,风景名胜,,,,35.054598,108.640395,
351,溪山胜境,耀州区,照金镇秀房沟村内,风景名胜,,,,35.097266,108.647358,
351,药王山售票处,耀州区,宝鉴路南50米,生活服务,,,,34.908895,108.999962,
351,铜煤一号小区樱花园,耀州区,咸丰东路与丹阳路辅路交叉口北460米,商务住宅,,,,34.906516,108.930889,
352,渭南市博物馆,临渭区,白杨街道乐天大街西段中心医院东侧,科教文化服务,,,,34.514324,109.469276,
352,渭南老街,临渭区,湭河东路与老城街交叉口西南160米,购物服务,,,,34.496808,109.517873,
352,南湖公园,临渭区,渭清路与连霍高速交汇处东南角,风景名胜,,,,34.486175,109.465782,
352,金水公园,临渭区,乐天大街与金水路交叉口东北角,风景名胜,,,,34.516238,109.488337,
352,穆屯公园,临渭区,渭清路69号,风景名胜,,,,34.521656,109.451108,
352,朝阳公园,临渭区,杜化路与朝阳大街中段交叉口,风景名胜,,,,34.492955,109.480522,
352,渭南渭河生态公园,临渭区,堤顶路,风景名胜,,,,34.542435,109.487168,
352,渭南市人民公园,临渭区,渭南市民综合服务中心南,风景名胜,,,,34.517675,109.470156,
352,人和公园,临渭区,向阳街道滨河大道渭河附近,风景名胜,,,,34.504521,109.528550,
352,车雷公园,临渭区,杜化路与车雷街交叉口南60米,风景名胜,,,,34.518836,109.481631,
352,渭清公园,临渭区,渭清路与东风大街(西段)交叉口西北260米,风景名胜,,,,34.502600,109.458150,
352,渭河生态运动公园,临渭区,碧桂园春风南岸东北侧330米,风景名胜,,,,34.524210,109.518380,
352,渭南桃花源民俗文化园,临渭区,三张镇沟孟村1组,风景名胜,,,,34.419688,109.461091,
352,渭南市郊野公园,临渭区,解放路南段,风景名胜,,,,34.473763,109.503068,
352,中心广场(前进路),临渭区,前进路,风景名胜,,,,34.499324,109.492598,
352,天主教渭南教区良田圣母升天主教座堂天主堂,临渭区,高新技术开发区,风景名胜,,,,34.488585,109.449529,
352,沋河公园,临渭区,向阳街2号,风景名胜,,,,34.496311,109.516269,
352,圣都乐园(渭南店),临渭区,站南街道朝阳大街朝阳公园,体育休闲服务,,,,34.491760,109.481155,
352,绘梦公园,临渭区,万科城,风景名胜,,,,34.524320,109.509114,
352,渭南老火车站旧址,临渭区,解放路与胜利大街交叉口西南160米,风景名胜,,,,34.504235,109.502204,
352,高新区中心广场,临渭区,崇业路北100米,风景名胜,,,,34.510340,109.425292,
352,六姑泉,临渭区,[],风景名胜,,,,34.471505,109.519289,
352,六泉公园,临渭区,车雷街69号,风景名胜,,,,34.528280,109.470982,
352,艾尔草甸(渭南高新区安儿草甸农场),临渭区,渭河南堤与107省道交叉口西360米,风景名胜,,,,34.541761,109.462225,
352,人和公园(东区),临渭区,人和公园,风景名胜,,,,34.504728,109.536223,
353,故宫博物院,东城区,景山前街4号,风景名胜,,,,39.917839,116.397029,
353,中国人民革命军事博物馆,海淀区,复兴路9号,科教文化服务,,,,39.909108,116.323871,
353,天安门,东城区,长安街北侧,风景名胜,,,,39.909187,116.397463,
353,雍和宫,东城区,雍和宫大街28号(雍和宫地铁站F东南口步行250米),风景名胜,,,,39.947239,116.417296,
353,天安门广场,东城区,东长安街,风景名胜,,,,39.903182,116.397755,
353,景山公园,西城区,景山西街44号,风景名胜,,,,39.925875,116.396551,
353,北海公园,西城区,文津街1号,风景名胜,,,,39.928775,116.391802,
353,什刹海,西城区,地安门西大街49号,风景名胜,,,,39.941893,116.385121,
353,南锣鼓巷,东城区,交道口街道南大街(南锣鼓巷地铁站E西北口旁),风景名胜,,,,39.937182,116.402394,
353,紫竹院公园,海淀区,中关村南大街35号,风景名胜,,,,39.942352,116.319079,
353,中国国家博物馆,东城区,东长安街16号天安门广场东侧,科教文化服务,,,,39.905374,116.401304,
353,恭王府博物馆,西城区,前海西街17号,风景名胜,,,,39.937222,116.386315,
353,天坛公园,东城区,天坛东里甲1号,风景名胜,,,,39.881913,116.410829,
353,国家大剧院,西城区,西长安街2号(天安门西地铁站出入口旁),体育休闲服务,,,,39.904909,116.389814,
353,中山公园,东城区,中华路4号(天安门西侧),风景名胜,,,,39.910707,116.394407,
353,故宫博物院-午门,东城区,东华门街道景山前街4号故宫博物院内(南侧),风景名胜,,,,39.913582,116.397228,
353,首都博物馆,西城区,复兴门外大街16号,科教文化服务,,,,39.906412,116.342067,
353,白云观,西城区,白云观街7号,风景名胜,,,,39.901266,116.343778,
353,景山公园-绮望楼,西城区,什刹海街道景山西街44号(故宫后门对面)景山公园内(南侧),风景名胜,,,,39.924029,116.396720,
353,故宫博物院-神武门,东城区,景山前街4号北京故宫博物馆,风景名胜,,,,39.922305,116.396786,
353,天安门-城楼,东城区,东长安街天安门(天安门东地铁站A西北入口步行290米),风景名胜,,,,39.908717,116.397488,
353,北京动物园,西城区,西直门外大街137号,风景名胜,,,,39.942105,116.336701,
353,南池子大街,东城区,南池子大街与东华门大街交叉口西南20米,购物服务,,,,39.914988,116.402809,
353,天安门广场-国旗,东城区,东华门街道景山前街4号天安门广场内(北侧),风景名胜,,,,39.906928,116.397554,
353,鼓楼,东城区,钟楼湾胡同临字9号(什刹海地铁站A2西北口步行240米),风景名胜,,,,39.940781,116.395937,
354,抱石公园,渝水区,城南街道建设路西端龙虎山(近园北路),风景名胜,,,,27.801748,114.929404,
354,新余欢乐大世界,渝水区,仙女湖区仰天岗西大道2186号新余欢乐大世界,体育休闲服务,,,,27.820890,114.883712,
354,人民广场,渝水区,城北街道堎上路452号,风景名胜,,,,27.818786,114.921253,
354,袁河公园,渝水区,五一南路,风景名胜,,,,27.796077,114.907704,
354,崇庆寺,渝水区,仰天岗太阳城路568号,风景名胜,,,,27.842557,114.898061,
354,宽心小镇,渝水区,悦学路276号,体育休闲服务,,,,27.811954,114.874982,
354,仰天岗森林公园,渝水区,[],风景名胜,,,,27.828530,114.875732,
354,城北广场,渝水区,成长大厦(仙来中大道),风景名胜,,,,27.817447,114.920239,
354,仰天岗,渝水区,[],风景名胜,,,,27.844136,114.900564,
354,蛤蟆山古村,渝水区,赣西大道684号,风景名胜,,,,27.831265,114.906926,
354,仙女湖风景名胜区,分宜县,天仙路,风景名胜,,,,27.719141,114.766472,
354,江西新余仰天岗纪念广场,渝水区,仰天岗西大道818号,风景名胜,,,,27.835054,114.908311,
354,新余彩色村,渝水区,凯光新天地,风景名胜,,,,27.829085,114.866597,
354,三叠园,渝水区,胜利南路60号,风景名胜,,,,27.793531,114.939600,
354,凯凯光光乐园,渝水区,仰天岗国家森林公园前边景明路,体育休闲服务,,,,27.829544,114.859402,
354,青花瓷公园,渝水区,团结西路652号,风景名胜,,,,27.788989,114.919612,
354,虎头山公园,渝水区,袁河街道第四加油站斜对面,风景名胜,,,,27.801673,114.901153,
354,高新森林公园,渝水区,赛维大道与新城大道交叉口东北380米,风景名胜,,,,27.840311,114.975824,
354,苏毛坡水库,渝水区,[],风景名胜,,,,27.852746,114.878823,
354,新余市博物馆(办公场所),渝水区,北湖中路与竹山路交叉口东北120米,政府机构及社会团体,,,,27.823031,114.916195,
354,西湖公园,渝水区,仙来西大道,风景名胜,,,,27.818304,114.912649,
354,金石山度假村,渝水区,103乡道,风景名胜,,,,27.917225,114.835673,
354,仰天观,渝水区,仙来西大道盘龙隧道旁仰天岗森林公园山顶,风景名胜,,,,27.844792,114.885255,
354,仰天岗登山步道,渝水区,仰天岗大道与五一路交叉口东北320米,风景名胜,,,,27.835787,114.907542,
354,夏布绣博物馆,渝水区,长林路世纪清华666号,科教文化服务,,,,27.823528,114.904035,
355,后河·梦回庐陵景区,吉州区,吉安南大道7号,风景名胜,,,,27.079905,114.967874,
355,吉安欢乐世界,吉州区,庐陵新区井冈山大道新89号,体育休闲服务,,,,27.074125,114.958350,
355,吉安市博物馆,吉州区,文体路,科教文化服务,,,,27.088063,114.963165,
355,庐陵人文谷,吉州区,井冈山大道88号,风景名胜,,,,27.076327,114.963941,
355,白鹭洲公园,吉州区,北门街道北门街道北门街道北门街道北门街道北门街道沿江路85号,风景名胜,,,,27.118254,114.996626,
355,中央公园,吉州区,上海路与翠竹路交叉口北100米,商务住宅,,,,27.082535,114.958925,
355,白鹭洲书院,吉州区,北门街道习溪桥街道沿江路248号,风景名胜,,,,27.117914,115.002132,
355,后河·外滩,吉州区,上海路与吉祥路交叉口南100米,风景名胜,,,,27.077131,114.956679,
355,滨江生态公园,青原区,滨江大道与公略路交叉口北200米,风景名胜,,,,27.099592,114.997275,
355,神冈山公园,吉州区,神岗路80号,风景名胜,,,,27.061226,114.986656,
355,庐陵文化生态园,吉州区,白塘乡江子头村,风景名胜,,,,27.138749,115.010859,
355,水巷历史文化街区,吉州区,中山东路88号,风景名胜,,,,27.105685,114.984970,
355,青原山风景名胜区,青原区,青斋路,风景名胜,,,,27.061059,115.052656,
355,人口文化园,吉州区,后河东路人口文化园(创天丽景城北),风景名胜,,,,27.088105,114.977657,
355,吉安海洋世界,吉州区,玉带路18号,风景名胜,,,,27.131929,114.945857,
355,吉州窑遗址公园,吉安县,永和镇东昌路,风景名胜,,,,27.024514,115.019389,
355,天祥景区,吉安县,敦厚镇庐陵大道51号,风景名胜,,,,27.040200,114.928493,
355,文天祥纪念馆,吉安县,庐陵大道51号,风景名胜,,,,27.039838,114.927144,
355,吉安法治公园,吉州区,翠岭路6号,风景名胜,,,,27.114961,114.962698,
355,奇趣恐龙岛,吉州区,古南街道后河西路(后河绿廊金腰带篮球场旁),风景名胜,,,,27.084135,114.976370,
355,天祥公园,吉安县,庐陵大道附近,风景名胜,,,,27.040882,114.931186,
355,凤凰机甲,吉州区,凤凰洲路与园丁路交叉口正西方向86米,风景名胜,,,,27.099252,114.970849,
355,滨江公园,吉州区,沿江路41号附近,风景名胜,,,,27.119690,115.000453,
355,仁山坪公园,吉州区,仁山坪路24号,风景名胜,,,,27.107515,114.984902,
355,天华山公园,吉州区,吉州大道,风景名胜,,,,27.102763,114.964419,
356,三翁花园,临川区,钟岭街道办事处(金巢开发区)玉茗大道,风景名胜,,,,27.929659,116.353009,
356,抚州名人雕塑园,临川区,钟岭街道办事处,风景名胜,,,,27.941782,116.358021,
356,王安石纪念馆,临川区,青云街道青云街道赣东大道1085号,风景名胜,,,,27.970138,116.359496,
356,文昌里历史文化街区,临川区,大公路89号文昌里,风景名胜,,,,28.000736,116.366799,
356,抚州市博物馆,临川区,"市行政中心以北文化广场,抚州市图书馆旁",科教文化服务,,,,27.956938,116.357132,
356,汤显祖纪念馆,临川区,文昌大道1325号,风景名胜,,,,27.967241,116.379074,
356,汝水森林公园,临川区,文昌大道1325号对面,风景名胜,,,,27.970343,116.382992,
356,凤岗河湿地公园,临川区,钟岭街道办事处(金巢开发区)西一路,风景名胜,,,,27.952720,116.352287,
356,拟岘台景区,临川区,青云街道汝水大道汝水森林公园旁,风景名胜,,,,27.975769,116.381299,
356,正觉古寺,临川区,文昌里历史文化街区内(东侧),风景名胜,,,,28.000462,116.369378,
356,临川党建公园,临川区,学成路(临川民康家园西北侧约200米),风景名胜,,,,27.942647,116.329580,
356,合家欢游乐园,临川区,梦湖景区广场西南角,体育休闲服务,,,,27.966929,116.342279,
356,文昌里老街,临川区,文昌街道文昌街道孝义路文昌里历史文化街区(东南角),风景名胜,,,,27.999415,116.369250,
356,灵谷峰景区,临川区,乐家附近,风景名胜,,,,27.958385,116.487104,
356,梦园,临川区,梦湖东路梦湖景区(东北角),风景名胜,,,,27.982497,116.341908,
356,三江湿地公园,临川区,三江湿地公园附近,风景名胜,,,,27.999189,116.331977,
356,人民公园,临川区,学府路,风景名胜,,,,27.990238,116.350848,
356,寻梦牡丹亭,临川区,文昌里历史文化街赣东大桥东,体育休闲服务,,,,28.005286,116.365291,
356,抚河湿地公园,临川区,汝水大道北100米,风景名胜,,,,27.971114,116.387586,
356,体育休闲广场,临川区,赣东大道797号,风景名胜,,,,27.978879,116.358562,
356,五皇殿,临川区,瑶坪路与同叔路交叉口东80米,风景名胜,,,,27.988659,116.364761,
356,乔治棕榈湾,金溪县,S43抚州东外环,风景名胜,,,,27.928957,116.496117,
356,仙盖山旅游景区,临川区,河埠乡仙盖山农业园,风景名胜,,,,27.807209,116.350489,
356,河滨公园,临川区,上顿度镇,风景名胜,,,,27.937335,116.296868,
356,太子庙,临川区,上顿渡镇章舍新村F3栋,风景名胜,,,,27.936177,116.319297,
357,鹰潭方特东方神画,贵溪市,龙虎山北大道16号,体育休闲服务,,,,28.288586,117.033249,
357,鹰潭方特水上乐园,贵溪市,龙虎山北大道16号鹰潭方特东方神画,体育休闲服务,,,,28.286622,117.031330,
357,鹰潭公园,月湖区,江边街道林荫东路2号,风景名胜,,,,28.242491,117.037817,
357,鹰潭市博物馆,月湖区,文博街1号,科教文化服务,,,,28.248954,117.041360,
357,信江生态公园,月湖区,和平路与德政路交叉口南280米,风景名胜,,,,28.267921,117.036581,
357,鹰潭西湖湿地公园,月湖区,胜利西路北,风景名胜,,,,28.246553,117.007468,
357,龙虎山国家级旅游风景区,贵溪市,排衙石大道6号,风景名胜,,,,28.081511,116.990583,
357,鹰潭滨江公园,月湖区,林荫东路,风景名胜,,,,28.241920,117.044035,
357,公园大观,月湖区,月湖区鹰雄大道区委区政府斜对面,商务住宅,,,,28.270733,117.098560,
357,月湖岩公园,月湖区,龙虎山北大道月湖岩石园附近,风景名胜,,,,28.215638,117.020212,
357,市民体育公园,月湖区,象山路13-115号,风景名胜,,,,28.249390,117.035868,
357,东湖公园,月湖区,江边街道湖西路与林荫东路交汇处东口,风景名胜,,,,28.242106,117.051912,
357,鹰潭北极阁,月湖区,江边街道林荫东路2号鹰潭公园,风景名胜,,,,28.242403,117.038367,
357,梅园公园,月湖区,鹰东大道与英雄大道交汇处,风景名胜,,,,28.267236,117.064909,
357,石鼓渡湿地公园,月湖区,鹰东大道东,风景名胜,,,,28.270304,117.058042,
357,上清古镇,贵溪市,龙虎山风景区,风景名胜,,,,28.043358,117.038600,
357,老码头,月湖区,林荫东路8号,风景名胜,,,,28.241335,117.039858,
357,虎岭公园,月湖区,滨江中路,风景名胜,,,,28.253876,117.023267,
357,天师府,贵溪市,龙虎山风景区龙虎山大道1号,风景名胜,,,,28.043834,117.037652,
357,鹰潭火车文化园,贵溪市,江北街道江北街道信江新区江北街道办事处周塘村火车文化园ZT-50号,风景名胜,,,,28.302233,117.048110,
357,白鹤湖名胜风景区,贵溪市,鸿塘镇硬石岭,风景名胜,,,,28.424952,117.045907,
357,信江生态公园综合道-广场,月湖区,和平路与信江北大道交叉口西320米,风景名胜,,,,28.269089,117.039487,
357,道农谷度假区,贵溪市,天师路19号,风景名胜,,,,28.123389,116.991973,
357,白鹤湖嘻嘻哩生态水世界,贵溪市,白鹤湖名胜风景区,风景名胜,,,,28.435213,117.056599,
357,铜锣湾国际旅游文化城,月湖区,鹰雄大道,商务住宅,,,,28.270751,117.102425,
358,袁山公园,袁州区,宜阳新区管理委员会,风景名胜,,,,27.815029,114.401674,
358,宜春博物馆,袁州区,卢洲北路536号文化之窗南侧广场,科教文化服务,,,,27.815747,114.420030,
358,人民公园,袁州区,明月北路延伸段,风景名胜,,,,27.815799,114.412622,
358,袁州古城,袁州区,中山中路与明月南路辅路交叉口西240米,风景名胜,,,,27.793779,114.392460,
358,北湖公园,袁州区,经发大道,风景名胜,,,,27.834618,114.410677,
358,宜春禅都文化博览园,袁州区,锦绣大道1666号,风景名胜,,,,27.815987,114.444115,
358,宜阳森林公园,袁州区,锦绣大道北侧,风景名胜,,,,27.824705,114.430990,
358,状元洲公园,袁州区,中山东路95号,风景名胜,,,,27.794356,114.399350,
358,多胜楼,袁州区,袁河东路德和·沁园西南侧约270米,风景名胜,,,,27.809085,114.425452,
358,宜春熊出没乐园,袁州区,锦绣大道1686号,体育休闲服务,,,,27.818087,114.339068,
358,化成岩森林公园,袁州区,化成街道环城西路森林公园,风景名胜,,,,27.808719,114.373079,
358,宜春市体育广场,袁州区,明月北路181号附近,风景名胜,,,,27.803365,114.402204,
358,宜春丰城广场,袁州区,卢洲北路669号6附近,风景名胜,,,,27.811100,114.420458,
358,化成禅寺,袁州区,秀江西路化喻门(西南门)附近,风景名胜,,,,27.805094,114.372820,
358,宜春方特水上乐园,袁州区,湖田镇锦绣大道花博园,体育休闲服务,,,,27.822255,114.340337,
358,蜂窝农场,袁州区,明月北路2168号,风景名胜,,,,27.827400,114.433150,
358,春台公园,袁州区,中山中路22号,风景名胜,,,,27.792765,114.388092,
358,袁州谯楼,袁州区,二符路与鼓楼路交叉口东60米,风景名胜,,,,27.793963,114.383373,
358,袁州公园,袁州区,袁州新城袁山东路区政府对面,风景名胜,,,,27.793086,114.428119,
358,东湖公园,袁州区,袁山东路与袁河东路交叉口南480米,风景名胜,,,,27.794513,114.435621,
358,快乐星球,袁州区,环城南路181号(省轻工技校对面),体育休闲服务,,,,27.773312,114.427427,
358,雷火塔,袁州区,北绕城段北,风景名胜,,,,27.824620,114.429288,
358,南惹风景区,袁州区,宜春市明月山国家级风景名胜区内,风景名胜,,,,27.637788,114.340595,
358,酌江风景区,袁州区,三阳镇酌江溶洞,风景名胜,,,,27.937277,114.357357,
358,明月千古情景区,袁州区,温汤镇千古情大道,风景名胜,,,,27.679991,114.284895,
359,玉湖湿地公园,安源区,经开区玉湖路,风景名胜,,,,27.655492,113.891267,
359,翠湖公园,上栗县,玉湖东路6号,风景名胜,,,,27.665885,113.884736,
359,秋收起义广场,安源区,建设中路,风景名胜,,,,27.644543,113.853668,
359,火神广场,安源区,安源北大道(G319国道)滨湖人家对面,风景名胜,,,,27.652660,113.885953,
359,萍乡凯光新天地生态旅游区,安源区,白源街凯光大道大陂村,风景名胜,,,,27.659330,113.916750,
359,萍乡南正街历史文化名街,安源区,凤凰街道办事处南正街10号,风景名胜,,,,27.620008,113.853994,
359,安源路矿工人运动纪念馆,安源区,安源镇安源路,风景名胜,,,,27.603845,113.896271,
359,萍乡博物馆,安源区,滨河东路376号,科教文化服务,,,,27.640123,113.859854,
359,鹅湖(夕阳红)公园,安源区,公园南路58号,风景名胜,,,,27.636151,113.863286,
359,天泉水都,安源区,053乡道,体育休闲服务,,,,27.655922,113.858870,
359,萍乡凯凯光光乐园,安源区,白源街凯光大道大陂村萍乡凯光新天地生态旅游区(东北角),体育休闲服务,,,,27.660875,113.918638,
359,安源锦绣城,安源区,萍安南大道安源锦绣城(近安源路矿工人运动纪念馆),风景名胜,,,,27.605125,113.893156,
359,人文纪念公园,安源区,十里村,风景名胜,,,,27.620810,113.887675,
359,聚龙体育公园,安源区,安源西大道107号,风景名胜,,,,27.656351,113.859837,
359,苏州街,安源区,苏州北街与王家巷交叉口东北20米,风景名胜,,,,27.644333,113.875104,
359,杨岐山孽龙洞景区,上栗县,杨岐乡清溪村,风景名胜,,,,27.749997,113.850011,
359,广场花园,安源区,建设东路97号,商务住宅,,,,27.645534,113.858637,
359,萍乡孔庙,安源区,正大街367号,风景名胜,,,,27.618943,113.851715,
359,世纪广场,安源区,萍安中大道168号正北方向170米,风景名胜,,,,27.615472,113.872194,
359,市民广场,安源区,玉湖东路,风景名胜,,,,27.658443,113.887300,
359,杨岐山风景名胜景区,上栗县,319国道辅路与122县道交叉口东南300米,风景名胜,,,,27.749820,113.849550,
359,人民公园,安源区,跃进南路268号,风景名胜,,,,27.624011,113.850497,
359,萍水湖湿地公园,上栗县,朝阳中路与宝鼎路交叉口西北200米,风景名胜,,,,27.672128,113.852704,
359,十里花溪湿地公园,安源区,五陂镇海绵小镇,风景名胜,,,,27.577111,113.864775,
359,安源红领巾纪念馆,安源区,安源国家森林公园管委会镇政府对面,风景名胜,,,,27.603620,113.886546,
360,景德镇中国陶瓷博物馆,昌江区,紫晶北路1号,科教文化服务,,,,29.293240,117.175530,
360,景德镇古窑民俗博览区,昌江区,瓷都大道古窑路1号,风景名胜,,,,29.283430,117.184813,
360,景德镇陶阳里历史文化旅游区,珠山区,东门游客服务中心,风景名胜,,,,29.296459,117.204535,
360,景德镇御窑博物馆,珠山区,珠山中路187号,科教文化服务,,,,29.296615,117.207107,
360,陶溪川文创街区,珠山区,里村街道新厂西路150号,风景名胜,,,,29.296921,117.236957,
360,体育文化公园,昌江区,体育场东路与迎宾大道交叉口东南320米,风景名胜,,,,29.305884,117.168712,
360,人民公园,昌江区,瓷都大道1463号,风景名胜,,,,29.302220,117.197893,
360,景德镇御窑博物院,珠山区,珠山中路187号,科教文化服务,,,,29.298123,117.212177,
360,中国瓷园,昌江区,迎宾大道368号,风景名胜,,,,29.305016,117.184125,
360,西河湾沙滩公园,昌江区,紫晶路与爱心路交叉口西北160米,风景名胜,,,,29.301308,117.172783,
360,得雨生态园(不对外开放),昌江区,瓷都大道11号,风景名胜,,,,29.247398,117.158838,
360,中国御窑工艺博物馆,珠山区,珠山大道1548号,科教文化服务,,,,29.294702,117.206909,
360,景德镇陶源谷·三宝旅游度假区·三宝国际陶艺村,珠山区,经开区三宝村四家里,风景名胜,,,,29.247141,117.265340,
360,御窑景巷,珠山区,中山北路古镇天御西南侧约110米,风景名胜,,,,29.307617,117.200452,
360,陶博城,浮梁县,迎宾大道666号,科教文化服务,,,,29.328609,117.128193,
360,陶溪川二期,珠山区,里村街道新厂西路150号陶溪川文创街区(东南角),风景名胜,,,,29.295365,117.238471,
360,如意湖公园,昌江区,光明大道与经四路交叉口北180米,风景名胜,,,,29.279622,117.162294,
360,清真寺,昌江区,塘坞路4号,风景名胜,,,,29.275078,117.183175,
360,受气瓶,珠山区,陶源谷旅游度假区·陶咖talkacoffee,风景名胜,,,,29.260579,117.263898,
360,抚州弄牌坊,珠山区,珠山大道与中华南路交叉口东120米,风景名胜,,,,29.293182,117.209897,
360,龙珠阁,珠山区,中华北路115号,风景名胜,,,,29.295943,117.206300,
360,景德镇古窑民俗博览区古窑,昌江区,瓷都大道古窑路1号景德镇古窑民俗博览区,风景名胜,,,,29.283748,117.184576,
360,昌南湖湿地公园,昌江区,景德镇昌南大道,风景名胜,,,,29.294534,117.172247,
360,浮梁县新平村瓷宫,浮梁县,新港公路,风景名胜,,,,29.390573,117.277241,
360,景德镇陶源谷•三宝旅游度假区·三宝蓬艺术聚落,珠山区,经开区三宝村三宝蓬产业园1栋二期,风景名胜,,,,29.252373,117.262643,
361,兴城广场,浔阳区,七里湖街道七里湖街道七里湖街道八里湖新区长虹西大道,风景名胜,,,,29.673879,115.946536,
361,海韵沙滩,浔阳区,八里湖大道,风景名胜,,,,29.646247,115.933833,
361,八里湖婚礼公园,浔阳区,八里湖大道海韵沙滩,风景名胜,,,,29.645098,115.932027,
361,南山公园,濂溪区,九莲南路,风景名胜,,,,29.664057,115.999034,
361,东林寺,濂溪区,036乡道附近,风景名胜,,,,29.598489,115.949360,
361,九江博物馆,浔阳区,文博园胜利碑南侧,科教文化服务,,,,29.691141,115.953200,
361,奥林匹克公园,浔阳区,向阳街道向阳街道向阳街道向阳街道向阳街道向阳街道长虹西大道,风景名胜,,,,29.665888,115.949422,
361,蔡家湖公园,浔阳区,八里湖东路第一人民医院总院对面,风景名胜,,,,29.653671,115.948512,
361,庐山国家级旅游风景名胜区,庐山市,牯岭镇河西路48号,风景名胜,,,,29.522059,115.973108,
361,九龙山森林公园,浔阳区,兴城大道,风景名胜,,,,29.656979,115.957991,
361,好汉坡起点,庐山市,庐山国家重点风景名胜区-好汉坡,风景名胜,,,,29.610637,115.986534,
361,中华贤母园,柴桑区,渊明北路与渊明大道交汇处南100米,风景名胜,,,,29.609697,115.902469,
361,庐山索道,庐山市,慧远路186号,交通设施服务,,,,29.591004,115.956651,
361,浔阳江文化旅游景区,浔阳区,白水湖街道白水湖路与滨江东路交叉路口北侧,风景名胜,,,,29.741731,116.025294,
361,浔阳楼,浔阳区,滨江东路908号,风景名胜,,,,29.733375,116.001679,
361,胜利塔,浔阳区,向阳街道胜利广场,风景名胜,,,,29.693163,115.953051,
361,甘棠公园,浔阳区,庐山南路2号,风景名胜,,,,29.712497,115.986889,
361,莲花洞森林公园,庐山市,莲花镇莲花路,风景名胜,,,,29.610086,115.998804,
361,九江市民广场,浔阳区,兴城大道与永泰路交叉口西280米,风景名胜,,,,29.662181,115.952821,
361,庐山国家级旅游风景名胜区三叠泉景区,庐山市,五老峰下部,风景名胜,,,,29.555271,116.043974,
361,甘棠湖,浔阳区,浔阳路80-82号附近,风景名胜,,,,29.718187,115.989818,
361,南山公园健康主题公园,濂溪区,九莲南路南山公园,风景名胜,,,,29.667906,115.995246,
361,烟水亭风景区,浔阳区,浔阳路1号,风景名胜,,,,29.722882,115.985985,
361,李公堤,浔阳区,甘棠湖(西南角),风景名胜,,,,29.716888,115.988978,
361,庐山四季花城,浔阳区,八里湖大道188号,风景名胜,,,,29.637847,115.925445,
362,滕王阁,东湖区,滕王阁街道仿古街58号,风景名胜,,,,28.681332,115.881197,
362,赣江市民公园,红谷滩区,红谷中大道1614号,风景名胜,,,,28.675454,115.859624,
362,南昌秋水广场音乐喷泉,红谷滩区,秋水广场(秋水广场地铁站5号口步行360米),风景名胜,,,,28.682634,115.862730,
362,万寿宫历史文化街区,西湖区,广润门街道中山路(中亿大厦对面),购物服务,,,,28.674121,115.887019,
362,南昌八一起义纪念馆,西湖区,中山路380号,风景名胜,,,,28.674670,115.889435,
362,南昌之星广场,红谷滩区,赣江南大道1号,风景名胜,,,,28.656187,115.850725,
362,南昌之星摩天轮,红谷滩区,赣江南大道1号南昌之星游乐园(东北角),体育休闲服务,,,,28.656183,115.850719,
362,八一广场,东湖区,八一大道317号,风景名胜,,,,28.673856,115.904477,
362,江西省博物馆,红谷滩区,赣江北大道698号,科教文化服务,,,,28.705900,115.881823,
362,南昌双子塔303观光厅,红谷滩区,红谷中大道998号绿地中心双子塔A1栋60层,体育休闲服务,,,,28.685590,115.854215,
362,滕王阁北园,东湖区,沿江中大道与叠山路交叉口西北60米,风景名胜,,,,28.683174,115.881225,
362,新洲文化广场,东湖区,沿江中大道18号,风景名胜,,,,28.679090,115.878952,
362,华兴文化广场,红谷滩区,红谷滩区丰和中大道166号,商务住宅,,,,28.674890,115.846881,
362,佑民寺,东湖区,民德路181号(八一公园北面东湖东岸),风景名胜,,,,28.682202,115.896865,
362,佑民寺文化街区,东湖区,民德路169附近,风景名胜,,,,28.681289,115.897474,
362,绳金塔,西湖区,绳金塔街1号(绳金塔地铁站3号口步行230米),风景名胜,,,,28.660962,115.899890,
362,八一公园,东湖区,百花洲街道民德路106号,风景名胜,,,,28.678562,115.897626,
362,崛起广场,红谷滩区,新府路红谷滩行政广场(东侧),风景名胜,,,,28.684124,115.859033,
362,人民公园,东湖区,大院街道福州路96号,风景名胜,,,,28.680514,115.914540,
362,马兰圩湿地公园,新建区,礼步湖绿地中央公园以东,风景名胜,,,,28.690542,115.838792,
362,章江晓渡,东湖区,仿古街58号滕王阁景区滕王宴乐内,风景名胜,,,,28.685131,115.881561,
362,南昌新四军军部旧址陈列馆,西湖区,象山南路119号(六眼井地铁站1号口步行360米),风景名胜,,,,28.667106,115.895576,
362,百花洲,东湖区,民德路106号八一公园内,风景名胜,,,,28.679296,115.896884,
362,南昌舰主题园,红谷滩区,赣江大桥上游400米处南昌舰主题园内永久驻泊点,风景名胜,,,,28.719474,115.889146,
362,南昌动物园(桃花南路),西湖区,桃花南路1288号,风景名胜,,,,28.632217,115.877513,
363,上饶市博物馆,信州区,北门街道广信大道19号,科教文化服务,,,,28.449925,117.947464,
363,水南街文化街区,信州区,水南街1号,购物服务,,,,28.434963,117.970954,
363,市民公园,信州区,广信大道,风景名胜,,,,28.453018,117.944237,
363,信江书院,信州区,水南街道书院路48号,风景名胜,,,,28.436840,117.973968,
363,云碧峰国家森林公园,信州区,书院路1号,风景名胜,,,,28.446068,117.995598,
363,双塔公园,信州区,滨江西路88号,风景名胜,,,,28.436639,117.944513,
363,三江公园,信州区,丰溪路与书院路交汇处,风景名胜,,,,28.435197,117.969572,
363,上饶集中营名胜区,信州区,陵园路66号,风景名胜,,,,28.414574,117.961764,
363,旭日广场,广信区,旭日街道广场路,风景名胜,,,,28.449890,117.908483,
363,广信区灵山工匠小镇景区,广信区,槠溪老街,风景名胜,,,,28.486654,117.916631,
363,旭日公园,广信区,吉阳西路2号(广信区政府旁),风景名胜,,,,28.447638,117.906368,
363,信江生态走廊,信州区,东市街道东岳路12号,风景名胜,,,,28.447827,117.988599,
363,槠溪老街,广信区,十里风荷,风景名胜,,,,28.486653,117.916633,
363,槠溪湿地公园,广信区,香里路与春江大道交叉口西60米,风景名胜,,,,28.446874,117.926039,
363,雷锋像,信州区,胜利路35附近,风景名胜,,,,28.444353,117.967011,
363,庆丰儿童公园,信州区,河中巷026号,风景名胜,,,,28.446838,117.966279,
363,金龙岗青年艺术街区,信州区,赣东北大道与解放路交叉口东40米,风景名胜,,,,28.443434,117.971135,
363,赣东北乐园,广信区,广场路与武夷山大道交叉口东北180米,体育休闲服务,,,,28.452192,117.906656,
363,上饶集中营茅家岭监狱旧址,信州区,625县道与014乡道交叉口北240米,风景名胜,,,,28.413630,117.960760,
363,体育公园,广信区,春江北大道,风景名胜,,,,28.461535,117.919060,
363,上饶文博园,信州区,凤凰东大道18号,商务住宅,,,,28.482103,118.004162,
363,东岳护国寺,信州区,书院路1号云碧峰国家森林公园,风景名胜,,,,28.447755,117.996580,
363,上饶市信州区博物馆,信州区,相府路17号(信州区博物馆),科教文化服务,,,,28.439947,117.968339,
363,惟义公园,广信区,旭日南大道,风景名胜,,,,28.428933,117.925538,
363,望仙谷景区,广信区,636县道,风景名胜,,,,28.679503,117.819171,
364,宋潮不夜城,章贡区,建国路8-6号(郁孤台历史文化街区),风景名胜,,,,25.868467,114.940689,
364,赣州市博物馆,章贡区,赣康路21号,科教文化服务,,,,25.810845,114.918854,
364,南门广场,章贡区,文清路1号,风景名胜,,,,25.849409,114.939180,
364,赣州宋代古浮桥遗址,章贡区,中山路与马齐巷交汇处东北100米,风景名胜,,,,25.863292,114.948732,
364,赣州郁孤台历史文化街区,章贡区,解放街道建国路8-6号江南宋城历史文化旅游区(西南角),风景名胜,,,,25.866273,114.939216,
364,郁孤台公园,章贡区,赣州郁孤台历史文化街区内(南侧),风景名胜,,,,25.864921,114.938682,
364,五龙客家风情园,章贡区,沙河大道18号,风景名胜,,,,25.831894,114.971168,
364,福寿沟博物馆,章贡区,赣江街道厚德路22号发达集团公司(门卫室),科教文化服务,,,,25.855134,114.951942,
364,赣州城市中央公园健康主题公园,章贡区,章江新区商务中心区域,风景名胜,,,,25.808440,114.928378,
364,南河浮桥,章贡区,黄金广场斜对面,风景名胜,,,,25.839235,114.939065,
364,灶儿巷,章贡区,和平路附近,风景名胜,,,,25.860670,114.946409,
364,长征广场,章贡区,章江南大道,风景名胜,,,,25.837987,114.936652,
364,赣州文庙,章贡区,厚德路42号,风景名胜,,,,25.855597,114.948603,
364,宋城公园,章贡区,濂溪路55号(近八镜公园),风景名胜,,,,25.863916,114.947530,
364,飞龙岛公园,章贡区,章江北大道76号-a座,风景名胜,,,,25.842458,114.926542,
364,赣州城墙,章贡区,解放街道建国路8-6号江南宋城历史文化旅游区内,风景名胜,,,,25.870964,114.940239,
364,宋城壹号文化创意产业园,章贡区,文明大道8号,商务住宅,,,,25.845513,114.953529,
364,章江国家湿地公园,章贡区,大吉山路与章江南大道交叉口东100米,风景名胜,,,,25.832364,114.888999,
364,五龙客家风情园赣州森林动物园,章贡区,沙河大道附近,风景名胜,,,,25.837718,114.972183,
364,古浮桥,章贡区,沙河大道80号,风景名胜,,,,25.835126,114.972809,
364,赣州方特东方欲晓,章贡区,方特大道1号,风景名胜,,,,25.905590,114.932688,
364,新世纪公园,章贡区,赣南大道与滨江东大道交汇处,风景名胜,,,,25.794438,114.909713,
364,赣州规划馆,章贡区,兴国路15号,科教文化服务,,,,25.828352,114.933635,
364,蒋经国先生旧居,章贡区,建国路花园塘北端,风景名胜,,,,25.867534,114.938326,
364,寿量古寺,章贡区,中山路23号,风景名胜,,,,25.861229,114.949085,
365,吉林江南公园,丰满区,吉林大街108号,风景名胜,,,,43.828824,126.557503,
365,世纪广场,丰满区,吉林大街100号,风景名胜,,,,43.829425,126.562360,
365,吉林市天主教堂,船营区,松江中路3号,风景名胜,,,,43.839200,126.563742,
365,人民广场,船营区,德胜街道越山路与德胜路交会处,风景名胜,,,,43.843038,126.536760,
365,炮台山,船营区,北极街东侧,风景名胜,,,,43.857555,126.543266,
365,吉林市博物馆,丰满区,泰山街道吉林大街100号,科教文化服务,,,,43.828712,126.561188,
365,玄天岭公园-观景平台,船营区,北极街道北极街东侧炮台山(西北角),风景名胜,,,,43.859297,126.539187,
365,吉林市文庙博物馆,昌邑区,文庙胡同南昌路2号(近江城广场),科教文化服务,,,,43.840853,126.570365,
365,江滨公园,丰满区,恒山西路1号,风景名胜,,,,43.817711,126.540338,
365,吉林市东山文体中心公园,丰满区,南山街与华山路交叉口东南360米,风景名胜,,,,43.825965,126.585143,
365,吉林北山,船营区,德胜路与福绥街交叉口西北40米,风景名胜,,,,43.839480,126.535962,
365,吉林市满族博物馆,船营区,德胜街道德胜路47号,科教文化服务,,,,43.840872,126.537799,
365,吉林市东大旺山公园,丰满区,炮台山体育公园内,风景名胜,,,,43.814479,126.624734,
365,江城广场,船营区,吉林大街153号,风景名胜,,,,43.839660,126.565706,
365,吉林市东大旺山公园,丰满区,炮台山宾馆附近,风景名胜,,,,43.817676,126.630190,
365,临江门广场,船营区,松江西路1号,风景名胜,,,,43.830587,126.535742,
365,松花江游船,船营区,临江门毓文中学侧江边康熙东巡码头(头道码头),风景名胜,,,,43.830239,126.538371,
365,吉林建制博物馆,船营区,松江中路,科教文化服务,,,,43.837725,126.548290,
365,陨石博物馆,丰满区,吉林大街96号,科教文化服务,,,,43.828776,126.561360,
365,吉林水师营博物馆,船营区,松江中路77号,科教文化服务,,,,43.834624,126.542959,
365,吉林乌喇公园,昌邑区,东局子街道松江东路65号吉庆加油站对面,风景名胜,,,,43.850572,126.599130,
365,沙河子广场,船营区,迎宾大路11号,风景名胜,,,,43.869189,126.516074,
365,德胜门,船营区,德胜路21号人民广场内(东南角),风景名胜,,,,43.842075,126.538833,
365,吉林机器局旧址,昌邑区,东局子街道江湾路204号,风景名胜,,,,43.844577,126.590272,
365,江北公园,龙潭区,湘潭街93号,风景名胜,,,,43.905535,126.555260,
366,长春世界雕塑园,南关区,人民大街9518号,风景名胜,,,,43.823572,125.333336,
366,卫星广场,南关区,卫星路与人民大街交汇处,风景名胜,,,,43.832935,125.325868,
366,南溪湿地公园,南关区,富裕街道畅溪路与荷香路交叉口,风景名胜,,,,43.804210,125.347341,
366,长春博物馆,南关区,华弘街111号,科教文化服务,,,,43.811211,125.319120,
366,友谊公园,南关区,政府南侧,风景名胜,,,,43.814370,125.321363,
366,长春市百花园,南关区,南三环蔚山路与芳草街交会处,风景名胜,,,,43.813006,125.280151,
366,南湖公园,朝阳区,工农大路2715号,风景名胜,,,,43.856452,125.306789,
366,长春市动植物公园,南关区,自由大路2121号,风景名胜,,,,43.868108,125.335289,
366,长春工业轨迹公园,南关区,东岭南街长春工业轨迹公园,风景名胜,,,,43.829048,125.349657,
366,城投·南溪里,南关区,听溪路与溪畔街交汇城投南溪里文旅小镇,风景名胜,,,,43.800664,125.353061,
366,樱花岛,南关区,东南湖大路220号,风景名胜,,,,43.846898,125.356336,
366,梨花园,南关区,明珠街道华运街与华昌路交汇,风景名胜,,,,43.808615,125.313899,
366,肆季南河,南关区,畅溪街与天吉路交叉口西140米,购物服务,,,,43.759439,125.346087,
366,长影旧址博物馆,朝阳区,红旗街1118号,风景名胜,,,,43.863640,125.292355,
366,肆季南河粉色沙滩,南关区,畅溪街与勤学路交叉口西南360米,风景名胜,,,,43.763878,125.340926,
366,南湖公园-金沙滩,朝阳区,工农大路与昂昂溪路交汇处西100米,风景名胜,,,,43.853128,125.318181,
366,长春新民大街,朝阳区,新民大街(海航长白山宾馆西),风景名胜,,,,43.864946,125.307698,
366,清水音公园,南关区,新明街附近,风景名胜,,,,43.792517,125.320618,
366,百木园,南关区,明珠街道前进大街4146号,风景名胜,,,,43.813311,125.289003,
366,吉林大学考古与艺术博物馆分馆,南关区,华弘街111号2-3层,科教文化服务,,,,43.811269,125.319962,
366,长春电影制片厂,朝阳区,红旗街1118号,科教文化服务,,,,43.863640,125.292319,
366,海洋女神雕塑,南关区,人民大街友谊公园中国长春国际友好城市雕塑园,风景名胜,,,,43.815732,125.325552,
366,百草园,南关区,丙十七路与翠语路交汇,风景名胜,,,,43.808522,125.272319,
366,长春中泰海洋世界,朝阳区,清华路1399号(新民大街与清华路交汇),风景名胜,,,,43.872123,125.306236,
366,人民广场,朝阳区,人民大街中段,风景名胜,,,,43.886907,125.324700,
367,白城博物馆,洮北区,金辉北街文化中心c座,科教文化服务,,,,45.627299,122.837953,
367,鹤鸣湖公园,洮北区,官银号街道东海西路,风景名胜,,,,45.574896,122.873845,
367,白城华严寺,洮北区,图乌公路南支线,风景名胜,,,,45.597541,122.867887,
367,全民健身体育公园,洮北区,新华西大路与幸福南大街交叉口西320米,风景名胜,,,,45.608682,122.824182,
367,文化广场,洮北区,中兴东大路与市民广场交叉口西120米,风景名胜,,,,45.623625,122.843475,
367,秋实园,洮北区,三合路3-4号,风景名胜,,,,45.617479,122.821807,
367,威尼斯水上乐园,洮北区,长庆街道生态新区东海西路999号,体育休闲服务,,,,45.584553,122.858361,
367,辽吉历史文化街区,洮北区,明仁南街164号,风景名胜,,,,45.611734,122.850997,
367,劳动公园,洮北区,庆学东路与明仁北街交叉口西240米,风景名胜,,,,45.626466,122.840758,
367,天鹅湖湿地公园,洮北区,南海街与珠江路交叉口北400米,风景名胜,,,,45.594764,122.878912,
367,天主堂,洮北区,文化西路,风景名胜,,,,45.622577,122.848108,
367,火车头广场,洮北区,新兴路与青年南大街交叉口东80米,风景名胜,,,,45.613069,122.857129,
367,生态新区山地公园,洮北区,鼎山路与瑞源街交叉口西320米,风景名胜,,,,45.590528,122.867060,
367,洮北清真寺,洮北区,新华东大路55号,风景名胜,,,,45.612403,122.842617,
367,胜利社区,洮北区,金辉南街与胜利东路交叉口西180米,科教文化服务,,,,45.605339,122.847750,
367,抗洪胜利纪念塔,洮北区,金辉南街与草原路交汇处南侧,风景名胜,,,,45.598330,122.864207,
367,吉鹤广场,洮北区,开发大街111号,风景名胜,,,,45.596829,122.825144,
367,运河公园,洮北区,015乡道附近,风景名胜,,,,45.581286,122.794057,
367,鹤鸣湖庆典广场,洮北区,纵十一路碧桂园斜对面,风景名胜,,,,45.577608,122.879489,
367,锦湖湿地公园,洮南市,民生大厦东面150米,风景名胜,,,,45.357831,122.807170,
367,万福麟宅邸,洮北区,文化东路与长庆南街交叉口东北100米,风景名胜,,,,45.619372,122.837128,
367,双塔,洮北区,037乡道,风景名胜,,,,45.393595,122.956505,
367,济州岛温泉广场,洮北区,海明东路白城宾馆旁,风景名胜,,,,45.619440,122.856560,
367,查干浩特旅游度假区,洮北区,岭下镇,风景名胜,,,,45.862105,122.475313,
367,青山草场,洮北区,231国道北侧,风景名胜,,,,45.767874,122.923049,
368,幸福公园,宁江区,繁荣街派出所旁,风景名胜,,,,45.129227,124.811155,
368,纳仁汗公园,宁江区,外滩路与嘉园街交叉口西北100米,风景名胜,,,,45.146318,124.835542,
368,飞宇金伦花园三期,宁江区,华原街540号,商务住宅,,,,45.136810,124.830866,
368,松原市博物馆,宁江区,沿江东路1409号,科教文化服务,,,,45.137466,124.838407,
368,龙华寺,宁江区,新福社区滨江大道北侧松原市气象局,风景名胜,,,,45.154878,124.902670,
368,儿童公园,宁江区,团结街道临江西路388号,风景名胜,,,,45.171802,124.812174,
368,滨江公园,宁江区,团结街道临江东路199号,风景名胜,,,,45.170944,124.814224,
368,伯都讷文化公园,宁江区,新城东路与伯都讷大街交叉口东160米,风景名胜,,,,45.178537,124.840601,
368,成吉思汗文化园,前郭尔罗斯蒙古族自治县,郭尔罗斯大路5870-6482号,风景名胜,,,,45.100054,124.866937,
368,苏力德公园,宁江区,西郭尔罗斯大路苏力德花园小镇,风景名胜,,,,45.133434,124.775645,
368,巴尔达公园,宁江区,滨江东路重阳街99号,风景名胜,,,,45.157610,124.861408,
368,郭旗街广场,前郭尔罗斯蒙古族自治县,郭旗街与元春路交叉口东北40米,风景名胜,,,,45.122849,124.823774,
368,世纪新城广场,前郭尔罗斯蒙古族自治县,前郭尔罗斯镇哈萨尔路,风景名胜,,,,45.107052,124.843157,
368,哈萨尔广场,前郭尔罗斯蒙古族自治县,科尔沁大街与哈萨尔路交叉口北80米,风景名胜,,,,45.115251,124.828482,
368,伯都讷文化公园广场,宁江区,[],风景名胜,,,,45.178275,124.841320,
368,中山体育公园,宁江区,乌兰大街与沿江东路交汇,风景名胜,,,,45.136940,124.843270,
368,奥林匹克文化公园,宁江区,大路与五环大街交汇,风景名胜,,,,45.120842,124.840991,
368,莲华寺,宁江区,龙华寺旁,风景名胜,,,,45.155917,124.897724,
368,松原威尼斯水上乐园,宁江区,善友镇滨江大道(龙华寺风景区以东2公里外),体育休闲服务,,,,45.138531,124.909490,
368,松原松花江大桥,宁江区,外滩路与203国道交叉口东北100米,风景名胜,,,,45.162917,124.813359,
368,人民广场,宁江区,沿江东路与民强街交叉口东南160米,风景名胜,,,,45.140736,124.823326,
368,松花江森林公园,宁江区,滨江大道松原市规划展览馆东300米,风景名胜,,,,45.157702,124.864325,
368,清真寺,前郭尔罗斯蒙古族自治县,手机一条街源江路,风景名胜,,,,45.118081,124.827702,
368,新天地公园,宁江区,创业大街与建业路交汇处,风景名胜,,,,45.142457,124.797617,
368,天鹅湖,宁江区,镜湖街道镜湖街道镜湖北路928号,风景名胜,,,,45.131679,124.804224,
369,英雄广场,铁西区,英雄大路附近,风景名胜,,,,43.174012,124.360329,
369,南湖公园,铁西区,南新华大街1328号,风景名胜,,,,43.162720,124.363948,
369,四平战役纪念馆,铁西区,英雄大街60号,风景名胜,,,,43.174937,124.360225,
369,一江山岛军事主题公园,铁西区,英雄大路附近,风景名胜,,,,43.177908,124.318777,
369,四平市近现代铁路博物馆,铁西区,北体育街与大顺路交叉口南40米,风景名胜,,,,43.180858,124.374277,
369,西湖湿地公园,铁西区,平西乡社会福利服务中心,风景名胜,,,,43.195440,124.316360,
369,四平市西湖水上公园,铁西区,西郊街,风景名胜,,,,43.175269,124.335182,
369,四平市烈士纪念塔,铁西区,南新华大街729号,风景名胜,,,,43.170776,124.365749,
369,四平市博物馆,铁西区,南新华大街647号,科教文化服务,,,,43.170524,124.364550,
369,胜利广场,铁东区,东山路与中央东路交汇处,风景名胜,,,,43.163559,124.404265,
369,大鹰雕塑,铁东区,经济开发区铁东经济开发区,风景名胜,,,,43.163521,124.404290,
369,湿地公园休闲广场,铁西区,中央西路1008号,风景名胜,,,,43.187320,124.343454,
369,红嘴广场,铁西区,平西乡兴红路1515号,风景名胜,,,,43.197410,124.344939,
369,四平市新华公园,铁西区,北新华大街82号,风景名胜,,,,43.185159,124.374071,
369,正平广场,铁西区,市府路1号,风景名胜,,,,43.164830,124.349299,
369,四平战役纪念馆售票处,铁西区,英雄大街60号四平战役纪念馆内(西侧),生活服务,,,,43.175042,124.359963,
369,耻钟广场,铁西区,北仁兴街384号,风景名胜,,,,43.180686,124.377309,
369,北河公园,铁西区,北河西路北,风景名胜,,,,43.186565,124.379867,
369,梨树南河公园,梨树县,[],风景名胜,,,,43.295304,124.357073,
369,四平会堂广场,铁西区,市府路1号,风景名胜,,,,43.167326,124.350973,
369,铁东文化公园,铁东区,南三纬路与南八经街交叉口西南120米,风景名胜,,,,43.159751,124.389834,
369,天鹅湖,铁西区,二里街,风景名胜,,,,43.196721,124.344309,
369,四平烈士陵园,铁东区,陵园路与北一经街交叉口东南320米,生活服务,,,,43.194626,124.400389,
369,恩乐堡森林动物王国,铁西区,北迎宾街1518号,风景名胜,,,,43.192482,124.368140,
369,童梦游乐园(北二纬路店),铁东区,北三纬路491号,体育休闲服务,,,,43.173875,124.390475,
370,福寿宫,龙山区,辽河大路5113号,风景名胜,,,,42.895210,125.155766,
370,龙山公园,龙山区,龙山北路136号(南边是东吉大路),风景名胜,,,,42.898247,125.154358,
370,魁星楼,龙山区,龙山东街88龙山公园内(东南角),风景名胜,,,,42.895919,125.155697,
370,黑金小镇,西安区,安仁路56号,风景名胜,,,,42.924065,125.127666,
370,辽源龙首山,龙山区,县级直管村级单位龙山北路136号(南边是东吉大路)龙山公园(东南角),风景名胜,,,,42.895719,125.155775,
370,辽源市动植物园,西安区,安仁路64号,风景名胜,,,,42.927781,125.113107,
370,健康主题公园,龙山区,龙山西街与吉春路交叉口东220米,风景名胜,,,,42.897882,125.154492,
370,茵特拉根欢乐广场,龙山区,辽源经济开发区,风景名胜,,,,42.896400,125.113697,
370,悦动辽源欢乐荟,西安区,仙城大街2970号(原田家炳中学旧址),风景名胜,,,,42.946577,125.159407,
370,向阳山森林公园,龙山区,工农乡人民大街166号,风景名胜,,,,42.882942,125.125679,
370,辽源市博物馆,龙山区,南仁东广场西南角,科教文化服务,,,,42.856186,125.132434,
370,辽源市鹿鸣湖湿地公园,西安区,安仁路130号辽源凤鸣湖国家湿地公园内(东侧),风景名胜,,,,42.928798,125.143958,
370,南仁东广场,龙山区,建新大路与南人民大街辅路交叉口东南300米,风景名胜,,,,42.856738,125.134309,
370,红旗文化广场,龙山区,人民大街3505号,购物服务,,,,42.905247,125.148085,
370,红枫潭,龙山区,友谊大路与303国道交叉口南200米,风景名胜,,,,42.888334,125.106273,
370,辽源阿勒泰,东辽县,[],风景名胜,,,,42.829457,125.148317,
370,泰安大路花海游客中心,西安区,安仁路130号辽源凤鸣湖国家湿地公园(东南角),生活服务,,,,42.920493,125.136703,
370,弥陀寺,龙山区,多寿花园3号楼,风景名胜,,,,42.904562,125.155232,
370,辽源市黑金小镇摩天轮乐园,西安区,北部新区主入口广场北,体育休闲服务,,,,42.924668,125.128636,
370,慈航阁,龙山区,滨河南路366号,风景名胜,,,,42.891453,125.138938,
370,辽源市侵华日军辽源高级战俘营旧址,西安区,人民大街784号,风景名胜,,,,42.917136,125.155027,
370,四百广场,龙山区,人民大街与泰安大路交叉口西南180米,风景名胜,,,,42.914554,125.151540,
370,东山公园,西安区,东山北路与东山东路交叉口东240米,风景名胜,,,,42.949482,125.156020,
370,荷枫古韵园,龙山区,光明街777号,风景名胜,,,,42.857918,125.129479,
370,净安寺,西安区,和宁街与康寿路交叉口西140米,风景名胜,,,,42.911398,125.145385,
371,龙兴里,东昌区,江东乡靖宇路338号,风景名胜,,,,41.728688,125.956281,
371,玉皇山公园,东昌区,新站街道柳泉路160号(近佟佳江宾馆),风景名胜,,,,41.740702,125.949023,
371,通化清真寺,东昌区,新华大街1003号,风景名胜,,,,41.725205,125.935956,
371,滨江公园,东昌区,江沿路,风景名胜,,,,41.710249,125.937930,
371,通化市博物馆,东昌区,江南大街科文中心内,科教文化服务,,,,41.697742,125.935523,
371,玉皇山,东昌区,新站街道柳泉路160号玉皇山公园(西南角),风景名胜,,,,41.732881,125.942728,
371,千叶湖风景区,东昌区,环通乡江雪路1588号,风景名胜,,,,41.699302,125.957448,
371,通化卧佛寺,东昌区,佐安村,风景名胜,,,,41.736307,126.000959,
371,高志航故居,东昌区,龙泉路,风景名胜,,,,41.730544,125.935540,
371,东北抗日联军纪念馆,东昌区,新站街道新站街道新站街道靖宇路888号,风景名胜,,,,41.729609,125.962285,
371,南山植物园,东昌区,环通乡新桥路599号,风景名胜,,,,41.715556,125.954579,
371,玉皇山动物园,东昌区,玉皇山公园内(西南角),风景名胜,,,,41.732041,125.941477,
371,通化市东昌区抗美援朝烈士陵园,东昌区,秀泉路石棚子村2589号,生活服务,,,,41.751382,125.921764,
371,广济寺,东昌区,秀泉路通化市全民健身中心东南550米,风景名胜,,,,41.740266,125.936358,
371,横道子花海,东昌区,兴果线,风景名胜,,,,41.689413,126.060108,
371,忆江园健康主题公园,东昌区,胜利路与百顺路交叉口西260米,风景名胜,,,,41.733078,125.949273,
371,隆运高山运动公园,东昌区,修正路39号,风景名胜,,,,41.682563,125.937116,
371,通化市东昌区全民健身体育公园,东昌区,[],风景名胜,,,,41.688796,125.938010,
371,通化溶洞景区,二道江区,鸭园镇以东3公里处万寿山中,风景名胜,,,,41.766016,126.220500,
371,自安山城一号门址,东昌区,[],风景名胜,,,,41.774229,125.971489,
371,红岭游园,东昌区,龙兴胡同1-24号,风景名胜,,,,41.731052,125.923727,
371,老站机务段小广场,东昌区,建设大街与铁北路交叉口西南320米,风景名胜,,,,41.744775,125.973475,
371,明珠广场,二道江区,迎宾路与东胜路交汇处,风景名胜,,,,41.777835,126.042248,
371,通化天主堂,东昌区,江雪路与江畅路交叉口东南280米,风景名胜,,,,41.702157,125.945697,
371,万发拨子遗址,东昌区,东部二道江区的东通化站,风景名胜,,,,41.695550,125.935306,
372,延边大学网红弹幕墙,延吉市,[],风景名胜,,,,42.907429,129.491533,
372,延大学府广场,延吉市,公园路1877号,商务住宅,,,,42.909784,129.482851,
372,发展大坡,延吉市,西山路与烟集街交叉口西40米,风景名胜,,,,42.917233,129.498156,
372,人民公园,延吉市,延吉街876-1,风景名胜,,,,42.912250,129.499691,
372,延边博物馆,延吉市,体育场环路,科教文化服务,,,,42.890380,129.423483,
372,延吉市亲水休闲广场,延吉市,朝阳街与延河路交叉口西160米,风景名胜,,,,42.901092,129.493304,
372,清水公园,延吉市,财南胡同与龙山胡同交叉口西北180米,风景名胜,,,,42.897365,129.466497,
372,金达莱广场,延吉市,长白山西路和金达莱南街交汇处,风景名胜,,,,42.892985,129.474851,
372,滨河公园,延吉市,金达莱南街与天池路交叉口北280米,风景名胜,,,,42.897496,129.476322,
372,延吉恐龙王国,延吉市,龙翔街1520号,体育休闲服务,,,,42.861115,129.494123,
372,布尔星畔·浪漫之旅,延吉市,亲水休闲广场,风景名胜,,,,42.900968,129.492719,
372,延边大学-博物馆,延吉市,园林胡同与公园路交叉口北260米,科教文化服务,,,,42.910243,129.490717,
372,延吉恐龙博物馆,延吉市,建工街道龙祥街1166号,科教文化服务,,,,42.867853,129.494530,
372,民族广场,延吉市,公园路513号,商务住宅,,,,42.908060,129.498259,
372,延吉布尔哈通河国家水利风景区,延吉市,朝阳街与延河路交叉口西200米,风景名胜,,,,42.900985,129.492843,
372,新兴广场,延吉市,丹青胡同34-24号,风景名胜,,,,42.913510,129.507062,
372,延吉大字红墙,延吉市,海兰路与参花街交叉口东20米,风景名胜,,,,42.905388,129.506805,
372,延吉音乐喷泉广场,延吉市,园纺胡同与园虹胡同交叉口西南160米,风景名胜,,,,42.901766,129.501411,
372,青年广场,延吉市,大千城b座2601号,风景名胜,,,,42.901557,129.510600,
372,公园路3076,延吉市,公园路3076号,风景名胜,,,,42.906004,129.467387,
372,延河水岸,延吉市,烟集街与大兴路交叉口东220米,商务住宅,,,,42.936094,129.494577,
372,延吉海兰明珠塔,龙井市,延南路79号,风景名胜,,,,42.841765,129.479842,
372,延吉历史文化博物馆,延吉市,小营镇里化村延吉恐龙王国正门西侧,科教文化服务,,,,42.865709,129.493856,
372,延吉道尹公署楼,延吉市,光华路与丛柳街交叉口东北80米,风景名胜,,,,42.892281,129.507308,
372,大学城广场,延吉市,公园街道,风景名胜,,,,42.907507,129.491793,
373,青山湖,浑江区,北安大街378号,风景名胜,,,,41.942218,126.388911,
373,长白山满族文化博物馆,浑江区,长白山大街2625号,科教文化服务,,,,41.953695,126.436863,
373,儿童公园,浑江区,红旗街与惠民西二胡同交汇处,风景名胜,,,,41.946626,126.434410,
373,白山水韵广场,浑江区,长白山大街1872号,风景名胜,,,,41.948353,126.421718,
373,长白山广场,浑江区,启明路117正东方向110米,风景名胜,,,,41.958381,126.443668,
373,吉林仙人谷森林公园,江源区,010乡道,风景名胜,,,,41.864580,126.620313,
373,龙山寺,浑江区,江北街道北安大街北山公园,风景名胜,,,,41.952377,126.412037,
373,青山寺,浑江区,北安大街378号青山湖,风景名胜,,,,41.946320,126.387063,
373,南岭广场,浑江区,南平街与文福路交叉口东60米,风景名胜,,,,41.932924,126.426581,
373,七道江会议纪念馆,浑江区,七道江会议旧址(303省道西),风景名胜,,,,41.893196,126.385538,
373,白山市四保临江纪念碑,浑江区,北安大街2516(北山公园内),风景名胜,,,,41.952505,126.418174,
373,老秃顶草原景区,临江市,苇沙河镇老秃顶草原景区(020乡道西),风景名胜,,,,41.861438,126.677360,
373,滨江公园,浑江区,浑江区国土局对面,风景名胜,,,,41.946357,126.420688,
373,四方山枫叶谷,浑江区,四方山枫叶谷(078县道西),风景名胜,,,,41.974701,126.225199,
373,太平湖景区,浑江区,砬道沟,风景名胜,,,,41.911809,126.306332,
373,玉神宫,浑江区,群生村青山湖风景区内,风景名胜,,,,41.946018,126.387849,
373,溪谷,临江市,花山镇花山国家森林公园(东南角),风景名胜,,,,41.972038,126.778377,
373,石人血泪山,江源区,009乡道与010乡道交叉口东北440米,风景名胜,,,,41.942552,126.557397,
373,白山滑雪场,浑江区,岳桦路,体育休闲服务,,,,41.959138,126.407168,
373,八里坡文化园,江源区,115县道,风景名胜,,,,41.989493,126.722612,
373,临江珍珠门风景区,临江市,222国道,风景名胜,,,,41.908948,126.765776,
373,吉林白山板石国家矿山公园,浑江区,光明街,风景名胜,,,,41.967823,126.460353,
373,中国松花石博物馆,江源区,福泰路1号,科教文化服务,,,,42.053876,126.585306,
373,白山市轮滑主题公园,浑江区,北安大街2号原中共市委党校,风景名胜,,,,41.978410,126.478949,
373,白山市清真寺,浑江区,国安路3号,风景名胜,,,,41.917403,126.398311,
374,茶马广场,卡若区,214国道附近,风景名胜,,,,31.138120,97.179451,
374,昌都市革命历史博物馆,卡若区,市政府大院内,科教文化服务,,,,31.141515,97.169850,
374,昌都市卡若区水上广场,卡若区,茶马路与邦达路交叉口东南60米,风景名胜,,,,31.131770,97.177106,
374,昌都市清真寺,卡若区,启赤横一街,风景名胜,,,,31.136646,97.180946,
374,森林公园,卡若区,卡若区,地名地址信息,,,,31.114328,97.183410,
374,野堆村公园,卡若区,野堆南路,风景名胜,,,,31.106969,97.214695,
374,卡若遗址,卡若区,214国道,风景名胜,,,,31.057630,97.209734,
374,印经院,卡若区,卡若区(强巴林寺内),风景名胜,,,,31.140448,97.177032,
374,朱古寺,卡若区,[],风景名胜,,,,31.087951,96.985430,
374,吉祥明珠公园,卡若区,吉祥二路与解放路交叉口西南260米,风景名胜,,,,31.142292,97.166541,
374,昌都烈士陵园,卡若区,城关镇达瓦村,生活服务,,,,31.123893,97.191437,
374,达玛拉公园,卡若区,德吉路,风景名胜,,,,31.120460,97.181453,
374,德公草原,卡若区,[],风景名胜,,,,31.260935,97.133708,
374,小恩达遗址,卡若区,214国道东北侧,风景名胜,,,,31.160516,97.122661,
374,昌都市森林公园藏东民俗文化旅游村,卡若区,德吉路与兴达路交叉口西380米,风景名胜,,,,31.118534,97.180514,
374,吉祥明珠公园(法治文化主题公园),卡若区,吉祥明珠公园,风景名胜,,,,31.137390,97.173029,
374,谷布山景区,卡若区,[],风景名胜,,,,31.448233,97.104663,
374,碧落坤灵,卡若区,卧龙街与幸福横街交叉口西北20米,风景名胜,,,,31.135779,97.176810,
374,昌都市卡若区商贸大楼广场,卡若区,卡若路,风景名胜,,,,31.112039,97.195729,
374,大脚印奇观,察雅县,西景线,风景名胜,,,,30.904198,97.359477,
374,烈士纪念馆,卡若区,广电路与陵园路交叉口东120米,风景名胜,,,,31.122230,97.190720,
374,祥钰田园游乐园,卡若区,野堆三路1号,体育休闲服务,,,,31.103242,97.232816,
374,措加大峡谷,察雅县,[],风景名胜,,,,31.036461,97.522729,
374,格崩寺,卡若区,[],风景名胜,,,,31.200155,97.345944,
374,向达寺,卡若区,[],风景名胜,,,,31.462009,97.178739,
375,塔恰拉姆景区,色尼区,那曲镇,风景名胜,,,,31.478912,92.046974,
375,西藏那曲市烈士陵园,色尼区,滨河路西北侧,生活服务,,,,31.485325,92.051025,
375,那曲市中央广场(城投),色尼区,辽宁中路与文化中路交叉处,风景名胜,,,,31.469786,92.059406,
375,那曲市中心广场东区,色尼区,拉萨南路与浙江中路交叉口,风景名胜,,,,31.475029,92.054818,
375,那曲金牦牛,色尼区,京藏公路那曲出入口丁字路口(中石油旁),风景名胜,,,,31.425312,91.981537,
375,望京阁,色尼区,塔恰拉姆景区绕山上行500米,风景名胜,,,,31.480365,92.040909,
375,扎西桑旦林尼寺,色尼区,那曲镇滨河路,风景名胜,,,,31.479337,92.046916,
375,次曲河公园,色尼区,迎宾大道西北30米,风景名胜,,,,31.453489,92.031226,
375,孝登寺广场,色尼区,浙江西路孝登寺(西北角),风景名胜,,,,31.475230,92.048501,
375,那曲市中心广场西区,色尼区,浙江西路,风景名胜,,,,31.475373,92.053355,
375,镜湖公园,色尼区,109国道,风景名胜,,,,31.519438,92.049152,
375,夯错湿地暗夜星空景区,色尼区,罗玛镇显曲弄,风景名胜,,,,31.285136,91.790998,
375,拉萨紫茶宫,色尼区,高原西路与拉萨中路交叉口东160米,风景名胜,,,,31.478896,92.058538,
375,夯措湖国家级自然保护区,色尼区,罗玛镇境内,风景名胜,,,,31.296728,91.782823,
375,达仁寺,色尼区,达萨乡,风景名胜,,,,31.327698,92.374547,
375,多嘎日追,色尼区,罗玛镇,风景名胜,,,,31.364763,91.998846,
375,小雪山,色尼区,辽宁中路与明珠路交叉口东20米,风景名胜,,,,31.476497,92.061312,
375,回坊阁,色尼区,高原西路与拉萨中路交叉口西北240米,风景名胜,,,,31.480303,92.054641,
375,色尼边琼仓康,色尼区,罗玛镇,风景名胜,,,,31.248592,92.080408,
375,色尼区欧托寺,色尼区,[],风景名胜,,,,31.460727,92.460418,
375,昂青寺,色尼区,达萨乡,风景名胜,,,,31.295943,92.220588,
375,西藏纳木措自然保护区,班戈县,[],风景名胜,,,,30.805149,90.590737,
375,西藏那曲市宗青扎嘎旅游景区,色尼区,317国道东南40米,风景名胜,,,,31.683574,92.405956,
375,萨普神山,比如县,羊秀乡萨隆巴,风景名胜,,,,31.080287,93.794711,
375,朗色寺,聂荣县,[],风景名胜,,,,32.099737,92.328979,
376,大昭寺,城关区,八廓西街2号,风景名胜,,,,29.650209,91.132802,
376,布达拉宫,城关区,北京中路35号,风景名胜,,,,29.654471,91.118463,
376,扎基寺,城关区,扎基东路(司法厅扎基退休小区对面),风景名胜,,,,29.674025,91.142104,
376,布达拉宫广场,城关区,北京东路167号,风景名胜,,,,29.651264,91.118222,
376,小昭寺,城关区,吉崩岗街道大昭寺向北500米,风景名胜,,,,29.655917,91.131961,
376,西藏拉萨清真大寺,城关区,东孜苏路6号,风景名胜,,,,29.648046,91.138358,
376,色拉寺,城关区,色拉路1号,风景名胜,,,,29.695223,91.134823,
376,西藏博物馆,城关区,罗布林卡路34号,科教文化服务,,,,29.648382,91.098894,
376,拉萨山庄网红S弯,城关区,达瓦路e区,风景名胜,,,,29.627896,91.148328,
376,药王山观景台,城关区,罗布林卡路2号,风景名胜,,,,29.652221,91.115081,
376,南山公园,城关区,川藏公路,风景名胜,,,,29.633120,91.118424,
376,罗布林卡,城关区,罗堆东路,风景名胜,,,,29.651619,91.092479,
376,西藏自然科学博物馆,城关区,纳金街道藏大东路9号,科教文化服务,,,,29.646855,91.182052,
376,贡布塘公园,城关区,贡布堂路6号,风景名胜,,,,29.639369,91.168155,
376,白塔,城关区,罗布林卡路2号,风景名胜,,,,29.652435,91.115259,
376,夏扎大院,城关区,八廓南街鲁固一巷13号,风景名胜,,,,29.648377,91.133681,
376,雪顿古镇,城关区,次觉林Y102乡道西段,商务住宅,,,,29.620470,91.135033,
376,金星游乐园,城关区,西藏大学后门林聚路5号,体育休闲服务,,,,29.641877,91.142874,
376,千佛崖,城关区,德吉南路与罗布林卡路交叉口东南320米,风景名胜,,,,29.648321,91.108173,
376,河坝林公园,城关区,江苏路45号,风景名胜,,,,29.646860,91.148687,
376,下密寺,城关区,北京东路,风景名胜,,,,29.653345,91.135745,
376,团结公园,城关区,罗布林卡路6-附9号,风景名胜,,,,29.651972,91.111987,
376,哲蚌寺,城关区,北京西路276号(西郊根培乌孜山下),风景名胜,,,,29.673206,91.049889,
376,布达拉宫观景台,城关区,雪莲花富氧观景酒店5层,风景名胜,,,,29.659092,91.116880,
376,西藏非物质文化遗产博物馆,城关区,102乡道拉萨河畔慈觉林文城大道,科教文化服务,,,,29.625187,91.147427,
377,扎什伦布寺,桑珠孜区,朗卡路1号,风景名胜,,,,29.265392,88.871941,
377,贡觉林卡,桑珠孜区,年河中路2号,风景名胜,,,,29.276466,88.895419,
377,桑珠孜宗堡,桑珠孜区,江孜镇宗山雪强路,风景名胜,,,,29.274000,88.877652,
377,扎什伦布寺-宗山遗址,桑珠孜区,雪强路宗山遗址,风景名胜,,,,29.273401,88.878636,
377,日喀则博物馆,桑珠孜区,同心路与如意环路交叉口东南180米,科教文化服务,,,,29.241717,88.850626,
377,人民公园,桑珠孜区,年河中路75-76号,风景名胜,,,,29.265163,88.896886,
377,扎什伦布寺-自由市场,桑珠孜区,朗卡路1号扎什伦布寺,风景名胜,,,,29.272013,88.878208,
377,日喀则全景观望台,桑珠孜区,万都地板仓库北侧200米,风景名胜,,,,29.279239,88.904043,
377,东郊林卡公园,桑珠孜区,吉培路与吉林中路交叉口东260米,风景名胜,,,,29.262411,88.897881,
377,清真寺,桑珠孜区,雪强路帮佳孔社区内,风景名胜,,,,29.269942,88.877525,
377,日喀则扎寺广场,桑珠孜区,普彰路16号,风景名胜,,,,29.262861,88.873970,
377,樟木新区樟木区中心广场,桑珠孜区,西藏自治区日喀则市桑珠孜区,风景名胜,,,,29.246477,88.858789,
377,夏鲁寺,桑珠孜区,桑珠孜区夏鲁村东南20公里处的春堆区,风景名胜,,,,29.124158,88.994665,
377,中心广场,桑珠孜区,山东路(山东大厦对面),风景名胜,,,,29.265298,88.880817,
377,青岛公园,桑珠孜区,黑龙江南路与齐鲁大道交叉口东北140米,风景名胜,,,,29.247460,88.896484,
377,强巴佛殿(弥勒殿),桑珠孜区,几吉郎卡路1号扎什伦布寺内(西侧),风景名胜,,,,29.265440,88.869897,
377,日喀则烈士陵园,桑珠孜区,上海南路13号,生活服务,,,,29.243111,88.887246,
377,措钦大殿,桑珠孜区,桑珠孜区几吉朗卡路1扎什伦布寺景区,风景名胜,,,,29.266530,88.871818,
377,江萨国家湿地公园,桑珠孜区,甲措雄乡联阿大桥南,风景名胜,,,,29.209793,88.939625,
377,日喀则龙园,桑珠孜区,黑龙江南路与龙江路交叉口北120米,风景名胜,,,,29.254247,88.893419,
377,扎西吉彩林,桑珠孜区,城南办事处扎西吉彩林,风景名胜,,,,29.255944,88.880880,
377,展佛台,桑珠孜区,朗卡路1号扎什伦布寺内(北侧),风景名胜,,,,29.267233,88.871555,
377,俄尔寺,桑珠孜区,曲美乡边容村,风景名胜,,,,29.115914,88.827687,
377,日喀则石刻艺术博物馆,桑珠孜区,日喀则市群众艺术馆院内,科教文化服务,,,,29.271237,88.880084,
377,纳唐寺,桑珠孜区,纳唐村距日喀则15公里,风景名胜,,,,29.191393,88.763996,
378,雅砻人民公园,乃东区,香曲东路与雅鲁藏布路交叉口南320米,风景名胜,,,,29.251637,91.765345,
378,泽当寺,乃东区,泽当镇贡布路78号,风景名胜,,,,29.240317,91.781196,
378,羊湖时代广场,乃东区,湖北大道与桑康南街交叉口西40米,商务住宅,,,,29.236336,91.761299,
378,结沙拉康,乃东区,安徽大道,风景名胜,,,,29.239668,91.740683,
378,山南烈士陵园,乃东区,泽当镇安徽大道11号,生活服务,,,,29.224074,91.758418,
378,本仓寺,乃东区,乃东巷与乃东路交叉口东北160米,风景名胜,,,,29.224198,91.774337,
378,西扎寺,乃东区,[],风景名胜,,,,29.213667,91.702535,
378,猴子洞,乃东区,[],风景名胜,,,,29.238119,91.796917,
378,赞塘玉益拉康,乃东区,金珠南路与泽鱼线交叉口东北220米,风景名胜,,,,29.202835,91.762843,
378,雅鲁藏布江观景台,扎囊县,349国道北侧,风景名胜,,,,29.269474,91.538121,
378,吉如拉康,乃东区,结巴乡,风景名胜,,,,29.375732,91.831239,
378,南北山体育公园,乃东区,泽当大道与香曲西路交叉口南280米,风景名胜,,,,29.242814,91.765947,
378,才曲蚌巴,乃东区,泽鱼线与金珠南路交叉口西北200米,风景名胜,,,,29.203392,91.759555,
378,丹萨梯寺,桑日县,桑日镇德斯提村,风景名胜,,,,29.294794,91.968612,
378,桑阿申钦寺暨尼姑寺,乃东区,东坡仙阁东南侧210米,风景名胜,,,,29.237485,91.783367,
378,扎西多卡寺,乃东区,[],风景名胜,,,,29.320490,91.847799,
378,藏王陵群,琼结县,青瓦达孜路,风景名胜,,,,29.013376,91.684642,
378,藏王墓,琼结县,琼结镇青瓦达孜路,风景名胜,,,,29.015075,91.680074,
378,日琼布寺庙,乃东区,[],风景名胜,,,,29.155401,91.758756,
378,雍布拉康售票处,乃东区,S202雍布拉康,生活服务,,,,29.139679,91.803722,
378,桑耶寺售票处,扎囊县,桑耶寺宾馆西南侧180米,生活服务,,,,29.323355,91.505339,
378,斯斯沟度假景区,乃东区,索珠乡,风景名胜,,,,29.415405,91.839947,
378,青普寺,扎囊县,101省道,风景名胜,,,,29.370981,91.549362,
378,山南野狼谷,乃东区,雅鲁藏布路与安徽大道交叉口北100米,风景名胜,,,,29.241401,91.741303,
378,敏珠林寺,扎囊县,扎其乡扎期乡敏竹林村,风景名胜,,,,29.181175,91.406878,
379,林海,巴宜区,巴宜区广州大道南段,风景名胜,,,,29.641281,94.368009,
379,工布公园,巴宜区,和谐路与迎宾大道交叉口西180米,风景名胜,,,,29.640020,94.368154,
379,比日神山生态景区,巴宜区,八一镇,风景名胜,,,,29.651730,94.369186,
379,世界柏树王园林风景区,巴宜区,八一镇巴结村,风景名胜,,,,29.619664,94.403252,
379,比日神山观景台,巴宜区,双拥东路355号,风景名胜,,,,29.642864,94.401364,
379,工布儿童公园,巴宜区,八一大街南段,风景名胜,,,,29.642700,94.357842,
379,西藏林芝八一厦门广场,巴宜区,八一镇八一大街厦门广场,风景名胜,,,,29.660548,94.359994,
379,滨江草原森林公园,巴宜区,滨河大道中段,风景名胜,,,,29.640601,94.357408,
379,民族团结广场,巴宜区,广州大道南段林海内(西侧),风景名胜,,,,29.641816,94.365027,
379,尼洋河景区,巴宜区,318国道12-1号,风景名胜,,,,29.683071,94.352789,
379,卡定沟景区,巴宜区,八一镇,风景名胜,,,,29.762009,94.174626,
379,仙境阁,巴宜区,林芝古吉木客栈附近,风景名胜,,,,29.644022,94.374779,
379,唐拉拉康寺,巴宜区,双拥东路101号,风景名胜,,,,29.654711,94.385043,
379,喇嘛岭,巴宜区,陕西路14号,风景名胜,,,,29.458302,94.394003,
379,色季拉山观景台,巴宜区,318国道,风景名胜,,,,29.607533,94.652543,
379,嘎拉桃花源,巴宜区,林芝镇嘎拉村,体育休闲服务,,,,29.593805,94.438681,
379,青年广场,巴宜区,工布民俗街与福州大道东段交叉口南60米,风景名胜,,,,29.633807,94.375340,
379,八一花园(林芝店),巴宜区,八一镇双拥北路69号,风景名胜,,,,29.668799,94.356643,
379,响箭广场,巴宜区,和谐路与八一大街南段交叉口东240米,风景名胜,,,,29.640512,94.361230,
379,林芝市江滨公园,巴宜区,滨河大道南段68号,风景名胜,,,,29.626594,94.365907,
379,千年核桃王民俗文化村,巴宜区,八一镇318国道东100米八一镇公众村村委会附近,风景名胜,,,,29.698410,94.343391,
379,布久乡喇嘛岭寺,巴宜区,尼洋河下游左岸,风景名胜,,,,29.456604,94.393074,
379,尼洋河观景台,巴宜区,苯日景区,风景名胜,,,,29.451259,94.465817,
379,苯日景区,巴宜区,林芝镇娘欧码头,风景名胜,,,,29.451287,94.504265,
379,鲁朗林海风景区,巴宜区,鲁朗镇318国道鲁朗景区内,风景名胜,,,,29.633958,94.674262,
380,万岁山,噶尔县,确典路1号,风景名胜,,,,32.505300,80.090028,
380,阿里博物馆,噶尔县,文化路与体育路交叉口南80米,科教文化服务,,,,32.506408,80.121412,
380,阿里地区象雄广场,噶尔县,文化路与河北路交叉口南120米,风景名胜,,,,32.501222,80.107493,
380,狮泉河烈士陵园,噶尔县,[],生活服务,,,,32.509709,80.099229,
380,阿里暗夜公园,噶尔县,狮泉河镇西南20公里国道219路旁,风景名胜,,,,32.335266,80.042539,
380,揽月亭,噶尔县,北京路北段与确典路交叉口东北140米,风景名胜,,,,32.503650,80.095451,
380,加木红柳湿地公园,噶尔县,樱桃路,风景名胜,,,,32.451026,80.166381,
380,双拥主题公园,噶尔县,滨河北路,风景名胜,,,,32.499510,80.113706,
380,热拉红堡,噶尔县,[],风景名胜,,,,32.478766,79.861491,
380,热拉塔,噶尔县,[],风景名胜,,,,32.511929,79.941364,
380,噶尔县加木拉康,噶尔县,[],风景名胜,,,,32.461022,80.156824,
380,扎西岗寺,噶尔县,扎西岗村,风景名胜,,,,32.507938,79.677537,
380,札达霞义沟土林景区,札达县,香孜乡霞义沟,风景名胜,,,,31.884166,79.670810,
380,冈仁波齐峰景区,普兰县,巴嘎镇,风景名胜,,,,30.975615,81.286166,
380,慈呤兴学广场,噶尔县,陕西路中段与河北路交叉口东北80米,风景名胜,,,,32.506091,80.106300,
380,冈仁波齐,普兰县,冈仁波齐色雄广场打卡点西北侧,风景名胜,,,,31.010007,81.260024,
380,阿里分工委旧址纪念馆,噶尔县,[],风景名胜,,,,32.117145,80.057283,
380,古格王国遗址,札达县,托林镇古格王国风景区内,风景名胜,,,,31.462507,79.672245,
380,班公湖景区,日土县,日土县班公湖度假村(近新藏公路219号国道),风景名胜,,,,33.556738,79.809666,
380,玛旁雍措,普兰县,207省道,风景名胜,,,,30.721094,81.370413,
380,芝达布日寺,噶尔县,219国道,风景名胜,,,,31.123968,80.759144,
380,郎久湖,噶尔县,[],风景名胜,,,,32.171506,80.324446,
380,芝热寺,普兰县,阿里地区普兰县,风景名胜,,,,31.104906,81.323922,
380,冈仁波齐观景台,普兰县,219国道,风景名胜,,,,30.956642,81.253811,
380,日土岩画,日土县,219国道东侧,风景名胜,,,,33.160095,79.836859,
381,昭通古城,昭阳区,北正街279号附近,风景名胜,,,,27.335878,103.717710,
381,省耕国学文化公园,昭阳区,太平街道国学路昭通学院西南侧,风景名胜,,,,27.349864,103.731618,
381,昭通文庙,昭阳区,文渊街105号,风景名胜,,,,27.332700,103.719199,
381,清官亭,昭阳区,公园路,风景名胜,,,,27.341094,103.715845,
381,清官亭公园,昭阳区,龙泉街道龙泉街道龙泉街道龙泉街道龙泉街道公园路49号,风景名胜,,,,27.341733,103.715322,
381,东大寺,昭阳区,建设南路198号,风景名胜,,,,27.331378,103.719979,
381,乌蒙古镇,昭阳区,二环西路,商务住宅,,,,27.355200,103.712667,
381,趣马门,昭阳区,北正街,风景名胜,,,,27.343476,103.718676,
381,罗炳辉广场,昭阳区,龙泉街道崇义街83号,风景名胜,,,,27.338230,103.716275,
381,凤凰山森林公园,昭阳区,凤凰街道凤凰村凤凰山,风景名胜,,,,27.301878,103.700348,
381,济川门,昭阳区,昭阳大道与西街交汇口(小石桥),风景名胜,,,,27.333556,103.708219,
381,辕门口广场,昭阳区,北正街与陡街交叉口北40米,商务住宅,,,,27.336053,103.717555,
381,九龙护鼎,昭阳区,海楼路,风景名胜,,,,27.328344,103.710819,
381,抚镇门广场,昭阳区,龙泉街道建设南街26号附2号俯镇门,风景名胜,,,,27.335121,103.721057,
381,昭通陕西会馆,昭阳区,启文街65号,风景名胜,,,,27.331823,103.718167,
381,昭通市博物馆,昭阳区,昭通大道与彝良路交汇处南200米,科教文化服务,,,,27.363912,103.757863,
381,杨氏宅院,昭阳区,挑水巷,风景名胜,,,,27.337500,103.717336,
381,乌蒙水乡公园,昭阳区,凤凰街道二环南路与学庄路交叉口西260米,风景名胜,,,,27.320579,103.697932,
381,李氏家祠,昭阳区,文昌街3号,风景名胜,,,,27.338157,103.719435,
381,融创·凤凰山国际文旅小镇,昭阳区,迎宾大道与鲁甸路交叉口西南40米,风景名胜,,,,27.306140,103.692498,
381,箭道广场,昭阳区,文昌街33号,风景名胜,,,,27.336619,103.718485,
381,文渊广场,昭阳区,凤凰街道启文街与文渊街交汇处文渊街10号,风景名胜,,,,27.332897,103.719309,
381,昭通书院-文创博物馆,昭阳区,省耕东路与祥云街交叉口西240米,科教文化服务,,,,27.351533,103.734472,
381,南城清真大寺,昭阳区,虹桥路123号,风景名胜,,,,27.320114,103.720513,
381,昭通海洋大世界,昭阳区,凤凰街道迎宾大道19号,风景名胜,,,,27.305947,103.691307,
382,南城门广场,麒麟区,麒麟南路300号,风景名胜,,,,25.482900,103.797978,
382,曲靖南城门,麒麟区,麒麟南路300号南城门广场,风景名胜,,,,25.483138,103.797958,
382,寥廓公园,麒麟区,寥廓街道园林路128号,风景名胜,,,,25.483900,103.787072,
382,麒麟公园,麒麟区,书院路,风景名胜,,,,25.492719,103.795705,
382,龙潭公园,麒麟区,寥廓南路84号附1号,风景名胜,,,,25.497615,103.789941,
382,麒麟区珠江源广场,麒麟区,麒麟南路152号,风景名胜,,,,25.492418,103.797475,
382,河滨公园,麒麟区,沿江南路(寥廓山山脚麒麟区五中西南面),风景名胜,,,,25.482856,103.796215,
382,天池公园,麒麟区,川主巷98号,风景名胜,,,,25.483670,103.795381,
382,大花桥公园,麒麟区,翠峰东路大花桥公园环岛西南侧,风景名胜,,,,25.501271,103.776327,
382,公园,麒麟区,翠峰东路118号,风景名胜,,,,25.503501,103.777787,
382,白石江公园,麒麟区,麒麟北路281号,风景名胜,,,,25.518551,103.798751,
382,金麟湾爱情小镇,麒麟区,金麟湾大道一号,风景名胜,,,,25.446300,103.788677,
382,金牛游园,麒麟区,紫云南路与花柯路交叉口西60米,风景名胜,,,,25.478844,103.804172,
382,曲靖市文化体育公园,麒麟区,珠江源古镇西侧,风景名胜,,,,25.542380,103.817463,
382,靖宁宝塔,麒麟区,寥廓街道寥廓街道园林路128号寥廓公园,风景名胜,,,,25.479858,103.775698,
382,金牛塘,麒麟区,金牛游园(东南角),风景名胜,,,,25.478633,103.804394,
382,麒麟水乡,麒麟区,沿江街道新圩社区,风景名胜,,,,25.466508,103.862997,
382,爨文化博物馆,麒麟区,爨宝子碑南门旁,科教文化服务,,,,25.489218,103.800944,
382,曲靖M3文旅公园,麒麟区,南宁北路与官坡寺街交叉口东北200米,风景名胜,,,,25.507803,103.806481,
382,麒麟公园-超越文体广场,麒麟区,珠江源广场步行街3号,风景名胜,,,,25.492047,103.796502,
382,珠江源古镇西河坊-南区,麒麟区,古镇西河坊,风景名胜,,,,25.543737,103.820066,
382,廖廓山动物园,麒麟区,寥廓街道寥廓街道寥廓街道寥廓街道寥廓街道园林路寥廓公园内,风景名胜,,,,25.482707,103.784195,
382,南中爨城,麒麟区,三元宫入口旁,风景名胜,,,,25.502506,103.715456,
382,曲靖小长城,麒麟区,东方谷窑,风景名胜,,,,25.545386,103.770990,
382,珠江源古镇,麒麟区,珠江源古镇西河坊-南区,风景名胜,,,,25.544512,103.820794,
383,南湖公园,蒙自市,南湖南路7号,风景名胜,,,,23.362827,103.402150,
383,红河州博物馆,蒙自市,天马路65号,科教文化服务,,,,23.366921,103.374977,
383,蒙自市森林公园,蒙自市,银杏路71号(蒙自市市政管理中心对面),风景名胜,,,,23.373666,103.377592,
383,国立西南联合大学蒙自分校纪念馆,蒙自市,文澜街道南湖南路哥胪士洋行,风景名胜,,,,23.365954,103.406557,
383,红河文化广场,蒙自市,锦华路与红河大道交叉路口附近,风景名胜,,,,23.348612,103.395401,
383,蒙自市文澜公园,蒙自市,天马路与上海路交叉口(中国石化对面),风景名胜,,,,23.392433,103.363433,
383,玉皇阁,蒙自市,人民东路20号附近,风景名胜,,,,23.368217,103.403081,
383,蒙自过桥米线小镇,蒙自市,红河大道与多子路交叉口东南320米,风景名胜,,,,23.339887,103.425842,
383,尼苏小镇,蒙自市,雨过铺街道环湖东路,风景名胜,,,,23.431989,103.328423,
383,碧色寨风景区,蒙自市,开蒙线,风景名胜,,,,23.457359,103.404334,
383,望云传统文化博物馆,蒙自市,武庙街旁,科教文化服务,,,,23.366805,103.402322,
383,长桥海湿地公园,蒙自市,草坝镇长桥海,风景名胜,,,,23.434251,103.360339,
383,蒙自市南湖休闲广场,蒙自市,文澜镇见湖路,风景名胜,,,,23.365226,103.402138,
383,五大中心啤酒美食文化广场,蒙自市,五大中心5号五大中心啤酒美食文化广场,风景名胜,,,,23.348227,103.397460,
383,蒙自海关旧址历史陈列室,蒙自市,南湖南路1号,科教文化服务,,,,23.364296,103.408267,
383,蒙自欢乐世界,蒙自市,霁虹西路2号,体育休闲服务,,,,23.411043,103.356967,
383,红河书院,蒙自市,横二路,风景名胜,,,,23.367155,103.338324,
383,红河广场,蒙自市,天马路65号附近,风景名胜,,,,23.366420,103.376579,
383,蒙自文庙,蒙自市,东大街与武庙街交叉口东140米,风景名胜,,,,23.366263,103.404985,
383,消防花园,蒙自市,园区九号路西100米,商务住宅,,,,23.382493,103.360617,
383,蒙自动物园,蒙自市,文澜街道文澜街道文澜街道文澜街道文澜街道蒙蚂线与055乡道交叉口东140米,风景名胜,,,,23.410822,103.354011,
383,个旧苑,蒙自市,明珠路与护国路交叉口南200米,风景名胜,,,,23.363655,103.372688,
383,蒙自石榴公园,蒙自市,红河大道附近,风景名胜,,,,23.329993,103.425164,
383,沙甸大清真寺,个旧市,正道路与团结路交叉口西50米,风景名胜,,,,23.528604,103.231683,
383,蒙自观音桥花山节,蒙自市,东村南路22号,风景名胜,,,,23.360760,103.418200,
384,同心广场,泸水市,六库镇新怒江大道怒江大酒店南100米,风景名胜,,,,25.817828,98.857470,
384,滨河公园里,泸水市,[],商务住宅,,,,25.823317,98.850922,
384,丙舍坝云端栈道,泸水市,六库街道,风景名胜,,,,25.810484,98.871251,
384,青山公园,泸水市,穿城路382号,风景名胜,,,,25.864515,98.854688,
384,怒江大峡谷漂流基地,泸水市,市东岸219沙滩,体育休闲服务,,,,25.824040,98.862688,
384,世纪广场,泸水市,振兴路7号,购物服务,,,,25.850417,98.854871,
384,灵山寺,泸水市,六库镇穿城路4号,风景名胜,,,,25.841019,98.862698,
384,怒江兰若碧玺博物馆,泸水市,新城区雪山路89号,科教文化服务,,,,25.821459,98.861940,
384,龙腾广场观景台,泸水市,怒江大道307号,风景名胜,,,,25.819098,98.862781,
384,青山公园-和谐塔,泸水市,穿城路382号,风景名胜,,,,25.861165,98.853959,
384,百花岭傈僳音乐小镇,泸水市,傈僳风情小镇东南侧50米,风景名胜,,,,25.707550,98.871340,
384,兰若碧玺博物馆,泸水市,六库镇新城区雪山路89号LAN RUO兰若,科教文化服务,,,,25.821485,98.861968,
384,傈僳风情小镇,泸水市,219国道怒江大峡谷内(南侧),风景名胜,,,,25.707925,98.871019,
384,毛毛山观景台,泸水市,怒江大峡谷内(南侧),风景名胜,,,,25.628319,98.855570,
384,小沙坝基督教堂,泸水市,穿城路567号,风景名胜,,,,25.876734,98.844368,
384,怒江溜锁,泸水市,219国道,风景名胜,,,,25.947633,98.834758,
384,瓦拉亚窟,泸水市,市G219,风景名胜,,,,26.120484,98.860763,
384,片马,泸水市,316省道附近,风景名胜,,,,26.008518,98.614139,
384,怒江驼峰航线纪念馆,泸水市,片马镇片马村,风景名胜,,,,26.010457,98.628352,
384,高黎贡山国家级自然保护区怒江管理局,泸水市,红庭东南侧90米,风景名胜,,,,25.815254,98.856790,
384,主恩堂,泸水市,219国道怒江大峡谷内(南侧),风景名胜,,,,25.858879,98.847692,
384,云南省怒江州上江镇七颗树,泸水市,228省道附近,风景名胜,,,,25.642246,98.887683,
384,怒江恋,泸水市,雪山路望江御府12栋-s-13-2号,风景名胜,,,,25.823383,98.860560,
384,栗柴坝抗日遇难同胞纪念碑,泸水市,219国道怒江大峡谷内(南侧),风景名胜,,,,25.625604,98.868748,
384,野狼谷景区,泸水市,人民路与向阳东路交叉口南20米,风景名胜,,,,25.848580,98.854706,
385,映月潭休闲文化中心,红塔区,大营街公园路,风景名胜,,,,24.339825,102.494732,
385,云南玉溪汇龙生态园,红塔区,玉泉路1号,体育休闲服务,,,,24.333097,102.490906,
385,青花街(红塔大道店),红塔区,红塔大道95号,风景名胜,,,,24.336885,102.552520,
385,红塔山,红塔区,红塔集团门口,风景名胜,,,,24.335696,102.560274,
385,玉溪聂耳故居,红塔区,北门街3号,风景名胜,,,,24.354410,102.543906,
385,聂耳音乐广场,红塔区,[],风景名胜,,,,24.368206,102.561293,
385,玉溪博物馆,红塔区,凤凰路街道红塔大道30号,科教文化服务,,,,24.346593,102.536096,
385,玉溪东风广场,红塔区,红塔大道与东风中路交界处,风景名胜,,,,24.343042,102.544788,
385,高龙潭公园,红塔区,抚仙路51号,风景名胜,,,,24.333194,102.539807,
385,红塔山-观景台,红塔区,红塔山(西南角),风景名胜,,,,24.334616,102.559765,
385,出水口瀑布,红塔区,玉兴路街道环山路山水佳园北侧约250米,风景名胜,,,,24.362180,102.571990,
385,聂耳广场,红塔区,玉兴路街道红塔大道35号聂耳公园(东北角),风景名胜,,,,24.349724,102.539900,
385,柴家大山观景台,红塔区,秀山路附近,风景名胜,,,,24.329582,102.542993,
385,玉溪汇龙温泉文化庄园,红塔区,玉泉路108号汇龙温泉庄园2楼,风景名胜,,,,24.332713,102.490727,
385,文庙公园,红塔区,棋阳路46号,风景名胜,,,,24.350910,102.544717,
385,映月潭温泉,红塔区,大营街汇溪公园旁,生活服务,,,,24.340250,102.492661,
385,建银广场,红塔区,红塔大道40号,商务住宅,,,,24.343322,102.541385,
385,玉溪九龙池公园,红塔区,龙池路1号,风景名胜,,,,24.421707,102.516717,
385,杯湖公园,红塔区,玉溪站对面,风景名胜,,,,24.339361,102.516340,
385,文兴祥,红塔区,棋阳路50号,风景名胜,,,,24.352343,102.544804,
385,玉溪红塔,红塔区,红塔山(东北角),风景名胜,,,,24.336832,102.561951,
385,無同材料研究所,红塔区,秀山路万商汇6幢18号无同,科教文化服务,,,,24.344592,102.529537,
385,玉溪科技公园,红塔区,高仓街道高仓街道高仓街道高仓街道高仓街道抚仙路,风景名胜,,,,24.325695,102.528696,
385,溪园,红塔区,明珠路1-5号,风景名胜,,,,24.354588,102.538011,
385,滇中植物园·臻园,红塔区,高仓镇滇中植物园,商务住宅,,,,24.296207,102.539504,
386,洱海公园,大理市,洱河南路1号,风景名胜,,,,25.603041,100.247329,
386,大理云想山,大理市,[],商务住宅,,,,25.587493,100.277697,
386,大理路极主题公园,大理市,满江街道第二大道上山云想,体育休闲服务,,,,25.587947,100.275628,
386,大理洱海旅游文化风情园,大理市,机场路与平安路交叉口西480米,风景名胜,,,,25.618420,100.266810,
386,洱海月湿地公园,大理市,鸡足山路东50米,风景名胜,,,,25.610002,100.231467,
386,大理古城,大理市,护国路172号,风景名胜,,,,25.694836,100.164000,
386,云想山风景区,大理市,大理创新工业园区满江街道巍山路523号,风景名胜,,,,25.588989,100.277610,
386,大理白族自治州博物馆,大理市,洱河南路8号,科教文化服务,,,,25.597219,100.231622,
386,风车广场,大理市,环城南路35号,风景名胜,,,,25.572600,100.226037,
386,飞来寺,大理市,大理创新工业园区满江办事处,风景名胜,,,,25.608094,100.292469,
386,洱海公园-动物园区,大理市,洱河南路1号洱海公园内(东侧),风景名胜,,,,25.603212,100.253228,
386,洱海玉白菜湿地公园,大理市,怡景尚居西北侧270米,风景名胜,,,,25.635230,100.277054,
386,洱海大游船,大理市,洱河南路大理港码头,风景名胜,,,,25.601252,100.235207,
386,龙山公园,大理市,行政办公区,风景名胜,,,,25.602364,100.270846,
386,龙尾关遗址,大理市,龙尾街81号,风景名胜,,,,25.590521,100.212261,
386,龙龛码头,大理市,大理镇环海西路龙龛生态园(北侧),风景名胜,,,,25.691611,100.209039,
386,将军洞,大理市,嘉士伯大道2号龙泉公园,风景名胜,,,,25.591468,100.200063,
386,花栗鼠语言博物馆,大理市,滨海大道1号,科教文化服务,,,,25.609730,100.270492,
386,大理古城国家级旅游度假区,大理市,人民路与步行街交叉口东南300米,风景名胜,,,,25.691900,100.178225,
386,理想邦,大理市,环海东路,体育休闲服务,,,,25.698271,100.269930,
386,童话山海,大理市,环海东路梦云南·海东方三期以北,住宿服务,,,,25.671078,100.274972,
386,才村码头,大理市,月华路尽头,交通设施服务,,,,25.718727,100.193637,
386,大理苍山世界地质公园,大理市,Z013附近,风景名胜,,,,25.657252,100.119072,
386,崇圣寺三塔文化旅游区,大理市,大理镇三塔公园,风景名胜,,,,25.704129,100.143044,
386,三圣岛,大理市,下关镇下末北村环海西路,风景名胜,,,,25.667157,100.211234,
387,香格里拉市独克宗古城,香格里拉市,康珠大道,风景名胜,,,,27.810532,99.708514,
387,龟山公园,香格里拉市,建塘镇香格里拉荷悦噶丹精品酒店金龙街东廊23号近,风景名胜,,,,27.810998,99.706408,
387,大佛寺,香格里拉市,龟山公园(东北角),风景名胜,,,,27.811199,99.706848,
387,大佛寺转经筒,香格里拉市,龟山公园内(北侧),风景名胜,,,,27.811464,99.706428,
387,香格里拉市独克宗古城-月光广场,香格里拉市,康珠大道香格里拉市独克宗古城,风景名胜,,,,27.811227,99.707601,
387,松赞林景区,香格里拉市,尼旺路3号,风景名胜,,,,27.846406,99.703711,
387,独克宗古城北门城楼,香格里拉市,达娃路113号,风景名胜,,,,27.814212,99.704351,
387,四方街广场,香格里拉市,康珠大道香格里拉市独克宗古城(西北角),风景名胜,,,,27.812343,99.704793,
387,大经幡,香格里拉市,勒波多廊与旺池路交叉口东北260米,风景名胜,,,,27.792814,99.702783,
387,古城非遗体验中心,香格里拉市,东廊14号,科教文化服务,,,,27.809396,99.706846,
387,噶丹松赞林寺,香格里拉市,尼旺路3号,风景名胜,,,,27.859991,99.705525,
387,独克宗花巷,香格里拉市,建塘镇达娃路67号香格里拉独克宗古城北门停车场内,风景名胜,,,,27.813562,99.703023,
387,坛城广场,香格里拉市,坛城优选生活超市,风景名胜,,,,27.821606,99.703991,
387,扎雅土司庄园,香格里拉市,建塘镇康珠大道157号,餐饮服务,,,,27.829409,99.716621,
387,仓房街白塔,香格里拉市,仓房街13号康巴牧人藏餐吧,风景名胜,,,,27.812344,99.706918,
387,百鸡寺,香格里拉市,康珠大道香格里拉市独克宗古城内(西侧),风景名胜,,,,27.807937,99.699273,
387,金龙白塔,香格里拉市,览廊与纳举廊交叉口西南200米,风景名胜,,,,27.806125,99.707085,
387,松赞林寺214观景台,香格里拉市,香香露营咖啡1号点位-香格里拉打日观景台西北侧80米,风景名胜,,,,27.849983,99.679365,
387,自由公园,香格里拉市,环城南路36号,风景名胜,,,,27.798061,99.705434,
387,纳帕海大草原旅游景区,香格里拉市,建塘镇,风景名胜,,,,27.846221,99.662423,
387,香格里拉大经幡,香格里拉市,建塘镇康珠大道四号,风景名胜,,,,27.791888,99.704070,
387,松赞林景区游客中心,香格里拉市,尼旺路3号松赞林景区(西南角),生活服务,,,,27.846337,99.703668,
387,香格里拉市独克宗古城-古波廊,香格里拉市,建塘镇康珠大道香格里拉市独克宗古城内(北侧),风景名胜,,,,27.814549,99.707050,
387,香巴拉民族团结主题公园,香格里拉市,环城东路,风景名胜,,,,27.835764,99.722615,
387,香格里拉和谐塔中塔,香格里拉市,建塘镇康珠大道1000号,风景名胜,,,,27.787380,99.702553,
388,太保山森林公园-易罗池,隆阳区,龙泉路2号,风景名胜,,,,25.112041,99.152683,
388,青华海国家湿地公园,隆阳区,128乡道,风景名胜,,,,25.113938,99.206574,
388,奥新体育广场,隆阳区,正阳北路与海棠路交叉口东北240米,风景名胜,,,,25.141253,99.179514,
388,太保山森林公园太保公园动物园,隆阳区,兰城街道兰城街道兰城街道龙泉路太保山森林公园内(东侧),风景名胜,,,,25.119545,99.148540,
388,梨花坞,隆阳区,永昌镇新桥村九隆岗下梨花坞,风景名胜,,,,25.099092,99.135892,
388,保山博物馆,隆阳区,永昌文化园4号,科教文化服务,,,,25.099395,99.163142,
388,青华海美美欢乐世界,隆阳区,青华湖美美游乐园,体育休闲服务,,,,25.106992,99.197659,
388,保山烈士陵园,隆阳区,人民路1号龙泉中老年娱乐健身团后面,生活服务,,,,25.107397,99.151321,
388,永昌府城仁寿门,隆阳区,永昌府城仁寿门(太保公园东),风景名胜,,,,25.120171,99.157450,
388,保岫广场,隆阳区,保岫西路56号,风景名胜,,,,25.114536,99.162277,
388,中国保山南红博物馆,隆阳区,兰城街道永昌路645号,科教文化服务,,,,25.089535,99.157953,
388,永昌阁,隆阳区,永昌路怡庭雅苑,风景名胜,,,,25.112043,99.202977,
388,玉皇阁,隆阳区,保岫西路132号,风景名胜,,,,25.117150,99.155345,
388,九龙环岛,隆阳区,九龙路与春晓巷交叉口南140米,风景名胜,,,,25.111502,99.170644,
388,永子棋院,隆阳区,永昌阁内(南侧),风景名胜,,,,25.111887,99.202921,
388,隆阳区总体国家安全观主题公园,隆阳区,学府路与正阳北路交叉口北80米,风景名胜,,,,25.134088,99.172027,
388,保山海洋馆,隆阳区,青华街道保岫东路延长线北侧青华湖路西侧地块三,风景名胜,,,,25.107321,99.196347,
388,太保山森林公园-武侯祠,隆阳区,玉泉路太保公园,风景名胜,,,,25.120020,99.152336,
388,东山森林公园,隆阳区,哀牢寺东南侧,风景名胜,,,,25.108123,99.260739,
388,宫主风,隆阳区,上巷街56号,风景名胜,,,,25.112598,99.161545,
388,文昌宫,隆阳区,梨花路与009乡道交叉口西100米,风景名胜,,,,25.098962,99.151572,
388,太保公园-大门牌坊,隆阳区,保岫西路与人寿门街交叉口西80米,风景名胜,,,,25.116004,99.155998,
388,文笔塔(易乐上苑荷苑北),隆阳区,龙泉路2号易罗池公园内,风景名胜,,,,25.113247,99.151343,
388,栖贤古寺,隆阳区,[],风景名胜,,,,25.156419,99.153906,
388,龙王塘农民公园,隆阳区,板桥镇079乡道(近曙光中学),风景名胜,,,,25.179951,99.194906,
389,丽江古城,古城区,民主路与福慧路交叉口东南,风景名胜,,,,26.870507,100.235517,
389,丽江古城博物院-木府,古城区,光义街官院巷49号,科教文化服务,,,,26.869453,100.233536,
389,四方街,古城区,丽江古城五一路下段,风景名胜,,,,26.872039,100.233949,
389,丽江古城-古城大水车,古城区,东大街1号丽江古城内(北侧),风景名胜,,,,26.876027,100.233324,
389,丽江古城-狮子山(狮山路),古城区,大研镇新华街,风景名胜,,,,26.869842,100.230484,
389,大研花巷,古城区,大研街道金虹路6号(近古城北门),风景名胜,,,,26.874511,100.236291,
389,古城南门牌坊,古城区,祥和路,风景名胜,,,,26.865658,100.242071,
389,狮子山万古楼景区,古城区,大研镇新华街丽江古城-狮子山(狮山路)(东北角),风景名胜,,,,26.870249,100.231338,
389,丽江千古情景区,玉龙纳西族自治县,黄山街道玉兴西路88号,体育休闲服务,,,,26.827705,100.218666,
389,大石桥,古城区,丽江古城,风景名胜,,,,26.872292,100.234997,
389,丽江古城-文昌宫观景台,古城区,狮山路29号,风景名胜,,,,26.874216,100.232603,
389,丽江古城白龙文化广场,古城区,丽江古城(西南角),风景名胜,,,,26.867111,100.231595,
389,束河古镇,古城区,束河镇,风景名胜,,,,26.919600,100.205679,
389,龙潭广场,古城区,花马街与民主路交叉口西北120米,购物服务,,,,26.882835,100.230990,
389,丽江古城-木王府驿站旧址,古城区,丽江古城(东南角),风景名胜,,,,26.867519,100.239903,
389,五一街,古城区,丽江古城(东北角),风景名胜,,,,26.872970,100.238456,
389,遇见丽江广场,古城区,丽江古城大研花巷,购物服务,,,,26.874961,100.236239,
389,丽江市红太阳广场,古城区,民主路215号,风景名胜,,,,26.879309,100.231883,
389,丽江之眼观景台,古城区,丽江古城内(北侧),风景名胜,,,,26.874554,100.236102,
389,全景观景台,古城区,新华街黄山上段64号,风景名胜,,,,26.871184,100.232273,
389,忠义巷三眼井,古城区,大研古镇忠义巷,风景名胜,,,,26.868633,100.232326,
389,丽江古城-玉河广场,古城区,玉缘路,风景名胜,,,,26.875974,100.234256,
389,纸伞巷,古城区,光义街忠义巷与长水路交叉口北480米,风景名胜,,,,26.870917,100.234445,
389,北门里,古城区,大研街道办事处五一街居委会五一街兴仁上段36号北门里1栋110~111铺,风景名胜,,,,26.874576,100.237676,
389,丽江古城木府-忠义坊,古城区,大研镇光义街49号木府内,风景名胜,,,,26.869078,100.234684,
390,西双版纳热带花卉园,景洪市,宣慰大道99号,风景名胜,,,,22.010849,100.786669,
390,告庄西双景,景洪市,曼泐路12号靠近达兰商业广场,风景名胜,,,,22.007019,100.821392,
390,曼听御花园景区,景洪市,曼听路35号,风景名胜,,,,21.991168,100.807593,
390,湄公河·星光夜市,景洪市,告庄西双十景区(大金塔寺南侧),餐饮服务,,,,22.005090,100.820693,
390,景洪市泼水广场,景洪市,景兰一巷与景兰五巷交叉口东100米,风景名胜,,,,22.002841,100.806630,
390,西双版纳总佛寺,景洪市,坝吉路18号,风景名胜,,,,21.989015,100.806173,
390,傣乡水城,景洪市,勐腊路34号(广电路口),商务住宅,,,,21.999636,100.786925,
390,白象沙滩,景洪市,允景洪街道观澜大道与滨江大道交叉口东320米,风景名胜,,,,22.002407,100.813008,
390,景洪市大金塔寺,景洪市,告庄西双景,风景名胜,,,,22.007548,100.819567,
390,曼听公园-佛教文化区,景洪市,曼听路35号曼听公园,风景名胜,,,,21.992934,100.806642,
390,泼水商业广场,景洪市,[],商务住宅,,,,22.003328,100.807865,
390,西双版纳勐泐文化旅游区,景洪市,菩提大道下段,风景名胜,,,,21.958681,100.807621,
390,白象湖,景洪市,白象路9号,风景名胜,,,,22.009345,100.792094,
390,曼贺纳自然村寨,景洪市,西双版纳州度假区锦绣时光南侧220米,风景名胜,,,,21.972472,100.824924,
390,曼景兰古城,景洪市,勐棒路10号,商务住宅,,,,21.998510,100.808833,
390,澜沧江湄公河之夜歌舞篝火晚会,景洪市,曼听路35号曼听公园,体育休闲服务,,,,21.993619,100.807983,
390,勐巴拉娜西大剧院,景洪市,告庄西双景内(东侧),体育休闲服务,,,,22.007172,100.824221,
390,勐泐大佛寺,景洪市,勐泐大道顶端4路1号,风景名胜,,,,21.960496,100.808365,
390,御象文化园,景洪市,曼听路35号曼听御花园景区(东南角),风景名胜,,,,21.987188,100.810525,
390,西双版纳南药园,景洪市,宣慰大道138号,风景名胜,,,,22.001415,100.789891,
390,湄公河快艇,景洪市,景洪港(西双版纳海事局门口),风景名胜,,,,22.013348,100.807028,
390,西双版纳原始森林公园,景洪市,城东8公里处,风景名胜,,,,22.027277,100.876596,
390,傣王行宫,景洪市,曼听路35号曼听御花园景区内(北侧),风景名胜,,,,21.992843,100.807868,
390,勐泐大道与佛同框最佳拍摄点,景洪市,勐泐大道77号,风景名胜,,,,21.982104,100.802764,
390,澜沧江音乐喷泉广场,景洪市,滨江大道世纪金源大酒店东侧,风景名胜,,,,21.999058,100.816370,
391,彝人古镇,楚雄市,永安路与车坪路交叉口北,风景名胜,,,,25.056934,101.518184,
391,中国彝族十月太阳历文化园,楚雄市,太阳历大道,风景名胜,,,,25.053470,101.528082,
391,楚雄市峨碌公园,楚雄市,云泉街96号,风景名胜,,,,25.026458,101.534501,
391,彝人古镇虎门,楚雄市,彝人古镇,风景名胜,,,,25.059469,101.515920,
391,楚雄彝族自治州博物馆,楚雄市,鹿城南路471号,科教文化服务,,,,25.023814,101.547605,
391,彝海公园,楚雄市,彝海北路,风景名胜,,,,25.008821,101.582892,
391,桃源湖体育公园,楚雄市,龙泉路与团结路交叉口西北20米,风景名胜,,,,25.037589,101.552095,
391,市民广场,楚雄市,鹿城北路与永安路交叉口(世纪星大酒店对面),风景名胜,,,,25.049019,101.545449,
391,西山叠翠,楚雄市,云泉街96号楚雄市峨碌公园(东北角),风景名胜,,,,25.028676,101.535766,
391,灵秀湖,楚雄市,茶花大道与灵秀路交叉口西380米,风景名胜,,,,25.016443,101.538872,
391,彝人古镇-德江城,楚雄市,楚雄西彝人古镇车坪屯,风景名胜,,,,25.063156,101.523833,
391,紫溪山风景区,楚雄市,紫溪镇紫金村委会,风景名胜,,,,25.015754,101.399256,
391,彝人古镇-毕摩文化广场,楚雄市,彝人部落c783号,风景名胜,,,,25.057753,101.518231,
391,太阳历公园-祭坛,楚雄市,太阳历大道中国彝族十月太阳历文化园,风景名胜,,,,25.054646,101.527759,
391,楚雄火把节暨非遗大型灯会,楚雄市,永安路451号,风景名胜,,,,25.052404,101.523146,
391,PARK观象街·时尚购物公园,楚雄市,怀象街与中大街交叉口西北40米,风景名胜,,,,25.033515,101.540987,
391,楚雄彝风湿地文旅小镇,楚雄市,东盛西路6号附近9路10路彝风湿地站旁,体育休闲服务,,,,25.074161,101.527674,
391,十月太阳历广场,楚雄市,古镇东街与德运南街交叉口东460米,风景名胜,,,,25.055021,101.525507,
391,活力广场,楚雄市,政务中心对面,风景名胜,,,,25.043785,101.527080,
391,楚雄大清真寺,楚雄市,文鼎路,风景名胜,,,,25.027601,101.563200,
391,中国第一福塔,楚雄市,鹿城东山之巅,风景名胜,,,,25.047510,101.569438,
391,情人谷森林公园,楚雄市,[],风景名胜,,,,25.060358,101.612979,
391,彝人古镇-土司府,楚雄市,彝人古镇,风景名胜,,,,25.056881,101.517573,
391,楚雄乐园,楚雄市,太阳历西门,体育休闲服务,,,,25.052228,101.523609,
391,兴隆寺,楚雄市,云泉街96号楚雄市峨碌公园内(东侧),风景名胜,,,,25.025741,101.536599,
392,洛龙公园,呈贡区,龙城街道彩云北路与祥和路交汇处,风景名胜,,,,24.890310,102.819208,
392,白龙潭公园,呈贡区,锦绣大街,风景名胜,,,,24.878244,102.848863,
392,昆明呈贡区城中心广场,呈贡区,兴呈路与龙城街交叉口南80米,风景名胜,,,,24.888339,102.799100,
392,斗南湿地公园,呈贡区,斗彩段与环湖东路交叉口,风景名胜,,,,24.893031,102.769540,
392,斗南七彩花海,呈贡区,斗南湿地公园东门对面,风景名胜,,,,24.894417,102.773385,
392,昆明海趣花都海洋世界,呈贡区,斗南街道办事处斗南国际花卉产业园区一期5栋,风景名胜,,,,24.902063,102.789781,
392,沐春湖公园,呈贡区,锦绣大街与G8511昆磨高速入口交叉口东南160米,风景名胜,,,,24.872437,102.824875,
392,昆明捞渔河湿地公园,呈贡区,环湖东路,风景名胜,,,,24.822016,102.769657,
392,官渡古镇,官渡区,广福路,风景名胜,,,,24.955125,102.755581,
392,昆明卧龙古渔村,呈贡区,乌龙街道乌龙村,风景名胜,,,,24.856505,102.789766,
392,王官湿地公园,官渡区,环湖东路附近,风景名胜,,,,24.899370,102.760159,
392,潘祥记梦橙花园,呈贡区,昆明大渔公园内(北侧)1号门6号,风景名胜,,,,24.829907,102.802901,
392,云南省博物馆,官渡区,广福路6393号,科教文化服务,,,,24.949455,102.753517,
392,昆明海晏村网红沙滩,呈贡区,海晏村,风景名胜,,,,24.807657,102.764806,
392,滇池,西山区,滇池路1318号,风景名胜,,,,24.912641,102.714854,
392,春融公园,呈贡区,和谐路与春融街交汇处,风景名胜,,,,24.887049,102.831796,
392,七彩云南古滇度假区,晋宁区,环湖南路与与七彩迎宾大道交汇处东北侧,风景名胜,,,,24.771455,102.761826,
392,云南省见义勇为英雄纪念碑刻,呈贡区,春融街28号,风景名胜,,,,24.881219,102.830288,
392,春城公园,呈贡区,乌龙街道彩云南路与锦绣大街交叉口附近,风景名胜,,,,24.877869,102.830082,
392,云南民族大观园,呈贡区,石安公路,风景名胜,,,,24.980283,102.847496,
392,七彩云南·欢乐世界,晋宁区,环湖南路,体育休闲服务,,,,24.769433,102.740062,
392,福保小三亚,官渡区,[],风景名胜,,,,24.916979,102.693179,
392,昆明市呈贡区回回营清真寺,呈贡区,回回营社区居委会,风景名胜,,,,24.863278,102.823907,
392,绿地·东海岸海滨时代风情广场,呈贡区,兴呈路绿地东海岸南侧约150米,商务住宅,,,,24.877331,102.800363,
392,昆明呈贡中央公园,呈贡区,彩云南路辅路与锦绣大街交叉口东南160米,风景名胜,,,,24.874177,102.830315,
393,普洱茶马古道遗址公园,思茅区,普洱大道茶马古城旅游小镇东侧旅游环线大桥旁,风景名胜,,,,22.820653,100.990069,
393,北部湿地公园,思茅区,康平大道与滨河路交叉口,风景名胜,,,,22.812942,100.966367,
393,茶马古镇B区,思茅区,白云路与宁洱大道交叉口西北240米,购物服务,,,,22.799054,100.970123,
393,茶马古城旅游小镇,思茅区,旅游环线东侧(腊梅坡大桥旁)茶马古道旅游景区,风景名胜,,,,22.818701,100.986612,
393,普洱市博物馆,思茅区,思城北部新区滨河路,科教文化服务,,,,22.810269,100.960811,
393,湿地公园(永平路),思茅区,北部湿地公园,风景名胜,,,,22.809794,100.970829,
393,戴家巷古建筑群,思茅区,戴家巷与南正街交叉口东南100米,风景名胜,,,,22.783770,100.976559,
393,洗马河公园,思茅区,思茅街道洗马河路53号,风景名胜,,,,22.778846,100.993531,
393,云南普洱五湖国家湿地公园,思茅区,南屏镇梅园路,风景名胜,,,,22.752845,100.986559,
393,茶马古镇A区,思茅区,茶马古镇,购物服务,,,,22.799120,100.966429,
393,那柯里茶马驿站,宁洱哈尼族彝族自治县,213国道旁,风景名胜,,,,22.911052,101.039574,
393,倒生根公园,思茅区,振兴大道,风景名胜,,,,22.772268,100.969693,
393,天士力帝泊洱生物茶谷,思茅区,倚象镇,风景名胜,,,,22.733388,101.063795,
393,洗马河水库,思茅区,普洱大道辅路与洗马河路交叉口东40米,风景名胜,,,,22.782272,100.984282,
393,电视台路网红观景点,思茅区,电视台路与普洱大道辅路交叉口东460米,风景名胜,,,,22.767263,100.987188,
393,大象转盘,思茅区,茶城大道与蓝天街交叉口南160米,风景名胜,,,,22.796948,100.978812,
393,金象广场,思茅区,白云东路南50米,商务住宅,,,,22.796481,100.977935,
393,普洱市梅子湖公园观景台,思茅区,南屏镇梅园路梅子湖公园(西南角),风景名胜,,,,22.746168,100.975615,
393,沐光咖啡庄园(马锅头故居店),思茅区,锅盖头制茶研学体验馆东侧,风景名胜,,,,22.831282,100.992080,
393,茶马广场,思茅区,普洱大道与北11号路交叉口东320米,商务住宅,,,,22.818211,100.985648,
393,洗马河观景台公园,思茅区,思茅街道洗马河路53号洗马河公园,风景名胜,,,,22.785204,100.995514,
393,普洱天鹿水乡,思茅区,龙生路4号,风景名胜,,,,22.772756,100.946449,
393,红旗广场,思茅区,振兴大道与新华巷交叉口西140米,风景名胜,,,,22.779617,100.970360,
393,中华普洱茶博览苑,思茅区,倚象镇鱼塘段营盘山,风景名胜,,,,22.647528,101.099488,
393,普洱太阳河森林公园,思茅区,倚象镇,风景名胜,,,,22.606613,101.098178,
394,树包塔,芒市,勐焕街道芒市镇胞波路原步行街,风景名胜,,,,24.435291,98.584348,
394,勐巴娜西珍奇园,芒市,勇罕街29号,风景名胜,,,,24.426191,98.588659,
394,傣族古镇,芒市,芒市镇环城东路与罕相路交叉路口,风景名胜,,,,24.435639,98.613777,
394,菩提寺,芒市,勐焕街道勐焕街道菩提街3号,风景名胜,,,,24.437225,98.587236,
394,芒市街心花园,芒市,服务路3号,风景名胜,,,,24.432914,98.582275,
394,芒市孔雀湖旅游度假区,芒市,仙池路71号,风景名胜,,,,24.407198,98.597075,
394,德宏州博物馆,芒市,金孔雀大街38号,科教文化服务,,,,24.445699,98.569213,
394,观音寺,芒市,罕相路176号,风景名胜,,,,24.436411,98.588116,
394,五云寺,芒市,团结大街107号勐垅沙珠宝精品商业街,风景名胜,,,,24.440596,98.587226,
394,芒晃村景区,芒市,芒市镇醉香屋饭馆北侧,风景名胜,,,,24.423098,98.608564,
394,芒市小金塔,芒市,机场大道与剑锋路交叉口西200米,风景名胜,,,,24.421534,98.557061,
394,融湖,芒市,芒市大街55号,风景名胜,,,,24.447594,98.586253,
394,滇西抗日战争纪念碑,芒市,仙池路与金塔大街交叉口东280米,风景名胜,,,,24.425521,98.593726,
394,孔雀湖体育公园,芒市,仙池路71号,风景名胜,,,,24.421514,98.600303,
394,勐焕王宫,芒市,芒市傣族古镇内(西侧),风景名胜,,,,24.435758,98.602948,
394,中缅边民联欢大会纪念馆,芒市,斑色路8号,风景名胜,,,,24.434149,98.586105,
394,芒市体育广场,芒市,体育运动中心,风景名胜,,,,24.443123,98.574103,
394,泼水广场,芒市,环城东路32号,风景名胜,,,,24.436260,98.609196,
394,芒市好望角,芒市,回贤村芒市回贤乡村旅游景区,风景名胜,,,,24.403592,98.627573,
394,上井坎榕树王,芒市,109乡道,风景名胜,,,,24.358323,98.607744,
394,芒市回贤乡村旅游景区,芒市,回贤村,风景名胜,,,,24.400047,98.632363,
394,佛光寺,芒市,勐焕街道阔时路22-1号,风景名胜,,,,24.438754,98.589440,
394,勐焕大金塔售票处,芒市,勐焕大金塔内(北侧),生活服务,,,,24.422852,98.596131,
394,法帕温泉,芒市,117乡道(近芒西线),生活服务,,,,24.372226,98.557816,
394,芒市金湖湾水世界,芒市,芒市镇环城东路与环湖路叉口金湖湾水世界,风景名胜,,,,24.424268,98.601666,
395,文山七花广场,文山市,开化北路219号对面,风景名胜,,,,23.379132,104.225297,
395,华龙湖,文山市,华龙北路(文山壮族苗族自治州政府对面),风景名胜,,,,23.397642,104.218098,
395,文山州博物馆,文山市,华龙东路与华龙南路交叉口,科教文化服务,,,,23.396878,104.220316,
395,文山龙潭温泉生态度假村,文山市,卧龙街道大以古社区龙潭寨98号,体育休闲服务,,,,23.417602,104.178216,
395,西华公园,文山市,环城西路997号,风景名胜,,,,23.349743,104.234271,
395,琵琶岛公园,文山市,普阳路建行银行后建行小区1栋1单元6楼602室东南方向160米,风景名胜,,,,23.371233,104.246988,
395,文山七都古镇,文山市,腾龙北路朗月湾对面,风景名胜,,,,23.329629,104.265402,
395,文山白沙坡温泉公园,文山市,卧龙街道卧龙街道卧龙街道卧龙街道城西北14公里的白沙坡村下,风景名胜,,,,23.422099,104.148820,
395,文笔塔观景台,文山市,东文路与东文街交叉口东北360米,风景名胜,,,,23.374522,104.259388,
395,中国仙人掌第一村,文山市,开化街道庄子田村,风景名胜,,,,23.366916,104.278242,
395,盘龙森林公园,文山市,城南客运站,风景名胜,,,,23.350225,104.262789,
395,文山清真寺,文山市,普阳路99号,风景名胜,,,,23.372078,104.244873,
395,龙潭寨景区,文山市,龙潭寨西北侧,风景名胜,,,,23.415328,104.184310,
395,文山苗川欢乐谷,文山市,泰康东路,体育休闲服务,,,,23.357895,104.276784,
395,东山公园,文山市,市环城东路,风景名胜,,,,23.371845,104.260336,
395,头塘公园,文山市,卧龙街道石灰岩社区头塘坝文山烈士陵园,风景名胜,,,,23.410694,104.252439,
395,楚图南故居,文山市,东风路70号光大广场,风景名胜,,,,23.368441,104.249828,
395,双桥花园广场,文山市,双桥花园,风景名胜,,,,23.365641,104.248542,
395,天鹅湖公园,文山市,清香阁东北侧130米,风景名胜,,,,23.399264,104.243287,
395,白沙坡水上乐园,文山市,卧龙街道卧龙街道卧龙街道卧龙街道城西北14公里的白沙坡村下文山白沙坡温泉公园内(南侧),体育休闲服务,,,,23.420695,104.149047,
395,文山童话乐园,文山市,开化街道办事处学海巷58号,体育休闲服务,,,,23.368945,104.254069,
395,非遗竹编,文山市,恒丰农贸市场E9-13号,风景名胜,,,,23.358587,104.260653,
395,墨山公园,砚山县,江那镇砚华西路20号,风景名胜,,,,23.609646,104.333163,
395,君龙湖风景区,文山市,暮底河村,风景名胜,,,,23.409406,104.152790,
395,文山市火炬广场,文山市,和谐路与友谊路交叉口西140米,风景名胜,,,,23.351168,104.256577,
396,玉龙湖,临翔区,西河北路,风景名胜,,,,23.897086,100.090274,
396,西门公园,临翔区,公园路1号,风景名胜,,,,23.882610,100.082437,
396,茶马古镇,临翔区,[],商务住宅,,,,23.864803,100.101045,
396,和成.临沧生态文化创意产业园,临翔区,[],风景名胜,,,,23.910403,100.109841,
396,佤文化广场,临翔区,沧江路附近,风景名胜,,,,23.897680,100.095197,
396,玉龙湖广场,临翔区,汀旗路玉龙湖公园,风景名胜,,,,23.893923,100.090718,
396,临沧考古博物馆,临翔区,南屏西路123号,科教文化服务,,,,23.878426,100.079521,
396,立景阁,临翔区,灵山路1号附近,风景名胜,,,,23.864539,100.119171,
396,亚洲微电影公园,临翔区,沧江西路与沧江北路交叉口东南140米,风景名胜,,,,23.886610,100.089330,
396,临沧市博物馆,临翔区,南天路68号附近,科教文化服务,,,,23.890657,100.101494,
396,旗山,临翔区,忙畔街道忙畔街道白塔路,风景名胜,,,,23.909713,100.062336,
396,花果山城市森林公园,临翔区,南翔路西,风景名胜,,,,23.865048,100.079064,
396,西门公园-动物园,临翔区,公园路西门公园内(东北角),风景名胜,,,,23.883035,100.082765,
396,临翔区旗山公园,临翔区,前程大道与忙令南路交叉口西240米,风景名胜,,,,23.899775,100.076639,
396,子孙庙,临翔区,照壁巷92号,风景名胜,,,,23.882383,100.088879,
396,佤山凤城莫罕丽广场,临翔区,西河北路240号,风景名胜,,,,23.900113,100.093132,
396,亚洲微电影博物馆,临翔区,沧江北路3号,科教文化服务,,,,23.888363,100.089652,
396,五老山国家森林公园,临翔区,五老山瀑布段(城东15公里处),风景名胜,,,,23.912974,100.181147,
396,沧江园广场,临翔区,沧江北路亚洲微电影公园内(北侧),风景名胜,,,,23.887330,100.089570,
396,泰华寺,临翔区,太平街182号,风景名胜,,,,23.877976,100.094771,
396,冰岛老寨,双江拉祜族佤族布朗族傣族自治县,冰岛村公路32号,风景名胜,,,,23.784286,99.904635,
396,青华佛寺,临翔区,忙畔街道青华路青华佛寺,风景名胜,,,,23.918835,100.095788,
396,灵山寺,临翔区,茶马古镇临翔艾乐国际幼儿园,风景名胜,,,,23.855077,100.105779,
396,锁水阁,临翔区,玉龙湖玉龙阁(锁水阁)一层5号商铺,风景名胜,,,,23.899192,100.091850,
396,三清宫,临翔区,三教寺巷32号,风景名胜,,,,23.877030,100.087668,
397,故宫博物院,东城区,景山前街4号,风景名胜,,,,39.917839,116.397029,
397,中国人民革命军事博物馆,海淀区,复兴路9号,科教文化服务,,,,39.909108,116.323871,
397,天安门,东城区,长安街北侧,风景名胜,,,,39.909187,116.397463,
397,雍和宫,东城区,雍和宫大街28号(雍和宫地铁站F东南口步行250米),风景名胜,,,,39.947239,116.417296,
397,天安门广场,东城区,东长安街,风景名胜,,,,39.903182,116.397755,
397,景山公园,西城区,景山西街44号,风景名胜,,,,39.925875,116.396551,
397,北海公园,西城区,文津街1号,风景名胜,,,,39.928775,116.391802,
397,什刹海,西城区,地安门西大街49号,风景名胜,,,,39.941893,116.385121,
397,南锣鼓巷,东城区,交道口街道南大街(南锣鼓巷地铁站E西北口旁),风景名胜,,,,39.937182,116.402394,
397,紫竹院公园,海淀区,中关村南大街35号,风景名胜,,,,39.942352,116.319079,
397,中国国家博物馆,东城区,东长安街16号天安门广场东侧,科教文化服务,,,,39.905374,116.401304,
397,恭王府博物馆,西城区,前海西街17号,风景名胜,,,,39.937222,116.386315,
397,天坛公园,东城区,天坛东里甲1号,风景名胜,,,,39.881913,116.410829,
397,国家大剧院,西城区,西长安街2号(天安门西地铁站出入口旁),体育休闲服务,,,,39.904909,116.389814,
397,中山公园,东城区,中华路4号(天安门西侧),风景名胜,,,,39.910707,116.394407,
397,故宫博物院-午门,东城区,东华门街道景山前街4号故宫博物院内(南侧),风景名胜,,,,39.913582,116.397228,
397,首都博物馆,西城区,复兴门外大街16号,科教文化服务,,,,39.906412,116.342067,
397,白云观,西城区,白云观街7号,风景名胜,,,,39.901266,116.343778,
397,景山公园-绮望楼,西城区,什刹海街道景山西街44号(故宫后门对面)景山公园内(南侧),风景名胜,,,,39.924029,116.396720,
397,故宫博物院-神武门,东城区,景山前街4号北京故宫博物馆,风景名胜,,,,39.922305,116.396786,
397,天安门-城楼,东城区,东长安街天安门(天安门东地铁站A西北入口步行290米),风景名胜,,,,39.908717,116.397488,
397,北京动物园,西城区,西直门外大街137号,风景名胜,,,,39.942105,116.336701,
397,南池子大街,东城区,南池子大街与东华门大街交叉口西南20米,购物服务,,,,39.914988,116.402809,
397,天安门广场-国旗,东城区,东华门街道景山前街4号天安门广场内(北侧),风景名胜,,,,39.906928,116.397554,
397,鼓楼,东城区,钟楼湾胡同临字9号(什刹海地铁站A2西北口步行240米),风景名胜,,,,39.940781,116.395937,
398,故宫博物院,东城区,景山前街4号,风景名胜,,,,39.917839,116.397029,
398,中国人民革命军事博物馆,海淀区,复兴路9号,科教文化服务,,,,39.909108,116.323871,
398,天安门,东城区,长安街北侧,风景名胜,,,,39.909187,116.397463,
398,雍和宫,东城区,雍和宫大街28号(雍和宫地铁站F东南口步行250米),风景名胜,,,,39.947239,116.417296,
398,天安门广场,东城区,东长安街,风景名胜,,,,39.903182,116.397755,
398,景山公园,西城区,景山西街44号,风景名胜,,,,39.925875,116.396551,
398,北海公园,西城区,文津街1号,风景名胜,,,,39.928775,116.391802,
398,什刹海,西城区,地安门西大街49号,风景名胜,,,,39.941893,116.385121,
398,南锣鼓巷,东城区,交道口街道南大街(南锣鼓巷地铁站E西北口旁),风景名胜,,,,39.937182,116.402394,
398,紫竹院公园,海淀区,中关村南大街35号,风景名胜,,,,39.942352,116.319079,
398,中国国家博物馆,东城区,东长安街16号天安门广场东侧,科教文化服务,,,,39.905374,116.401304,
398,恭王府博物馆,西城区,前海西街17号,风景名胜,,,,39.937222,116.386315,
398,天坛公园,东城区,天坛东里甲1号,风景名胜,,,,39.881913,116.410829,
398,国家大剧院,西城区,西长安街2号(天安门西地铁站出入口旁),体育休闲服务,,,,39.904909,116.389814,
398,中山公园,东城区,中华路4号(天安门西侧),风景名胜,,,,39.910707,116.394407,
398,故宫博物院-午门,东城区,东华门街道景山前街4号故宫博物院内(南侧),风景名胜,,,,39.913582,116.397228,
398,首都博物馆,西城区,复兴门外大街16号,科教文化服务,,,,39.906412,116.342067,
398,白云观,西城区,白云观街7号,风景名胜,,,,39.901266,116.343778,
398,景山公园-绮望楼,西城区,什刹海街道景山西街44号(故宫后门对面)景山公园内(南侧),风景名胜,,,,39.924029,116.396720,
398,故宫博物院-神武门,东城区,景山前街4号北京故宫博物馆,风景名胜,,,,39.922305,116.396786,
398,天安门-城楼,东城区,东长安街天安门(天安门东地铁站A西北入口步行290米),风景名胜,,,,39.908717,116.397488,
398,南池子大街,东城区,南池子大街与东华门大街交叉口西南20米,购物服务,,,,39.914988,116.402809,
398,天安门广场-国旗,东城区,东华门街道景山前街4号天安门广场内(北侧),风景名胜,,,,39.906928,116.397554,
398,王府井步行街,东城区,王府井大街256号(金鱼胡同地铁站B东口步行80米),购物服务,,,,39.913479,116.412007,
398,中国美术馆,东城区,五四大街1号,科教文化服务,,,,39.925255,116.408939,
399,故宫博物院,东城区,景山前街4号,风景名胜,,,,39.917839,116.397029,
399,中国人民革命军事博物馆,海淀区,复兴路9号,科教文化服务,,,,39.909108,116.323871,
399,天安门,东城区,长安街北侧,风景名胜,,,,39.909187,116.397463,
399,雍和宫,东城区,雍和宫大街28号(雍和宫地铁站F东南口步行250米),风景名胜,,,,39.947239,116.417296,
399,天安门广场,东城区,东长安街,风景名胜,,,,39.903182,116.397755,
399,景山公园,西城区,景山西街44号,风景名胜,,,,39.925875,116.396551,
399,北海公园,西城区,文津街1号,风景名胜,,,,39.928775,116.391802,
399,什刹海,西城区,地安门西大街49号,风景名胜,,,,39.941893,116.385121,
399,南锣鼓巷,东城区,交道口街道南大街(南锣鼓巷地铁站E西北口旁),风景名胜,,,,39.937182,116.402394,
399,紫竹院公园,海淀区,中关村南大街35号,风景名胜,,,,39.942352,116.319079,
399,中国国家博物馆,东城区,东长安街16号天安门广场东侧,科教文化服务,,,,39.905374,116.401304,
399,恭王府博物馆,西城区,前海西街17号,风景名胜,,,,39.937222,116.386315,
399,天坛公园,东城区,天坛东里甲1号,风景名胜,,,,39.881913,116.410829,
399,国家大剧院,西城区,西长安街2号(天安门西地铁站出入口旁),体育休闲服务,,,,39.904909,116.389814,
399,中山公园,东城区,中华路4号(天安门西侧),风景名胜,,,,39.910707,116.394407,
399,故宫博物院-午门,东城区,东华门街道景山前街4号故宫博物院内(南侧),风景名胜,,,,39.913582,116.397228,
399,首都博物馆,西城区,复兴门外大街16号,科教文化服务,,,,39.906412,116.342067,
399,白云观,西城区,白云观街7号,风景名胜,,,,39.901266,116.343778,
399,景山公园-绮望楼,西城区,什刹海街道景山西街44号(故宫后门对面)景山公园内(南侧),风景名胜,,,,39.924029,116.396720,
399,故宫博物院-神武门,东城区,景山前街4号北京故宫博物馆,风景名胜,,,,39.922305,116.396786,
399,天安门-城楼,东城区,东长安街天安门(天安门东地铁站A西北入口步行290米),风景名胜,,,,39.908717,116.397488,
399,南池子大街,东城区,南池子大街与东华门大街交叉口西南20米,购物服务,,,,39.914988,116.402809,
399,天安门广场-国旗,东城区,东华门街道景山前街4号天安门广场内(北侧),风景名胜,,,,39.906928,116.397554,
399,白塔寺,西城区,赵登禹路,风景名胜,,,,39.925679,116.363300,
399,李大钊故居,西城区,文华胡同24号,风景名胜,,,,39.904721,116.365903,
400,故宫博物院,东城区,景山前街4号,风景名胜,,,,39.917839,116.397029,
400,中国人民革命军事博物馆,海淀区,复兴路9号,科教文化服务,,,,39.909108,116.323871,
400,天安门,东城区,长安街北侧,风景名胜,,,,39.909187,116.397463,
400,雍和宫,东城区,雍和宫大街28号(雍和宫地铁站F东南口步行250米),风景名胜,,,,39.947239,116.417296,
400,天安门广场,东城区,东长安街,风景名胜,,,,39.903182,116.397755,
400,景山公园,西城区,景山西街44号,风景名胜,,,,39.925875,116.396551,
400,北海公园,西城区,文津街1号,风景名胜,,,,39.928775,116.391802,
400,什刹海,西城区,地安门西大街49号,风景名胜,,,,39.941893,116.385121,
400,南锣鼓巷,东城区,交道口街道南大街(南锣鼓巷地铁站E西北口旁),风景名胜,,,,39.937182,116.402394,
400,紫竹院公园,海淀区,中关村南大街35号,风景名胜,,,,39.942352,116.319079,
400,中国国家博物馆,东城区,东长安街16号天安门广场东侧,科教文化服务,,,,39.905374,116.401304,
400,恭王府博物馆,西城区,前海西街17号,风景名胜,,,,39.937222,116.386315,
400,天坛公园,东城区,天坛东里甲1号,风景名胜,,,,39.881913,116.410829,
400,国家大剧院,西城区,西长安街2号(天安门西地铁站出入口旁),体育休闲服务,,,,39.904909,116.389814,
400,中山公园,东城区,中华路4号(天安门西侧),风景名胜,,,,39.910707,116.394407,
400,故宫博物院-午门,东城区,东华门街道景山前街4号故宫博物院内(南侧),风景名胜,,,,39.913582,116.397228,
400,首都博物馆,西城区,复兴门外大街16号,科教文化服务,,,,39.906412,116.342067,
400,白云观,西城区,白云观街7号,风景名胜,,,,39.901266,116.343778,
400,景山公园-绮望楼,西城区,什刹海街道景山西街44号(故宫后门对面)景山公园内(南侧),风景名胜,,,,39.924029,116.396720,
400,故宫博物院-神武门,东城区,景山前街4号北京故宫博物馆,风景名胜,,,,39.922305,116.396786,
400,天安门-城楼,东城区,东长安街天安门(天安门东地铁站A西北入口步行290米),风景名胜,,,,39.908717,116.397488,
400,北京动物园,西城区,西直门外大街137号,风景名胜,,,,39.942105,116.336701,
400,南池子大街,东城区,南池子大街与东华门大街交叉口西南20米,购物服务,,,,39.914988,116.402809,
400,天安门广场-国旗,东城区,东华门街道景山前街4号天安门广场内(北侧),风景名胜,,,,39.906928,116.397554,
400,鼓楼,东城区,钟楼湾胡同临字9号(什刹海地铁站A2西北口步行240米),风景名胜,,,,39.940781,116.395937,
401,故宫博物院,东城区,景山前街4号,风景名胜,,,,39.917839,116.397029,
401,中国人民革命军事博物馆,海淀区,复兴路9号,科教文化服务,,,,39.909108,116.323871,
401,天安门,东城区,长安街北侧,风景名胜,,,,39.909187,116.397463,
401,雍和宫,东城区,雍和宫大街28号(雍和宫地铁站F东南口步行250米),风景名胜,,,,39.947239,116.417296,
401,天安门广场,东城区,东长安街,风景名胜,,,,39.903182,116.397755,
401,景山公园,西城区,景山西街44号,风景名胜,,,,39.925875,116.396551,
401,北海公园,西城区,文津街1号,风景名胜,,,,39.928775,116.391802,
401,什刹海,西城区,地安门西大街49号,风景名胜,,,,39.941893,116.385121,
401,南锣鼓巷,东城区,交道口街道南大街(南锣鼓巷地铁站E西北口旁),风景名胜,,,,39.937182,116.402394,
401,紫竹院公园,海淀区,中关村南大街35号,风景名胜,,,,39.942352,116.319079,
401,中国国家博物馆,东城区,东长安街16号天安门广场东侧,科教文化服务,,,,39.905374,116.401304,
401,恭王府博物馆,西城区,前海西街17号,风景名胜,,,,39.937222,116.386315,
401,天坛公园,东城区,天坛东里甲1号,风景名胜,,,,39.881913,116.410829,
401,国家大剧院,西城区,西长安街2号(天安门西地铁站出入口旁),体育休闲服务,,,,39.904909,116.389814,
401,中山公园,东城区,中华路4号(天安门西侧),风景名胜,,,,39.910707,116.394407,
401,故宫博物院-午门,东城区,东华门街道景山前街4号故宫博物院内(南侧),风景名胜,,,,39.913582,116.397228,
401,首都博物馆,西城区,复兴门外大街16号,科教文化服务,,,,39.906412,116.342067,
401,白云观,西城区,白云观街7号,风景名胜,,,,39.901266,116.343778,
401,景山公园-绮望楼,西城区,什刹海街道景山西街44号(故宫后门对面)景山公园内(南侧),风景名胜,,,,39.924029,116.396720,
401,故宫博物院-神武门,东城区,景山前街4号北京故宫博物馆,风景名胜,,,,39.922305,116.396786,
401,天安门-城楼,东城区,东长安街天安门(天安门东地铁站A西北入口步行290米),风景名胜,,,,39.908717,116.397488,
401,北京动物园,西城区,西直门外大街137号,风景名胜,,,,39.942105,116.336701,
401,南池子大街,东城区,南池子大街与东华门大街交叉口西南20米,购物服务,,,,39.914988,116.402809,
401,天安门广场-国旗,东城区,东华门街道景山前街4号天安门广场内(北侧),风景名胜,,,,39.906928,116.397554,
401,鼓楼,东城区,钟楼湾胡同临字9号(什刹海地铁站A2西北口步行240米),风景名胜,,,,39.940781,116.395937,
402,故宫博物院,东城区,景山前街4号,风景名胜,,,,39.917839,116.397029,
402,中国人民革命军事博物馆,海淀区,复兴路9号,科教文化服务,,,,39.909108,116.323871,
402,天安门,东城区,长安街北侧,风景名胜,,,,39.909187,116.397463,
402,雍和宫,东城区,雍和宫大街28号(雍和宫地铁站F东南口步行250米),风景名胜,,,,39.947239,116.417296,
402,天安门广场,东城区,东长安街,风景名胜,,,,39.903182,116.397755,
402,景山公园,西城区,景山西街44号,风景名胜,,,,39.925875,116.396551,
402,北海公园,西城区,文津街1号,风景名胜,,,,39.928775,116.391802,
402,什刹海,西城区,地安门西大街49号,风景名胜,,,,39.941893,116.385121,
402,南锣鼓巷,东城区,交道口街道南大街(南锣鼓巷地铁站E西北口旁),风景名胜,,,,39.937182,116.402394,
402,紫竹院公园,海淀区,中关村南大街35号,风景名胜,,,,39.942352,116.319079,
402,中国国家博物馆,东城区,东长安街16号天安门广场东侧,科教文化服务,,,,39.905374,116.401304,
402,恭王府博物馆,西城区,前海西街17号,风景名胜,,,,39.937222,116.386315,
402,天坛公园,东城区,天坛东里甲1号,风景名胜,,,,39.881913,116.410829,
402,国家大剧院,西城区,西长安街2号(天安门西地铁站出入口旁),体育休闲服务,,,,39.904909,116.389814,
402,中山公园,东城区,中华路4号(天安门西侧),风景名胜,,,,39.910707,116.394407,
402,故宫博物院-午门,东城区,东华门街道景山前街4号故宫博物院内(南侧),风景名胜,,,,39.913582,116.397228,
402,首都博物馆,西城区,复兴门外大街16号,科教文化服务,,,,39.906412,116.342067,
402,白云观,西城区,白云观街7号,风景名胜,,,,39.901266,116.343778,
402,景山公园-绮望楼,西城区,什刹海街道景山西街44号(故宫后门对面)景山公园内(南侧),风景名胜,,,,39.924029,116.396720,
402,故宫博物院-神武门,东城区,景山前街4号北京故宫博物馆,风景名胜,,,,39.922305,116.396786,
402,天安门-城楼,东城区,东长安街天安门(天安门东地铁站A西北入口步行290米),风景名胜,,,,39.908717,116.397488,
402,南池子大街,东城区,南池子大街与东华门大街交叉口西南20米,购物服务,,,,39.914988,116.402809,
402,天安门广场-国旗,东城区,东华门街道景山前街4号天安门广场内(北侧),风景名胜,,,,39.906928,116.397554,
402,王府井步行街,东城区,王府井大街256号(金鱼胡同地铁站B东口步行80米),购物服务,,,,39.913479,116.412007,
402,中国美术馆,东城区,五四大街1号,科教文化服务,,,,39.925255,116.408939,
403,故宫博物院,东城区,景山前街4号,风景名胜,,,,39.917839,116.397029,
403,中国人民革命军事博物馆,海淀区,复兴路9号,科教文化服务,,,,39.909108,116.323871,
403,天安门,东城区,长安街北侧,风景名胜,,,,39.909187,116.397463,
403,雍和宫,东城区,雍和宫大街28号(雍和宫地铁站F东南口步行250米),风景名胜,,,,39.947239,116.417296,
403,天安门广场,东城区,东长安街,风景名胜,,,,39.903182,116.397755,
403,景山公园,西城区,景山西街44号,风景名胜,,,,39.925875,116.396551,
403,北海公园,西城区,文津街1号,风景名胜,,,,39.928775,116.391802,
403,什刹海,西城区,地安门西大街49号,风景名胜,,,,39.941893,116.385121,
403,南锣鼓巷,东城区,交道口街道南大街(南锣鼓巷地铁站E西北口旁),风景名胜,,,,39.937182,116.402394,
403,紫竹院公园,海淀区,中关村南大街35号,风景名胜,,,,39.942352,116.319079,
403,中国国家博物馆,东城区,东长安街16号天安门广场东侧,科教文化服务,,,,39.905374,116.401304,
403,恭王府博物馆,西城区,前海西街17号,风景名胜,,,,39.937222,116.386315,
403,天坛公园,东城区,天坛东里甲1号,风景名胜,,,,39.881913,116.410829,
403,国家大剧院,西城区,西长安街2号(天安门西地铁站出入口旁),体育休闲服务,,,,39.904909,116.389814,
403,中山公园,东城区,中华路4号(天安门西侧),风景名胜,,,,39.910707,116.394407,
403,故宫博物院-午门,东城区,东华门街道景山前街4号故宫博物院内(南侧),风景名胜,,,,39.913582,116.397228,
403,首都博物馆,西城区,复兴门外大街16号,科教文化服务,,,,39.906412,116.342067,
403,白云观,西城区,白云观街7号,风景名胜,,,,39.901266,116.343778,
403,景山公园-绮望楼,西城区,什刹海街道景山西街44号(故宫后门对面)景山公园内(南侧),风景名胜,,,,39.924029,116.396720,
403,故宫博物院-神武门,东城区,景山前街4号北京故宫博物馆,风景名胜,,,,39.922305,116.396786,
403,天安门-城楼,东城区,东长安街天安门(天安门东地铁站A西北入口步行290米),风景名胜,,,,39.908717,116.397488,
403,北京动物园,西城区,西直门外大街137号,风景名胜,,,,39.942105,116.336701,
403,南池子大街,东城区,南池子大街与东华门大街交叉口西南20米,购物服务,,,,39.914988,116.402809,
403,天安门广场-国旗,东城区,东华门街道景山前街4号天安门广场内(北侧),风景名胜,,,,39.906928,116.397554,
403,鼓楼,东城区,钟楼湾胡同临字9号(什刹海地铁站A2西北口步行240米),风景名胜,,,,39.940781,116.395937,
404,故宫博物院,东城区,景山前街4号,风景名胜,,,,39.917839,116.397029,
404,中国人民革命军事博物馆,海淀区,复兴路9号,科教文化服务,,,,39.909108,116.323871,
404,天安门,东城区,长安街北侧,风景名胜,,,,39.909187,116.397463,
404,雍和宫,东城区,雍和宫大街28号(雍和宫地铁站F东南口步行250米),风景名胜,,,,39.947239,116.417296,
404,天安门广场,东城区,东长安街,风景名胜,,,,39.903182,116.397755,
404,景山公园,西城区,景山西街44号,风景名胜,,,,39.925875,116.396551,
404,北海公园,西城区,文津街1号,风景名胜,,,,39.928775,116.391802,
404,什刹海,西城区,地安门西大街49号,风景名胜,,,,39.941893,116.385121,
404,南锣鼓巷,东城区,交道口街道南大街(南锣鼓巷地铁站E西北口旁),风景名胜,,,,39.937182,116.402394,
404,紫竹院公园,海淀区,中关村南大街35号,风景名胜,,,,39.942352,116.319079,
404,中国国家博物馆,东城区,东长安街16号天安门广场东侧,科教文化服务,,,,39.905374,116.401304,
404,恭王府博物馆,西城区,前海西街17号,风景名胜,,,,39.937222,116.386315,
404,天坛公园,东城区,天坛东里甲1号,风景名胜,,,,39.881913,116.410829,
404,国家大剧院,西城区,西长安街2号(天安门西地铁站出入口旁),体育休闲服务,,,,39.904909,116.389814,
404,中山公园,东城区,中华路4号(天安门西侧),风景名胜,,,,39.910707,116.394407,
404,故宫博物院-午门,东城区,东华门街道景山前街4号故宫博物院内(南侧),风景名胜,,,,39.913582,116.397228,
404,首都博物馆,西城区,复兴门外大街16号,科教文化服务,,,,39.906412,116.342067,
404,白云观,西城区,白云观街7号,风景名胜,,,,39.901266,116.343778,
404,景山公园-绮望楼,西城区,什刹海街道景山西街44号(故宫后门对面)景山公园内(南侧),风景名胜,,,,39.924029,116.396720,
404,故宫博物院-神武门,东城区,景山前街4号北京故宫博物馆,风景名胜,,,,39.922305,116.396786,
404,天安门-城楼,东城区,东长安街天安门(天安门东地铁站A西北入口步行290米),风景名胜,,,,39.908717,116.397488,
404,北京动物园,西城区,西直门外大街137号,风景名胜,,,,39.942105,116.336701,
404,南池子大街,东城区,南池子大街与东华门大街交叉口西南20米,购物服务,,,,39.914988,116.402809,
404,天安门广场-国旗,东城区,东华门街道景山前街4号天安门广场内(北侧),风景名胜,,,,39.906928,116.397554,
404,鼓楼,东城区,钟楼湾胡同临字9号(什刹海地铁站A2西北口步行240米),风景名胜,,,,39.940781,116.395937,
405,故宫博物院,东城区,景山前街4号,风景名胜,,,,39.917839,116.397029,
405,中国人民革命军事博物馆,海淀区,复兴路9号,科教文化服务,,,,39.909108,116.323871,
405,天安门,东城区,长安街北侧,风景名胜,,,,39.909187,116.397463,
405,雍和宫,东城区,雍和宫大街28号(雍和宫地铁站F东南口步行250米),风景名胜,,,,39.947239,116.417296,
405,天安门广场,东城区,东长安街,风景名胜,,,,39.903182,116.397755,
405,景山公园,西城区,景山西街44号,风景名胜,,,,39.925875,116.396551,
405,北海公园,西城区,文津街1号,风景名胜,,,,39.928775,116.391802,
405,什刹海,西城区,地安门西大街49号,风景名胜,,,,39.941893,116.385121,
405,南锣鼓巷,东城区,交道口街道南大街(南锣鼓巷地铁站E西北口旁),风景名胜,,,,39.937182,116.402394,
405,紫竹院公园,海淀区,中关村南大街35号,风景名胜,,,,39.942352,116.319079,
405,中国国家博物馆,东城区,东长安街16号天安门广场东侧,科教文化服务,,,,39.905374,116.401304,
405,恭王府博物馆,西城区,前海西街17号,风景名胜,,,,39.937222,116.386315,
405,天坛公园,东城区,天坛东里甲1号,风景名胜,,,,39.881913,116.410829,
405,国家大剧院,西城区,西长安街2号(天安门西地铁站出入口旁),体育休闲服务,,,,39.904909,116.389814,
405,中山公园,东城区,中华路4号(天安门西侧),风景名胜,,,,39.910707,116.394407,
405,故宫博物院-午门,东城区,东华门街道景山前街4号故宫博物院内(南侧),风景名胜,,,,39.913582,116.397228,
405,首都博物馆,西城区,复兴门外大街16号,科教文化服务,,,,39.906412,116.342067,
405,白云观,西城区,白云观街7号,风景名胜,,,,39.901266,116.343778,
405,景山公园-绮望楼,西城区,什刹海街道景山西街44号(故宫后门对面)景山公园内(南侧),风景名胜,,,,39.924029,116.396720,
405,故宫博物院-神武门,东城区,景山前街4号北京故宫博物馆,风景名胜,,,,39.922305,116.396786,
405,天安门-城楼,东城区,东长安街天安门(天安门东地铁站A西北入口步行290米),风景名胜,,,,39.908717,116.397488,
405,南池子大街,东城区,南池子大街与东华门大街交叉口西南20米,购物服务,,,,39.914988,116.402809,
405,天安门广场-国旗,东城区,东华门街道景山前街4号天安门广场内(北侧),风景名胜,,,,39.906928,116.397554,
405,王府井步行街,东城区,王府井大街256号(金鱼胡同地铁站B东口步行80米),购物服务,,,,39.913479,116.412007,
405,中国美术馆,东城区,五四大街1号,科教文化服务,,,,39.925255,116.408939,
406,故宫博物院,东城区,景山前街4号,风景名胜,,,,39.917839,116.397029,
406,中国人民革命军事博物馆,海淀区,复兴路9号,科教文化服务,,,,39.909108,116.323871,
406,天安门,东城区,长安街北侧,风景名胜,,,,39.909187,116.397463,
406,雍和宫,东城区,雍和宫大街28号(雍和宫地铁站F东南口步行250米),风景名胜,,,,39.947239,116.417296,
406,天安门广场,东城区,东长安街,风景名胜,,,,39.903182,116.397755,
406,景山公园,西城区,景山西街44号,风景名胜,,,,39.925875,116.396551,
406,北海公园,西城区,文津街1号,风景名胜,,,,39.928775,116.391802,
406,什刹海,西城区,地安门西大街49号,风景名胜,,,,39.941893,116.385121,
406,南锣鼓巷,东城区,交道口街道南大街(南锣鼓巷地铁站E西北口旁),风景名胜,,,,39.937182,116.402394,
406,紫竹院公园,海淀区,中关村南大街35号,风景名胜,,,,39.942352,116.319079,
406,中国国家博物馆,东城区,东长安街16号天安门广场东侧,科教文化服务,,,,39.905374,116.401304,
406,恭王府博物馆,西城区,前海西街17号,风景名胜,,,,39.937222,116.386315,
406,天坛公园,东城区,天坛东里甲1号,风景名胜,,,,39.881913,116.410829,
406,国家大剧院,西城区,西长安街2号(天安门西地铁站出入口旁),体育休闲服务,,,,39.904909,116.389814,
406,中山公园,东城区,中华路4号(天安门西侧),风景名胜,,,,39.910707,116.394407,
406,故宫博物院-午门,东城区,东华门街道景山前街4号故宫博物院内(南侧),风景名胜,,,,39.913582,116.397228,
406,首都博物馆,西城区,复兴门外大街16号,科教文化服务,,,,39.906412,116.342067,
406,白云观,西城区,白云观街7号,风景名胜,,,,39.901266,116.343778,
406,景山公园-绮望楼,西城区,什刹海街道景山西街44号(故宫后门对面)景山公园内(南侧),风景名胜,,,,39.924029,116.396720,
406,故宫博物院-神武门,东城区,景山前街4号北京故宫博物馆,风景名胜,,,,39.922305,116.396786,
406,天安门-城楼,东城区,东长安街天安门(天安门东地铁站A西北入口步行290米),风景名胜,,,,39.908717,116.397488,
406,北京动物园,西城区,西直门外大街137号,风景名胜,,,,39.942105,116.336701,
406,南池子大街,东城区,南池子大街与东华门大街交叉口西南20米,购物服务,,,,39.914988,116.402809,
406,天安门广场-国旗,东城区,东华门街道景山前街4号天安门广场内(北侧),风景名胜,,,,39.906928,116.397554,
406,鼓楼,东城区,钟楼湾胡同临字9号(什刹海地铁站A2西北口步行240米),风景名胜,,,,39.940781,116.395937,
407,故宫博物院,东城区,景山前街4号,风景名胜,,,,39.917839,116.397029,
407,中国人民革命军事博物馆,海淀区,复兴路9号,科教文化服务,,,,39.909108,116.323871,
407,天安门,东城区,长安街北侧,风景名胜,,,,39.909187,116.397463,
407,雍和宫,东城区,雍和宫大街28号(雍和宫地铁站F东南口步行250米),风景名胜,,,,39.947239,116.417296,
407,天安门广场,东城区,东长安街,风景名胜,,,,39.903182,116.397755,
407,景山公园,西城区,景山西街44号,风景名胜,,,,39.925875,116.396551,
407,北海公园,西城区,文津街1号,风景名胜,,,,39.928775,116.391802,
407,什刹海,西城区,地安门西大街49号,风景名胜,,,,39.941893,116.385121,
407,南锣鼓巷,东城区,交道口街道南大街(南锣鼓巷地铁站E西北口旁),风景名胜,,,,39.937182,116.402394,
407,紫竹院公园,海淀区,中关村南大街35号,风景名胜,,,,39.942352,116.319079,
407,中国国家博物馆,东城区,东长安街16号天安门广场东侧,科教文化服务,,,,39.905374,116.401304,
407,恭王府博物馆,西城区,前海西街17号,风景名胜,,,,39.937222,116.386315,
407,天坛公园,东城区,天坛东里甲1号,风景名胜,,,,39.881913,116.410829,
407,国家大剧院,西城区,西长安街2号(天安门西地铁站出入口旁),体育休闲服务,,,,39.904909,116.389814,
407,中山公园,东城区,中华路4号(天安门西侧),风景名胜,,,,39.910707,116.394407,
407,故宫博物院-午门,东城区,东华门街道景山前街4号故宫博物院内(南侧),风景名胜,,,,39.913582,116.397228,
407,首都博物馆,西城区,复兴门外大街16号,科教文化服务,,,,39.906412,116.342067,
407,白云观,西城区,白云观街7号,风景名胜,,,,39.901266,116.343778,
407,景山公园-绮望楼,西城区,什刹海街道景山西街44号(故宫后门对面)景山公园内(南侧),风景名胜,,,,39.924029,116.396720,
407,故宫博物院-神武门,东城区,景山前街4号北京故宫博物馆,风景名胜,,,,39.922305,116.396786,
407,天安门-城楼,东城区,东长安街天安门(天安门东地铁站A西北入口步行290米),风景名胜,,,,39.908717,116.397488,
407,北京动物园,西城区,西直门外大街137号,风景名胜,,,,39.942105,116.336701,
407,南池子大街,东城区,南池子大街与东华门大街交叉口西南20米,购物服务,,,,39.914988,116.402809,
407,天安门广场-国旗,东城区,东华门街道景山前街4号天安门广场内(北侧),风景名胜,,,,39.906928,116.397554,
407,鼓楼,东城区,钟楼湾胡同临字9号(什刹海地铁站A2西北口步行240米),风景名胜,,,,39.940781,116.395937,
408,故宫博物院,东城区,景山前街4号,风景名胜,,,,39.917839,116.397029,
408,中国人民革命军事博物馆,海淀区,复兴路9号,科教文化服务,,,,39.909108,116.323871,
408,天安门,东城区,长安街北侧,风景名胜,,,,39.909187,116.397463,
408,雍和宫,东城区,雍和宫大街28号(雍和宫地铁站F东南口步行250米),风景名胜,,,,39.947239,116.417296,
408,天安门广场,东城区,东长安街,风景名胜,,,,39.903182,116.397755,
408,景山公园,西城区,景山西街44号,风景名胜,,,,39.925875,116.396551,
408,北海公园,西城区,文津街1号,风景名胜,,,,39.928775,116.391802,
408,什刹海,西城区,地安门西大街49号,风景名胜,,,,39.941893,116.385121,
408,南锣鼓巷,东城区,交道口街道南大街(南锣鼓巷地铁站E西北口旁),风景名胜,,,,39.937182,116.402394,
408,紫竹院公园,海淀区,中关村南大街35号,风景名胜,,,,39.942352,116.319079,
408,中国国家博物馆,东城区,东长安街16号天安门广场东侧,科教文化服务,,,,39.905374,116.401304,
408,恭王府博物馆,西城区,前海西街17号,风景名胜,,,,39.937222,116.386315,
408,天坛公园,东城区,天坛东里甲1号,风景名胜,,,,39.881913,116.410829,
408,国家大剧院,西城区,西长安街2号(天安门西地铁站出入口旁),体育休闲服务,,,,39.904909,116.389814,
408,中山公园,东城区,中华路4号(天安门西侧),风景名胜,,,,39.910707,116.394407,
408,故宫博物院-午门,东城区,东华门街道景山前街4号故宫博物院内(南侧),风景名胜,,,,39.913582,116.397228,
408,首都博物馆,西城区,复兴门外大街16号,科教文化服务,,,,39.906412,116.342067,
408,白云观,西城区,白云观街7号,风景名胜,,,,39.901266,116.343778,
408,景山公园-绮望楼,西城区,什刹海街道景山西街44号(故宫后门对面)景山公园内(南侧),风景名胜,,,,39.924029,116.396720,
408,故宫博物院-神武门,东城区,景山前街4号北京故宫博物馆,风景名胜,,,,39.922305,116.396786,
408,天安门-城楼,东城区,东长安街天安门(天安门东地铁站A西北入口步行290米),风景名胜,,,,39.908717,116.397488,
408,南池子大街,东城区,南池子大街与东华门大街交叉口西南20米,购物服务,,,,39.914988,116.402809,
408,天安门广场-国旗,东城区,东华门街道景山前街4号天安门广场内(北侧),风景名胜,,,,39.906928,116.397554,
408,白塔寺,西城区,赵登禹路,风景名胜,,,,39.925679,116.363300,
408,李大钊故居,西城区,文华胡同24号,风景名胜,,,,39.904721,116.365903,
409,故宫博物院,东城区,景山前街4号,风景名胜,,,,39.917839,116.397029,
409,中国人民革命军事博物馆,海淀区,复兴路9号,科教文化服务,,,,39.909108,116.323871,
409,天安门,东城区,长安街北侧,风景名胜,,,,39.909187,116.397463,
409,雍和宫,东城区,雍和宫大街28号(雍和宫地铁站F东南口步行250米),风景名胜,,,,39.947239,116.417296,
409,天安门广场,东城区,东长安街,风景名胜,,,,39.903182,116.397755,
409,景山公园,西城区,景山西街44号,风景名胜,,,,39.925875,116.396551,
409,北海公园,西城区,文津街1号,风景名胜,,,,39.928775,116.391802,
409,什刹海,西城区,地安门西大街49号,风景名胜,,,,39.941893,116.385121,
409,南锣鼓巷,东城区,交道口街道南大街(南锣鼓巷地铁站E西北口旁),风景名胜,,,,39.937182,116.402394,
409,紫竹院公园,海淀区,中关村南大街35号,风景名胜,,,,39.942352,116.319079,
409,中国国家博物馆,东城区,东长安街16号天安门广场东侧,科教文化服务,,,,39.905374,116.401304,
409,恭王府博物馆,西城区,前海西街17号,风景名胜,,,,39.937222,116.386315,
409,天坛公园,东城区,天坛东里甲1号,风景名胜,,,,39.881913,116.410829,
409,国家大剧院,西城区,西长安街2号(天安门西地铁站出入口旁),体育休闲服务,,,,39.904909,116.389814,
409,中山公园,东城区,中华路4号(天安门西侧),风景名胜,,,,39.910707,116.394407,
409,故宫博物院-午门,东城区,东华门街道景山前街4号故宫博物院内(南侧),风景名胜,,,,39.913582,116.397228,
409,首都博物馆,西城区,复兴门外大街16号,科教文化服务,,,,39.906412,116.342067,
409,白云观,西城区,白云观街7号,风景名胜,,,,39.901266,116.343778,
409,景山公园-绮望楼,西城区,什刹海街道景山西街44号(故宫后门对面)景山公园内(南侧),风景名胜,,,,39.924029,116.396720,
409,故宫博物院-神武门,东城区,景山前街4号北京故宫博物馆,风景名胜,,,,39.922305,116.396786,
409,天安门-城楼,东城区,东长安街天安门(天安门东地铁站A西北入口步行290米),风景名胜,,,,39.908717,116.397488,
409,南池子大街,东城区,南池子大街与东华门大街交叉口西南20米,购物服务,,,,39.914988,116.402809,
409,天安门广场-国旗,东城区,东华门街道景山前街4号天安门广场内(北侧),风景名胜,,,,39.906928,116.397554,
409,白塔寺,西城区,赵登禹路,风景名胜,,,,39.925679,116.363300,
409,李大钊故居,西城区,文华胡同24号,风景名胜,,,,39.904721,116.365903,
410,故宫博物院,东城区,景山前街4号,风景名胜,,,,39.917839,116.397029,
410,中国人民革命军事博物馆,海淀区,复兴路9号,科教文化服务,,,,39.909108,116.323871,
410,天安门,东城区,长安街北侧,风景名胜,,,,39.909187,116.397463,
410,雍和宫,东城区,雍和宫大街28号(雍和宫地铁站F东南口步行250米),风景名胜,,,,39.947239,116.417296,
410,天安门广场,东城区,东长安街,风景名胜,,,,39.903182,116.397755,
410,景山公园,西城区,景山西街44号,风景名胜,,,,39.925875,116.396551,
410,北海公园,西城区,文津街1号,风景名胜,,,,39.928775,116.391802,
410,什刹海,西城区,地安门西大街49号,风景名胜,,,,39.941893,116.385121,
410,南锣鼓巷,东城区,交道口街道南大街(南锣鼓巷地铁站E西北口旁),风景名胜,,,,39.937182,116.402394,
410,紫竹院公园,海淀区,中关村南大街35号,风景名胜,,,,39.942352,116.319079,
410,中国国家博物馆,东城区,东长安街16号天安门广场东侧,科教文化服务,,,,39.905374,116.401304,
410,恭王府博物馆,西城区,前海西街17号,风景名胜,,,,39.937222,116.386315,
410,天坛公园,东城区,天坛东里甲1号,风景名胜,,,,39.881913,116.410829,
410,国家大剧院,西城区,西长安街2号(天安门西地铁站出入口旁),体育休闲服务,,,,39.904909,116.389814,
410,中山公园,东城区,中华路4号(天安门西侧),风景名胜,,,,39.910707,116.394407,
410,故宫博物院-午门,东城区,东华门街道景山前街4号故宫博物院内(南侧),风景名胜,,,,39.913582,116.397228,
410,首都博物馆,西城区,复兴门外大街16号,科教文化服务,,,,39.906412,116.342067,
410,白云观,西城区,白云观街7号,风景名胜,,,,39.901266,116.343778,
410,景山公园-绮望楼,西城区,什刹海街道景山西街44号(故宫后门对面)景山公园内(南侧),风景名胜,,,,39.924029,116.396720,
410,故宫博物院-神武门,东城区,景山前街4号北京故宫博物馆,风景名胜,,,,39.922305,116.396786,
410,天安门-城楼,东城区,东长安街天安门(天安门东地铁站A西北入口步行290米),风景名胜,,,,39.908717,116.397488,
410,南池子大街,东城区,南池子大街与东华门大街交叉口西南20米,购物服务,,,,39.914988,116.402809,
410,天安门广场-国旗,东城区,东华门街道景山前街4号天安门广场内(北侧),风景名胜,,,,39.906928,116.397554,
410,白塔寺,西城区,赵登禹路,风景名胜,,,,39.925679,116.363300,
410,李大钊故居,西城区,文华胡同24号,风景名胜,,,,39.904721,116.365903,
411,故宫博物院,东城区,景山前街4号,风景名胜,,,,39.917839,116.397029,
411,中国人民革命军事博物馆,海淀区,复兴路9号,科教文化服务,,,,39.909108,116.323871,
411,天安门,东城区,长安街北侧,风景名胜,,,,39.909187,116.397463,
411,雍和宫,东城区,雍和宫大街28号(雍和宫地铁站F东南口步行250米),风景名胜,,,,39.947239,116.417296,
411,天安门广场,东城区,东长安街,风景名胜,,,,39.903182,116.397755,
411,景山公园,西城区,景山西街44号,风景名胜,,,,39.925875,116.396551,
411,北海公园,西城区,文津街1号,风景名胜,,,,39.928775,116.391802,
411,什刹海,西城区,地安门西大街49号,风景名胜,,,,39.941893,116.385121,
411,南锣鼓巷,东城区,交道口街道南大街(南锣鼓巷地铁站E西北口旁),风景名胜,,,,39.937182,116.402394,
411,紫竹院公园,海淀区,中关村南大街35号,风景名胜,,,,39.942352,116.319079,
411,中国国家博物馆,东城区,东长安街16号天安门广场东侧,科教文化服务,,,,39.905374,116.401304,
411,恭王府博物馆,西城区,前海西街17号,风景名胜,,,,39.937222,116.386315,
411,天坛公园,东城区,天坛东里甲1号,风景名胜,,,,39.881913,116.410829,
411,国家大剧院,西城区,西长安街2号(天安门西地铁站出入口旁),体育休闲服务,,,,39.904909,116.389814,
411,中山公园,东城区,中华路4号(天安门西侧),风景名胜,,,,39.910707,116.394407,
411,故宫博物院-午门,东城区,东华门街道景山前街4号故宫博物院内(南侧),风景名胜,,,,39.913582,116.397228,
411,首都博物馆,西城区,复兴门外大街16号,科教文化服务,,,,39.906412,116.342067,
411,白云观,西城区,白云观街7号,风景名胜,,,,39.901266,116.343778,
411,景山公园-绮望楼,西城区,什刹海街道景山西街44号(故宫后门对面)景山公园内(南侧),风景名胜,,,,39.924029,116.396720,
411,故宫博物院-神武门,东城区,景山前街4号北京故宫博物馆,风景名胜,,,,39.922305,116.396786,
411,天安门-城楼,东城区,东长安街天安门(天安门东地铁站A西北入口步行290米),风景名胜,,,,39.908717,116.397488,
411,南池子大街,东城区,南池子大街与东华门大街交叉口西南20米,购物服务,,,,39.914988,116.402809,
411,天安门广场-国旗,东城区,东华门街道景山前街4号天安门广场内(北侧),风景名胜,,,,39.906928,116.397554,
411,白塔寺,西城区,赵登禹路,风景名胜,,,,39.925679,116.363300,
411,李大钊故居,西城区,文华胡同24号,风景名胜,,,,39.904721,116.365903,
412,故宫博物院,东城区,景山前街4号,风景名胜,,,,39.917839,116.397029,
412,中国人民革命军事博物馆,海淀区,复兴路9号,科教文化服务,,,,39.909108,116.323871,
412,天安门,东城区,长安街北侧,风景名胜,,,,39.909187,116.397463,
412,雍和宫,东城区,雍和宫大街28号(雍和宫地铁站F东南口步行250米),风景名胜,,,,39.947239,116.417296,
412,天安门广场,东城区,东长安街,风景名胜,,,,39.903182,116.397755,
412,景山公园,西城区,景山西街44号,风景名胜,,,,39.925875,116.396551,
412,北海公园,西城区,文津街1号,风景名胜,,,,39.928775,116.391802,
412,什刹海,西城区,地安门西大街49号,风景名胜,,,,39.941893,116.385121,
412,南锣鼓巷,东城区,交道口街道南大街(南锣鼓巷地铁站E西北口旁),风景名胜,,,,39.937182,116.402394,
412,紫竹院公园,海淀区,中关村南大街35号,风景名胜,,,,39.942352,116.319079,
412,中国国家博物馆,东城区,东长安街16号天安门广场东侧,科教文化服务,,,,39.905374,116.401304,
412,恭王府博物馆,西城区,前海西街17号,风景名胜,,,,39.937222,116.386315,
412,天坛公园,东城区,天坛东里甲1号,风景名胜,,,,39.881913,116.410829,
412,国家大剧院,西城区,西长安街2号(天安门西地铁站出入口旁),体育休闲服务,,,,39.904909,116.389814,
412,中山公园,东城区,中华路4号(天安门西侧),风景名胜,,,,39.910707,116.394407,
412,故宫博物院-午门,东城区,东华门街道景山前街4号故宫博物院内(南侧),风景名胜,,,,39.913582,116.397228,
412,首都博物馆,西城区,复兴门外大街16号,科教文化服务,,,,39.906412,116.342067,
412,白云观,西城区,白云观街7号,风景名胜,,,,39.901266,116.343778,
412,景山公园-绮望楼,西城区,什刹海街道景山西街44号(故宫后门对面)景山公园内(南侧),风景名胜,,,,39.924029,116.396720,
412,故宫博物院-神武门,东城区,景山前街4号北京故宫博物馆,风景名胜,,,,39.922305,116.396786,
412,天安门-城楼,东城区,东长安街天安门(天安门东地铁站A西北入口步行290米),风景名胜,,,,39.908717,116.397488,
412,北京动物园,西城区,西直门外大街137号,风景名胜,,,,39.942105,116.336701,
412,南池子大街,东城区,南池子大街与东华门大街交叉口西南20米,购物服务,,,,39.914988,116.402809,
412,天安门广场-国旗,东城区,东华门街道景山前街4号天安门广场内(北侧),风景名胜,,,,39.906928,116.397554,
412,鼓楼,东城区,钟楼湾胡同临字9号(什刹海地铁站A2西北口步行240米),风景名胜,,,,39.940781,116.395937,
413,故宫博物院,东城区,景山前街4号,风景名胜,,,,39.917839,116.397029,
413,中国人民革命军事博物馆,海淀区,复兴路9号,科教文化服务,,,,39.909108,116.323871,
413,天安门,东城区,长安街北侧,风景名胜,,,,39.909187,116.397463,
413,雍和宫,东城区,雍和宫大街28号(雍和宫地铁站F东南口步行250米),风景名胜,,,,39.947239,116.417296,
413,天安门广场,东城区,东长安街,风景名胜,,,,39.903182,116.397755,
413,景山公园,西城区,景山西街44号,风景名胜,,,,39.925875,116.396551,
413,北海公园,西城区,文津街1号,风景名胜,,,,39.928775,116.391802,
413,什刹海,西城区,地安门西大街49号,风景名胜,,,,39.941893,116.385121,
413,南锣鼓巷,东城区,交道口街道南大街(南锣鼓巷地铁站E西北口旁),风景名胜,,,,39.937182,116.402394,
413,紫竹院公园,海淀区,中关村南大街35号,风景名胜,,,,39.942352,116.319079,
413,中国国家博物馆,东城区,东长安街16号天安门广场东侧,科教文化服务,,,,39.905374,116.401304,
413,恭王府博物馆,西城区,前海西街17号,风景名胜,,,,39.937222,116.386315,
413,天坛公园,东城区,天坛东里甲1号,风景名胜,,,,39.881913,116.410829,
413,国家大剧院,西城区,西长安街2号(天安门西地铁站出入口旁),体育休闲服务,,,,39.904909,116.389814,
413,中山公园,东城区,中华路4号(天安门西侧),风景名胜,,,,39.910707,116.394407,
413,故宫博物院-午门,东城区,东华门街道景山前街4号故宫博物院内(南侧),风景名胜,,,,39.913582,116.397228,
413,首都博物馆,西城区,复兴门外大街16号,科教文化服务,,,,39.906412,116.342067,
413,白云观,西城区,白云观街7号,风景名胜,,,,39.901266,116.343778,
413,景山公园-绮望楼,西城区,什刹海街道景山西街44号(故宫后门对面)景山公园内(南侧),风景名胜,,,,39.924029,116.396720,
413,故宫博物院-神武门,东城区,景山前街4号北京故宫博物馆,风景名胜,,,,39.922305,116.396786,
413,天安门-城楼,东城区,东长安街天安门(天安门东地铁站A西北入口步行290米),风景名胜,,,,39.908717,116.397488,
413,北京动物园,西城区,西直门外大街137号,风景名胜,,,,39.942105,116.336701,
413,南池子大街,东城区,南池子大街与东华门大街交叉口西南20米,购物服务,,,,39.914988,116.402809,
413,天安门广场-国旗,东城区,东华门街道景山前街4号天安门广场内(北侧),风景名胜,,,,39.906928,116.397554,
413,鼓楼,东城区,钟楼湾胡同临字9号(什刹海地铁站A2西北口步行240米),风景名胜,,,,39.940781,116.395937,
414,故宫博物院,东城区,景山前街4号,风景名胜,,,,39.917839,116.397029,
414,中国人民革命军事博物馆,海淀区,复兴路9号,科教文化服务,,,,39.909108,116.323871,
414,天安门,东城区,长安街北侧,风景名胜,,,,39.909187,116.397463,
414,雍和宫,东城区,雍和宫大街28号(雍和宫地铁站F东南口步行250米),风景名胜,,,,39.947239,116.417296,
414,天安门广场,东城区,东长安街,风景名胜,,,,39.903182,116.397755,
414,景山公园,西城区,景山西街44号,风景名胜,,,,39.925875,116.396551,
414,北海公园,西城区,文津街1号,风景名胜,,,,39.928775,116.391802,
414,什刹海,西城区,地安门西大街49号,风景名胜,,,,39.941893,116.385121,
414,南锣鼓巷,东城区,交道口街道南大街(南锣鼓巷地铁站E西北口旁),风景名胜,,,,39.937182,116.402394,
414,紫竹院公园,海淀区,中关村南大街35号,风景名胜,,,,39.942352,116.319079,
414,中国国家博物馆,东城区,东长安街16号天安门广场东侧,科教文化服务,,,,39.905374,116.401304,
414,恭王府博物馆,西城区,前海西街17号,风景名胜,,,,39.937222,116.386315,
414,天坛公园,东城区,天坛东里甲1号,风景名胜,,,,39.881913,116.410829,
414,国家大剧院,西城区,西长安街2号(天安门西地铁站出入口旁),体育休闲服务,,,,39.904909,116.389814,
414,中山公园,东城区,中华路4号(天安门西侧),风景名胜,,,,39.910707,116.394407,
414,故宫博物院-午门,东城区,东华门街道景山前街4号故宫博物院内(南侧),风景名胜,,,,39.913582,116.397228,
414,首都博物馆,西城区,复兴门外大街16号,科教文化服务,,,,39.906412,116.342067,
414,白云观,西城区,白云观街7号,风景名胜,,,,39.901266,116.343778,
414,景山公园-绮望楼,西城区,什刹海街道景山西街44号(故宫后门对面)景山公园内(南侧),风景名胜,,,,39.924029,116.396720,
414,故宫博物院-神武门,东城区,景山前街4号北京故宫博物馆,风景名胜,,,,39.922305,116.396786,
414,天安门-城楼,东城区,东长安街天安门(天安门东地铁站A西北入口步行290米),风景名胜,,,,39.908717,116.397488,
414,南池子大街,东城区,南池子大街与东华门大街交叉口西南20米,购物服务,,,,39.914988,116.402809,
414,天安门广场-国旗,东城区,东华门街道景山前街4号天安门广场内(北侧),风景名胜,,,,39.906928,116.397554,
414,白塔寺,西城区,赵登禹路,风景名胜,,,,39.925679,116.363300,
414,李大钊故居,西城区,文华胡同24号,风景名胜,,,,39.904721,116.365903,
415,故宫博物院,东城区,景山前街4号,风景名胜,,,,39.917839,116.397029,
415,中国人民革命军事博物馆,海淀区,复兴路9号,科教文化服务,,,,39.909108,116.323871,
415,天安门,东城区,长安街北侧,风景名胜,,,,39.909187,116.397463,
415,雍和宫,东城区,雍和宫大街28号(雍和宫地铁站F东南口步行250米),风景名胜,,,,39.947239,116.417296,
415,天安门广场,东城区,东长安街,风景名胜,,,,39.903182,116.397755,
415,景山公园,西城区,景山西街44号,风景名胜,,,,39.925875,116.396551,
415,北海公园,西城区,文津街1号,风景名胜,,,,39.928775,116.391802,
415,什刹海,西城区,地安门西大街49号,风景名胜,,,,39.941893,116.385121,
415,南锣鼓巷,东城区,交道口街道南大街(南锣鼓巷地铁站E西北口旁),风景名胜,,,,39.937182,116.402394,
415,紫竹院公园,海淀区,中关村南大街35号,风景名胜,,,,39.942352,116.319079,
415,中国国家博物馆,东城区,东长安街16号天安门广场东侧,科教文化服务,,,,39.905374,116.401304,
415,恭王府博物馆,西城区,前海西街17号,风景名胜,,,,39.937222,116.386315,
415,天坛公园,东城区,天坛东里甲1号,风景名胜,,,,39.881913,116.410829,
415,国家大剧院,西城区,西长安街2号(天安门西地铁站出入口旁),体育休闲服务,,,,39.904909,116.389814,
415,中山公园,东城区,中华路4号(天安门西侧),风景名胜,,,,39.910707,116.394407,
415,故宫博物院-午门,东城区,东华门街道景山前街4号故宫博物院内(南侧),风景名胜,,,,39.913582,116.397228,
415,首都博物馆,西城区,复兴门外大街16号,科教文化服务,,,,39.906412,116.342067,
415,白云观,西城区,白云观街7号,风景名胜,,,,39.901266,116.343778,
415,景山公园-绮望楼,西城区,什刹海街道景山西街44号(故宫后门对面)景山公园内(南侧),风景名胜,,,,39.924029,116.396720,
415,故宫博物院-神武门,东城区,景山前街4号北京故宫博物馆,风景名胜,,,,39.922305,116.396786,
415,天安门-城楼,东城区,东长安街天安门(天安门东地铁站A西北入口步行290米),风景名胜,,,,39.908717,116.397488,
415,南池子大街,东城区,南池子大街与东华门大街交叉口西南20米,购物服务,,,,39.914988,116.402809,
415,天安门广场-国旗,东城区,东华门街道景山前街4号天安门广场内(北侧),风景名胜,,,,39.906928,116.397554,
415,白塔寺,西城区,赵登禹路,风景名胜,,,,39.925679,116.363300,
415,李大钊故居,西城区,文华胡同24号,风景名胜,,,,39.904721,116.365903,
416,故宫博物院,东城区,景山前街4号,风景名胜,,,,39.917839,116.397029,
416,中国人民革命军事博物馆,海淀区,复兴路9号,科教文化服务,,,,39.909108,116.323871,
416,天安门,东城区,长安街北侧,风景名胜,,,,39.909187,116.397463,
416,雍和宫,东城区,雍和宫大街28号(雍和宫地铁站F东南口步行250米),风景名胜,,,,39.947239,116.417296,
416,天安门广场,东城区,东长安街,风景名胜,,,,39.903182,116.397755,
416,景山公园,西城区,景山西街44号,风景名胜,,,,39.925875,116.396551,
416,北海公园,西城区,文津街1号,风景名胜,,,,39.928775,116.391802,
416,什刹海,西城区,地安门西大街49号,风景名胜,,,,39.941893,116.385121,
416,南锣鼓巷,东城区,交道口街道南大街(南锣鼓巷地铁站E西北口旁),风景名胜,,,,39.937182,116.402394,
416,紫竹院公园,海淀区,中关村南大街35号,风景名胜,,,,39.942352,116.319079,
416,中国国家博物馆,东城区,东长安街16号天安门广场东侧,科教文化服务,,,,39.905374,116.401304,
416,恭王府博物馆,西城区,前海西街17号,风景名胜,,,,39.937222,116.386315,
416,天坛公园,东城区,天坛东里甲1号,风景名胜,,,,39.881913,116.410829,
416,国家大剧院,西城区,西长安街2号(天安门西地铁站出入口旁),体育休闲服务,,,,39.904909,116.389814,
416,中山公园,东城区,中华路4号(天安门西侧),风景名胜,,,,39.910707,116.394407,
416,故宫博物院-午门,东城区,东华门街道景山前街4号故宫博物院内(南侧),风景名胜,,,,39.913582,116.397228,
416,首都博物馆,西城区,复兴门外大街16号,科教文化服务,,,,39.906412,116.342067,
416,白云观,西城区,白云观街7号,风景名胜,,,,39.901266,116.343778,
416,景山公园-绮望楼,西城区,什刹海街道景山西街44号(故宫后门对面)景山公园内(南侧),风景名胜,,,,39.924029,116.396720,
416,故宫博物院-神武门,东城区,景山前街4号北京故宫博物馆,风景名胜,,,,39.922305,116.396786,
416,天安门-城楼,东城区,东长安街天安门(天安门东地铁站A西北入口步行290米),风景名胜,,,,39.908717,116.397488,
416,南池子大街,东城区,南池子大街与东华门大街交叉口西南20米,购物服务,,,,39.914988,116.402809,
416,天安门广场-国旗,东城区,东华门街道景山前街4号天安门广场内(北侧),风景名胜,,,,39.906928,116.397554,
416,王府井步行街,东城区,王府井大街256号(金鱼胡同地铁站B东口步行80米),购物服务,,,,39.913479,116.412007,
416,中国美术馆,东城区,五四大街1号,科教文化服务,,,,39.925255,116.408939,
